region,keyword,localized_keyword,search_query,title,link,pub_date,source,theme,article_url,article_domain,article_readable,article_error,google_news_resolved,google_news_resolve_error,updated_at
국내,전기차,전기차,전기차,"中, 자율주행차 2030년까지 상용화…세계 판매량 10위권 진입 목표 - v.daum.net",https://news.google.com/rss/articles/CBMiT0FVX3lxTE1pV3k4NjB3VVF4V3JKUmMwLUw5RzFmLUwzajRUREdtazlZYVcxTzIzMWhTV1JpN2tvZEJXbmFZeW5VRTk4MlJjTTdFM0Zybmc?oc=5,"Sat, 12 Sep 2026 23:54:00 GMT",v.daum.net,2차전지,https://v.daum.net/v/20260913085407575,v.daum.net,True,,True,,2026-09-13 09:00:35
국내,전기차,전기차,전기차,"EV6로 시작, 20만대 넘었다…기아 ‘순수 전기차’ 5년의 질주 [여車저車] - v.daum.net",https://news.google.com/rss/articles/CBMiT0FVX3lxTE5wSFRjUTFHeDVFSHd6M0ljRjJndzFjQ3dUUTFXaUlOWVdtNmRadmxaRF9OOWJ4bHgzMk9oZ2ljYk5waFNrWUtsZ0xhdG1pVGM?oc=5,"Sat, 12 Sep 2026 22:02:13 GMT",v.daum.net,2차전지,https://v.daum.net/v/20260913070213422,v.daum.net,True,,True,,2026-09-13 09:00:35
국내,배터리,배터리,배터리,"테슬라 메가팩 증설 수혜…LG엔솔·삼성SDI, 북미 ESS서 성장 가속 - v.daum.net",https://news.google.com/rss/articles/CBMiT0FVX3lxTE04UENYcTZ5cnJyTzVDSGJwT2NTbnlYMGZVeEY2dWdQbXhwYXdhTG5qeXhneHhKM0VoZjFUSUhDOWNxZHJ5TXg5dHlWc0Fpazg?oc=5,"Sat, 12 Sep 2026 22:01:00 GMT",v.daum.net,2차전지,https://v.daum.net/v/20260913070146380,v.daum.net,True,,True,,2026-09-13 09:00:35
국내,전기차,전기차,전기차,"기아 첫 PBV 'PV5', 출시 13개월만에 글로벌 판매량 5만대 돌파 - 매일경제 마켓",https://news.google.com/rss/articles/CBMiUkFVX3lxTE1MU1J3TnZfeWRCSHhnM0h3MENURnRIVFRncGhVX3VNNnpnLWdfU2FIeUJUZUlETVdUZE1Qdi1lbGgyX3ZMQThadTBJYmZyU1RYU2c?oc=5,"Sat, 12 Sep 2026 22:01:00 GMT",매일경제 마켓,2차전지,https://stock.mk.co.kr/news/view/1158115,stock.mk.co.kr,True,,True,,2026-09-13 09:00:35
국내,배터리,배터리,배터리,"미국 완성차업체 '탈한국 친중국' 행보에 행정부 엇갈린 시선, K배터리 반사이익 기회 - businesspost.co.kr",https://news.google.com/rss/articles/CBMic0FVX3lxTE1SblEtYkZxX3NQQURxb213bkE4SURZZGdsMUUzYkJqQkVBMTRFY0xaWDV1N1dRMXd0OFlBMUFITjAybkFzVjFPbUktZEw1Uk45MGViamJkQ3d3LVF2UkdHYWdCa0sydDBlY01meTJfTzhhMFE?oc=5,"Sat, 12 Sep 2026 21:00:00 GMT",businesspost.co.kr,2차전지,https://news.google.com/rss/articles/CBMic0FVX3lxTE1SblEtYkZxX3NQQURxb213bkE4SURZZGdsMUUzYkJqQkVBMTRFY0xaWDV1N1dRMXd0OFlBMUFITjAybkFzVjFPbUktZEw1Uk45MGViamJkQ3d3LVF2UkdHYWdCa0sydDBlY01meTJfTzhhMFE?oc=5,,False,본문 수집 제한 개수를 초과했습니다.,False,,2026-09-13 09:00:35
국내,2차전지,2차전지,2차전지,2차전지 약세에 니켈株도 직격탄…원자재株 옥석 가리기 - 핀포인트뉴스,https://news.google.com/rss/articles/CBMic0FVX3lxTE5WTndad0FkeHF6TnZNXzZYN0QxNjNvLXE2V1VYQngxYm1xZ29vRzJfSDZobVQ2WFRmQVA5ZWlqTUpFbE1sZVhmaHVJVUdYYzkyTERfb3ktOXRFTFRUVjlSdFRPck43Y0VYOWF3enJkTG1CY1XSAXdBVV95cUxQMFNKMWdWRWdfLWVJY0xTdktKTFpLV2hDMnE1dkpZOU42TlRFcjVJZEh3UUlXanI1bXdiejRFaUxiOWZ0b2tmdTBCSlA1TGxqLUoxUmNUWXNvRXVSQkFWNDd6YmgxbEE0VmNWSGc3a2wyc2VaRTM0cw?oc=5,"Sat, 12 Sep 2026 07:06:24 GMT",핀포인트뉴스,2차전지,https://news.google.com/rss/articles/CBMic0FVX3lxTE5WTndad0FkeHF6TnZNXzZYN0QxNjNvLXE2V1VYQngxYm1xZ29vRzJfSDZobVQ2WFRmQVA5ZWlqTUpFbE1sZVhmaHVJVUdYYzkyTERfb3ktOXRFTFRUVjlSdFRPck43Y0VYOWF3enJkTG1CY1XSAXdBVV95cUxQMFNKMWdWRWdfLWVJY0xTdktKTFpLV2hDMnE1dkpZOU42TlRFcjVJZEh3UUlXanI1bXdiejRFaUxiOWZ0b2tmdTBCSlA1TGxqLUoxUmNUWXNvRXVSQkFWNDd6YmgxbEE0VmNWSGc3a2wyc2VaRTM0cw?oc=5,,False,본문 수집 제한 개수를 초과했습니다.,False,,2026-09-13 09:00:35
국내,배터리,배터리,배터리,美가 막아선 中 LFP…K배터리 전방위 반사이익? - 네이트,https://news.google.com/rss/articles/CBMiU0FVX3lxTE8xdjZBRlpySDRFMEFPZEZiNTB1bWxscXB2UFI2R1l6aVg5WFhEQW93TWZmNHotZHJqeXkzM2FvTWoyS1JsOHlzamdUeGRQZ09jTkFN?oc=5,"Sat, 12 Sep 2026 00:01:00 GMT",네이트,2차전지,https://news.google.com/rss/articles/CBMiU0FVX3lxTE8xdjZBRlpySDRFMEFPZEZiNTB1bWxscXB2UFI2R1l6aVg5WFhEQW93TWZmNHotZHJqeXkzM2FvTWoyS1JsOHlzamdUeGRQZ09jTkFN?oc=5,,False,본문 수집 제한 개수를 초과했습니다.,False,,2026-09-13 09:00:35
국내,양극재,양극재,양극재,"양극재 8월 수출 42% 증가, 12개월은 4% 증가 - 데이터투자",https://news.google.com/rss/articles/CBMic0FVX3lxTE52N09WMkRnVmR4aFkxcjlHT1BFTUw1Y1VyMFdjbGh0ak5PaklXbm4wdDUxakJwMVJMcDZtYzQ5TzJ5b1RNVWE0TGRKSkRCUS1nMXVSOGNqZFdXT3ZqMC14cTVMRVB4Wm0xRzlLNmFWOGxXRk0?oc=5,"Fri, 11 Sep 2026 21:50:00 GMT",데이터투자,2차전지,https://news.google.com/rss/articles/CBMic0FVX3lxTE52N09WMkRnVmR4aFkxcjlHT1BFTUw1Y1VyMFdjbGh0ak5PaklXbm4wdDUxakJwMVJMcDZtYzQ5TzJ5b1RNVWE0TGRKSkRCUS1nMXVSOGNqZFdXT3ZqMC14cTVMRVB4Wm0xRzlLNmFWOGxXRk0?oc=5,,False,본문 수집 제한 개수를 초과했습니다.,False,,2026-09-13 09:00:35
국내,배터리,배터리,배터리,열차 운행 중 배터리 열 폭주 상황 가정 훈련 - 연합뉴스,https://news.google.com/rss/articles/CBMiW0FVX3lxTE9RSDA1R0pSSkNjSnZyMXlsR3pSNjhVY3B1MkYtbHN2cExLSTV4dXp5Smh3MlR6SWlaNEl2c1RraHZvdW1KYWNFNy1SNnhHeUNjZkl1NkxDYU80NFnSAWBBVV95cUxNd202NHVpY1g2b1RpN2VRYjk4dWVfSVIwMDdKVTlDSmNndzF2bnJjNEk0Z0RnUDBMTHJTdVVQNnhwZW91QklYek5sMDlzN2tHZ0lnSnZCQ0FXSEFVUE5lNlg?oc=5,"Fri, 11 Sep 2026 10:03:37 GMT",연합뉴스,2차전지,https://news.google.com/rss/articles/CBMiW0FVX3lxTE9RSDA1R0pSSkNjSnZyMXlsR3pSNjhVY3B1MkYtbHN2cExLSTV4dXp5Smh3MlR6SWlaNEl2c1RraHZvdW1KYWNFNy1SNnhHeUNjZkl1NkxDYU80NFnSAWBBVV95cUxNd202NHVpY1g2b1RpN2VRYjk4dWVfSVIwMDdKVTlDSmNndzF2bnJjNEk0Z0RnUDBMTHJTdVVQNnhwZW91QklYek5sMDlzN2tHZ0lnSnZCQ0FXSEFVUE5lNlg?oc=5,,False,본문 수집 제한 개수를 초과했습니다.,False,,2026-09-13 09:00:35
국내,리튬,리튬,리튬,"SM벡셀, 미국 완성차와 손잡고 차세대 리튬망간리치 배터리 개발 - 연합뉴스",https://news.google.com/rss/articles/CBMiYEFVX3lxTFB4anJYaHJkWjl6OWZMV0hBU05yRThsVmVVOGdMQ1NSSGQ5LXhWZUpSRzdodFJhcHYxWUhoVDdLTDJvTDAxVkpSVHNYUFo5TjQzVmMtQXhYcjJEUGc4NWJ4dNIBYEFVX3lxTFB4anJYaHJkWjl6OWZMV0hBU05yRThsVmVVOGdMQ1NSSGQ5LXhWZUpSRzdodFJhcHYxWUhoVDdLTDJvTDAxVkpSVHNYUFo5TjQzVmMtQXhYcjJEUGc4NWJ4dA?oc=5,"Fri, 11 Sep 2026 07:19:44 GMT",연합뉴스,2차전지,https://news.google.com/rss/articles/CBMiYEFVX3lxTFB4anJYaHJkWjl6OWZMV0hBU05yRThsVmVVOGdMQ1NSSGQ5LXhWZUpSRzdodFJhcHYxWUhoVDdLTDJvTDAxVkpSVHNYUFo5TjQzVmMtQXhYcjJEUGc4NWJ4dNIBYEFVX3lxTFB4anJYaHJkWjl6OWZMV0hBU05yRThsVmVVOGdMQ1NSSGQ5LXhWZUpSRzdodFJhcHYxWUhoVDdLTDJvTDAxVkpSVHNYUFo5TjQzVmMtQXhYcjJEUGc4NWJ4dA?oc=5,,False,본문 수집 제한 개수를 초과했습니다.,False,,2026-09-13 09:00:35
국내,양극재,양극재,양극재,"LG화학, 美 테네시 양극재 공장 첫 출하…물류 체계까지 본격 가동 - 더구루",https://news.google.com/rss/articles/CBMiY0FVX3lxTE9GcXg5MjlGTkFSTmthem0yTzQ1R1ZPWHZXdWRicHRiNHJ3Y3VpbkNJVWtOa1dhT3ZYS0pOTnAyVk5LQndJOWl1a0paMVB0TkpfQ2NzMERtRXdHLTZhWmpaVlJhNA?oc=5,"Fri, 11 Sep 2026 05:55:58 GMT",더구루,2차전지,https://news.google.com/rss/articles/CBMiY0FVX3lxTE9GcXg5MjlGTkFSTmthem0yTzQ1R1ZPWHZXdWRicHRiNHJ3Y3VpbkNJVWtOa1dhT3ZYS0pOTnAyVk5LQndJOWl1a0paMVB0TkpfQ2NzMERtRXdHLTZhWmpaVlJhNA?oc=5,,False,본문 수집 제한 개수를 초과했습니다.,False,,2026-09-13 09:00:35
국내,전기차,전기차,전기차,"그랜저에서 전기차로 갈아탔더니 생긴 일…""매년 200만원 절약한다"" - 아시아경제",https://news.google.com/rss/articles/CBMicEFVX3lxTE5maHNKaG1Gem85aE54Y0lFdldkRkJpTkVnZEE1MkE2LTNIeU9XX2U3eUNlRFphR0pndkN4YTYxdnBVUUN6QWVxMlFUYUp1S2JoYWxuZHJuZURzT1BZdHpFd2cwRDhxcjRfVExVUWFzZlE?oc=5,"Fri, 11 Sep 2026 01:41:42 GMT",아시아경제,2차전지,https://news.google.com/rss/articles/CBMicEFVX3lxTE5maHNKaG1Gem85aE54Y0lFdldkRkJpTkVnZEE1MkE2LTNIeU9XX2U3eUNlRFphR0pndkN4YTYxdnBVUUN6QWVxMlFUYUp1S2JoYWxuZHJuZURzT1BZdHpFd2cwRDhxcjRfVExVUWFzZlE?oc=5,,False,본문 수집 제한 개수를 초과했습니다.,False,,2026-09-13 09:00:35
국내,배터리,배터리,배터리,中배터리 택한 포드에 美 정부 제동…K-배터리 몸값 다시 오른다 - 뉴스1,https://news.google.com/rss/articles/CBMiYEFVX3lxTE5LcHJJQjl1NTNRYklCWTNxN2c5QjNURmowbXhqTV8ycDRNb1NVOUdnWE5QU1d1eldyWnUtQkl5cUJVVFh2VmpCRHcwZ05EY2w3eG83SThGMTBSbVZKb1V3QtIBZkFVX3lxTE5EYW42eFA1LTJkbE1WNzRFYy1qcWdRUXB4dUU1dTNWdFhpYldTOVB4bWxSNHNDdjlKazZxakhzdDRlQlhyMHZwYXdQYmtra21oNHBfSG5SUzFiLXpJTGR3dUxFa2RwUQ?oc=5,"Thu, 10 Sep 2026 22:00:00 GMT",뉴스1,2차전지,https://news.google.com/rss/articles/CBMiYEFVX3lxTE5LcHJJQjl1NTNRYklCWTNxN2c5QjNURmowbXhqTV8ycDRNb1NVOUdnWE5QU1d1eldyWnUtQkl5cUJVVFh2VmpCRHcwZ05EY2w3eG83SThGMTBSbVZKb1V3QtIBZkFVX3lxTE5EYW42eFA1LTJkbE1WNzRFYy1qcWdRUXB4dUU1dTNWdFhpYldTOVB4bWxSNHNDdjlKazZxakhzdDRlQlhyMHZwYXdQYmtra21oNHBfSG5SUzFiLXpJTGR3dUxFa2RwUQ?oc=5,,False,본문 수집 제한 개수를 초과했습니다.,False,,2026-09-13 09:00:35
국내,리튬,리튬,리튬,"스탠다드 리튬, LG에너지솔루션과 8만톤 규모 10년 공급계약 체결 - 매일경제 마켓",https://news.google.com/rss/articles/CBMiUkFVX3lxTE5OdGd3VngzN3BsZmw0RDBFM3Ffem9mX2pKUnZpd0hNTU0xeUZabnNBWmFod2ZnbGNaeEV5WG42Wk5Obi12cmMzT0xHbzVwQ3NWSkE?oc=5,"Thu, 10 Sep 2026 21:05:09 GMT",매일경제 마켓,2차전지,https://news.google.com/rss/articles/CBMiUkFVX3lxTE5OdGd3VngzN3BsZmw0RDBFM3Ffem9mX2pKUnZpd0hNTU0xeUZabnNBWmFod2ZnbGNaeEV5WG42Wk5Obi12cmMzT0xHbzVwQ3NWSkE?oc=5,,False,본문 수집 제한 개수를 초과했습니다.,False,,2026-09-13 09:00:35
국내,리튬,리튬,리튬,"구미시, 폐배터리 배출문화 확산 홍보...“리튬배터리 함부로 버리면 위험해요” - 경북신문",https://news.google.com/rss/articles/CBMiWEFVX3lxTE9tLWc5am41YUx5bmYwVUkzZVA5blZROVJwQUU4QmRWM3hiN0Z4RnhrSW1qM29rZ2s4dm9NRjlhakt3X0NUTGZWQ1BNZXAzWDJ3T1JDT2RCakg?oc=5,"Thu, 10 Sep 2026 17:34:31 GMT",경북신문,2차전지,https://news.google.com/rss/articles/CBMiWEFVX3lxTE9tLWc5am41YUx5bmYwVUkzZVA5blZROVJwQUU4QmRWM3hiN0Z4RnhrSW1qM29rZ2s4dm9NRjlhakt3X0NUTGZWQ1BNZXAzWDJ3T1JDT2RCakg?oc=5,,False,본문 수집 제한 개수를 초과했습니다.,False,,2026-09-13 09:00:35
국내,2차전지,2차전지,2차전지,"[현장] ""2차전지 흑자전환, 구조적 개선 아니다""…한신평, 신용위험 경고 - ebn.co.kr",https://news.google.com/rss/articles/CBMiaEFVX3lxTFBjbW83ZFd5S0F4ZTJYaFp2TFFpaTFoMlk1dzA1bzMxUUtLN3RDUmI4ZkVoZnJlbUhSYWNnQ3o2SU5qSEhhbEtDdG5zekE1RTBGRnRnM1pVdGt1SnVZMzVxUzNkNjhENlNz?oc=5,"Thu, 10 Sep 2026 07:21:52 GMT",ebn.co.kr,2차전지,https://news.google.com/rss/articles/CBMiaEFVX3lxTFBjbW83ZFd5S0F4ZTJYaFp2TFFpaTFoMlk1dzA1bzMxUUtLN3RDUmI4ZkVoZnJlbUhSYWNnQ3o2SU5qSEhhbEtDdG5zekE1RTBGRnRnM1pVdGt1SnVZMzVxUzNkNjhENlNz?oc=5,,False,본문 수집 제한 개수를 초과했습니다.,False,,2026-09-13 09:00:35
국내,전기차,전기차,전기차,사용후 전기차 배터리의 변신…현대차·LG엔솔 등 맞손 - 한국경제,https://news.google.com/rss/articles/CBMiWkFVX3lxTE56NjVxY3otMmtvUFBTWTBDVDhEZUpFNUVVSFdyODRTZUZwTmgtNkdPWUgwV2YtZ2Z6aExNeHVLUTIxLU5wNWN6ZEpkRUdyVXRWSlFCanhxZVhTZw?oc=5,"Thu, 10 Sep 2026 06:06:44 GMT",한국경제,2차전지,https://news.google.com/rss/articles/CBMiWkFVX3lxTE56NjVxY3otMmtvUFBTWTBDVDhEZUpFNUVVSFdyODRTZUZwTmgtNkdPWUgwV2YtZ2Z6aExNeHVLUTIxLU5wNWN6ZEpkRUdyVXRWSlFCanhxZVhTZw?oc=5,,False,본문 수집 제한 개수를 초과했습니다.,False,,2026-09-13 09:00:35
국내,리튬,리튬,리튬,"中 리튬업계 ""재고 데이터 신뢰성 높여야""…가격 폭락에 불만 고조 - 더구루",https://news.google.com/rss/articles/CBMiXkFVX3lxTFBRLXZIZUJkanExWHBpbXd5bkR6d0E4WEdWRWxMZ280SUZIaGhfQlk2N1d6RFZ0SmNLRGhzdDJpSV9iWDM1dGxaMEhMWXk4MlUwaTRxTEo0RGpPYkMzQVE?oc=5,"Thu, 10 Sep 2026 00:30:52 GMT",더구루,2차전지,https://news.google.com/rss/articles/CBMiXkFVX3lxTFBRLXZIZUJkanExWHBpbXd5bkR6d0E4WEdWRWxMZ280SUZIaGhfQlk2N1d6RFZ0SmNLRGhzdDJpSV9iWDM1dGxaMEhMWXk4MlUwaTRxTEo0RGpPYkMzQVE?oc=5,,False,본문 수집 제한 개수를 초과했습니다.,False,,2026-09-13 09:00:35
국내,2차전지,2차전지,2차전지,"다올證 “LFP, 한국의 시간이 왔다⋯2차전지 비중확대” - v.daum.net",https://news.google.com/rss/articles/CBMiT0FVX3lxTE03OEtCcHZRaDdQRTF4Nzg2NWxiY1o2OGdNNG5lX3RuZ3l4YU9VRTNMMzY3VGN2TTZNS0FLUmJiXzFIREJ2UEM0ckhudlRXekk?oc=5,"Wed, 09 Sep 2026 23:02:04 GMT",v.daum.net,2차전지,https://news.google.com/rss/articles/CBMiT0FVX3lxTE03OEtCcHZRaDdQRTF4Nzg2NWxiY1o2OGdNNG5lX3RuZ3l4YU9VRTNMMzY3VGN2TTZNS0FLUmJiXzFIREJ2UEM0ckhudlRXekk?oc=5,,False,본문 수집 제한 개수를 초과했습니다.,False,,2026-09-13 09:00:35
국내,양극재,양극재,양극재,"엘앤에프, LFP 양극재 사업 본격화 위해 전환사채 발행 검토 - 전기신문",https://news.google.com/rss/articles/CBMibEFVX3lxTFBIVk1JSDdtX05OeXBIUENvQlR5RnBvbHVYVGlVYWFPTURwNi1hZEJQamFxSUZKcGhubFFaaXdWZlBRMDdQN0QwY096NDRHVVV6YlBMYkcwbGZtcUZuLUxKSDkwSHFrV0pmZllWWtIBcEFVX3lxTFBjTGFrZDgyTk5STkg3VVVyZ21rTkRraTdtTzBZay1TS0VXT1UtaUgwRzNXRTZheGk3ZElTU1F4cm5IdGxmRXpiZ3lyT09VLWp0aktyRmMxS1dmSjRPOVZLbTRDQTlQNFZqNDJWVGtXU2Q?oc=5,"Wed, 09 Sep 2026 04:01:24 GMT",전기신문,2차전지,https://news.google.com/rss/articles/CBMibEFVX3lxTFBIVk1JSDdtX05OeXBIUENvQlR5RnBvbHVYVGlVYWFPTURwNi1hZEJQamFxSUZKcGhubFFaaXdWZlBRMDdQN0QwY096NDRHVVV6YlBMYkcwbGZtcUZuLUxKSDkwSHFrV0pmZllWWtIBcEFVX3lxTFBjTGFrZDgyTk5STkg3VVVyZ21rTkRraTdtTzBZay1TS0VXT1UtaUgwRzNXRTZheGk3ZElTU1F4cm5IdGxmRXpiZ3lyT09VLWp0aktyRmMxS1dmSjRPOVZLbTRDQTlQNFZqNDJWVGtXU2Q?oc=5,,False,본문 수집 제한 개수를 초과했습니다.,False,,2026-09-13 09:00:35
국내,양극재,양극재,양극재,LFP 양극재 '탈중국 공급망' 쉼없이 작동 - 머니투데이 - 머니투데이,https://news.google.com/rss/articles/CBMibEFVX3lxTE0ybDl1bEdtOWIzenZyUFRrSmpyRzkwZDFOQ29SQk5ieFBHNERZb1ZXdmp2WkhuNjJGcXhqR0QyOEdfQjBOOWpVbzQwN0tYdDc4cHdFVzdrXzF1bXU0bVpqNFRuRDBCRTBlLVJWZ9IBckFVX3lxTFBldXNuOGNMWnFoRGFzVmdtaGYwUVpOYjFYRXFFWGFlYVRLaEJuZVVvbDdfV3FWRVdqWjhqRkRJMWRSYm1waTB3MmxxZ0Mzdjl4UlFrU3VlWUpkTVF2amZwc3FsczhmWlZEWGk1aUU5aUo2UQ?oc=5,"Tue, 08 Sep 2026 18:22:00 GMT",머니투데이,2차전지,https://news.google.com/rss/articles/CBMibEFVX3lxTE0ybDl1bEdtOWIzenZyUFRrSmpyRzkwZDFOQ29SQk5ieFBHNERZb1ZXdmp2WkhuNjJGcXhqR0QyOEdfQjBOOWpVbzQwN0tYdDc4cHdFVzdrXzF1bXU0bVpqNFRuRDBCRTBlLVJWZ9IBckFVX3lxTFBldXNuOGNMWnFoRGFzVmdtaGYwUVpOYjFYRXFFWGFlYVRLaEJuZVVvbDdfV3FWRVdqWjhqRkRJMWRSYm1waTB3MmxxZ0Mzdjl4UlFrU3VlWUpkTVF2amZwc3FsczhmWlZEWGk1aUU5aUo2UQ?oc=5,,False,본문 수집 제한 개수를 초과했습니다.,False,,2026-09-13 09:00:35
국내,양극재,양극재,양극재,"'대규모 CB 카드' 만지작 엘앤에프, 종속회사 LFP 양극재에 쏠린 눈 - 녹색경제신문",https://news.google.com/rss/articles/CBMiaEFVX3lxTE1vYURqTVdJUjh6OU50TUJTUnMtcWlzeUJPZUpqeXRNZW1KV1lYX1BOMy0wRUVjMDYxR3N4MnRFcFozQy1QOFAxR2plTEZ6T2RqT0VucmJmZWowTkJ3c20tSXdPODRRSVJY?oc=5,"Tue, 08 Sep 2026 03:31:12 GMT",녹색경제신문,2차전지,https://news.google.com/rss/articles/CBMiaEFVX3lxTE1vYURqTVdJUjh6OU50TUJTUnMtcWlzeUJPZUpqeXRNZW1KV1lYX1BOMy0wRUVjMDYxR3N4MnRFcFozQy1QOFAxR2plTEZ6T2RqT0VucmJmZWowTkJ3c20tSXdPODRRSVJY?oc=5,,False,본문 수집 제한 개수를 초과했습니다.,False,,2026-09-13 09:00:35
국내,2차전지,2차전지,2차전지,"""3년 물린 개미 드디어..."" 美 ESS 시장 기대에 반등 노리는 2차전지株 - 조선일보",https://news.google.com/rss/articles/CBMijgFBVV95cUxOd0ZvS3hsVWdXWUtYc205RGRMVGZrbE1PNGRnSEhLQWdOOVlsXzEzQjNMQ1pPaWZHSGxuUklnYnlTTEJZaU8yQVd6eUt6eWlBMHBuak9tdHgwUWVhd1A2eWEteUxldVFlTllKbmpXUEt2OXBtaGlPT2N1VGNvZC1xV3l6dndnbXVGVTFlc2tB?oc=5,"Mon, 31 Aug 2026 07:00:00 GMT",조선일보,2차전지,https://news.google.com/rss/articles/CBMijgFBVV95cUxOd0ZvS3hsVWdXWUtYc205RGRMVGZrbE1PNGRnSEhLQWdOOVlsXzEzQjNMQ1pPaWZHSGxuUklnYnlTTEJZaU8yQVd6eUt6eWlBMHBuak9tdHgwUWVhd1A2eWEteUxldVFlTllKbmpXUEt2OXBtaGlPT2N1VGNvZC1xV3l6dndnbXVGVTFlc2tB?oc=5,,False,본문 수집 제한 개수를 초과했습니다.,False,,2026-09-13 09:00:35
국내,2차전지,2차전지,2차전지,"리튬 반등에 북미 ESS 훈풍…2차전지, 실적 회복 `주목` - imaeil.com",https://news.google.com/rss/articles/CBMiYkFVX3lxTE9WcXlUTnc2Z1o1eVI1QTVvQVRWSEtPdkJyN1lnSVMyOTA2WFZnNVBhb1ZOWWpuYlpZY1BsZkJybExJSXl6S2FBdVRILU9KZTZmTnQzSjBUQ2w5bHdNWFlKNVJB?oc=5,"Mon, 31 Aug 2026 00:25:50 GMT",imaeil.com,2차전지,https://news.google.com/rss/articles/CBMiYkFVX3lxTE9WcXlUTnc2Z1o1eVI1QTVvQVRWSEtPdkJyN1lnSVMyOTA2WFZnNVBhb1ZOWWpuYlpZY1BsZkJybExJSXl6S2FBdVRILU9KZTZmTnQzSjBUQ2w5bHdNWFlKNVJB?oc=5,,False,본문 수집 제한 개수를 초과했습니다.,False,,2026-09-13 09:00:35
미국,리튬,lithium battery,lithium battery stock market earnings investment,Lithium Stocks to Buy in 2026: 7 Companies to Watch - markets.com,https://news.google.com/rss/articles/CBMib0FVX3lxTE9vNWpVOFN3TjJYSEY4bW91T1pMWW1sZS1CWHRNN24tdklZdkxIa2FHZW5OSHdNWDFLdnJSSFB0RWJCaUEzNGFXSlZSOGg2LVhoX3I1Q29KUFRfM19pLUpQeW9IWTQwTHBjWUptdUJIVQ?oc=5,"Wed, 09 Sep 2026 16:04:00 GMT",markets.com,2차전지,https://www.markets.com/education-centre/lithium-stocks-to-buy,www.markets.com,True,,True,,2026-09-13 09:00:35
미국,양극재,cathode material battery,cathode material battery stock market earnings investment,Umicore stock holds steady as investors weigh battery materials outlook - ad-hoc-news.de,https://news.google.com/rss/articles/CBMizwFBVV95cUxQTDlrNWxONHdKaWhGZEdteTVkbVNOckhRXzYwMktYYXRaQS1GVlUyNV9VQ0FKbE56Qk5uMHpLdjExV3ZPVExzWWtOenhLdVJSSUpueDZBeExNTlNnOHJYNDhEbnJoRnRiYlJDVVhoY2tjS0JjZzgwUGc4RFNqYzRpUWNkRnRoSXFGZDN5OThLdkZDTkthRnZFQlZkcWxMZlBoS1BFbFRMRFZkY25kY0NDNVdCLXdTNlNFNDJUZkFrVlEtZ0NoZmNBRGxOOUpyNEE?oc=5,"Mon, 07 Sep 2026 11:31:59 GMT",ad-hoc-news.de,2차전지,https://www.ad-hoc-news.de/boerse/news/corporate-news/umicore-stock-holds-steady-as-investors-weigh-battery-materials-outlook/70063146,www.ad-hoc-news.de,True,,True,,2026-09-13 09:00:35
미국,리튬,lithium battery,lithium battery stock market earnings investment,3 Best Lithium Stocks for 2026 and How to Invest - The Motley Fool,https://news.google.com/rss/articles/CBMingFBVV95cUxPaTlnYk1aa2pEYWJ5cTlxeGYxZmJQeW9YemdXeXhOa1ZicGIzYS05aFlMc0U0TGdaYUc1cW9WUnB4Ry1mbWZmQ25OaG50TGdqNVk3Z2ZDTU5nMnAydGtqY1hWUWdyRko3VmNzWDl2WlFiNmh0UjVsQ0xwcjRKYkVwM1Bpajl6eTZOZlRLZHpISktpMDlPSl9qUUhFaWszUQ?oc=5,"Tue, 01 Sep 2026 07:00:00 GMT",The Motley Fool,2차전지,https://www.fool.com/investing/stock-market/market-sectors/materials/metal-stocks/lithium-stocks/,www.fool.com,True,,True,,2026-09-13 09:00:35
미국,양극재,cathode material battery,cathode material battery stock market earnings investment,Secondary Battery Stocks Rebound on U.S. ESS Demand - 조선일보,https://news.google.com/rss/articles/CBMijgFBVV95cUxNc2ZTYVMzR2dzVWMzSVpSbEs4S0Uwbm1XY25uNFUyYnZHYmdOazZabDNWa0JIT2VobWdFUldJamdpT00wMDRWcVRWeldzc3BMa1ZaMmQyclhyU2dkV1YxVEVFQUdnbGVjbkpwbHdfekNMNDl1SEk4V2hYZ0RJV3Y5TXlxMXZxZUxlLWJXUGh3?oc=5,"Mon, 31 Aug 2026 07:00:00 GMT",조선일보,2차전지,https://www.chosun.com/english/market-money-en/2026/08/31/BKTAHUV2PFAY3PCHUPEORW46AQ/,www.chosun.com,True,,True,,2026-09-13 09:00:35
미국,양극재,cathode material battery,cathode material battery stock market earnings investment,Jiangsu Lopal Tech Flags Cost Pressures Despite Strong LFP Price Gains in H1 2026 - The Globe and Mail,https://news.google.com/rss/articles/CBMi9AFBVV95cUxOQXhELXJVeFBVS1ZTV01CUzRudEtLUnFZckN5dHRESGdzcE04UlBDMlZmZTlBYUZtbHF4bVdDb1FTdmVNbjFRZ1R3bi0yV2pQVEV3eDBqZUFJVXpGNTY2QXJaWThyWktIbmdscWo1WGhkYkJRRkZlc3AtN2Q3cVNhSHFubk03aUtRbTlIWnl3TFZ5ZFpZMm1DbUZHYm5LRk9rWHE4Qkk0b1djOHFHWjhTWHBVeTU2UlFINEtnUDRQT2czQ24wYjA1djZtMnYwMDdJRE1qQ3ZlVEMzVVhoWTlXcWtsM3U1WjVHM0lCcmk2dXJXV2Ri?oc=5,"Thu, 27 Aug 2026 12:52:00 GMT",The Globe and Mail,2차전지,https://news.google.com/rss/articles/CBMi9AFBVV95cUxOQXhELXJVeFBVS1ZTV01CUzRudEtLUnFZckN5dHRESGdzcE04UlBDMlZmZTlBYUZtbHF4bVdDb1FTdmVNbjFRZ1R3bi0yV2pQVEV3eDBqZUFJVXpGNTY2QXJaWThyWktIbmdscWo1WGhkYkJRRkZlc3AtN2Q3cVNhSHFubk03aUtRbTlIWnl3TFZ5ZFpZMm1DbUZHYm5LRk9rWHE4Qkk0b1djOHFHWjhTWHBVeTU2UlFINEtnUDRQT2czQ24wYjA1djZtMnYwMDdJRE1qQ3ZlVEMzVVhoWTlXcWtsM3U1WjVHM0lCcmk2dXJXV2Ri?oc=5,,False,본문 수집 제한 개수를 초과했습니다.,False,,2026-09-13 09:00:35
미국,배터리,배터리,배터리 stock market earnings investment,"Electric Vehicle Battery Swapping Market Size, Share & Forecast, 2034 - Fortune Business Insights",https://news.google.com/rss/articles/CBMikAFBVV95cUxPempzR2ZZREFWM3NGYXZKYnFydXN4NUJSbkN6eERSSTlGVzdxdm9EYkpBcUFsQkFSckpLRzY2VUJpVnB6TFA4emtnajFHSGJKRDlCS1BrWWZudnZmWGdvUnVhUjNpbEFXSnl2SUdFQkQwbUVCSEx2WGVsTTNXaVdiRENTUzlQR3Z4UVRUbXo2MGQ?oc=5,"Mon, 24 Aug 2026 07:00:00 GMT",Fortune Business Insights,2차전지,https://news.google.com/rss/articles/CBMikAFBVV95cUxPempzR2ZZREFWM3NGYXZKYnFydXN4NUJSbkN6eERSSTlGVzdxdm9EYkpBcUFsQkFSckpLRzY2VUJpVnB6TFA4emtnajFHSGJKRDlCS1BrWWZudnZmWGdvUnVhUjNpbEFXSnl2SUdFQkQwbUVCSEx2WGVsTTNXaVdiRENTUzlQR3Z4UVRUbXo2MGQ?oc=5,,False,본문 수집 제한 개수를 초과했습니다.,False,,2026-09-13 09:00:35
미국,전기차,electric vehicle EV,electric vehicle EV stock market earnings investment,10 Best Electric Vehicle Stocks for 2026 and How to Invest - The Motley Fool,https://news.google.com/rss/articles/CBMivAFBVV95cUxPaDc3LXY1NTNfRG4zb01Lald3dzVmQlZDMjNhWDRGbWVfRGgxMFlYcTlBSWJ3a0JPQjdJVlNoaFpFTFVac01jeENYV1FXUDNLb0U3M2tnVjljTVRWeVRmYUxvOTU4YXJ5QUhGYnJJX21yenpIdVR1WDROR0ZIS1Q5MVBqaTBTT3pUbW1QR1hTc0E2YXpHTjMtMm82SXdFdUJqWGFFVllsV205Qzc3VmtjTmhUaWoySXU4dzVWbA?oc=5,"Thu, 20 Aug 2026 07:00:00 GMT",The Motley Fool,2차전지,https://news.google.com/rss/articles/CBMivAFBVV95cUxPaDc3LXY1NTNfRG4zb01Lald3dzVmQlZDMjNhWDRGbWVfRGgxMFlYcTlBSWJ3a0JPQjdJVlNoaFpFTFVac01jeENYV1FXUDNLb0U3M2tnVjljTVRWeVRmYUxvOTU4YXJ5QUhGYnJJX21yenpIdVR1WDROR0ZIS1Q5MVBqaTBTT3pUbW1QR1hTc0E2YXpHTjMtMm82SXdFdUJqWGFFVllsV205Qzc3VmtjTmhUaWoySXU4dzVWbA?oc=5,,False,본문 수집 제한 개수를 초과했습니다.,False,,2026-09-13 09:00:35
미국,전기차,electric vehicle EV,electric vehicle EV stock market earnings investment,Tesla Snaps Losing Streak. Can It Start To Rebuild Momentum? - Investor's Business Daily,https://news.google.com/rss/articles/CBMitgFBVV95cUxPY05XVEV6akFYeVdWaWs1ZVU2MWxabXR1RjI0ckpFdnhSVGlSSXY5cFI3WlJJcGlvZUtfMGtodi1OVDVZVHdodFB0OFpXX3ZPcFZEcmZFVGljcDZKMkd2YlFFUF82SHl3V3VNaFUzZ3FTd1VvZnIyNlRzMWV0T0JpSDItQklxcXhlSnN6VFdiaTNqbFc1WFNzd1duN01sU1NSeDVWbndtdTVubmJKbFY0VmFrSERpZw?oc=5,"Fri, 31 Jul 2026 07:00:00 GMT",Investor's Business Daily,2차전지,https://news.google.com/rss/articles/CBMitgFBVV95cUxPY05XVEV6akFYeVdWaWs1ZVU2MWxabXR1RjI0ckpFdnhSVGlSSXY5cFI3WlJJcGlvZUtfMGtodi1OVDVZVHdodFB0OFpXX3ZPcFZEcmZFVGljcDZKMkd2YlFFUF82SHl3V3VNaFUzZ3FTd1VvZnIyNlRzMWV0T0JpSDItQklxcXhlSnN6VFdiaTNqbFc1WFNzd1duN01sU1NSeDVWbndtdTVubmJKbFY0VmFrSERpZw?oc=5,,False,본문 수집 제한 개수를 초과했습니다.,False,,2026-09-13 09:00:35
미국,2차전지,2차전지,2차전지 stock market earnings investment,"Samsung Posts Record Earnings, Shares Plunge as Analysts Split - Seoul Economic Daily",https://news.google.com/rss/articles/CBMingFBVV95cUxPMktlcmtlcFV5S0UtaFpiX2Zlc2RBYWNUYy1remJiYVo0ZzlXaXZqSGZIMVVWLUN1cEhEWHp6VXNVaktQaU5lUTBJWFdmdzVTUG5mZ1JxeklVbjRsdGZYbGtDb2RMZHJaT21HZFZCU2FJVjBHSDUyY3Iwb2tsSHEzOWphYXN2dFJnX3ZpQU8xQW4xbnlWV2ktQjBkWjZSdw?oc=5,"Thu, 09 Jul 2026 07:00:00 GMT",Seoul Economic Daily,2차전지,https://news.google.com/rss/articles/CBMingFBVV95cUxPMktlcmtlcFV5S0UtaFpiX2Zlc2RBYWNUYy1remJiYVo0ZzlXaXZqSGZIMVVWLUN1cEhEWHp6VXNVaktQaU5lUTBJWFdmdzVTUG5mZ1JxeklVbjRsdGZYbGtDb2RMZHJaT21HZFZCU2FJVjBHSDUyY3Iwb2tsSHEzOWphYXN2dFJnX3ZpQU8xQW4xbnlWV2ktQjBkWjZSdw?oc=5,,False,본문 수집 제한 개수를 초과했습니다.,False,,2026-09-13 09:00:35
미국,2차전지,2차전지,2차전지 stock market earnings investment,Korea's 'Top Two' Chip Giants Sway MSCI Emerging Markets Index - Seoul Economic Daily,https://news.google.com/rss/articles/CBMirAFBVV95cUxQdTZDSHRtb2xKMm91WWRmdnRqcEpFM2lLbVhnX05pZnRXazEtNWpjLWNTMDZjS29WdGdjeC03NW0zTHJ0ZHJlLVlCeTFkU1dVZzNoZFpNQlJMN0ZrV1VSOGJBNnA1UUdpOE1TbmRkOGo3UDE3T256UElaWXpWYkNDRFVydE9TSUVKQUgzSE1EaDBGaDVMWWM0SUs0WVp0RDRHeU1iT0lZeFFGeEEw?oc=5,"Tue, 07 Jul 2026 07:00:00 GMT",Seoul Economic Daily,2차전지,https://news.google.com/rss/articles/CBMirAFBVV95cUxQdTZDSHRtb2xKMm91WWRmdnRqcEpFM2lLbVhnX05pZnRXazEtNWpjLWNTMDZjS29WdGdjeC03NW0zTHJ0ZHJlLVlCeTFkU1dVZzNoZFpNQlJMN0ZrV1VSOGJBNnA1UUdpOE1TbmRkOGo3UDE3T256UElaWXpWYkNDRFVydE9TSUVKQUgzSE1EaDBGaDVMWWM0SUs0WVp0RDRHeU1iT0lZeFFGeEEw?oc=5,,False,본문 수집 제한 개수를 초과했습니다.,False,,2026-09-13 09:00:35
미국,2차전지,2차전지,2차전지 stock market earnings investment,Samsung Earnings Due This Week as IMF Growth Forecast Looms - Seoul Economic Daily,https://news.google.com/rss/articles/CBMiowFBVV95cUxQSDB4Q3R6TUF0ZUY0eWw5MHN4V3FBTG41bzNHQjBfOUlKWkFucGtmTnZVUGRLWWQwS2w1TDZJVHVad1cxSndYTGNueVhtWm12WTFGNkxXemIzYVVnZE1VbjFTYXpzemNKQzBpZGtpaWVoRGlvWWdhZWUyLWUzdEZGYVllTEp4ekhsdEduS1BkdFdvX3FBbXVHdVROS1pnOFNHR1dr?oc=5,"Mon, 06 Jul 2026 07:00:00 GMT",Seoul Economic Daily,2차전지,https://news.google.com/rss/articles/CBMiowFBVV95cUxQSDB4Q3R6TUF0ZUY0eWw5MHN4V3FBTG41bzNHQjBfOUlKWkFucGtmTnZVUGRLWWQwS2w1TDZJVHVad1cxSndYTGNueVhtWm12WTFGNkxXemIzYVVnZE1VbjFTYXpzemNKQzBpZGtpaWVoRGlvWWdhZWUyLWUzdEZGYVllTEp4ekhsdEduS1BkdFdvX3FBbXVHdVROS1pnOFNHR1dr?oc=5,,False,본문 수집 제한 개수를 초과했습니다.,False,,2026-09-13 09:00:35
미국,양극재,cathode material battery,cathode material battery stock market earnings investment,Himadri sets ambitious revenue goal for battery materials as EV sector advances - ET Chemicals,https://news.google.com/rss/articles/CBMi8gFBVV95cUxNVDJncFRONEg2U2FQNkpEQ1dhbUxWcU5TVnozX1hLaVpfVTJCaHJLWWNvMngtbnpaazJOYjFBU1N5dlNzMkhFVXpqNndLc3VJZHBsckY4MWhJLWgxdGZzZTBFXzJha0MxaGF6WXVOOE9ucURDM0FZQURscGVxVGdlLTRRQW9RMWpvdzQxb2dNLTFXT3Z0M1BvQy0zT2s3RDhjbkdOZEpzT25NTWlZSU55Y2FCWi1mX2NoNFF2MmxwTGFmMGF4MzlwcGN3b1YyS3NPTHY5T1YyYk1Zcm82b0NRWURaLWRQajBXbzNtOVFZUUZHd9IB9wFBVV95cUxObm5QYWQ3a3hIUVk3YUlxVmV4clNXSWdlTzBvMF9Xd0owZUdXUVFUSm01OUhZdUk4SGxsdlpIQ0FyQUpNVzdwdDhBc1c3ZlU5UE10QTJnLXBOaHp5bE1vbEtHdjB6WkRJM1V5XzhfU1FBOG1PSDk3b09JR2NuWnptcUkyaElfamVwYkplTXNITnBnQnFBclBfWnBDTE1ONHpzcVJjclE5SktHN2pKUV9sMTU2aXFQcXJlZFlJM1NYTThtYjNvYkpDQnEzUW9EaDJLcU83b2tXbG5iMG14V3JvUDFxQm1hRFVOWkVKQUtDRDZrMnZ2RHVn?oc=5,"Sat, 27 Jun 2026 07:00:00 GMT",ET Chemicals,2차전지,https://news.google.com/rss/articles/CBMi8gFBVV95cUxNVDJncFRONEg2U2FQNkpEQ1dhbUxWcU5TVnozX1hLaVpfVTJCaHJLWWNvMngtbnpaazJOYjFBU1N5dlNzMkhFVXpqNndLc3VJZHBsckY4MWhJLWgxdGZzZTBFXzJha0MxaGF6WXVOOE9ucURDM0FZQURscGVxVGdlLTRRQW9RMWpvdzQxb2dNLTFXT3Z0M1BvQy0zT2s3RDhjbkdOZEpzT25NTWlZSU55Y2FCWi1mX2NoNFF2MmxwTGFmMGF4MzlwcGN3b1YyS3NPTHY5T1YyYk1Zcm82b0NRWURaLWRQajBXbzNtOVFZUUZHd9IB9wFBVV95cUxObm5QYWQ3a3hIUVk3YUlxVmV4clNXSWdlTzBvMF9Xd0owZUdXUVFUSm01OUhZdUk4SGxsdlpIQ0FyQUpNVzdwdDhBc1c3ZlU5UE10QTJnLXBOaHp5bE1vbEtHdjB6WkRJM1V5XzhfU1FBOG1PSDk3b09JR2NuWnptcUkyaElfamVwYkplTXNITnBnQnFBclBfWnBDTE1ONHpzcVJjclE5SktHN2pKUV9sMTU2aXFQcXJlZFlJM1NYTThtYjNvYkpDQnEzUW9EaDJLcU83b2tXbG5iMG14V3JvUDFxQm1hRFVOWkVKQUtDRDZrMnZ2RHVn?oc=5,,False,본문 수집 제한 개수를 초과했습니다.,False,,2026-09-13 09:00:35
미국,2차전지,2차전지,2차전지 stock market earnings investment,"Korean Lawmakers, Civic Groups Push to Tax Unrealized Gains - Seoul Economic Daily",https://news.google.com/rss/articles/CBMiogFBVV95cUxPQVRmM1NKS3liTmxYRDNQSWJ4c254YmV0ZURtREozZnNXS0dXcGhUZ1E4R0ZzaW5LY0lSNzBjbVNYX0QwdDZYVURKSGlmRTlqcjczUGlFWjJpa09hQ0JLOW5STXJvYXg0MTlfUElGODRLRmo3RFR2NnFTZE4xZm1GTDhWenZFSUJ4eE9NWjlNQ3BnczNVUmplbFR2RmJLeFBFaGc?oc=5,"Tue, 23 Jun 2026 07:00:00 GMT",Seoul Economic Daily,2차전지,https://news.google.com/rss/articles/CBMiogFBVV95cUxPQVRmM1NKS3liTmxYRDNQSWJ4c254YmV0ZURtREozZnNXS0dXcGhUZ1E4R0ZzaW5LY0lSNzBjbVNYX0QwdDZYVURKSGlmRTlqcjczUGlFWjJpa09hQ0JLOW5STXJvYXg0MTlfUElGODRLRmo3RFR2NnFTZE4xZm1GTDhWenZFSUJ4eE9NWjlNQ3BnczNVUmplbFR2RmJLeFBFaGc?oc=5,,False,본문 수집 제한 개수를 초과했습니다.,False,,2026-09-13 09:00:35
미국,배터리,배터리,배터리 stock market earnings investment,"QuantumScape, Honda R&D enter joint battery research pact - Investing.com",https://news.google.com/rss/articles/CBMisgFBVV95cUxPMVp0N25pdE8wSHRXdl9TT2R3R3FZb0dxd0NVTjV4WTRoRzhiY3JhMFdiMGZhZW9YV0tIYmVRZ2tSamV2YzJ5ZXdtQVR1NnBzNV9PYjRpdnBCZVdjLS1uYldYcl9vQ0FkRTNFX0g5N0NHYUZQalhPR3A4Vm1UTTVOSVBXWVZNOTFoQXlKamFQTTh4SkhlTVFYczNnYUpvS1ZQODVjOWh5c091VDV1WnpSWGF3?oc=5,"Thu, 18 Jun 2026 07:00:00 GMT",Investing.com,2차전지,https://news.google.com/rss/articles/CBMisgFBVV95cUxPMVp0N25pdE8wSHRXdl9TT2R3R3FZb0dxd0NVTjV4WTRoRzhiY3JhMFdiMGZhZW9YV0tIYmVRZ2tSamV2YzJ5ZXdtQVR1NnBzNV9PYjRpdnBCZVdjLS1uYldYcl9vQ0FkRTNFX0g5N0NHYUZQalhPR3A4Vm1UTTVOSVBXWVZNOTFoQXlKamFQTTh4SkhlTVFYczNnYUpvS1ZQODVjOWh5c091VDV1WnpSWGF3?oc=5,,False,본문 수집 제한 개수를 초과했습니다.,False,,2026-09-13 09:00:35
미국,배터리,배터리,배터리 stock market earnings investment,The Bull Case For GM (GM) Could Change Following New Battery And AI Initiatives In EV Strategy - Yahoo Finance,https://news.google.com/rss/articles/CBMijwFBVV95cUxPQVZNWmNDLWhlaXhwLWlGbkZ0SkMtUS1ZeTZ2Mm0yeHVHVXRKVGo0ZENsU215UGw2aXRQUVZTZDBBMG03YXJtVXFQYUptOS1mV0lzaE5YNmFkVWctcUJCaTUzU1dDWDQ4cFpWYWcyTWFBNnlDM3NHSERYSWh0OU4tTWw4RC12cWZ6OFZ2YldiUQ?oc=5,"Wed, 10 Jun 2026 07:00:00 GMT",Yahoo Finance,2차전지,https://news.google.com/rss/articles/CBMijwFBVV95cUxPQVZNWmNDLWhlaXhwLWlGbkZ0SkMtUS1ZeTZ2Mm0yeHVHVXRKVGo0ZENsU215UGw2aXRQUVZTZDBBMG03YXJtVXFQYUptOS1mV0lzaE5YNmFkVWctcUJCaTUzU1dDWDQ4cFpWYWcyTWFBNnlDM3NHSERYSWh0OU4tTWw4RC12cWZ6OFZ2YldiUQ?oc=5,,False,본문 수집 제한 개수를 초과했습니다.,False,,2026-09-13 09:00:35
미국,전기차,electric vehicle EV,electric vehicle EV stock market earnings investment,Honda makes first loss in 70 years as it retreats from EV investment - BBC,https://news.google.com/rss/articles/CBMiWkFVX3lxTFBMbld4bmFYNTMwQUFFam5ybE85RTUtYzN5dk9wYjRWTzhoUjB4ZERPZ1ZSY0RlRUFkRG5mQlVmLVRjbVZSMk5mcHo0MWlIa1JhdXpndFpLSXVpdw?oc=5,"Thu, 14 May 2026 07:00:00 GMT",BBC,2차전지,https://news.google.com/rss/articles/CBMiWkFVX3lxTFBMbld4bmFYNTMwQUFFam5ybE85RTUtYzN5dk9wYjRWTzhoUjB4ZERPZ1ZSY0RlRUFkRG5mQlVmLVRjbVZSMk5mcHo0MWlIa1JhdXpndFpLSXVpdw?oc=5,,False,본문 수집 제한 개수를 초과했습니다.,False,,2026-09-13 09:00:35
미국,배터리,배터리,배터리 stock market earnings investment,"Amprius Technologies, Inc. Q1 2026 Earnings Call Summary - Yahoo Finance",https://news.google.com/rss/articles/CBMingFBVV95cUxQcncybnMzc0otazdwcHE3TWk0bmJuNHUtdTNsUG4xWTRjbk9mM0lsVXlOSVJEVWtjcnZDZHFFdFZSOHZLZGl1WUFrbXd1akhtN0lJR1d5N0VGU0J6YzkzczB3T0R5SVRnQzN4UkhKenp0emNwWE43dzJhbnRJbEN0Smc3cEdhLUoySEdDM3E1MWVnYlNoX0tERFlkXzA5QQ?oc=5,"Thu, 07 May 2026 07:00:00 GMT",Yahoo Finance,2차전지,https://news.google.com/rss/articles/CBMingFBVV95cUxQcncybnMzc0otazdwcHE3TWk0bmJuNHUtdTNsUG4xWTRjbk9mM0lsVXlOSVJEVWtjcnZDZHFFdFZSOHZLZGl1WUFrbXd1akhtN0lJR1d5N0VGU0J6YzkzczB3T0R5SVRnQzN4UkhKenp0emNwWE43dzJhbnRJbEN0Smc3cEdhLUoySEdDM3E1MWVnYlNoX0tERFlkXzA5QQ?oc=5,,False,본문 수집 제한 개수를 초과했습니다.,False,,2026-09-13 09:00:35
미국,전기차,electric vehicle EV,electric vehicle EV stock market earnings investment,How to Evaluate Electric Vehicle Stocks: Key Financial and Operational Metrics - Investing.com,https://news.google.com/rss/articles/CBMiiwFBVV95cUxPU096N3JiNU1aaWdodmRaSml3QzVNVWhzLW5tZ1NoT0Y1TDIwclh0amY0QU9ESDhzRm5nV3J5Um5nOWFKdlJ6SFlfZW5kMGppN3RELURCQXdnRkJJUDVDNWhiU0ptcWJwdmdDaWZSY1ZrV2JleVA3M0RMOUxQdTR1Q2doNEJTd1FMWXlz?oc=5,"Tue, 28 Apr 2026 07:00:00 GMT",Investing.com,2차전지,https://news.google.com/rss/articles/CBMiiwFBVV95cUxPU096N3JiNU1aaWdodmRaSml3QzVNVWhzLW5tZ1NoT0Y1TDIwclh0amY0QU9ESDhzRm5nV3J5Um5nOWFKdlJ6SFlfZW5kMGppN3RELURCQXdnRkJJUDVDNWhiU0ptcWJwdmdDaWZSY1ZrV2JleVA3M0RMOUxQdTR1Q2doNEJTd1FMWXlz?oc=5,,False,본문 수집 제한 개수를 초과했습니다.,False,,2026-09-13 09:00:35
미국,리튬,lithium battery,lithium battery stock market earnings investment,Top 5 US Lithium Stocks in 2026 - Investing News Network,https://news.google.com/rss/articles/CBMiXEFVX3lxTE4yVHJ3S0RieWdmVi1yeFJRU2lncGE1S21kdnc2Tm1yaGhmeFl3OWpYVkJrd21ReTRjV2JMTmlKTGlpM1JUZk4wN2dYblg2LUg2TTJPX2ZMcXllODEt?oc=5,"Wed, 15 Apr 2026 07:00:00 GMT",Investing News Network,2차전지,https://news.google.com/rss/articles/CBMiXEFVX3lxTE4yVHJ3S0RieWdmVi1yeFJRU2lncGE1S21kdnc2Tm1yaGhmeFl3OWpYVkJrd21ReTRjV2JMTmlKTGlpM1JUZk4wN2dYblg2LUg2TTJPX2ZMcXllODEt?oc=5,,False,본문 수집 제한 개수를 초과했습니다.,False,,2026-09-13 09:00:35
미국,배터리,배터리,배터리 stock market earnings investment,6 Best Battery Stocks to Buy in 2026 | Investing - U.S. News Money,https://news.google.com/rss/articles/CBMif0FVX3lxTE5ZNUlwRFRUZzdJdEF5bks2NXFNRVdxSnFJc0lRdXF0d2FBcWo5Um12VU01cXZRcVAzZ0JxbE10R2ZUSDdDV01Iek1sTVFHbXRQMjVZX1dZbm5ORXpNWlBMenpmNWF1VmpHRk5STkNEb09ybi1nS01VNTBMckoxTmM?oc=5,"Tue, 17 Mar 2026 07:00:00 GMT",U.S. News Money,2차전지,https://news.google.com/rss/articles/CBMif0FVX3lxTE5ZNUlwRFRUZzdJdEF5bks2NXFNRVdxSnFJc0lRdXF0d2FBcWo5Um12VU01cXZRcVAzZ0JxbE10R2ZUSDdDV01Iek1sTVFHbXRQMjVZX1dZbm5ORXpNWlBMenpmNWF1VmpHRk5STkNEb09ybi1nS01VNTBMckoxTmM?oc=5,,False,본문 수집 제한 개수를 초과했습니다.,False,,2026-09-13 09:00:35
미국,리튬,lithium battery,lithium battery stock market earnings investment,Lithium Stocks: Investing in the 2026 Supply Chain Rebound - marketwise.com,https://news.google.com/rss/articles/CBMicEFVX3lxTE5RTWJJLUdoMWx0VGxMSFZLcUw1WG9haklxOWowNlRhcWxlTXVIVWlxZmdjdjNTWlBVTmw5LW1jYVk4d0JxelIwYjJlbEZYZm51Z0tZa1ctcEtoTWJ4cmVxVDVKcTlqOUFxN1BlM1lUTjU?oc=5,"Wed, 04 Mar 2026 08:00:00 GMT",marketwise.com,2차전지,https://news.google.com/rss/articles/CBMicEFVX3lxTE5RTWJJLUdoMWx0VGxMSFZLcUw1WG9haklxOWowNlRhcWxlTXVIVWlxZmdjdjNTWlBVTmw5LW1jYVk4d0JxelIwYjJlbEZYZm51Z0tZa1ctcEtoTWJ4cmVxVDVKcTlqOUFxN1BlM1lUTjU?oc=5,,False,본문 수집 제한 개수를 초과했습니다.,False,,2026-09-13 09:00:35
미국,전기차,electric vehicle EV,electric vehicle EV stock market earnings investment,GM just wrote down $7.6 billion on its EV business—and grew market cap by the same amount - Fortune,https://news.google.com/rss/articles/CBMipgFBVV95cUxNZjBrUTVtWjRJaFBQUjFSNUtld0R4QkV0UFJteGtZTVlOSG93cURhTnJWNjh5c09Zdl9GQmJmNnV0VlRJS29YbXVVLVN3eXlrMUp1eGJxeF9SUUVLQmtVaFZaUngyREU3eWVkNUh0LUI2UjNqLUY4a0dtTFJ4emphdDFnVmxlcXR2N1pSSGZaYWZid3JmMHJLWUR4YldnSURLZUFZRjVB?oc=5,"Tue, 27 Jan 2026 08:00:00 GMT",Fortune,2차전지,https://news.google.com/rss/articles/CBMipgFBVV95cUxNZjBrUTVtWjRJaFBQUjFSNUtld0R4QkV0UFJteGtZTVlOSG93cURhTnJWNjh5c09Zdl9GQmJmNnV0VlRJS29YbXVVLVN3eXlrMUp1eGJxeF9SUUVLQmtVaFZaUngyREU3eWVkNUh0LUI2UjNqLUY4a0dtTFJ4emphdDFnVmxlcXR2N1pSSGZaYWZid3JmMHJLWUR4YldnSURLZUFZRjVB?oc=5,,False,본문 수집 제한 개수를 초과했습니다.,False,,2026-09-13 09:00:35
미국,2차전지,2차전지,2차전지 stock market earnings investment,[Finding Leading Stocks②] Warren Buffett's Investment Magic 'Low PER·High ROE'... The Best Combination Including PBR - 아시아경제,https://news.google.com/rss/articles/CBMiZEFVX3lxTFBiY21XMlk2dnE3OS02eWYwZWE3ZV9ucGRickhhSnJKd1Z6bG1rU2htOUE5d0xpa3ltZDFTZ2JnUk4xVE5OQW9CdFFoaXFnN3pTc0IyZ0lxQ2IzaTlxRXpFQUFVV1c?oc=5,"Sat, 10 Sep 2022 07:00:00 GMT",아시아경제,2차전지,https://news.google.com/rss/articles/CBMiZEFVX3lxTFBiY21XMlk2dnE3OS02eWYwZWE3ZV9ucGRickhhSnJKd1Z6bG1rU2htOUE5d0xpa3ltZDFTZ2JnUk4xVE5OQW9CdFFoaXFnN3pTc0IyZ0lxQ2IzaTlxRXpFQUFVV1c?oc=5,,False,본문 수집 제한 개수를 초과했습니다.,False,,2026-09-13 09:00:35
일본,양극재,正極材 電池,正極材 電池 日本 株式市場 企業,ヒューマノイドロボットの能力や用途を拡大する鍵となる『ヒューマノイドロボット用バッテリー』。需要と市場規模の10年間予 - ニコニコニュース,https://news.google.com/rss/articles/CBMiVEFVX3lxTFBBTkFxV3puVVBoWHhYZW9HTnktZ1NqZkY4dWNCY1pqNWRZSl9IU1NlUzZPSkZVSzNQRG0xMnVhbDBpTDNhTk1GVGltdnNQQ3A0bkFHbg?oc=5,"Fri, 04 Sep 2026 00:03:24 GMT",ニコニコニュース,2차전지,https://news.google.com/rss/articles/CBMiVEFVX3lxTFBBTkFxV3puVVBoWHhYZW9HTnktZ1NqZkY4dWNCY1pqNWRZSl9IU1NlUzZPSkZVSzNQRG0xMnVhbDBpTDNhTk1GVGltdnNQQ3A0bkFHbg?oc=5,,False,403 Client Error: Forbidden for url: https://news.nicovideo.jp/watch/nw19737489,True,,2026-09-13 09:00:35
일본,전기차,電気自動車 EV,電気自動車 EV 日本 株式市場 企業,電気自動車（EV）用モーターの日本市場（2026年-2035年）、市場規模・分析レポートを発表 - アットプレス,https://news.google.com/rss/articles/CBMiT0FVX3lxTE44SGtJRkRGX3JrR3pmM2RQb0g5d1hyR2lBRWhVd0p0QUwyUTFwRmZZUl9GbEc5Z3F1VE9fZUpIQmgzbDJra19DTzBIZWpub2c?oc=5,"Thu, 20 Aug 2026 07:00:00 GMT",アットプレス,2차전지,https://www.atpress.ne.jp/news/5778175,www.atpress.ne.jp,True,,True,,2026-09-13 09:00:35
일본,양극재,正極材 電池,正極材 電池 日本 株式市場 企業,バッテリー添加剤の日本市場（2026年-2035年）、市場規模・分析レポートを発表 - Newscast.jp,https://news.google.com/rss/articles/CBMiR0FVX3lxTFBnTWtyd2JqVWVjanA3a2x2dW02N1Z6VjNtSWJoemV4V0Jlczh1R1I3bjkwVzI5VVdKR3NhbjVXRm5lem92N180?oc=5,"Thu, 20 Aug 2026 07:00:00 GMT",Newscast.jp,2차전지,https://newscast.jp/news/4930838,newscast.jp,True,,True,,2026-09-13 09:00:35
일본,전기차,電気自動車 EV,電気自動車 EV 日本 株式市場 企業,電気自動車（EV）充電設備の日本市場（2026年-2035年）、市場規模・分析レポートを発表 - Newscast.jp,https://news.google.com/rss/articles/CBMiR0FVX3lxTE5Xb1BGV0EyTE55MmNsRzhGelhwbFh4Y0p5T1FURDl4NlR2dFZUSEhhd29BVkFIZTFBcGNwV29MMWozRUJTbG5z?oc=5,"Wed, 19 Aug 2026 07:00:00 GMT",Newscast.jp,2차전지,https://newscast.jp/news/9013565,newscast.jp,True,,True,,2026-09-13 09:00:35
일본,양극재,正極材 電池,正極材 電池 日本 株式市場 企業,全固体電池 厳選20銘柄。本命・対抗・大穴まで、マクセル急騰の「次に動く順番」を整理した - note,https://news.google.com/rss/articles/CBMiW0FVX3lxTFBKQVJWTmRIRWlyci03U0RCeFZlSDJpcWVVR21Vcmx1ajViRlpsUVppYWNuQzNtYi1pQ1R2YlpGUHA0aXZ3VEFxZXdyMkJGdFo3RG1nVDh4U0tTVUU?oc=5,"Mon, 03 Aug 2026 07:00:00 GMT",note,2차전지,https://news.google.com/rss/articles/CBMiW0FVX3lxTFBKQVJWTmRIRWlyci03U0RCeFZlSDJpcWVVR21Vcmx1ajViRlpsUVppYWNuQzNtYi1pQ1R2YlpGUHA0aXZ3VEFxZXdyMkJGdFo3RG1nVDh4U0tTVUU?oc=5,,False,본문 수집 제한 개수를 초과했습니다.,False,,2026-09-13 09:00:35
일본,양극재,正極材 電池,正極材 電池 日本 株式市場 企業,リン酸鉄リチウム（LFP）電池用正極材料の世界市場（2026年～2032年）、市場規模（LFP、LMFP）・分析レポートを発表 - Newscast.jp,https://news.google.com/rss/articles/CBMiR0FVX3lxTE9hS0F0blhLZkZjM0hjWFNhQ3RpdWxZa09udUo1TjdkU1N6SzZlYWNLN2ljNXNYT1FteUxDVlhwelZGOWJiLUxn?oc=5,"Sun, 26 Jul 2026 07:00:00 GMT",Newscast.jp,2차전지,https://news.google.com/rss/articles/CBMiR0FVX3lxTE9hS0F0blhLZkZjM0hjWFNhQ3RpdWxZa09udUo1TjdkU1N6SzZlYWNLN2ljNXNYT1FteUxDVlhwelZGOWJiLUxn?oc=5,,False,본문 수집 제한 개수를 초과했습니다.,False,,2026-09-13 09:00:35
일본,리튬,リチウム 電池,リチウム 電池 日本 株式市場 企業,AI・半導体で再注目？レアアース関連銘柄5選 - SBI証券,https://news.google.com/rss/articles/CBMiggFBVV95cUxPWmtGdlQ4ZmxIYmY2WndPdWtRS2JSSTdfYWNSXzYtOVJsMVBUWmdjT3R4TWNXekJDUzBsbGgtWW03TDJsQndGam9SZmduR3dJR3QxMlYwQzVEQVNyaThnZi1mT3dYbjlwN0FlaFhVekUydDQweW4zclR2SGh1VHhsQVJn?oc=5,"Wed, 01 Jul 2026 07:00:00 GMT",SBI証券,2차전지,https://news.google.com/rss/articles/CBMiggFBVV95cUxPWmtGdlQ4ZmxIYmY2WndPdWtRS2JSSTdfYWNSXzYtOVJsMVBUWmdjT3R4TWNXekJDUzBsbGgtWW03TDJsQndGam9SZmduR3dJR3QxMlYwQzVEQVNyaThnZi1mT3dYbjlwN0FlaFhVekUydDQweW4zclR2SGh1VHhsQVJn?oc=5,,False,본문 수집 제한 개수를 초과했습니다.,False,,2026-09-13 09:00:35
일본,리튬,リチウム 電池,リチウム 電池 日本 株式市場 企業,リチウム電池用銅箔の世界市場（2026年～2032年）、市場規模（7μm未満、7～10μm、10μm以上）・分析レポートを発表 - Newscast.jp,https://news.google.com/rss/articles/CBMiR0FVX3lxTE9TTy1sdEw2TnZMbWIwQ1ZfYnNxSThwSXBOZkVRTmZYTHYtLTJHMHZ4bTN0aVZmZnU4Ul9pancwVC1lUzhwR01B?oc=5,"Fri, 26 Jun 2026 07:00:00 GMT",Newscast.jp,2차전지,https://news.google.com/rss/articles/CBMiR0FVX3lxTE9TTy1sdEw2TnZMbWIwQ1ZfYnNxSThwSXBOZkVRTmZYTHYtLTJHMHZ4bTN0aVZmZnU4Ul9pancwVC1lUzhwR01B?oc=5,,False,본문 수집 제한 개수를 초과했습니다.,False,,2026-09-13 09:00:35
일본,전기차,電気自動車 EV,電気自動車 EV 日本 株式市場 企業,トヨタ、三井金属、千代田化工、大阪ソーダ…量産化目前の「全固体電池搭載EV」で日本の自動車産業は反撃できるか？主役候補8社も紹介！ - ダイヤモンド・オンライン,https://news.google.com/rss/articles/CBMiTEFVX3lxTFBJUzZEOVpXWUktQmhPWnJ0UjFRb1NMZHJVUHgwZGZHWFVaaXVodHJyTEFrQlBYbzkxU3ViSHZaSDhMNWk4WkhqbmpHQnHSAU9BVV95cUxQS1h5Q3A2SllxMnNMaUVGNG9vQXJSZ2Jkd2h3WGUzSWtfVG5SNlNmaHpreHJ2d0s4YnZ3TjZNWDVxNjlhZGJMZzdIM3hsYzZ3?oc=5,"Thu, 11 Jun 2026 07:00:00 GMT",ダイヤモンド・オンライン,2차전지,https://news.google.com/rss/articles/CBMiTEFVX3lxTFBJUzZEOVpXWUktQmhPWnJ0UjFRb1NMZHJVUHgwZGZHWFVaaXVodHJyTEFrQlBYbzkxU3ViSHZaSDhMNWk4WkhqbmpHQnHSAU9BVV95cUxQS1h5Q3A2SllxMnNMaUVGNG9vQXJSZ2Jkd2h3WGUzSWtfVG5SNlNmaHpreHJ2d0s4YnZ3TjZNWDVxNjlhZGJMZzdIM3hsYzZ3?oc=5,,False,본문 수집 제한 개수를 초과했습니다.,False,,2026-09-13 09:00:35
일본,전기차,電気自動車 EV,電気自動車 EV 日本 株式市場 企業,10年で株価1024倍の「自動運転相場」到来か - 自動運転ラボ,https://news.google.com/rss/articles/CBMiSEFVX3lxTE1XZElKYWVNSDRuTEdXRVNrLXZUSWlPcTE5Q1NLOUNyXzhMRTNQUUFLbk5CWVYyVkhTSlR5bVJMV2NOZ3F3V01UVg?oc=5,"Sat, 06 Jun 2026 07:00:00 GMT",自動運転ラボ,2차전지,https://news.google.com/rss/articles/CBMiSEFVX3lxTE1XZElKYWVNSDRuTEdXRVNrLXZUSWlPcTE5Q1NLOUNyXzhMRTNQUUFLbk5CWVYyVkhTSlR5bVJMV2NOZ3F3V01UVg?oc=5,,False,본문 수집 제한 개수를 초과했습니다.,False,,2026-09-13 09:00:35
일본,전기차,電気自動車 EV,電気自動車 EV 日本 株式市場 企業,TDKや太陽誘電・村田製作所が急伸/「軽自動車規格EV」関連株/日経平均反落【今日の注目株＆日本株市場見通し】「デイリーZAi」5月28日号（ダイヤモンド・ザイ） - Yahoo!ニュース,https://news.google.com/rss/articles/CBMif0FVX3lxTE9HMGx5N3pIOXk4bG1rVFZUb2U4eXJhNEJLZUhxTjdhSldfOHVwcjlKQVJWQTRRT0VHWDE5eVN1Wmljd25WeEo4WGlOXzVoSGdpcjJiLVEyY1JrdGhfcEN1V1lYOW9sTGRzUHQxTHBkYURNS3l4blltbjNTeF9zVm8?oc=5,"Thu, 28 May 2026 07:00:00 GMT",Yahoo!ニュース,2차전지,https://news.google.com/rss/articles/CBMif0FVX3lxTE9HMGx5N3pIOXk4bG1rVFZUb2U4eXJhNEJLZUhxTjdhSldfOHVwcjlKQVJWQTRRT0VHWDE5eVN1Wmljd25WeEo4WGlOXzVoSGdpcjJiLVEyY1JrdGhfcEN1V1lYOW9sTGRzUHQxTHBkYURNS3l4blltbjNTeF9zVm8?oc=5,,False,본문 수집 제한 개수를 초과했습니다.,False,,2026-09-13 09:00:35
일본,리튬,リチウム 電池,リチウム 電池 日本 株式市場 企業,日本のナトリウムイオン電池市場規模、シェア、動向、成長および主要メーカー 2026年～2036年 - ドリームニュース,https://news.google.com/rss/articles/CBMiU0FVX3lxTE9mYWsxdHkwN3l6QnF1NktnWmVEMnV6V3ppYk80VHZlYzVpWVVRNXhGdkpqOHNMNVItMXFfTXA3eFFMd2tUSkw2bTlSSDZ6cFQ4QlJR?oc=5,"Thu, 07 May 2026 07:00:00 GMT",ドリームニュース,2차전지,https://news.google.com/rss/articles/CBMiU0FVX3lxTE9mYWsxdHkwN3l6QnF1NktnWmVEMnV6V3ppYk80VHZlYzVpWVVRNXhGdkpqOHNMNVItMXFfTXA3eFFMd2tUSkw2bTlSSDZ6cFQ4QlJR?oc=5,,False,본문 수집 제한 개수를 초과했습니다.,False,,2026-09-13 09:00:35
일본,리튬,リチウム 電池,リチウム 電池 日本 株式市場 企業,電動フォークリフトの日本市場（～2031年）、市場規模（リチウムイオン電池、鉛蓄電池、ニッケル系電池）・分析レポートを発表 - アットプレス,https://news.google.com/rss/articles/CBMiT0FVX3lxTE5oRklkSlhEMjR0OC1YYXhVazFpOVA3NWtTUFQ1dVgwY0ppb1hDM2M2Uzgwa1hrQm9Gc0xFalc5TTJVUkJqOXhKQTBmZm16aWM?oc=5,"Fri, 10 Apr 2026 07:00:00 GMT",アットプレス,2차전지,https://news.google.com/rss/articles/CBMiT0FVX3lxTE5oRklkSlhEMjR0OC1YYXhVazFpOVA3NWtTUFQ1dVgwY0ppb1hDM2M2Uzgwa1hrQm9Gc0xFalc5TTJVUkJqOXhKQTBmZm16aWM?oc=5,,False,본문 수집 제한 개수를 초과했습니다.,False,,2026-09-13 09:00:35
일본,양극재,正極材 電池,正極材 電池 日本 株式市場 企業,いよいよ動き出す全固体電池搭載EV、関連銘柄をピックアップ！ - 三菱UFJ eスマート証券,https://news.google.com/rss/articles/CBMiVEFVX3lxTFAtVFJBNGh2elJyd2xxVk5CQWY2OXhWY1Q0MmVQZnpkV1FJa1FkVWttcTNBSFRPWU45ZnZJaTFFU2xhdVNjbEpUb3JpOVdReDlNUXExQw?oc=5,"Thu, 19 Feb 2026 08:00:00 GMT",三菱UFJ eスマート証券,2차전지,https://news.google.com/rss/articles/CBMiVEFVX3lxTFAtVFJBNGh2elJyd2xxVk5CQWY2OXhWY1Q0MmVQZnpkV1FJa1FkVWttcTNBSFRPWU45ZnZJaTFFU2xhdVNjbEpUb3JpOVdReDlNUXExQw?oc=5,,False,본문 수집 제한 개수를 초과했습니다.,False,,2026-09-13 09:00:35
국내,HBM,HBM,HBM,4년 넘은 GPU도 가격 20%↑…삼전닉스 새 수요처 열린다 - 머니투데이 - 머니투데이,https://news.google.com/rss/articles/CBMibEFVX3lxTE5WY1BaQXJFLVA3MjZwSEZnLVhnSWJXcGF6blhXUDEwVU5FbFBDYVcxb0pOUmVoYXl1TGtIeWpjUXFVbl9ROGhRemZDbU44ME52M0NxSERZSmxGalFaLUk3MVdBQnBxRjllRVFpRtIBckFVX3lxTE54eGU3NzYySy02M0hOLUVwNWc4WU10b1Uwc0x0ZTN3dkh1cXZPM3NzNUlFWTM1QTRsbU11OGxZblB0akp0d3h5VFNDY2pmVzNWNHNzMk9zVjBqT2VLVXo2eC15MEVGXzdEQW9LVzRuRDJOQQ?oc=5,"Sat, 12 Sep 2026 23:00:00 GMT",머니투데이,AI반도체,https://www.mt.co.kr/industry/2026/09/13/2026091114023976720,www.mt.co.kr,True,,True,,2026-09-13 09:01:27
국내,AI 반도체,AI 반도체,AI 반도체,[르포] “글로벌 가전 전시회에 K-팹리스가 왜?”…AI 바리스타부터 ‘가성비’ AI칩까지 [칩칩팹팹] - 헤럴드경제,https://news.google.com/rss/articles/CBMiVkFVX3lxTE0zQkM5VHI1T1RMZG9LSTNtaFVmVFY2emNzd0ZDeFkxLVBJYUc3Wk83YVN6Y21RaExuNy16d3pIVldacmc1Q3Axakx1R0pndldVSzFHUGJ3?oc=5,"Sat, 12 Sep 2026 23:00:00 GMT",헤럴드경제,AI반도체,https://biz.heraldcorp.com/article/10870896,biz.heraldcorp.com,True,,True,,2026-09-13 09:01:27
국내,AI 반도체,AI 반도체,AI 반도체,"설계·공정부터 팹까지…삼성·SK, 반도체 생태계 ‘AI 대전환’ - IT조선",https://news.google.com/rss/articles/CBMicEFVX3lxTE5SMmlCYlE2dHNQR0hod2RGSlpBSWhNSG52eWV6VWF6YURFR1VtdzBZUDlIaU50RVpMc0pvOGJleDR6d0FSZlVUUXIzel9GNFdaMWVCdUQ5cjRPUE5DRkQ3V0NFZmZ6a09QbXBNMllKRC3SAXRBVV95cUxPV05GSExDTGJNa0VuRjktLU96b09ZVi1RX0dKN3BpMXQwdXRlME9uWmNsVW56ZjZRSUlaUWFTRS1tcDFBQmdtazU5V1BSNElIUm5oNElMNzVVR1VEdEk1cjJSS3FYQTk0SjN0N3dBYk9mMHo5Ug?oc=5,"Sat, 12 Sep 2026 22:00:00 GMT",IT조선,AI반도체,https://it.chosun.com/news/articleView.html?idxno=2023092169971,it.chosun.com,True,,True,,2026-09-13 09:01:27
국내,HBM,HBM,HBM,HBM·소부장·AI메모리·에이전틱AI [이주의 상장ETF] - IT조선,https://news.google.com/rss/articles/CBMicEFVX3lxTE5RaGJKdmlvVFVZSHhGSmR4eVM5NWtjZEhBUHQ3TDhLRHBqbzltdE5PajFKQXJmWW5zOVJuQW40SlFuclZFRWtLaGF2dVBhV0FqVzZxVnRocHdBanlPWFI0OWRWcks1RG9HUDZLalNYUVDSAXRBVV95cUxNdHFPU085OHBaRzJTRVYyQi05Rmd0dUZQQVFXdl80bmQ3WTU5NXJBdG8zUWF6Nmt4ZXc5YmJWNUJCVkRkbnVtMzFNWXNiOWtGVFI3MERZcUN4MFc5ZGdxVUpyYkhUb2laNUhiSGt3RnRxOU5pXw?oc=5,"Sat, 12 Sep 2026 21:20:00 GMT",IT조선,AI반도체,https://it.chosun.com/news/articleView.html?idxno=2023092170012,it.chosun.com,True,,True,,2026-09-13 09:01:27
국내,엔비디아,엔비디아,엔비디아,"중국 AI칩 시장, 엔비디아 빈자리 채우는 화웨이·GPU 4소룡 - 머니투데이 - 머니투데이",https://news.google.com/rss/articles/CBMiaEFVX3lxTE5peEJzSEhhT3dpVzJSTDhQQmstZGJrSWpvcmp5d2xSMkZUOU9UZDBhay1qUUxvTENzaEc5ZkJ5dnVaZG96YWRadHVuSHo0V3U5UnB5dXVEcXJzR0JIWXBBT295VmNlSWV00gFuQVVfeXFMTnQ5aV9DbzVZOTlCX2RTVmJ2amt5UDRKemxycWF0Q3QwS3JDVUxBcW1XbmlpWjQzSEp0RmtwWi1sNnA5X2RmTTRSeV9Ta3BfM1VveUNDSHpHU0xFMGo1b2hUNEdXRW1HLUJndUV4MEE?oc=5,"Sat, 12 Sep 2026 21:00:00 GMT",머니투데이,AI반도체,https://news.google.com/rss/articles/CBMiaEFVX3lxTE5peEJzSEhhT3dpVzJSTDhQQmstZGJrSWpvcmp5d2xSMkZUOU9UZDBhay1qUUxvTENzaEc5ZkJ5dnVaZG96YWRadHVuSHo0V3U5UnB5dXVEcXJzR0JIWXBBT295VmNlSWV00gFuQVVfeXFMTnQ5aV9DbzVZOTlCX2RTVmJ2amt5UDRKemxycWF0Q3QwS3JDVUxBcW1XbmlpWjQzSEp0RmtwWi1sNnA5X2RmTTRSeV9Ta3BfM1VveUNDSHpHU0xFMGo1b2hUNEdXRW1HLUJndUV4MEE?oc=5,,False,본문 수집 제한 개수를 초과했습니다.,False,,2026-09-13 09:01:27
국내,반도체 수출,반도체 수출,반도체 수출,‘소득 4만 달러’ 눈앞이지만…반도체 착시 경계하고 양극화 해소해야 - 더스쿠프,https://news.google.com/rss/articles/CBMibkFVX3lxTE5vTi1nNzFjSHIwaHY0X2xUTDA4cmIyMkpFVGdKVDc3NHUxaEgxcXUxSTh6dDhvT2gxR0FQNXB3RkhVZ3ctQmhPMTFvOE1nM2liOG1pNFZHQkV3aFhtaUVCRXlSQU1JSnA3N1VtNkVR?oc=5,"Sat, 12 Sep 2026 04:38:10 GMT",더스쿠프,AI반도체,https://news.google.com/rss/articles/CBMibkFVX3lxTE5vTi1nNzFjSHIwaHY0X2xUTDA4cmIyMkpFVGdKVDc3NHUxaEgxcXUxSTh6dDhvT2gxR0FQNXB3RkhVZ3ctQmhPMTFvOE1nM2liOG1pNFZHQkV3aFhtaUVCRXlSQU1JSnA3N1VtNkVR?oc=5,,False,본문 수집 제한 개수를 초과했습니다.,False,,2026-09-13 09:01:27
국내,반도체 수출,반도체 수출,반도체 수출,경기 제조업 생산 감소폭 커져…반도체 수출은 고공행진 - 기호일보,https://news.google.com/rss/articles/CBMib0FVX3lxTE1fWTBQLVhGWTkxZDlzNEhPODVmU29NZ09tYlU2dTVsSV9ydmQ0eXBENXhEY2c5Q1lvb1pyZmhsdTZjZkhCa1YwVDI5T1dyemlDQXZYcGF4cERsQlowOWNPU0NBdzZ6UklRNDctSnRNMA?oc=5,"Sat, 12 Sep 2026 02:29:23 GMT",기호일보,AI반도체,https://news.google.com/rss/articles/CBMib0FVX3lxTE1fWTBQLVhGWTkxZDlzNEhPODVmU29NZ09tYlU2dTVsSV9ydmQ0eXBENXhEY2c5Q1lvb1pyZmhsdTZjZkhCa1YwVDI5T1dyemlDQXZYcGF4cERsQlowOWNPU0NBdzZ6UklRNDctSnRNMA?oc=5,,False,본문 수집 제한 개수를 초과했습니다.,False,,2026-09-13 09:01:27
국내,엔비디아,엔비디아,엔비디아,"엔비디아, 팔란티어와 ‘소버린 AI’ 동맹… AI 혁명 속도 붙는다 - 세계일보",https://news.google.com/rss/articles/CBMiY0FVX3lxTFBnbldXaWcxZnBuaXdmaTRFc214a1djdEgzclV3OFNuYzBpNDdNSW1NMlRSaFdKYlN4QnE4ZnpGb05yd0J2b0xSRHJJaVJUQzlTX1R3eURpVThtd0FoZFdZMEZvVQ?oc=5,"Sat, 12 Sep 2026 01:30:00 GMT",세계일보,AI반도체,https://news.google.com/rss/articles/CBMiY0FVX3lxTFBnbldXaWcxZnBuaXdmaTRFc214a1djdEgzclV3OFNuYzBpNDdNSW1NMlRSaFdKYlN4QnE4ZnpGb05yd0J2b0xSRHJJaVJUQzlTX1R3eURpVThtd0FoZFdZMEZvVQ?oc=5,,False,본문 수집 제한 개수를 초과했습니다.,False,,2026-09-13 09:01:27
국내,HBM,HBM,HBM,'웃돈 5배 줘도 못 구한다'…삼전닉스에 목줄 잡힌 中 [강경주의 테크X] - 한국경제,https://news.google.com/rss/articles/CBMiWkFVX3lxTFAxRk1HbVhvME5veHBMekNockU5QzZETi16RWozY0tKbG1PbEptUm1jem11YmhjaWhVLXctazZZNDdMZkkwa19iRTJHNHNyUlFKXy16a3dzT1dKQQ?oc=5,"Sat, 12 Sep 2026 00:30:01 GMT",한국경제,AI반도체,https://news.google.com/rss/articles/CBMiWkFVX3lxTFAxRk1HbVhvME5veHBMekNockU5QzZETi16RWozY0tKbG1PbEptUm1jem11YmhjaWhVLXctazZZNDdMZkkwa19iRTJHNHNyUlFKXy16a3dzT1dKQQ?oc=5,,False,본문 수집 제한 개수를 초과했습니다.,False,,2026-09-13 09:01:27
국내,HBM,HBM,HBM,"삼성·SK하이닉스 양강 구도 균열 가나… 'HBM 10만 장' 폭탄, 마이크론의 승부수[칩톡] - v.daum.net",https://news.google.com/rss/articles/CBMiT0FVX3lxTE1kVkthSFlqdTJwOU1vSnQ2QjVTWjc0b1o5SHBkUzZIendzX2xCM1c3RG5PWGNYSjJvWXBfZjZvd3lyWWJWX0piWllLM0t2RDQ?oc=5,"Fri, 11 Sep 2026 23:01:49 GMT",v.daum.net,AI반도체,https://news.google.com/rss/articles/CBMiT0FVX3lxTE1kVkthSFlqdTJwOU1vSnQ2QjVTWjc0b1o5SHBkUzZIendzX2xCM1c3RG5PWGNYSjJvWXBfZjZvd3lyWWJWX0piWllLM0t2RDQ?oc=5,,False,본문 수집 제한 개수를 초과했습니다.,False,,2026-09-13 09:01:27
국내,메모리 반도체,메모리 반도체,메모리 반도체,"中 CXMT, 2분기 영업이익률 하이닉스보다 높았다…왜? - 한국경제",https://news.google.com/rss/articles/CBMiWkFVX3lxTE9kRHNBbEhQTFlPSXNGWVhVUlE0ZWZRYVU4UTg2eDJCTkdRaG1lUndLNDRhay1KWEU4R0VHR1VTSXM1Y2pWQmtBYmVPQ1JpaVZ4SVh6NExDelJuZw?oc=5,"Fri, 11 Sep 2026 23:00:16 GMT",한국경제,AI반도체,https://news.google.com/rss/articles/CBMiWkFVX3lxTE9kRHNBbEhQTFlPSXNGWVhVUlE0ZWZRYVU4UTg2eDJCTkdRaG1lUndLNDRhay1KWEU4R0VHR1VTSXM1Y2pWQmtBYmVPQ1JpaVZ4SVh6NExDelJuZw?oc=5,,False,본문 수집 제한 개수를 초과했습니다.,False,,2026-09-13 09:01:27
국내,엔비디아,엔비디아,엔비디아,"뉴욕증시, 5일 만에 숨통…엔비디아 등 반도체는 약세 - v.daum.net",https://news.google.com/rss/articles/CBMiT0FVX3lxTE5kWGFUeTNBa1ZtTG1XZk9QX3NqYm42YkFneUEyUEpoY284RE5BLWlZZjdObWpscVctY09TdVZoaTI2TFdJc1VRZERYd3VsUFE?oc=5,"Fri, 11 Sep 2026 21:38:07 GMT",v.daum.net,AI반도체,https://news.google.com/rss/articles/CBMiT0FVX3lxTE5kWGFUeTNBa1ZtTG1XZk9QX3NqYm42YkFneUEyUEpoY284RE5BLWlZZjdObWpscVctY09TdVZoaTI2TFdJc1VRZERYd3VsUFE?oc=5,,False,본문 수집 제한 개수를 초과했습니다.,False,,2026-09-13 09:01:27
국내,HBM,HBM,HBM,반도체 ETF에도 급이란 게 있습니다…HBM 넘어 613% 오른 낸드株 - 매일경제,https://news.google.com/rss/articles/CBMiUkFVX3lxTE9XVWtXbnJrVTBZcWtzRkpWT3VINXBTWnRiQmtRd0RGQWMxemhTLWtWQXIzVVlJZmRrSVJOd2gxRE9Za0ktS0RGajJBdXJ6RWlXWWc?oc=5,"Fri, 11 Sep 2026 21:14:00 GMT",매일경제,AI반도체,https://news.google.com/rss/articles/CBMiUkFVX3lxTE9XVWtXbnJrVTBZcWtzRkpWT3VINXBTWnRiQmtRd0RGQWMxemhTLWtWQXIzVVlJZmRrSVJOd2gxRE9Za0ktS0RGajJBdXJ6RWlXWWc?oc=5,,False,본문 수집 제한 개수를 초과했습니다.,False,,2026-09-13 09:01:27
국내,메모리 반도체,메모리 반도체,메모리 반도체,D램 시장 집어삼킨 'HBM 블랙홀'⋯CXMT가 만든 ‘추격의 역설’ - v.daum.net,https://news.google.com/rss/articles/CBMiRkFVX3lxTFBOTVdOZWpyR3M1cW83N3VOeHJZV1RVUUtVd2hJbXk4Z1dqNV9VU0VPMDlsaHhVUENVdGhQaWtsYk9sQ0FrOUE?oc=5,"Fri, 11 Sep 2026 20:00:16 GMT",v.daum.net,AI반도체,https://news.google.com/rss/articles/CBMiRkFVX3lxTFBOTVdOZWpyR3M1cW83N3VOeHJZV1RVUUtVd2hJbXk4Z1dqNV9VU0VPMDlsaHhVUENVdGhQaWtsYk9sQ0FrOUE?oc=5,,False,본문 수집 제한 개수를 초과했습니다.,False,,2026-09-13 09:01:27
국내,엔비디아,엔비디아,엔비디아,"[단독] 현대차의 복정인가, LG의 마곡인가…엔비디아 서울 입지가 던진 화두 - 이투데이",https://news.google.com/rss/articles/CBMiVEFVX3lxTE1ORGR3MUlwX3JhR2FkTGFRYUJQMm83Y2ZWanI0Z0xxWmEzS3VSYmNPcXdybjBIRU1ld3dVb0wxeklaem9wcVppSHpUVm9kdGpSOXhnXw?oc=5,"Fri, 11 Sep 2026 20:00:00 GMT",이투데이,AI반도체,https://news.google.com/rss/articles/CBMiVEFVX3lxTE1ORGR3MUlwX3JhR2FkTGFRYUJQMm83Y2ZWanI0Z0xxWmEzS3VSYmNPcXdybjBIRU1ld3dVb0wxeklaem9wcVppSHpUVm9kdGpSOXhnXw?oc=5,,False,본문 수집 제한 개수를 초과했습니다.,False,,2026-09-13 09:01:27
국내,메모리 반도체,메모리 반도체,메모리 반도체,中 CXMT 영업이익률 82%…삼전닉스 제치고 메모리 수익성 1위 - 헤럴드경제,https://news.google.com/rss/articles/CBMiVkFVX3lxTFBHY3BVdXBGYVhDU3UyUng2TXZubnlqMFpEY0xLZGlpYVJrTkVNZTVDRE1hemUtWTFaY1NXcHR2Q0lKdlJaUzVQRzJnemlPLThqWmNRUzh3?oc=5,"Fri, 11 Sep 2026 07:11:14 GMT",헤럴드경제,AI반도체,https://news.google.com/rss/articles/CBMiVkFVX3lxTFBHY3BVdXBGYVhDU3UyUng2TXZubnlqMFpEY0xLZGlpYVJrTkVNZTVDRE1hemUtWTFaY1NXcHR2Q0lKdlJaUzVQRzJnemlPLThqWmNRUzh3?oc=5,,False,본문 수집 제한 개수를 초과했습니다.,False,,2026-09-13 09:01:27
국내,AI 반도체,AI 반도체,AI 반도체,"[데스크리포트 9월] 세계 자원 전쟁에 한국 '무방비', AI·반도체·로봇 미래산업 자원 컨트롤타워 시급 - businesspost.co.kr",https://news.google.com/rss/articles/CBMic0FVX3lxTE5NMU9zelNwRGMyYVRvZW5JZDdaOElrY2prYXpqWEtyVVlNSFR0dlhKZVV0blhUSi1maGdGYXZHckVDUUw0cExodXlHY1hKUldQSGVtWlpWS01BaVZ5Z2JLcjJTc3Bma3JJWlcxU1BIWER1WFE?oc=5,"Fri, 11 Sep 2026 06:01:54 GMT",businesspost.co.kr,AI반도체,https://news.google.com/rss/articles/CBMic0FVX3lxTE5NMU9zelNwRGMyYVRvZW5JZDdaOElrY2prYXpqWEtyVVlNSFR0dlhKZVV0blhUSi1maGdGYXZHckVDUUw0cExodXlHY1hKUldQSGVtWlpWS01BaVZ5Z2JLcjJTc3Bma3JJWlcxU1BIWER1WFE?oc=5,,False,본문 수집 제한 개수를 초과했습니다.,False,,2026-09-13 09:01:27
국내,반도체 수출,반도체 수출,반도체 수출,열흘 만에 무역수지 104억달러 흑자… 반도체 수출 ‘폭등’ 165억달러 - 매일경제 마켓,https://news.google.com/rss/articles/CBMiUkFVX3lxTE1uXzQ1TUxpMEpoMFdRSWcweGZReDAzUEJNTjM3dDMxWXQyUTNxc2EwdW5FS3IwVkZvS0loc241eGRMYW05Ym5sR0tNeDc5Q3phd0E?oc=5,"Fri, 11 Sep 2026 05:22:14 GMT",매일경제 마켓,AI반도체,https://news.google.com/rss/articles/CBMiUkFVX3lxTE1uXzQ1TUxpMEpoMFdRSWcweGZReDAzUEJNTjM3dDMxWXQyUTNxc2EwdW5FS3IwVkZvS0loc241eGRMYW05Ym5sR0tNeDc5Q3phd0E?oc=5,,False,본문 수집 제한 개수를 초과했습니다.,False,,2026-09-13 09:01:27
국내,엔비디아,엔비디아,엔비디아,RTX 5090이 걸렸다! 엔비디아 'NBA 2K27' DLSS 5 포스터 챌린지 - 인벤,https://news.google.com/rss/articles/CBMiXkFVX3lxTE9iYnhvaF9wWWZHY0dxdjlDN0Raa0FrdGxQMWVpNk44eGVPR25fRnowU014V1JaeTNPbHgteG8tc0IyYnQ1a1hidVc2LWdBRFVIeEFEcnJfYWlfYVhoOXc?oc=5,"Fri, 11 Sep 2026 03:12:49 GMT",인벤,AI반도체,https://news.google.com/rss/articles/CBMiXkFVX3lxTE9iYnhvaF9wWWZHY0dxdjlDN0Raa0FrdGxQMWVpNk44eGVPR25fRnowU014V1JaeTNPbHgteG8tc0IyYnQ1a1hidVc2LWdBRFVIeEFEcnJfYWlfYVhoOXc?oc=5,,False,본문 수집 제한 개수를 초과했습니다.,False,,2026-09-13 09:01:27
국내,반도체 수출,반도체 수출,반도체 수출,9월 1∼10일 수출 350억달러 또 ‘역대 최대’…반도체 270%↑ - 한겨레,https://news.google.com/rss/articles/CBMickFVX3lxTE54UlA0SFVhcjZBbURlX1YtaTgyUzgzanI4NGE1NF8zVFNYTG1TcWZqemlmcGRSR2pnOTNNZGtnZVJVM1lTS016QVpSQWFHUkJsVmUzajFuVDRoZENkTVdJa3g4TVFXWTlCQlJvYndIV0lCZw?oc=5,"Fri, 11 Sep 2026 01:24:00 GMT",한겨레,AI반도체,https://news.google.com/rss/articles/CBMickFVX3lxTE54UlA0SFVhcjZBbURlX1YtaTgyUzgzanI4NGE1NF8zVFNYTG1TcWZqemlmcGRSR2pnOTNNZGtnZVJVM1lTS016QVpSQWFHUkJsVmUzajFuVDRoZENkTVdJa3g4TVFXWTlCQlJvYndIV0lCZw?oc=5,,False,본문 수집 제한 개수를 초과했습니다.,False,,2026-09-13 09:01:27
국내,AI 반도체,AI 반도체,AI 반도체,AI 반도체 패키징 난이도↑...인텔 EMIB· TSMC CoWoS 경쟁 재점화 - 지디넷코리아,https://news.google.com/rss/articles/CBMiVkFVX3lxTE81T3p4SzRuRndLdm5FSTQyUUUtaUkxT2M0QVNpYWdJcGszcklqY19TRHEyQks1UnNJWnFHUDE3d2RDVW95QXFQdnk1bWY2WnlmUXdwNTlR?oc=5,"Fri, 11 Sep 2026 01:18:28 GMT",지디넷코리아,AI반도체,https://news.google.com/rss/articles/CBMiVkFVX3lxTE81T3p4SzRuRndLdm5FSTQyUUUtaUkxT2M0QVNpYWdJcGszcklqY19TRHEyQks1UnNJWnFHUDE3d2RDVW95QXFQdnk1bWY2WnlmUXdwNTlR?oc=5,,False,본문 수집 제한 개수를 초과했습니다.,False,,2026-09-13 09:01:27
국내,반도체 수출,반도체 수출,반도체 수출,9월 초 수출 1년 전보다 82% 증가…반도체는 270% 급증 - 연합뉴스TV,https://news.google.com/rss/articles/CBMiZ0FVX3lxTE5VSWZzcjVZVDhtSjVMS1YxREQyMzVqLU1xU2dISjhncFMwSURxTV85Z1BJbGpoUXlvajMxdnFjYnd1Zi1iUWdiVkNwZFdETnFaSzdMVFh3aERWeVBsS2tsTVNmMHZlZjg?oc=5,"Fri, 11 Sep 2026 00:49:00 GMT",연합뉴스TV,AI반도체,https://news.google.com/rss/articles/CBMiZ0FVX3lxTE5VSWZzcjVZVDhtSjVMS1YxREQyMzVqLU1xU2dISjhncFMwSURxTV85Z1BJbGpoUXlvajMxdnFjYnd1Zi1iUWdiVkNwZFdETnFaSzdMVFh3aERWeVBsS2tsTVNmMHZlZjg?oc=5,,False,본문 수집 제한 개수를 초과했습니다.,False,,2026-09-13 09:01:27
국내,메모리 반도체,메모리 반도체,메모리 반도체,"""SK하이닉스·마이크론 제쳤다""… 中 CXMT, 2분기 영업이익률 82%로 '수익성 1위' 등극 - 글로벌이코노믹",https://news.google.com/rss/articles/CBMiiAFBVV95cUxPTU1xQnVlTmJOSDgzNl9GNGZiLXFGSGNiMnZHR21pbC1VTDMtZjJYYXMxV1RsWGxZOVNrbmEybjdYR0dWTFpDUEpKci1mZ1R4RTFGOFNXZEJrTHlmR0lIVjlNYl9uSXBNVUpqaWJUZnVBNU8tQnJZczJ0V1lMY05Geml1Vng5UHFQ?oc=5,"Thu, 10 Sep 2026 23:15:40 GMT",글로벌이코노믹,AI반도체,https://news.google.com/rss/articles/CBMiiAFBVV95cUxPTU1xQnVlTmJOSDgzNl9GNGZiLXFGSGNiMnZHR21pbC1VTDMtZjJYYXMxV1RsWGxZOVNrbmEybjdYR0dWTFpDUEpKci1mZ1R4RTFGOFNXZEJrTHlmR0lIVjlNYl9uSXBNVUpqaWJUZnVBNU8tQnJZczJ0V1lMY05Geml1Vng5UHFQ?oc=5,,False,본문 수집 제한 개수를 초과했습니다.,False,,2026-09-13 09:01:27
국내,메모리 반도체,메모리 반도체,메모리 반도체,"중국 CXMT, 2분기 이익률 82%…삼성전자·SK하이닉스 다 제쳤다 - edaily.co.kr",https://news.google.com/rss/articles/CBMigAFBVV95cUxNQm82TkJ6bkZIZEI1Z044RkI0YlBsWkFMakpBR3BNYzBJbm9fenV5MnZGTm5Ob1kxZUZnUE1xWFczdmJySzhqZmFQR25RbDVXYk03b1NMMWFTLXUtYnFEbTlabDY0OGJwejUxSHVEVEZoSXJJUE52akJrcVFXMkN6YQ?oc=5,"Thu, 10 Sep 2026 22:57:10 GMT",edaily.co.kr,AI반도체,https://news.google.com/rss/articles/CBMigAFBVV95cUxNQm82TkJ6bkZIZEI1Z044RkI0YlBsWkFMakpBR3BNYzBJbm9fenV5MnZGTm5Ob1kxZUZnUE1xWFczdmJySzhqZmFQR25RbDVXYk03b1NMMWFTLXUtYnFEbTlabDY0OGJwejUxSHVEVEZoSXJJUE52akJrcVFXMkN6YQ?oc=5,,False,본문 수집 제한 개수를 초과했습니다.,False,,2026-09-13 09:01:27
국내,AI 반도체,AI 반도체,AI 반도체,"한·프랑스, AI·반도체·양자 기술 협력 강화…정례회의 개최 - 네이트",https://news.google.com/rss/articles/CBMiU0FVX3lxTE5ocm9TNmp2dmk4dWFZbDVYNExaS2VJLVZ4NXhpdGNKWGpNeFZGeWp0elZ0OUluT21QTFlsUG9FcmFNTEJ5YlZ1SkxGUE9sUGpZUUVV?oc=5,"Wed, 09 Sep 2026 13:56:00 GMT",네이트,AI반도체,https://news.google.com/rss/articles/CBMiU0FVX3lxTE5ocm9TNmp2dmk4dWFZbDVYNExaS2VJLVZ4NXhpdGNKWGpNeFZGeWp0elZ0OUluT21QTFlsUG9FcmFNTEJ5YlZ1SkxGUE9sUGpZUUVV?oc=5,,False,본문 수집 제한 개수를 초과했습니다.,False,,2026-09-13 09:01:27
미국,AI 반도체,AI semiconductor,AI semiconductor stock market earnings investment,"Broadcom's AI Chip Revenue Grew 221% Last Quarter. A $1,000 Investment a Year Ago Would Be Worth This Much Today. - The Motley Fool",https://news.google.com/rss/articles/CBMijgFBVV95cUxOSkRsRlVEVnRnYWtxYlBkMGFPOWNTR3FVcmpkRnlmWE9CU212NHo1dC1BOV9ubXItelpudmFJbzdldjBsMHdwNDBUTm1kV0E4LXNWQzRGOXdibGJpZENCTWtUQmtLcy04NlFvZVliejZnMUxtcVhYY0EzMjFXbHgwcEhJYUdvVkhMSWlZVHl3?oc=5,"Sat, 12 Sep 2026 11:43:00 GMT",The Motley Fool,AI반도체,https://www.fool.com/investing/2026/09/12/broadcom-ai-chip-revenue-grew-invest-worth/,www.fool.com,True,,True,,2026-09-13 09:01:27
미국,반도체 수출,semiconductor exports,semiconductor exports stock market earnings investment,"KOSPI Retreats Below 7,000 as Profit-Taking, Hormuz Risks Halt Semiconductor Rally - finance.biggo.com",https://news.google.com/rss/articles/CBMidkFVX3lxTE1ydjZwenZQV2xNTHlfbVNfZ2drRUpNOGFaYjBXLWotLWlTMWVsb0l0ZW1ybjhBbzl2azJkZjdUa1RRQzZkOTdoUms1WV8xY3kxalZBNllJdGdXZ29OMlhIVDVaRkZ0Q1ExT1pmYV81UzZwb2dJc0E?oc=5,"Sat, 12 Sep 2026 03:55:00 GMT",finance.biggo.com,AI반도체,https://finance.biggo.com/news/48c5318e-cb7c-4772-ba04-9226d8db51fc,finance.biggo.com,True,,True,,2026-09-13 09:01:27
미국,엔비디아,Nvidia,Nvidia stock market earnings investment,"Nvidia Will Pay Its Next Cash Dividend on Oct. 1. Here's How Many Shares of Nvidia (NVDA) Stock You'd Need for $10,000 in Yearly Dividends. - The Motley Fool",https://news.google.com/rss/articles/CBMimAFBVV95cUxNSERMbnl2VTI1Q1ozaFYybURoNDEzdUZHWWxfYmVFRTVkQXYtc0NHVjRrUTYwNU1VMUwxNTJfQnEtR2p3VDAtUFA0OWdya2VTUWdjZUxkNUxicjBYbUl5OXpQRlA4OGxjYVVuVVZiR1NJaUYzSmVfWjBXZ2twZUoxUVZJQWJDT0kxa09IbFdHdWUyUjRRb3VySA?oc=5,"Thu, 10 Sep 2026 16:10:00 GMT",The Motley Fool,AI반도체,https://www.fool.com/investing/2026/09/10/nvidia-will-pay-its-next-cash-dividend-on-oct-1-he/,www.fool.com,True,,True,,2026-09-13 09:01:27
미국,메모리 반도체,memory chip semiconductor,memory chip semiconductor stock market earnings investment,Memory Chips Now Account for Half of Global Semiconductor Revenue as AI-Driven Supply Crunch Fuels Price Surge - finance.biggo.com,https://news.google.com/rss/articles/CBMidkFVX3lxTE9RblRyWGZrYmVUY2ZvOGN2Qm9tY20xRm4tOVJidDRSRHdyZUk3NHpGcklxdEhIcTNxSkd0ME9oX0FQSUlGYnhubGJ2dlJmaTQwQ2dyVzJIMzhnY2RiSVZxekd5UFUtTUZZSGs3bzdxck9LbjF6WGc?oc=5,"Thu, 10 Sep 2026 02:36:00 GMT",finance.biggo.com,AI반도체,https://finance.biggo.com/news/9b25600a-a4fa-4d3e-aa26-2fa8c078745a,finance.biggo.com,True,,True,,2026-09-13 09:01:27
미국,HBM,HBM memory,HBM memory stock market earnings investment,5 Best AI Memory Stocks to Buy for 2026 | Investing - U.S. News Money,https://news.google.com/rss/articles/CBMiiwFBVV95cUxNME40RlVTSDItbE4xNjd5bkNfMGg4Ri0tQ3RlejZWNE9hcTBxQUp4QUJXTDMxVnl3ZEhmTlRmVVJ0RFR0MW5PYnk2ejZZcDFMV29FaHlOQ2dya0luS2RmSFZjczBIWXl3TE53MnlBWHpMNS15M21MUk5UZk1mVWh4WjBvMUMzZ3Fua1pF?oc=5,"Tue, 08 Sep 2026 19:42:00 GMT",U.S. News Money,AI반도체,https://news.google.com/rss/articles/CBMiiwFBVV95cUxNME40RlVTSDItbE4xNjd5bkNfMGg4Ri0tQ3RlejZWNE9hcTBxQUp4QUJXTDMxVnl3ZEhmTlRmVVJ0RFR0MW5PYnk2ejZZcDFMV29FaHlOQ2dya0luS2RmSFZjczBIWXl3TE53MnlBWHpMNS15M21MUk5UZk1mVWh4WjBvMUMzZ3Fua1pF?oc=5,,False,본문 수집 제한 개수를 초과했습니다.,False,,2026-09-13 09:01:27
미국,AI 반도체,AI semiconductor,AI semiconductor stock market earnings investment,"KOSPI Surges Past 7,000 on Semiconductor Stock Gains - 조선일보",https://news.google.com/rss/articles/CBMijgFBVV95cUxOSTZfSWk5YXhFanNVblRERFJFcmRvYXo4Z1JxVm9DS2hVSVFVM3RGMlc2MmFBYzJCQ1AybVZmRjdWOVJYNmVTNmlDMFVXamxtYmxnLThETzhySkthMW1sbmJUVWwxTW5XNzRJOGY2aDRUTFZUR3h2ZVIwWTBaWUdDaHVjZURUQnpuMUJMSFJB?oc=5,"Tue, 08 Sep 2026 08:04:41 GMT",조선일보,AI반도체,https://news.google.com/rss/articles/CBMijgFBVV95cUxOSTZfSWk5YXhFanNVblRERFJFcmRvYXo4Z1JxVm9DS2hVSVFVM3RGMlc2MmFBYzJCQ1AybVZmRjdWOVJYNmVTNmlDMFVXamxtYmxnLThETzhySkthMW1sbmJUVWwxTW5XNzRJOGY2aDRUTFZUR3h2ZVIwWTBaWUdDaHVjZURUQnpuMUJMSFJB?oc=5,,False,본문 수집 제한 개수를 초과했습니다.,False,,2026-09-13 09:01:27
미국,반도체 수출,semiconductor exports,semiconductor exports stock market earnings investment,Individuals Take Profits While Foreign Investors Buy Growth Stocks... Focus Shifts to Semiconductors and Robotics Stocks - 아시아경제,https://news.google.com/rss/articles/CBMiZEFVX3lxTE8tQ0JBOEFuazcwZm9BU2N0ODA5Vkg2UWlva3JmQk1LUzF0MjFnenh1UnZhVHJGZG5fYmF3T3ZTT2ZXYi1CdGdxYVVTRGFWRzdyQTBHTGNKcnpYbkRRdV9HYjk5V2w?oc=5,"Mon, 07 Sep 2026 02:23:00 GMT",아시아경제,AI반도체,https://news.google.com/rss/articles/CBMiZEFVX3lxTE8tQ0JBOEFuazcwZm9BU2N0ODA5Vkg2UWlva3JmQk1LUzF0MjFnenh1UnZhVHJGZG5fYmF3T3ZTT2ZXYi1CdGdxYVVTRGFWRzdyQTBHTGNKcnpYbkRRdV9HYjk5V2w?oc=5,,False,본문 수집 제한 개수를 초과했습니다.,False,,2026-09-13 09:01:27
미국,엔비디아,Nvidia,Nvidia stock market earnings investment,"After Earnings, Is Nvidia Stock a Buy, a Sell, or Fairly Valued? - Morningstar",https://news.google.com/rss/articles/CBMipAFBVV95cUxPTF9IOEpMNE1RdnN0YlhSZ21LMnZ2T3V4dG0tUGVURFd0THFHYllyc1dmdFI5a19jX2xTdmFjZlkteW1jMGxGbUswaDVkRmRwMjk5S0RtUzV4MWF0eU03SmxjNjZrVTNRU3Q4dUJHY1hELVFSZXB5Z05tTndlbTNMQXlTV0kyZWZsUUdkVV9JOExoRjBvZEJheXAyMmNPLXJ1SmNUOA?oc=5,"Fri, 04 Sep 2026 08:12:09 GMT",Morningstar,AI반도체,https://news.google.com/rss/articles/CBMipAFBVV95cUxPTF9IOEpMNE1RdnN0YlhSZ21LMnZ2T3V4dG0tUGVURFd0THFHYllyc1dmdFI5a19jX2xTdmFjZlkteW1jMGxGbUswaDVkRmRwMjk5S0RtUzV4MWF0eU03SmxjNjZrVTNRU3Q4dUJHY1hELVFSZXB5Z05tTndlbTNMQXlTV0kyZWZsUUdkVV9JOExoRjBvZEJheXAyMmNPLXJ1SmNUOA?oc=5,,False,본문 수집 제한 개수를 초과했습니다.,False,,2026-09-13 09:01:27
미국,반도체 수출,semiconductor exports,semiconductor exports stock market earnings investment,South Korean Chip Stocks Tied To AI Export Demand Retail Investors May Be Missing - simplywall.st,https://news.google.com/rss/articles/CBMi1gFBVV95cUxPQUxpT0tWMEs0Y2FMeHRFR0dQUk9lRVBoSGdWMlZIRmxBOWpJeDBISEJyX3VUTGJSdGhlVUJKa1NqZjdSV3NxRGlMTW9aeXAwdWxNLWRUOERVa1RPSlpnZFRQam1Nenl6X0FzTnBuT1BfZXNiNzQyVW96U2lTbDNjWDAySlhpaVVNUWlGLV9hYTNzWm1QM3k0NTduRVpEWUZyNEZWOWFnYmF0ck10OHNpQ1VYOV9jVktSRzk5NVdQbVp6aWtMdnlleVdVRXZjMDVSUHNaT1l30gHbAUFVX3lxTE5NU09DdVhQUUhSNDJLbVNEVVhOV0p2bC13d2RBcmpXcTBlMnNWUHU0OUxvc3p5QU5kU2lyYm1nQWRlbU5mY2o2RnJuU2UzVGRpLXlTSHdYWlA0WUpsWEVKOVV0MHA3NFRuc0pWWWctZVNSa3dYM3JHaFJCWWpGMmNZTElsZHRoUjN1amdfNmdnajdhbUI5c1prcFBFVnk5X18yS3ZjVmRublVoWHo3NkVzX0dqZGhtRmFXcFJsLXA4ajk3UFdzZ2pLQjBnWlpoWGl4RHJVY3BuUWF1SQ?oc=5,"Thu, 03 Sep 2026 04:19:27 GMT",simplywall.st,AI반도체,https://news.google.com/rss/articles/CBMi1gFBVV95cUxPQUxpT0tWMEs0Y2FMeHRFR0dQUk9lRVBoSGdWMlZIRmxBOWpJeDBISEJyX3VUTGJSdGhlVUJKa1NqZjdSV3NxRGlMTW9aeXAwdWxNLWRUOERVa1RPSlpnZFRQam1Nenl6X0FzTnBuT1BfZXNiNzQyVW96U2lTbDNjWDAySlhpaVVNUWlGLV9hYTNzWm1QM3k0NTduRVpEWUZyNEZWOWFnYmF0ck10OHNpQ1VYOV9jVktSRzk5NVdQbVp6aWtMdnlleVdVRXZjMDVSUHNaT1l30gHbAUFVX3lxTE5NU09DdVhQUUhSNDJLbVNEVVhOV0p2bC13d2RBcmpXcTBlMnNWUHU0OUxvc3p5QU5kU2lyYm1nQWRlbU5mY2o2RnJuU2UzVGRpLXlTSHdYWlA0WUpsWEVKOVV0MHA3NFRuc0pWWWctZVNSa3dYM3JHaFJCWWpGMmNZTElsZHRoUjN1amdfNmdnajdhbUI5c1prcFBFVnk5X18yS3ZjVmRublVoWHo3NkVzX0dqZGhtRmFXcFJsLXA4ajk3UFdzZ2pLQjBnWlpoWGl4RHJVY3BuUWF1SQ?oc=5,,False,본문 수집 제한 개수를 초과했습니다.,False,,2026-09-13 09:01:27
미국,HBM,HBM memory,HBM memory stock market earnings investment,"AI Memory Stocks Rally After Nvidia Earnings: SanDisk, Micron and SK Hynix Rise — Which Stock Is Best to Buy? - Mitrade",https://news.google.com/rss/articles/CBMifEFVX3lxTE9vM3huOXl5dmFRYXlSSDU0QkVBZnlybzJsTlBKTUMzclRQelFkTnRmNG5HcERRMERxYXp6UE91dXJCeXV3THhodllvaXBzSFktVmtXenpDNm1KQ25DWUdIOE5LQ0l0V3lEMTgwTmd1WnJEbVZYZl9OdzBBZ00?oc=5,"Mon, 31 Aug 2026 07:00:00 GMT",Mitrade,AI반도체,https://news.google.com/rss/articles/CBMifEFVX3lxTE9vM3huOXl5dmFRYXlSSDU0QkVBZnlybzJsTlBKTUMzclRQelFkTnRmNG5HcERRMERxYXp6UE91dXJCeXV3THhodllvaXBzSFktVmtXenpDNm1KQ25DWUdIOE5LQ0l0V3lEMTgwTmd1WnJEbVZYZl9OdzBBZ00?oc=5,,False,본문 수집 제한 개수를 초과했습니다.,False,,2026-09-13 09:01:27
미국,엔비디아,Nvidia,Nvidia stock market earnings investment,Nvidia adds more than $400 billion in value after blowout earnings boost AI confidence - CNBC,https://news.google.com/rss/articles/CBMibEFVX3lxTE1wT0tKVG5QdjJIV3RXNmZNYUROM1dJYWJ3d3VOUzdKUEZjTFgweTFXNlhFT3RwLUoxZ1E4SXYzQ0g4LUFYdW9tNkNVUmE5OE5TendnYU02ekhBeThSZDRpTVBwcmlCRXdkcDVoeg?oc=5,"Thu, 27 Aug 2026 07:00:00 GMT",CNBC,AI반도체,https://news.google.com/rss/articles/CBMibEFVX3lxTE1wT0tKVG5QdjJIV3RXNmZNYUROM1dJYWJ3d3VOUzdKUEZjTFgweTFXNlhFT3RwLUoxZ1E4SXYzQ0g4LUFYdW9tNkNVUmE5OE5TendnYU02ekhBeThSZDRpTVBwcmlCRXdkcDVoeg?oc=5,,False,본문 수집 제한 개수를 초과했습니다.,False,,2026-09-13 09:01:27
미국,엔비디아,Nvidia,Nvidia stock market earnings investment,Here’s How Much Nvidia Stock Is Expected to Move After Earnings - Investopedia,https://news.google.com/rss/articles/CBMiwgFBVV95cUxPRUVrUnBqVHJPeXJmX1FJcmRUZ19XWmJkZU5RcUJLbUxIc1pLOTdiME5Kb1NXTTEyNFdPVjhrZlNnTXh0b21zcmMtSGxzMmhFNW5EaHdRVFVqT21vdU90ZDlaSVUtb29EY25hQVJXV3NiN2lTOVVDZ2hjZ2U0Qjk0YTVwWHp2b25MRmlqS0g4QVNpVVdMUVFMOHFQU0RDZTdqSlpRTEZqdnp5RHdTQlhVcDFEd2gzN3NCXy1DdVBERTVtQQ?oc=5,"Wed, 26 Aug 2026 07:00:00 GMT",Investopedia,AI반도체,https://news.google.com/rss/articles/CBMiwgFBVV95cUxPRUVrUnBqVHJPeXJmX1FJcmRUZ19XWmJkZU5RcUJLbUxIc1pLOTdiME5Kb1NXTTEyNFdPVjhrZlNnTXh0b21zcmMtSGxzMmhFNW5EaHdRVFVqT21vdU90ZDlaSVUtb29EY25hQVJXV3NiN2lTOVVDZ2hjZ2U0Qjk0YTVwWHp2b25MRmlqS0g4QVNpVVdMUVFMOHFQU0RDZTdqSlpRTEZqdnp5RHdTQlhVcDFEd2gzN3NCXy1DdVBERTVtQQ?oc=5,,False,본문 수집 제한 개수를 초과했습니다.,False,,2026-09-13 09:01:27
미국,엔비디아,Nvidia,Nvidia stock market earnings investment,Long-Term Investors Know Exactly What to Do With Nvidia Before Aug. 26 Earnings Drop - Yahoo Finance,https://news.google.com/rss/articles/CBMingFBVV95cUxNUXZJX1FTUHlUclZqSEhhOUZ3dS15UEJVemU2Mk9DVjIzNHhLUEx1ZVpwVE91MDVRM2pFQzNuVlpYYjlvLUhiRWhPdTBvTEpsNWh0bnNTUE9Dc2pNQjM4ZENCTUVpRXliUXIxSElTdE9aVVBzSFlwZzZ4RXVCSHAxX3ZMU3FfcTYwQjdBMjc5c2xpMmE4VVRGYkJmMnJsUQ?oc=5,"Tue, 25 Aug 2026 07:00:00 GMT",Yahoo Finance,AI반도체,https://news.google.com/rss/articles/CBMingFBVV95cUxNUXZJX1FTUHlUclZqSEhhOUZ3dS15UEJVemU2Mk9DVjIzNHhLUEx1ZVpwVE91MDVRM2pFQzNuVlpYYjlvLUhiRWhPdTBvTEpsNWh0bnNTUE9Dc2pNQjM4ZENCTUVpRXliUXIxSElTdE9aVVBzSFlwZzZ4RXVCSHAxX3ZMU3FfcTYwQjdBMjc5c2xpMmE4VVRGYkJmMnJsUQ?oc=5,,False,본문 수집 제한 개수를 초과했습니다.,False,,2026-09-13 09:01:27
미국,HBM,HBM memory,HBM memory stock market earnings investment,Elon Musk’s 5-Word Statement Should Have Every Micron Investor Paying Attention - 24/7 Wall St.,https://news.google.com/rss/articles/CBMivwFBVV95cUxONzlDVFRGRURESVFjOWgxTkNjXzJoT3RkQXJCNlhtNVJUZ1dHSUxXVGNWR1I3SHpMYnlxLW1VXzRReXZMR3BNTGpOMmpOWnlBVm5Tc3pmdVhkbEU1dE9qWTBVczJjUVoxWGpWd2VsdC1xczh0YkpSQUV5d0xfSlhBT0VtQ3dnQ0NXSmxFUmtUdmZVR1dUcGlTVmdCRjg2ZGc3Z1dYejdxamdibWl4UTRIeUFSQk5HcW9sUmVvU0hRUQ?oc=5,"Mon, 17 Aug 2026 07:00:00 GMT",24/7 Wall St.,AI반도체,https://news.google.com/rss/articles/CBMivwFBVV95cUxONzlDVFRGRURESVFjOWgxTkNjXzJoT3RkQXJCNlhtNVJUZ1dHSUxXVGNWR1I3SHpMYnlxLW1VXzRReXZMR3BNTGpOMmpOWnlBVm5Tc3pmdVhkbEU1dE9qWTBVczJjUVoxWGpWd2VsdC1xczh0YkpSQUV5d0xfSlhBT0VtQ3dnQ0NXSmxFUmtUdmZVR1dUcGlTVmdCRjg2ZGc3Z1dYejdxamdibWl4UTRIeUFSQk5HcW9sUmVvU0hRUQ?oc=5,,False,본문 수집 제한 개수를 초과했습니다.,False,,2026-09-13 09:01:27
미국,HBM,HBM memory,HBM memory stock market earnings investment,SK Hynix Supplies More Than Half the World's HBM Memory. Its Stock Costs Under 4 Times Next Year's Earnings. - The Motley Fool,https://news.google.com/rss/articles/CBMimAFBVV95cUxOVk1Vcy13dVRlWjFJcnh4QXhEa2xMc0lzYmx4YmpCMWFOc2VKUEM5NHpGd0Zua1FuZkJjV2RwOWROVkFRNzVyb1d0azNNaFJ1VkxibkVmWTVwak82Mng4TFU4a29aY0gyRWhDYTR1LXEyME00NHFONl9PWEpVSkRtenFaUWc3ODJZMjIzS2F5WWZZRzJNNjhVVQ?oc=5,"Thu, 06 Aug 2026 07:00:00 GMT",The Motley Fool,AI반도체,https://news.google.com/rss/articles/CBMimAFBVV95cUxOVk1Vcy13dVRlWjFJcnh4QXhEa2xMc0lzYmx4YmpCMWFOc2VKUEM5NHpGd0Zua1FuZkJjV2RwOWROVkFRNzVyb1d0azNNaFJ1VkxibkVmWTVwak82Mng4TFU4a29aY0gyRWhDYTR1LXEyME00NHFONl9PWEpVSkRtenFaUWc3ODJZMjIzS2F5WWZZRzJNNjhVVQ?oc=5,,False,본문 수집 제한 개수를 초과했습니다.,False,,2026-09-13 09:01:27
미국,메모리 반도체,memory chip semiconductor,memory chip semiconductor stock market earnings investment,Even Big Profits Aren’t Enough to Keep Chip Investors Happy - WSJ,https://news.google.com/rss/articles/CBMipAFBVV95cUxNaVRDUHcyYkdqR2NTWjZhbjNyWkF3OTFyZVlSQnNGTGZrSGlOdEx0UkJOTzhDeFNQUFhDZkh0V3VyMEVnUWR0Q2dDaTQ3M0l5VzhJdmI2Tm8wVzdTenJFWWJPZzBhMHJoREUtNWVTMXVhQUVIZkY1UVpXcmVNUC1zVEw2cVMxVXVFaUh1NG0zdm5Jc19rS2Nwb1Bib0RBOWR6OFBXaA?oc=5,"Tue, 04 Aug 2026 07:00:00 GMT",WSJ,AI반도체,https://news.google.com/rss/articles/CBMipAFBVV95cUxNaVRDUHcyYkdqR2NTWjZhbjNyWkF3OTFyZVlSQnNGTGZrSGlOdEx0UkJOTzhDeFNQUFhDZkh0V3VyMEVnUWR0Q2dDaTQ3M0l5VzhJdmI2Tm8wVzdTenJFWWJPZzBhMHJoREUtNWVTMXVhQUVIZkY1UVpXcmVNUC1zVEw2cVMxVXVFaUh1NG0zdm5Jc19rS2Nwb1Bib0RBOWR6OFBXaA?oc=5,,False,본문 수집 제한 개수를 초과했습니다.,False,,2026-09-13 09:01:27
미국,메모리 반도체,memory chip semiconductor,memory chip semiconductor stock market earnings investment,South Korea’s Memory Chip Giant Defies A.I. Market Jitters - The New York Times,https://news.google.com/rss/articles/CBMieEFVX3lxTE5ZV1p0b05EaGZZTzNTSnhwQzZNYkItc2ZMZ2ZkOEhSbzRrNk1NNGt5MzdsSmhKa21iQ3c0eXhEV0ZncTlHcHR1VUJGM0h1eHRqZ1Bqa2dvSy11SHZ3ODhOWmd0bEc4YjBhTGFJR1M0NmV2MkJiVFFxZw?oc=5,"Wed, 29 Jul 2026 07:00:00 GMT",The New York Times,AI반도체,https://news.google.com/rss/articles/CBMieEFVX3lxTE5ZV1p0b05EaGZZTzNTSnhwQzZNYkItc2ZMZ2ZkOEhSbzRrNk1NNGt5MzdsSmhKa21iQ3c0eXhEV0ZncTlHcHR1VUJGM0h1eHRqZ1Bqa2dvSy11SHZ3ODhOWmd0bEc4YjBhTGFJR1M0NmV2MkJiVFFxZw?oc=5,,False,본문 수집 제한 개수를 초과했습니다.,False,,2026-09-13 09:01:27
미국,AI 반도체,AI semiconductor,AI semiconductor stock market earnings investment,‘A lot of panic around the AI investment’: How a chip slump is driving the Nasdaq toward correction - Fortune,https://news.google.com/rss/articles/CBMihAFBVV95cUxQWFJ2OENUXzZ4VFZORnpSZ2xBNVFvMTNfWEx4OW9JSGpyU2UxTkZxRG5OeEpXUHlJZ19LdHJhcUJtMXhFWFFIZmR2aEtLYmFIWnJPZDRtUXBMQ0xaaUxiaVRTOTVxM2NNc1BTLVZrM3AyOFdWWUlnQ2MzUDBGSUNIbjlnazk?oc=5,"Tue, 28 Jul 2026 07:00:00 GMT",Fortune,AI반도체,https://news.google.com/rss/articles/CBMihAFBVV95cUxQWFJ2OENUXzZ4VFZORnpSZ2xBNVFvMTNfWEx4OW9JSGpyU2UxTkZxRG5OeEpXUHlJZ19LdHJhcUJtMXhFWFFIZmR2aEtLYmFIWnJPZDRtUXBMQ0xaaUxiaVRTOTVxM2NNc1BTLVZrM3AyOFdWWUlnQ2MzUDBGSUNIbjlnazk?oc=5,,False,본문 수집 제한 개수를 초과했습니다.,False,,2026-09-13 09:01:27
미국,AI 반도체,AI semiconductor,AI semiconductor stock market earnings investment,Above the Noise: Look beyond AI pullback - invesco.com,https://news.google.com/rss/articles/CBMidkFVX3lxTE04TkFxendxNTJuLWtQYkg2NEFKMWdWclhWMDN2Q3dOaW9uaUNQTDJQYVhWRDRSaGdFU20xR1NrVEd5aVBHVllRelJHNTJHRmtxa1ZDMmJkRmM0XzNKak5pSlItb2FMWl9OSDhxVUNWb2pMSzlKVnc?oc=5,"Fri, 24 Jul 2026 07:00:00 GMT",invesco.com,AI반도체,https://news.google.com/rss/articles/CBMidkFVX3lxTE04TkFxendxNTJuLWtQYkg2NEFKMWdWclhWMDN2Q3dOaW9uaUNQTDJQYVhWRDRSaGdFU20xR1NrVEd5aVBHVllRelJHNTJHRmtxa1ZDMmJkRmM0XzNKak5pSlItb2FMWl9OSDhxVUNWb2pMSzlKVnc?oc=5,,False,본문 수집 제한 개수를 초과했습니다.,False,,2026-09-13 09:01:27
미국,AI 반도체,AI semiconductor,AI semiconductor stock market earnings investment,Chip Selloff Deepens As Investors Rotate Away From Tech Stocks - Morningstar,https://news.google.com/rss/articles/CBMioAFBVV95cUxNWm9CMnVZT2xXeGJ0Y1FsTktBZ3JrWV9OWFlIVzU4SDFEQlZxcF9UU1YzTFNUWHkySExaOTl3TVRlSUJOMDFoeGI5V3cwdlBtcEc5Y1lMVlY3Ynh4TGl5aGFZVVZLc3AxMFQ1dEg4ak9ISGJyZkNUMGxsVjFxLVd0c2VKdUZDSUg5RDRmRUlhWUJqVGdOZ0pwSG5KSjhoWmVw?oc=5,"Fri, 17 Jul 2026 07:00:00 GMT",Morningstar,AI반도체,https://news.google.com/rss/articles/CBMioAFBVV95cUxNWm9CMnVZT2xXeGJ0Y1FsTktBZ3JrWV9OWFlIVzU4SDFEQlZxcF9UU1YzTFNUWHkySExaOTl3TVRlSUJOMDFoeGI5V3cwdlBtcEc5Y1lMVlY3Ynh4TGl5aGFZVVZLc3AxMFQ1dEg4ak9ISGJyZkNUMGxsVjFxLVd0c2VKdUZDSUg5RDRmRUlhWUJqVGdOZ0pwSG5KSjhoWmVw?oc=5,,False,본문 수집 제한 개수를 초과했습니다.,False,,2026-09-13 09:01:27
미국,HBM,HBM memory,HBM memory stock market earnings investment,This Memory Stock Has Doubled in 2026. Here's Why It Can Skyrocket Higher (Hint: It's Not Micron or Sandisk) - Yahoo Finance,https://news.google.com/rss/articles/CBMinAFBVV95cUxOX0VaNUhReFN2QU8yNWdUMGxKc0FEeVNrR0ZUdXVrbWxUb1hXUzF3VkwwV3RnUGFnZkhVVHdqdHhYMldvbXNRY1NZeDFpNDZlRjQyWi1USFhBajkyZkxYY18xaDJrMk1oZ1JXZFZKazVEeVloV2hCUGowN1BZZHVYb1V0aDJzaUIxSkRuZXo0bnNsMEtrSm9aNl9qaUk?oc=5,"Wed, 17 Jun 2026 07:00:00 GMT",Yahoo Finance,AI반도체,https://news.google.com/rss/articles/CBMinAFBVV95cUxOX0VaNUhReFN2QU8yNWdUMGxKc0FEeVNrR0ZUdXVrbWxUb1hXUzF3VkwwV3RnUGFnZkhVVHdqdHhYMldvbXNRY1NZeDFpNDZlRjQyWi1USFhBajkyZkxYY18xaDJrMk1oZ1JXZFZKazVEeVloV2hCUGowN1BZZHVYb1V0aDJzaUIxSkRuZXo0bnNsMEtrSm9aNl9qaUk?oc=5,,False,본문 수집 제한 개수를 초과했습니다.,False,,2026-09-13 09:01:27
미국,반도체 수출,semiconductor exports,semiconductor exports stock market earnings investment,"South Korea's 169% Semiconductor Export Supports AI Stocks, but Treasury Yields Remain the Key Risk - Crux Investor",https://news.google.com/rss/articles/CBMiywFBVV95cUxORDRRZ21rcmpDdDR6TlBmOWs2OVlCUkk2WGdsX1NCMVA3TFRwd3JLZ0pFZGYyMnhneHp5LU1pZjhfRTRNWXV4MHA4MHd1a25OQWt5Q3FVQk82bW9CS2hfaXg3anAyU3EwLUNSVmZEeERSMUNEWGZsbTBPMV96S1lxbzdvclRZeWFiREoxUE5GWTZpcUVhWWtDLWZQMndPS0xqZmViSlBDSEktYmpORkFNSmY2WTZoLTFQd29wUHVSdVcyLVhlMERhUzBoOA?oc=5,"Mon, 01 Jun 2026 07:00:00 GMT",Crux Investor,AI반도체,https://news.google.com/rss/articles/CBMiywFBVV95cUxORDRRZ21rcmpDdDR6TlBmOWs2OVlCUkk2WGdsX1NCMVA3TFRwd3JLZ0pFZGYyMnhneHp5LU1pZjhfRTRNWXV4MHA4MHd1a25OQWt5Q3FVQk82bW9CS2hfaXg3anAyU3EwLUNSVmZEeERSMUNEWGZsbTBPMV96S1lxbzdvclRZeWFiREoxUE5GWTZpcUVhWWtDLWZQMndPS0xqZmViSlBDSEktYmpORkFNSmY2WTZoLTFQd29wUHVSdVcyLVhlMERhUzBoOA?oc=5,,False,본문 수집 제한 개수를 초과했습니다.,False,,2026-09-13 09:01:27
미국,반도체 수출,semiconductor exports,semiconductor exports stock market earnings investment,COMMENTARY: Asia’s AI chip boom could spark regional economic renaissance - Reuters,https://news.google.com/rss/articles/CBMiyAFBVV95cUxPaElab2xXOUVwR3VKSm5XWUk5Z1FmNjJWTWhVRm9UbFpub3dtcE5TMm9VYVJIcGtGTm4zakRQY3VJbl9ZRnMtN0p2ZHNNdW1QSXlSUGdzUVVhSmthZnNraElEVnFIOEItWXFqNUYwVHI5SXpCbGtWVmNzS3RBWDJjTGZFR3JVd2pNU1V6bmhGUmdMVVo2NU5oTm83QkdMbXR0VVNWNS1WRU9GcExWU0tRYURtRWYzT3c4dW9HYkRCS1psOXlzWm10OA?oc=5,"Sun, 31 May 2026 07:00:00 GMT",Reuters,AI반도체,https://news.google.com/rss/articles/CBMiyAFBVV95cUxPaElab2xXOUVwR3VKSm5XWUk5Z1FmNjJWTWhVRm9UbFpub3dtcE5TMm9VYVJIcGtGTm4zakRQY3VJbl9ZRnMtN0p2ZHNNdW1QSXlSUGdzUVVhSmthZnNraElEVnFIOEItWXFqNUYwVHI5SXpCbGtWVmNzS3RBWDJjTGZFR3JVd2pNU1V6bmhGUmdMVVo2NU5oTm83QkdMbXR0VVNWNS1WRU9GcExWU0tRYURtRWYzT3c4dW9HYkRCS1psOXlzWm10OA?oc=5,,False,본문 수집 제한 개수를 초과했습니다.,False,,2026-09-13 09:01:27
일본,HBM,HBM,HBM 日本 株式市場 企業,DeepSeek新モデルがHBM使用量の大幅削減を主張、韓国のサムスン電子とSKハイニックスが日中3%超の急落 - BigGo ファイナンス,https://news.google.com/rss/articles/CBMidEFVX3lxTE1JRlNoUmp4RVRSdWJKQlBET3VuR3Z2VlhmcU1TTXdWaGUwamRzYTRPSDFTWkxvZWNhZ2pXR2c5Q1pkQU13MWMtclBxeUZZcTFhbkRiYzQxZ29lR0tUZlRlTkVkbWFfYzZOV1NoSi1adC05X0Q3?oc=5,"Fri, 11 Sep 2026 07:35:00 GMT",BigGo ファイナンス,AI반도체,https://finance.biggo.jp/news/d8eafdaf-6ff4-490e-b2ea-62f13e1974c9,finance.biggo.jp,True,,True,,2026-09-13 09:01:27
일본,AI 반도체,AI半導体,AI半導体 日本 株式市場 企業,26年後半も｢AI･半導体セクターに注目｣とするプロの視点 - 四季報オンライン,https://news.google.com/rss/articles/CBMiV0FVX3lxTE1YNURPLWk4UTZYV1paT1gwWjNYQWxwamhFRHFDSXUwRjk3X3NkWUk1X2N0SjFYV0dqVHcyZG9aSmJld2tZeWI0QUQ1SlVTRHJudXFLcmNVSQ?oc=5,"Mon, 07 Sep 2026 00:00:00 GMT",四季報オンライン,AI반도체,https://shikiho.toyokeizai.net/news/0/956936,shikiho.toyokeizai.net,True,,True,,2026-09-13 09:01:27
일본,메모리 반도체,メモリ半導体,メモリ半導体 日本 株式市場 企業,【AI・半導体関連の日本株「3年後の成長予想」ランキングTOP5を分析】カブ知恵・藤井英敏氏が「1～3位よりも、4位、5位企業に投資妙味あり」と評価するワケ（マネーポストWEB） - Yahoo!ニュース,https://news.google.com/rss/articles/CBMif0FVX3lxTE84SGtuSjNhb1ZzSTNpMVlrT2wxanp6c25INm9kTFJpMjV5UVFza0tSLURpS2l5WXBWSGhlQndoWlpmTWNTWlQxMV9TdGFqVkU0Tk9hYTh5UGtIdUlsS2hFbGJLdV9xY0J4V3hIZDNNSnZRRjBSTXVIZ1FhYmJJcTg?oc=5,"Sun, 06 Sep 2026 07:15:00 GMT",Yahoo!ニュース,AI반도체,https://news.yahoo.co.jp/articles/7ccb3992c0f2169f26c7c399e32139b48f0d05c7,news.yahoo.co.jp,True,,True,,2026-09-13 09:01:27
일본,AI 반도체,AI半導体,AI半導体 日本 株式市場 企業,AI・半導体関連の日本株42社の「3年後の成長予想」から読み解く“株価の将来性” 高成長が期待されるキオクシアが「買い」になるタイミングをどう見極めるか、藤井英敏氏が解説（マネーポストWEB） - Yahoo!ニュース,https://news.google.com/rss/articles/CBMif0FVX3lxTE9pMExNZnh1dU5pSHRoZEJtTEtxM1BWaWFmMU9WdG9RZTlwNnFUbHNJa2dtSmxWaHNJelJ2WkhmaTNKSTNOYV96ZmVMSmJrbHBpLUhtVmE1eWQzYXhxakhNd2JRck9JbHdSbFk4RDl0T2QybUlRT1NuWVEyelVub3M?oc=5,"Sat, 05 Sep 2026 07:17:00 GMT",Yahoo!ニュース,AI반도체,https://news.google.com/rss/articles/CBMif0FVX3lxTE9pMExNZnh1dU5pSHRoZEJtTEtxM1BWaWFmMU9WdG9RZTlwNnFUbHNJa2dtSmxWaHNJelJ2WkhmaTNKSTNOYV96ZmVMSmJrbHBpLUhtVmE1eWQzYXhxakhNd2JRck9JbHdSbFk4RDl0T2QybUlRT1NuWVEyelVub3M?oc=5,,False,404 Client Error: Not Found for url: https://news.yahoo.co.jp/articles/9a0dd20f8fb3ddff45ba66ff742f7fc57f33adea,True,,2026-09-13 09:01:27
일본,엔비디아,NVIDIA,NVIDIA 日本 株式市場 企業,自動運転銘柄、米国株・日本株・中国株まとめ｜株式投資 - 自動運転ラボ,https://news.google.com/rss/articles/CBMiYEFVX3lxTE9ydm03QURBSmhORlpIREtsOXBxSG9TWTVQQXhjT3lUR1FvWDcteHE4QjFYTFp5akpvRVY0NHdNVklIVVVpYk02UnZ6eUdwV3YzWXdSZkMtUnRrbUFHYmRDSw?oc=5,"Wed, 02 Sep 2026 07:00:00 GMT",自動運転ラボ,AI반도체,https://news.google.com/rss/articles/CBMiYEFVX3lxTE9ydm03QURBSmhORlpIREtsOXBxSG9TWTVQQXhjT3lUR1FvWDcteHE4QjFYTFp5akpvRVY0NHdNVklIVVVpYk02UnZ6eUdwV3YzWXdSZkMtUnRrbUFHYmRDSw?oc=5,,False,본문 수집 제한 개수를 초과했습니다.,False,,2026-09-13 09:01:27
일본,AI 반도체,AI半導体,AI半導体 日本 株式市場 企業,【日本株】AI革命を支える｢AI･半導体｣関連の2銘柄！株価は乱高下しても業績成長に勢いがある｢キオクシアHD｣、AI半導体テスタの覇者｢アドバンテスト｣に注目 - ダイヤモンド・オンライン,https://news.google.com/rss/articles/CBMiU0FVX3lxTE8xSXRPT1RYNmRMalVjdmlTdHNWbkNrZ3JzYl9uUk9DdUtXZHNzeXNrbzFMQS1Md0hZRWk2TGY1UktYRHhMY09yTzV0UTFuRlZJeWVV?oc=5,"Sat, 29 Aug 2026 07:00:00 GMT",ダイヤモンド・オンライン,AI반도체,https://news.google.com/rss/articles/CBMiU0FVX3lxTE8xSXRPT1RYNmRMalVjdmlTdHNWbkNrZ3JzYl9uUk9DdUtXZHNzeXNrbzFMQS1Md0hZRWk2TGY1UktYRHhMY09yTzV0UTFuRlZJeWVV?oc=5,,False,본문 수집 제한 개수를 초과했습니다.,False,,2026-09-13 09:01:27
일본,반도체 수출,半導体 輸出,半導体 輸出 日本 株式市場 企業,韓国輸出、大企業の比率が75.2%に上昇　AI半導体好況でも中堅は13.4%減 - 財経新聞,https://news.google.com/rss/articles/CBMiY0FVX3lxTE5fVmhPcmEydnhlSUd6NVNMTXFIOG1HSmlOOERGT1hSWTJNQ0RUMEZIaHRsbGxjS1Q0OE4wOG1CRTVYQWhaaVVJdWZMTmxma3I5TUt5M1Rtc3ZsRlVrcmdIdGl4QdIBaEFVX3lxTE9NYjlQNVlzRzZCM09vTTlqaUpkbTM2bDFZV1RvSGViaTRwQ0ZyRHY0d2REWklZNi1LRlVJRC1GTnRrMUNxdUtuQjlfR1J6aktLWFdVelV1QlN4eHVFdjRoSG1MRWZQbW13?oc=5,"Thu, 27 Aug 2026 07:00:00 GMT",財経新聞,AI반도체,https://news.google.com/rss/articles/CBMiY0FVX3lxTE5fVmhPcmEydnhlSUd6NVNMTXFIOG1HSmlOOERGT1hSWTJNQ0RUMEZIaHRsbGxjS1Q0OE4wOG1CRTVYQWhaaVVJdWZMTmxma3I5TUt5M1Rtc3ZsRlVrcmdIdGl4QdIBaEFVX3lxTE9NYjlQNVlzRzZCM09vTTlqaUpkbTM2bDFZV1RvSGViaTRwQ0ZyRHY0d2REWklZNi1LRlVJRC1GTnRrMUNxdUtuQjlfR1J6aktLWFdVelV1QlN4eHVFdjRoSG1MRWZQbW13?oc=5,,False,본문 수집 제한 개수를 초과했습니다.,False,,2026-09-13 09:01:27
일본,AI 반도체,AI半導体,AI半導体 日本 株式市場 企業,AI・半導体だけではない!?株価上昇期待の好決算銘柄 - SBI証券,https://news.google.com/rss/articles/CBMif0FVX3lxTE1sSEhGdlVnWkI3bVliR2g2b1pLQm9MT2Q0MWhWNlJQajd2amZxNWY3RlhjREZCajJSSWl4R2pBeEFGYTVFelVTSFIxRVJ0U0JOWnZsVDdkVFZpNXM2cWR2LTZrUXlEdGJjamhIdW5RSWxqcXhNU05ZOTdkWHMzVDg?oc=5,"Fri, 14 Aug 2026 07:00:00 GMT",SBI証券,AI반도체,https://news.google.com/rss/articles/CBMif0FVX3lxTE1sSEhGdlVnWkI3bVliR2g2b1pLQm9MT2Q0MWhWNlJQajd2amZxNWY3RlhjREZCajJSSWl4R2pBeEFGYTVFelVTSFIxRVJ0U0JOWnZsVDdkVFZpNXM2cWR2LTZrUXlEdGJjamhIdW5RSWxqcXhNU05ZOTdkWHMzVDg?oc=5,,False,본문 수집 제한 개수를 초과했습니다.,False,,2026-09-13 09:01:27
일본,AI 반도체,AI半導体,AI半導体 日本 株式市場 企業,AI・半導体、金利上昇、防衛… 2026年後半の日本株テーマを深掘り 野村證券・大坂隼矢 - nomura.co.jp,https://news.google.com/rss/articles/CBMiX0FVX3lxTE9FcTJlMWNydnBNVDM3azJCTm1haUwzTlNmWE9pTzVoRTFlT3AxTEVDdml4NmhXSDVZV0VfMGdWeFhvX2N3TVI3RV9KWnFYVDg5MmtiOUdZSFhpN0lUMGpj?oc=5,"Wed, 12 Aug 2026 07:03:25 GMT",nomura.co.jp,AI반도체,https://news.google.com/rss/articles/CBMiX0FVX3lxTE9FcTJlMWNydnBNVDM3azJCTm1haUwzTlNmWE9pTzVoRTFlT3AxTEVDdml4NmhXSDVZV0VfMGdWeFhvX2N3TVI3RV9KWnFYVDg5MmtiOUdZSFhpN0lUMGpj?oc=5,,False,본문 수집 제한 개수를 초과했습니다.,False,,2026-09-13 09:01:27
일본,HBM,HBM,HBM 日本 株式市場 企業,高帯域幅メモリ（HBM）市場、CAGR25.37％で急成長｜（CAGR）25.37％ AIデータセンター・GPU需要拡大が2035年の市場成長を牽引 - Newscast.jp,https://news.google.com/rss/articles/CBMiR0FVX3lxTE9FUkhNUlROSE5VR2ZtZ1YzczIxM2FLQWw3NWJ2NldUNEo1V2w3TUdPMWs5V3FhVjZMWS1nOFFxLXZqZkVHUkZj?oc=5,"Mon, 10 Aug 2026 07:00:00 GMT",Newscast.jp,AI반도체,https://news.google.com/rss/articles/CBMiR0FVX3lxTE9FUkhNUlROSE5VR2ZtZ1YzczIxM2FLQWw3NWJ2NldUNEo1V2w3TUdPMWs5V3FhVjZMWS1nOFFxLXZqZkVHUkZj?oc=5,,False,본문 수집 제한 개수를 초과했습니다.,False,,2026-09-13 09:01:27
일본,엔비디아,NVIDIA,NVIDIA 日本 株式市場 企業,獅子奮迅の「エヌビディア」関連株、フィジカルAI戦国時代で躍動へ ＜株探トップ特集＞ - 株探,https://news.google.com/rss/articles/CBMiYEFVX3lxTE9vSnZINXhSZ3dNX1lsZmZMRS04OC1uUGxscjRsc1lBeFdGNjk3d2NYNXVXVm05d0Vvc1d5T1AyTkRXcWIxb2ZVVml4Yk1nSUtfSElRZU5UQlZNUEJGNjJ6Mg?oc=5,"Mon, 10 Aug 2026 07:00:00 GMT",株探,AI반도체,https://news.google.com/rss/articles/CBMiYEFVX3lxTE9vSnZINXhSZ3dNX1lsZmZMRS04OC1uUGxscjRsc1lBeFdGNjk3d2NYNXVXVm05d0Vvc1d5T1AyTkRXcWIxb2ZVVml4Yk1nSUtfSElRZU5UQlZNUEJGNjJ6Mg?oc=5,,False,본문 수집 제한 개수를 초과했습니다.,False,,2026-09-13 09:01:27
일본,HBM,HBM,HBM 日本 株式市場 企業,恐怖は買い場・メモリー関連、形勢逆転の「HBM底値買いリバウンド」戦略 ＜株探トップ特集＞(株探ニュース) - Yahoo!ファイナンス,https://news.google.com/rss/articles/CBMihwFBVV95cUxQNHlzTlY2c21YZ1lZQU01Sk42V1V2OTlTNFcwRE9xMjV2cDJKZkYzbFFLajRia05Eb05va0hfR0k5MEVqcXNzWEY1LTY5M3czdHVvd2NqX0J4a2VKSTJZSlZWWmxFbXVkOGp4QzVDVXlBTUR4UkFvSGU0MWpnOGlsWUhBYkhxcXM?oc=5,"Wed, 29 Jul 2026 07:00:00 GMT",Yahoo!ファイナンス,AI반도체,https://news.google.com/rss/articles/CBMihwFBVV95cUxQNHlzTlY2c21YZ1lZQU01Sk42V1V2OTlTNFcwRE9xMjV2cDJKZkYzbFFLajRia05Eb05va0hfR0k5MEVqcXNzWEY1LTY5M3czdHVvd2NqX0J4a2VKSTJZSlZWWmxFbXVkOGp4QzVDVXlBTUR4UkFvSGU0MWpnOGlsWUhBYkhxcXM?oc=5,,False,본문 수집 제한 개수를 초과했습니다.,False,,2026-09-13 09:01:27
일본,반도체 수출,半導体 輸出,半導体 輸出 日本 株式市場 企業,今日の株式見通し＝続伸、米半導体株高を好感 戻り待ち売りと綱引き - Reuters,https://news.google.com/rss/articles/CBMigAFBVV95cUxPN3ZOMzRGX214WUNoZk9TQk13UkR3RExmWTh6UVVNUFVzS3J5VXBzRFFpeWRobUN6eGVxc1EtNmZHVmMtTVNPS3poWHhEbndGZDZZTzVqZW9NLTlzTXhqeUY3eHBoNU5NM2daaWpZTTQ4aWc1cV9hLVpWVlJITHFoaw?oc=5,"Tue, 21 Jul 2026 07:00:00 GMT",Reuters,AI반도체,https://news.google.com/rss/articles/CBMigAFBVV95cUxPN3ZOMzRGX214WUNoZk9TQk13UkR3RExmWTh6UVVNUFVzS3J5VXBzRFFpeWRobUN6eGVxc1EtNmZHVmMtTVNPS3poWHhEbndGZDZZTzVqZW9NLTlzTXhqeUY3eHBoNU5NM2daaWpZTTQ4aWc1cV9hLVpWVlJITHFoaw?oc=5,,False,본문 수집 제한 개수를 초과했습니다.,False,,2026-09-13 09:01:27
일본,메모리 반도체,メモリ半導体,メモリ半導体 日本 株式市場 企業,なぜKOSPI急落は日本のAI・半導体株を揺らすのか、韓国発ボラティリティの構造と日本株投資の着眼点 - マネクリ,https://news.google.com/rss/articles/CBMiVEFVX3lxTE80R1BlWngyNXVRNTVXdWlXaHMzRWVib0ZEcEhOZWNkM3FzUjBIZEk5VTJiVWZiZ0ZaVl9pcEhXcDlHY0VMYVdIaHpMbzdlX1JTYnAtN9IBV0FVX3lxTE5CSVRZQ3Fkb1F4c01KYlE1WFJzU0ttZVNwQkhCX0NlLTRCRy1hZlJ6eU5pN2xLWWxZaS1YdnI1RWZOeGhUVjBOMXF6TUI0Vk9iSTI4N2NUdw?oc=5,"Fri, 17 Jul 2026 07:00:00 GMT",マネクリ,AI반도체,https://news.google.com/rss/articles/CBMiVEFVX3lxTE80R1BlWngyNXVRNTVXdWlXaHMzRWVib0ZEcEhOZWNkM3FzUjBIZEk5VTJiVWZiZ0ZaVl9pcEhXcDlHY0VMYVdIaHpMbzdlX1JTYnAtN9IBV0FVX3lxTE5CSVRZQ3Fkb1F4c01KYlE1WFJzU0ttZVNwQkhCX0NlLTRCRy1hZlJ6eU5pN2xLWWxZaS1YdnI1RWZOeGhUVjBOMXF6TUI0Vk9iSTI4N2NUdw?oc=5,,False,본문 수집 제한 개수를 초과했습니다.,False,,2026-09-13 09:01:27
일본,반도체 수출,半導体 輸出,半導体 輸出 日本 株式市場 企業,AI・半導体で沸く「韓国市場」の死角、KOSPI乱高下で深まる“K字型経済”の明暗 - ダイヤモンド・オンライン,https://news.google.com/rss/articles/CBMiTEFVX3lxTE9INnM1c2NqR1RZWjhERG9zODB2WENYWEZYbFpUNlNZTUFvWElBRGNFY3hWM2Y3b1QxQzhfMGlIMGdvSThkRUo4cFAxeDfSAU9BVV95cUxOUFRrSXV2R3JQQjhNLTN4R2QwWW1mSDhLVUVrWUVGVnRiLUloeVBrODlZZE9KeW1KcDdCSVVIZFVvemZRQ25iNnZheVBnTUNJ?oc=5,"Fri, 17 Jul 2026 07:00:00 GMT",ダイヤモンド・オンライン,AI반도체,https://news.google.com/rss/articles/CBMiTEFVX3lxTE9INnM1c2NqR1RZWjhERG9zODB2WENYWEZYbFpUNlNZTUFvWElBRGNFY3hWM2Y3b1QxQzhfMGlIMGdvSThkRUo4cFAxeDfSAU9BVV95cUxOUFRrSXV2R3JQQjhNLTN4R2QwWW1mSDhLVUVrWUVGVnRiLUloeVBrODlZZE9KeW1KcDdCSVVIZFVvemZRQ25iNnZheVBnTUNJ?oc=5,,False,본문 수집 제한 개수를 초과했습니다.,False,,2026-09-13 09:01:27
일본,HBM,HBM,HBM 日本 株式市場 企業,【米国株動向】SKハイニックスがナスダックに上場。外国企業では史上最大の資金調達を実施 - マネクリ,https://news.google.com/rss/articles/CBMiVEFVX3lxTE9ocUZOSmhNUWZtbFpMM1pDRGwwOHFhS1NDRXFyR2NGaGZTQUcxRnNzaUtkRXFlWUNMUXVkODNVX1VBMDdBN1VYS25MYTg1N1NVVHNxNNIBV0FVX3lxTFBGQjVZUFFLVFktS3owd1BxSzRqTXZORU9BYWgyeGt6UDh0c054bUt4TkJfTTNBX3dzWElINkpyVVdsRE5heGl3SFZzNXZ2UzBWQVZERWN5aw?oc=5,"Tue, 14 Jul 2026 07:00:00 GMT",マネクリ,AI반도체,https://news.google.com/rss/articles/CBMiVEFVX3lxTE9ocUZOSmhNUWZtbFpMM1pDRGwwOHFhS1NDRXFyR2NGaGZTQUcxRnNzaUtkRXFlWUNMUXVkODNVX1VBMDdBN1VYS25MYTg1N1NVVHNxNNIBV0FVX3lxTFBGQjVZUFFLVFktS3owd1BxSzRqTXZORU9BYWgyeGt6UDh0c054bUt4TkJfTTNBX3dzWElINkpyVVdsRE5heGl3SFZzNXZ2UzBWQVZERWN5aw?oc=5,,False,본문 수집 제한 개수를 초과했습니다.,False,,2026-09-13 09:01:27
일본,반도체 수출,半導体 輸出,半導体 輸出 日本 株式市場 企業,AIブームが日本の景気に与えるインパクトは？ 半導体輸出・設備投資、資産効果の観点から分析 野村證券・伊藤勇輝 - nomura.co.jp,https://news.google.com/rss/articles/CBMiX0FVX3lxTE4tUEs5eGZVdHhrRkdkb3loY0lKdU10NTBueXhDLUFDLVBQbVFBT0JvMU4tSE1hUDNHWkJwUmxUam93eUp2VHFmeGJoc1l3MEQ2QURJZVk2NzFzUUlmYjY4?oc=5,"Mon, 13 Jul 2026 07:00:00 GMT",nomura.co.jp,AI반도체,https://news.google.com/rss/articles/CBMiX0FVX3lxTE4tUEs5eGZVdHhrRkdkb3loY0lKdU10NTBueXhDLUFDLVBQbVFBT0JvMU4tSE1hUDNHWkJwUmxUam93eUp2VHFmeGJoc1l3MEQ2QURJZVk2NzFzUUlmYjY4?oc=5,,False,본문 수집 제한 개수를 초과했습니다.,False,,2026-09-13 09:01:27
일본,HBM,HBM,HBM 日本 株式市場 企業,キオクシアに見直し機運！AIメモリーを支える日本株14選 マイクロンやSKハイニックスにも供給 - Moomoo,https://news.google.com/rss/articles/CBMitAFBVV95cUxQeG01aXlDdTFCUTF2c0tSNGJERDJwM0JDTjR4S0NiMEtZR0k0d1pQTzhlRURKdGY4VXZ5MzM0WjJuOU52cHc1Qjk5MUx5MmtJOVhIRHY4clVGUGUzckNaVW4zMTZrZ216eUlYZmluUngycFF1Uk5uSzV5OW5QZEQ3dkpVYmNJOFp4ck56c21sbXE1QkJZdXZ5dUk2clhBaVhGUUFrTEhaRHZuOW5UcnUwamFKemw?oc=5,"Thu, 09 Jul 2026 07:00:00 GMT",Moomoo,AI반도체,https://news.google.com/rss/articles/CBMitAFBVV95cUxQeG01aXlDdTFCUTF2c0tSNGJERDJwM0JDTjR4S0NiMEtZR0k0d1pQTzhlRURKdGY4VXZ5MzM0WjJuOU52cHc1Qjk5MUx5MmtJOVhIRHY4clVGUGUzckNaVW4zMTZrZ216eUlYZmluUngycFF1Uk5uSzV5OW5QZEQ3dkpVYmNJOFp4ck56c21sbXE1QkJZdXZ5dUk2clhBaVhGUUFrTEhaRHZuOW5UcnUwamFKemw?oc=5,,False,본문 수집 제한 개수를 초과했습니다.,False,,2026-09-13 09:01:27
일본,메모리 반도체,メモリ半導体,メモリ半導体 日本 株式市場 企業,キオクシア株高は「お家芸」復活ののろしか 日本の半導体関連企業の勝ち筋はどこに？ 野村證券・小山晃弘 - nomura.co.jp,https://news.google.com/rss/articles/CBMiX0FVX3lxTFBoVURsSUdUWWdlZ1VfUzVmbV9aQUpiWDdRejBnZHJaZ3czZUdJSzFSZDBmUzFYb2Qxc2JTVUF3Sm8zLTFkdlBIb2ZWdkNRTUhSMW5UZDdsZUVFNEUtUm9r?oc=5,"Tue, 16 Jun 2026 07:00:00 GMT",nomura.co.jp,AI반도체,https://news.google.com/rss/articles/CBMiX0FVX3lxTFBoVURsSUdUWWdlZ1VfUzVmbV9aQUpiWDdRejBnZHJaZ3czZUdJSzFSZDBmUzFYb2Qxc2JTVUF3Sm8zLTFkdlBIb2ZWdkNRTUhSMW5UZDdsZUVFNEUtUm9r?oc=5,,False,본문 수집 제한 개수를 초과했습니다.,False,,2026-09-13 09:01:27
일본,엔비디아,NVIDIA,NVIDIA 日本 株式市場 企業,【米国株】S&P500最高値のその先へ。エヌビディア［NVDA］好決算の衝撃と「エージェンティックAI」の到来！ - マネクリ,https://news.google.com/rss/articles/CBMiVEFVX3lxTE5JbHZCbExLSmZ3a0Z4MWhqMFk2T2l1WnM3U3hqZlFPUmFZODRYeEJMTmRvY3ZmVks2SkZwRGRlMkZBeVJ4ZHhXVS1jSFZPMXc1Qlk5adIBV0FVX3lxTE9yVXc4UzhjdTV6SkVuUUhMVzJkNGRQUjNRTW8tUDFvcEk2ZXZBaEE5ekMxX2kteFdwZW1pbW9jQzJEQXpvbU10ZVhKbDQyRGd5SjRMQng2bw?oc=5,"Fri, 29 May 2026 07:00:00 GMT",マネクリ,AI반도체,https://news.google.com/rss/articles/CBMiVEFVX3lxTE5JbHZCbExLSmZ3a0Z4MWhqMFk2T2l1WnM3U3hqZlFPUmFZODRYeEJMTmRvY3ZmVks2SkZwRGRlMkZBeVJ4ZHhXVS1jSFZPMXc1Qlk5adIBV0FVX3lxTE9yVXc4UzhjdTV6SkVuUUhMVzJkNGRQUjNRTW8tUDFvcEk2ZXZBaEE5ekMxX2kteFdwZW1pbW9jQzJEQXpvbU10ZVhKbDQyRGd5SjRMQng2bw?oc=5,,False,본문 수집 제한 개수를 초과했습니다.,False,,2026-09-13 09:01:27
일본,엔비디아,NVIDIA,NVIDIA 日本 株式市場 企業,NVIDIA決算、市場「合格点で日本株上げ」「強気・弱気派の評価混在」 - 日本経済新聞,https://news.google.com/rss/articles/CBMibEFVX3lxTE5pWGR3YVp3NG9xLWVlVnJvbEpTVXViUENRUmVsTEpyc3hnUnN3aTZWM0FNVG0wd2pRZ3JDOGR4di1idG1BSVc1cERJLVB6TExDZUczdmR3ZFJqTWNYaVB4allZRnlFWEJ6ZHVVVg?oc=5,"Thu, 21 May 2026 07:00:00 GMT",日本経済新聞,AI반도체,https://news.google.com/rss/articles/CBMibEFVX3lxTE5pWGR3YVp3NG9xLWVlVnJvbEpTVXViUENRUmVsTEpyc3hnUnN3aTZWM0FNVG0wd2pRZ3JDOGR4di1idG1BSVc1cERJLVB6TExDZUczdmR3ZFJqTWNYaVB4allZRnlFWEJ6ZHVVVg?oc=5,,False,본문 수집 제한 개수를 초과했습니다.,False,,2026-09-13 09:01:27
일본,반도체 수출,半導体 輸出,半導体 輸出 日本 株式市場 企業,日経平均が一時6万円！好業績・株価上昇期待の11銘柄 - SBI証券,https://news.google.com/rss/articles/CBMif0FVX3lxTE9WdkR6MWUtZldIUHF4VFdRdHB5NE5zT1l4Nk5uVFVpSk5keTFiVkNXN1NjVV96TmlBcF9BU0tmakk3YW9IcDk4SjZjaldXMWVxTGl1WUtKTkpzSTRpWU9CTnlUdFpLVzJ2eVlXSzRUZnNzd2VkNEktdVVtTENwTG8?oc=5,"Fri, 24 Apr 2026 07:00:00 GMT",SBI証券,AI반도체,https://news.google.com/rss/articles/CBMif0FVX3lxTE9WdkR6MWUtZldIUHF4VFdRdHB5NE5zT1l4Nk5uVFVpSk5keTFiVkNXN1NjVV96TmlBcF9BU0tmakk3YW9IcDk4SjZjaldXMWVxTGl1WUtKTkpzSTRpWU9CTnlUdFpLVzJ2eVlXSzRUZnNzd2VkNEktdVVtTENwTG8?oc=5,,False,본문 수집 제한 개수를 초과했습니다.,False,,2026-09-13 09:01:27
일본,메모리 반도체,メモリ半導体,メモリ半導体 日本 株式市場 企業,半導体株は“連れ安”か？AI需要でメモリーひっ迫、押し目買い候補を探る - SBI証券,https://news.google.com/rss/articles/CBMif0FVX3lxTE5HTzlRaC1taG9HOG83MVIzVDFBelFfWXlieEgwbUt4SjJPZGRrcGltU3VmOXE4NlpWR3d1WGs5cmJCdUdtb01aTjRQSnRJdjhTSkxVSDFjVUdBclJwTkZyblpTWWhKSW1IVnBqTEFmZkdPQXBpWW1aX2FySUpYVUk?oc=5,"Fri, 27 Mar 2026 07:00:00 GMT",SBI証券,AI반도체,https://news.google.com/rss/articles/CBMif0FVX3lxTE5HTzlRaC1taG9HOG83MVIzVDFBelFfWXlieEgwbUt4SjJPZGRrcGltU3VmOXE4NlpWR3d1WGs5cmJCdUdtb01aTjRQSnRJdjhTSkxVSDFjVUdBclJwTkZyblpTWWhKSW1IVnBqTEFmZkdPQXBpWW1aX2FySUpYVUk?oc=5,,False,본문 수집 제한 개수를 초과했습니다.,False,,2026-09-13 09:01:27
일본,엔비디아,NVIDIA,NVIDIA 日本 株式市場 企業,エヌビディアやソフト大手の決算、ＡＩ相場の次の試金石に＝今週の米株式市場 - Reuters,https://news.google.com/rss/articles/CBMigAFBVV95cUxObFRtcXhoVDlSWktGSUxKVVFDbkJ0UFlpYm5LOXp2MllxUE5WandUaEV3SG5heVh0UXNlemtTdTNjU1gwQ3RhbjdEOWtKLVdkVGZSbldfYTFBSXVRd0pvaDFTdEpDWW5uVW9mY2JIRG9BS25wNTBZeXk0UFBMY0I1ZA?oc=5,"Sat, 21 Feb 2026 08:00:00 GMT",Reuters,AI반도체,https://news.google.com/rss/articles/CBMigAFBVV95cUxObFRtcXhoVDlSWktGSUxKVVFDbkJ0UFlpYm5LOXp2MllxUE5WandUaEV3SG5heVh0UXNlemtTdTNjU1gwQ3RhbjdEOWtKLVdkVGZSbldfYTFBSXVRd0pvaDFTdEpDWW5uVW9mY2JIRG9BS25wNTBZeXk0UFBMY0I1ZA?oc=5,,False,본문 수집 제한 개수를 초과했습니다.,False,,2026-09-13 09:01:27
중동,엔비디아,Nvidia Middle East AI,Nvidia Middle East AI Middle East Gulf Saudi UAE Qatar oil LNG defense energy investment,"Weapons, AI and nuclear power: Trump's Middle East formula - calcalistech.com",https://news.google.com/rss/articles/CBMiZ0FVX3lxTFAyeWxHOVU1SUIwMDZsVlJSYVJ1SWF0b1ByS0xIdEpkLTRTa0NJS0ZCQU80cUlrOGl2emhrTWtiLWJNMDNlSkpEMlRHVXRxeC1nT1NjMmhEN05md21hVEY3Mk1vaUZoY2s?oc=5,"Mon, 27 Jul 2026 07:00:00 GMT",calcalistech.com,AI반도체,https://www.calcalistech.com/ctechnews/article/bajlcaz2p,www.calcalistech.com,True,,True,,2026-09-13 09:01:27
중동,HBM,HBM AI data center,HBM AI data center Middle East Gulf Saudi UAE Qatar oil LNG defense energy investment,South Korea's Post-Crisis Model Offers Lessons for Iran's Economic Resilience - Tehran Times,https://news.google.com/rss/articles/CBMiqgFBVV95cUxPRHN2MzMxenhkVnFvWDNiUFpYYnJmczhOMTVlZVBIMHlYcnRMSTdHWEJaX2NVMHRQdmJBb1ljTmtaS2VnTUV1cFNFNVAySV9rTFFDa1IwdUppM0tIZWFVQnMyQzBXYlY5UE9WZXl1UGFjWHNhc3ZhWGk2R3llVjNOTFMtWWRsSWxEdl9BaGtCTmJWdGhPMGhscWZfeGtSTFlHdEZXTWZRVVJtUQ?oc=5,"Sun, 26 Jul 2026 07:00:00 GMT",Tehran Times,AI반도체,https://www.tehrantimes.com/news/528590/South-Korea-s-Post-Crisis-Model-Offers-Lessons-for-Iran-s-Economic,www.tehrantimes.com,True,,True,,2026-09-13 09:01:27
중동,반도체 수출,semiconductor exports Gulf,semiconductor exports Gulf Middle East Gulf Saudi UAE Qatar oil LNG defense energy investment,The shock of Hormuz: the chokehold that changed the Gulf - نون بوست,https://news.google.com/rss/articles/CBMiS0FVX3lxTE45WDFKYnk5NmZSQ1k5alV0RnVaeFFHTDByTkprVXJ1c2M4R2U2bUhSNmVsdy1QNUV2U2xTcXZSUUVRWlY5b2dZVk5HSdIBS0FVX3lxTE45WDFKYnk5NmZSQ1k5alV0RnVaeFFHTDByTkprVXJ1c2M4R2U2bUhSNmVsdy1QNUV2U2xTcXZSUUVRWlY5b2dZVk5HSQ?oc=5,"Mon, 20 Jul 2026 07:00:00 GMT",نون بوست,AI반도체,https://www.noonpost.com/en/379691/,www.noonpost.com,True,,True,,2026-09-13 09:01:27
중동,AI 반도체,AI semiconductor data center,AI semiconductor data center Middle East Gulf Saudi UAE Qatar oil LNG defense energy investment,Abu Dhabi gets a fast lane for US chips and defense tech - UAE - EnterpriseAM,https://news.google.com/rss/articles/CBMiZEFVX3lxTE9BR3hpaEVGSzBrRVdvM1JNZ003eG9YWWhaUzQwRVZhczFESm5rdGl0SHUxNmR4SmlLNjRBcGtjN0V0RW9rTGxjbFVBUkQzelFwdWxXSWdSOGhJSXNwX29XTzNxYlE?oc=5,"Mon, 13 Jul 2026 07:11:04 GMT",EnterpriseAM,AI반도체,https://enterpriseam.com/uae/issues/abu-dhabi-gets-a-fast-lane-for-us-chips-and-defense-tech/,enterpriseam.com,True,,True,,2026-09-13 09:01:27
중동,메모리 반도체,memory chip AI server,memory chip AI server Middle East Gulf Saudi UAE Qatar oil LNG defense energy investment,"iPhone 18: What you need to know about its higher prices, delayed launch - Gulf Business",https://news.google.com/rss/articles/CBMiswFBVV95cUxQaUlTNXc2YjFWRjBSaUw2amtrLUdHc0VvNFpsd3piQndYWDZoOS11RHBmS0k0S2JOUFAzVEVDTnVLNEIzekFBT2ZJaEt4M1hGTkpTa1dWdFlyX19tOEJPVjdXN2dtbWxBY3hnSXR4akVHSkh5a2tBUkFySlhLV2Zod1JjOE94Nm1pYlVXaVNSR0FOSndkRWczNndZZlp0LVVBYW04QkZ5YUYyOFZjLUZZaTBGMA?oc=5,"Mon, 13 Jul 2026 07:00:00 GMT",Gulf Business,AI반도체,https://news.google.com/rss/articles/CBMiswFBVV95cUxQaUlTNXc2YjFWRjBSaUw2amtrLUdHc0VvNFpsd3piQndYWDZoOS11RHBmS0k0S2JOUFAzVEVDTnVLNEIzekFBT2ZJaEt4M1hGTkpTa1dWdFlyX19tOEJPVjdXN2dtbWxBY3hnSXR4akVHSkh5a2tBUkFySlhLV2Zod1JjOE94Nm1pYlVXaVNSR0FOSndkRWczNndZZlp0LVVBYW04QkZ5YUYyOFZjLUZZaTBGMA?oc=5,,False,본문 수집 제한 개수를 초과했습니다.,False,,2026-09-13 09:01:27
중동,반도체 수출,semiconductor exports Gulf,semiconductor exports Gulf Middle East Gulf Saudi UAE Qatar oil LNG defense energy investment,Gulf States Rush to Reduce Hormuz Dependence After Iran War Shock - Modern Diplomacy,https://news.google.com/rss/articles/CBMipwFBVV95cUxOM1Q4bmJTTmxFTFdJN19VTG93bDIydFZERWpaNkk0TWdraHdwUVpqVlQtVWNQMWswRzdYRENvQjRCME0xR3U5N243R0NtV0VaV3lDcWd4UTZYcy1OY3RIbEJhaDczbnRuWldXRHljSWdoblE1ZG9JZjNtNXVuMGhtYy11ZTFtNGpPWnNGVU12akI5VkRYdWZJbkFBakFrVzFTREZHQm1sVQ?oc=5,"Thu, 18 Jun 2026 07:00:00 GMT",Modern Diplomacy,AI반도체,https://news.google.com/rss/articles/CBMipwFBVV95cUxOM1Q4bmJTTmxFTFdJN19VTG93bDIydFZERWpaNkk0TWdraHdwUVpqVlQtVWNQMWswRzdYRENvQjRCME0xR3U5N243R0NtV0VaV3lDcWd4UTZYcy1OY3RIbEJhaDczbnRuWldXRHljSWdoblE1ZG9JZjNtNXVuMGhtYy11ZTFtNGpPWnNGVU12akI5VkRYdWZJbkFBakFrVzFTREZHQm1sVQ?oc=5,,False,본문 수집 제한 개수를 초과했습니다.,False,,2026-09-13 09:01:27
중동,반도체 수출,semiconductor exports Gulf,semiconductor exports Gulf Middle East Gulf Saudi UAE Qatar oil LNG defense energy investment,Iran war squeezes critical supplies and global alliances - GIS Reports,https://news.google.com/rss/articles/CBMiYkFVX3lxTFBOX2t0bUdhQml6T3FNYVAwVXZGWFhzTTVrSzRlMWhwNUZEU2Y4c2dFcFJfYnpmYzhFLTE3dG5LX0NtaFMxaTl6UWR5UEk5ci0yd3JtSlFHdGVLNk9TNFZmOUtR?oc=5,"Fri, 05 Jun 2026 07:00:00 GMT",GIS Reports,AI반도체,https://news.google.com/rss/articles/CBMiYkFVX3lxTFBOX2t0bUdhQml6T3FNYVAwVXZGWFhzTTVrSzRlMWhwNUZEU2Y4c2dFcFJfYnpmYzhFLTE3dG5LX0NtaFMxaTl6UWR5UEk5ci0yd3JtSlFHdGVLNk9TNFZmOUtR?oc=5,,False,본문 수집 제한 개수를 초과했습니다.,False,,2026-09-13 09:01:27
중동,AI 반도체,AI semiconductor data center,AI semiconductor data center Middle East Gulf Saudi UAE Qatar oil LNG defense energy investment,The Impact of the Iran War on the Gulf’s Grand AI Plans - mei.edu,https://news.google.com/rss/articles/CBMiiwFBVV95cUxQbHJYdGtrUFhHUy1rNmcxNWdyZEJFbURuMDlKbXZrcC15d3MyRVhidVlPVVBCTWtWSlVJQjZuMno4RVRzay1lVTVKWDdmai12T0tCeHdIRkotam96LXdfWUpiWkNvY3pDam5WVThrRURYNHBiZjZ0Zldjc3hqZVFHRHFQQkVuT3ppV2E0?oc=5,"Fri, 22 May 2026 07:00:00 GMT",mei.edu,AI반도체,https://news.google.com/rss/articles/CBMiiwFBVV95cUxQbHJYdGtrUFhHUy1rNmcxNWdyZEJFbURuMDlKbXZrcC15d3MyRVhidVlPVVBCTWtWSlVJQjZuMno4RVRzay1lVTVKWDdmai12T0tCeHdIRkotam96LXdfWUpiWkNvY3pDam5WVThrRURYNHBiZjZ0Zldjc3hqZVFHRHFQQkVuT3ppV2E0?oc=5,,False,본문 수집 제한 개수를 초과했습니다.,False,,2026-09-13 09:01:27
중동,반도체 수출,semiconductor exports Gulf,semiconductor exports Gulf Middle East Gulf Saudi UAE Qatar oil LNG defense energy investment,"Natural gas prices soar as Iran, Israel strike Middle East energy infrastructure - Reuters",https://news.google.com/rss/articles/CBMiygFBVV95cUxOck93Y2M1dEJEZU50VEZvUkxsQVdQMHZPR2dGdFBSTTA0ZVdPNEtOZ2tSa296dHhoLXg5bHdZRC14aTRtelR0OGNKdGRvMWFJd25fb01rby1MajRuUGZJZEdnU0MtX3B5QWxxMUtIdDR0c2ZkakVQOHdhM2pHVjlQTFRXeXF1UXhpd1BfaTRITk1Ja3BaT09mN2RlMTFyMkh6ZThYdXFTVk9Bb0xoZDFESWxwYXRLX2xfRk9MVnpmVUpSNmdVbF9Xb3lR?oc=5,"Thu, 19 Mar 2026 07:00:00 GMT",Reuters,AI반도체,https://news.google.com/rss/articles/CBMiygFBVV95cUxOck93Y2M1dEJEZU50VEZvUkxsQVdQMHZPR2dGdFBSTTA0ZVdPNEtOZ2tSa296dHhoLXg5bHdZRC14aTRtelR0OGNKdGRvMWFJd25fb01rby1MajRuUGZJZEdnU0MtX3B5QWxxMUtIdDR0c2ZkakVQOHdhM2pHVjlQTFRXeXF1UXhpd1BfaTRITk1Ja3BaT09mN2RlMTFyMkh6ZThYdXFTVk9Bb0xoZDFESWxwYXRLX2xfRk9MVnpmVUpSNmdVbF9Xb3lR?oc=5,,False,본문 수집 제한 개수를 초과했습니다.,False,,2026-09-13 09:01:27
중동,AI 반도체,AI semiconductor data center,AI semiconductor data center Middle East Gulf Saudi UAE Qatar oil LNG defense energy investment,The Middle East conflict begins to cast a shadow on the global economy - Deloitte,https://news.google.com/rss/articles/CBMirAFBVV95cUxOcVFLbUkzRENSamtHM0pWWnNMTnhJdFgtS1poaWpNN3pvVEQxZ0FrMHJfZkx0YXg3TmhHS3ZreG1fRlVWNVFRNjVDc0pTNGhuN3BOa3Y1QjZva3prWENRWGxBZDNFOEFnVy1LQXE4T21MVk8zcDdqLUwzVDBlOTdBNUF2ZHJvRjNVaURBYlpoYWFBT3M5czh2VG83RjBLS2hva2hMQm1LOHFoNElQ?oc=5,"Wed, 18 Mar 2026 07:00:00 GMT",Deloitte,AI반도체,https://news.google.com/rss/articles/CBMirAFBVV95cUxOcVFLbUkzRENSamtHM0pWWnNMTnhJdFgtS1poaWpNN3pvVEQxZ0FrMHJfZkx0YXg3TmhHS3ZreG1fRlVWNVFRNjVDc0pTNGhuN3BOa3Y1QjZva3prWENRWGxBZDNFOEFnVy1LQXE4T21MVk8zcDdqLUwzVDBlOTdBNUF2ZHJvRjNVaURBYlpoYWFBT3M5czh2VG83RjBLS2hva2hMQm1LOHFoNElQ?oc=5,,False,본문 수집 제한 개수를 초과했습니다.,False,,2026-09-13 09:01:27
중동,엔비디아,Nvidia Middle East AI,Nvidia Middle East AI Middle East Gulf Saudi UAE Qatar oil LNG defense energy investment,Breakingviews - COMMENTARY: Gulf states can make a financial point to Trump - Reuters,https://news.google.com/rss/articles/CBMipgFBVV95cUxNWmMzWi13NWVRcVljTkh5NVpET2hkNnMyajR6Q2tKU0I5ei10cndrUGdEUGx5bFVrclFYQ25qaUFZTWZFdTF6ekdZRW83SEVLUzl6QXNSb1IwSko4SWpHVlZSREp4VDN6WUJ2WmQzUXRCYkc1a3JycTY2NWpfaVB6cldmalI0elVMVTVGNmJqbElfVmRrazNxOXpLa2psSUZvaWVNV21n?oc=5,"Fri, 13 Mar 2026 07:00:00 GMT",Reuters,AI반도체,https://news.google.com/rss/articles/CBMipgFBVV95cUxNWmMzWi13NWVRcVljTkh5NVpET2hkNnMyajR6Q2tKU0I5ei10cndrUGdEUGx5bFVrclFYQ25qaUFZTWZFdTF6ekdZRW83SEVLUzl6QXNSb1IwSko4SWpHVlZSREp4VDN6WUJ2WmQzUXRCYkc1a3JycTY2NWpfaVB6cldmalI0elVMVTVGNmJqbElfVmRrazNxOXpLa2psSUZvaWVNV21n?oc=5,,False,본문 수집 제한 개수를 초과했습니다.,False,,2026-09-13 09:01:27
중동,반도체 수출,semiconductor exports Gulf,semiconductor exports Gulf Middle East Gulf Saudi UAE Qatar oil LNG defense energy investment,Live Updates: Iran and the Conflict in the Middle East - CGEP,https://news.google.com/rss/articles/CBMilgFBVV95cUxNRng0T204MXdXVU9HSGUtR0J4ckJfWm9YU3V6c2ljaW5OTS01Ukk1NHIxN3pCWURDTGZITlNfYVFkUW5lQmI1b3RMYjBZQVdZZHNnWGpCNjZUaHVlQjZoZUEwWW5FdERTVDBwNVRrblp0MXR6QWpUNW9JSTc1U0lzdEM1SUJOT0szSmZJV0Z2MXJ0Y19hMGc?oc=5,"Mon, 02 Mar 2026 17:11:55 GMT",CGEP,AI반도체,https://news.google.com/rss/articles/CBMilgFBVV95cUxNRng0T204MXdXVU9HSGUtR0J4ckJfWm9YU3V6c2ljaW5OTS01Ukk1NHIxN3pCWURDTGZITlNfYVFkUW5lQmI1b3RMYjBZQVdZZHNnWGpCNjZUaHVlQjZoZUEwWW5FdERTVDBwNVRrblp0MXR6QWpUNW9JSTc1U0lzdEM1SUJOT0szSmZJV0Z2MXJ0Y19hMGc?oc=5,,False,본문 수집 제한 개수를 초과했습니다.,False,,2026-09-13 09:01:27
중동,AI 반도체,AI semiconductor data center,AI semiconductor data center Middle East Gulf Saudi UAE Qatar oil LNG defense energy investment,IDC Point of View: First Look at the War in the Middle East and Its Impact on IT Spending in the Region and Globally - IDC | Trusted Tech Intelligence,https://news.google.com/rss/articles/CBMi7gFBVV95cUxNd0tzT190djJmMTRUcEVyaFdGRTAtWGFFOC1nMHBXVmUtWnlVM3VxZEttSk9YdWotazVSY3JnWC0yYl96dGF0QmEweWxVNzdFZnJJMVZPS0hzV1RLVWR2T0JFOTR5MER6b0xMY2x3c0FfWEo2WjhyTkFrLXV5Z3Q3b3RXTUcyZ1RYcUdtM2xHeUM2WnFpM3BFaEcyY1NWcmNINDdZazNsYVBxVlBMMzhyRW1tZjBlUmVMUjhWQ01nTi1ncEFqMnFhRXVKSTJFazBuaGpocHlvdVRXWUcxMUYtS0VjWm9VMmUzbnI5Ynp3?oc=5,"Mon, 02 Mar 2026 08:00:00 GMT",IDC | Trusted Tech Intelligence,AI반도체,https://news.google.com/rss/articles/CBMi7gFBVV95cUxNd0tzT190djJmMTRUcEVyaFdGRTAtWGFFOC1nMHBXVmUtWnlVM3VxZEttSk9YdWotazVSY3JnWC0yYl96dGF0QmEweWxVNzdFZnJJMVZPS0hzV1RLVWR2T0JFOTR5MER6b0xMY2x3c0FfWEo2WjhyTkFrLXV5Z3Q3b3RXTUcyZ1RYcUdtM2xHeUM2WnFpM3BFaEcyY1NWcmNINDdZazNsYVBxVlBMMzhyRW1tZjBlUmVMUjhWQ01nTi1ncEFqMnFhRXVKSTJFazBuaGpocHlvdVRXWUcxMUYtS0VjWm9VMmUzbnI5Ynp3?oc=5,,False,본문 수집 제한 개수를 초과했습니다.,False,,2026-09-13 09:01:27
중동,엔비디아,Nvidia Middle East AI,Nvidia Middle East AI Middle East Gulf Saudi UAE Qatar oil LNG defense energy investment,Which Stocks Are Most Affected by the War in the Middle East? - Investopedia,https://news.google.com/rss/articles/CBMiqAFBVV95cUxOUkYwVHFzRER5MjVwb0YtM2R2NzNpcVF6b0JEVG15aGl4M1pFT3lDcUR3Y1gwQnBfU0FpbC1WcXd3djFTcmpYbm9EWkJGQTV0VXIzY0hoZUZPbEhOTFpDOVZSWkdUMFk3Q0NtQkx0Z05ENENYeDZ5emdJeURfbEYtTWNRU1NQWnpEVkNrVHE2eTZnN1VPQnhPcUdLMFF0MTczS2ZGR0ZzYzE?oc=5,"Mon, 02 Mar 2026 08:00:00 GMT",Investopedia,AI반도체,https://news.google.com/rss/articles/CBMiqAFBVV95cUxOUkYwVHFzRER5MjVwb0YtM2R2NzNpcVF6b0JEVG15aGl4M1pFT3lDcUR3Y1gwQnBfU0FpbC1WcXd3djFTcmpYbm9EWkJGQTV0VXIzY0hoZUZPbEhOTFpDOVZSWkdUMFk3Q0NtQkx0Z05ENENYeDZ5emdJeURfbEYtTWNRU1NQWnpEVkNrVHE2eTZnN1VPQnhPcUdLMFF0MTczS2ZGR0ZzYzE?oc=5,,False,본문 수집 제한 개수를 초과했습니다.,False,,2026-09-13 09:01:27
중동,엔비디아,Nvidia Middle East AI,Nvidia Middle East AI Middle East Gulf Saudi UAE Qatar oil LNG defense energy investment,How the Middle East energy sector builds resilience through innovation - EY,https://news.google.com/rss/articles/CBMivgFBVV95cUxOeFpUTHhGTGczVGNwX2hLcUhHbmx4UTJrX2VlS1I5WjlqZF8zN2ZfVnM3c3pSelFUOWNTX2RWN0UzNGg4Q0pPajdoblZwZzk5dFk0TmhSdDdDQkdxbUNPSzJHLUlqcUp6b1gzQm0xTk9SbWFkWXRFUUhJQ2gwVC1JSXdudEtvbk9rNmRHempOZVhUVWhLODBsdGdESGtFQTg5WDNsTUdQa05PdzNVb0g5NldrdFR6NHlHalN0Y2V3?oc=5,"Mon, 13 Oct 2025 07:00:00 GMT",EY,AI반도체,https://news.google.com/rss/articles/CBMivgFBVV95cUxOeFpUTHhGTGczVGNwX2hLcUhHbmx4UTJrX2VlS1I5WjlqZF8zN2ZfVnM3c3pSelFUOWNTX2RWN0UzNGg4Q0pPajdoblZwZzk5dFk0TmhSdDdDQkdxbUNPSzJHLUlqcUp6b1gzQm0xTk9SbWFkWXRFUUhJQ2gwVC1JSXdudEtvbk9rNmRHempOZVhUVWhLODBsdGdESGtFQTg5WDNsTUdQa05PdzNVb0g5NldrdFR6NHlHalN0Y2V3?oc=5,,False,본문 수집 제한 개수를 초과했습니다.,False,,2026-09-13 09:01:27
국내,클라우드,클라우드,클라우드,클라우드리뷰로 보는 저장공간 선택법…무엇을 먼저 비교해야 하나 - 스페셜타임스,https://news.google.com/rss/articles/CBMic0FVX3lxTE5LVkNsQ3AyZkJoeGF4cmsyeEY3NDVpWnNndDZIaS1RdmxvYmVxVVVXdWJQN0Z3TjlKYlRVbFJWdnpUelNIaFBWYzZyeVdhRzk5cWdqWWFpaHpvVmg4Wk5aMDRuRllYUjhIVXNKcWo4eDZCLUU?oc=5,"Sat, 12 Sep 2026 23:11:46 GMT",스페셜타임스,IT서비스,https://www.specialtimes.co.kr/news/articleView.html?idxno=462148,www.specialtimes.co.kr,True,,True,,2026-09-13 09:02:27
국내,SI,SI,SI,Entertainment stocks were halved··· yet owners like Bang Si-hyuk took home tens of billions of won in bonuses - 경향신문,https://news.google.com/rss/articles/CBMiXkFVX3lxTE1pWGt6dXpTVFBnSlItNjFaZndmTWlhSGhuZ3pmT0Rma0F3Ym83ZGQwWllaLTNwaXhpNGNTWExVRjh1ZGh5cGtMWHMwY2lCaWlUVk15MWxXTUdTanV6clE?oc=5,"Sat, 12 Sep 2026 13:11:00 GMT",경향신문,IT서비스,https://www.khan.co.kr/en/article/202609122211037,www.khan.co.kr,True,,True,,2026-09-13 09:02:27
국내,클라우드,클라우드,클라우드,"[미국 특징주] 오라클, 클라우드 호실적에도 마진 악화에 하락 - newspim.com",https://news.google.com/rss/articles/CBMiXEFVX3lxTFA5N0Jha0dyRU1uVmllTm9wdW4tTmhxR1FWUnJLWjZVaDRmVm9vdDFlaTQ1dXJSY1o1RE1Wb28xb2owb3BORE1OOV84V2E1d0dVanF2UEtqTERJTU1S?oc=5,"Fri, 11 Sep 2026 19:18:00 GMT",newspim.com,IT서비스,https://www.newspim.com/news/view/20260912000021,www.newspim.com,True,,True,,2026-09-13 09:02:27
국내,AI 서비스,AI 서비스,AI 서비스,"LG AI연구원, 국민연금공단 투자수익 높일 ‘AI 서비스’ 만든다 - 헤럴드경제",https://news.google.com/rss/articles/CBMiVkFVX3lxTE9OaEVMLVpyVnBzdU5qNzBEQUFiZnM1UV9GOVRPZEd0bXlJUEhrdUFVQVV2b3pHSmFDeTZZMllOdXJLZGJQbjRfMUcxMVVod3lvYnFyeXRn?oc=5,"Fri, 11 Sep 2026 08:00:00 GMT",헤럴드경제,IT서비스,https://biz.heraldcorp.com/article/10870721,biz.heraldcorp.com,True,,True,,2026-09-13 09:02:27
국내,IT서비스,IT서비스,IT서비스,"연세대·한국IT서비스학회, 어반 AI와 국제심포지엄 개최 - 전자신문",https://news.google.com/rss/articles/CBMiTkFVX3lxTE5lZHduVEs5Y1FNczU0d1pubTFOWElHbUtWdURia3JxbTRRV1Y2S3dTdmRIam5zM01keFlDckJNcV9LeEVCOUx6X0dQUGZuZw?oc=5,"Fri, 11 Sep 2026 07:59:13 GMT",전자신문,IT서비스,https://news.google.com/rss/articles/CBMiTkFVX3lxTE5lZHduVEs5Y1FNczU0d1pubTFOWElHbUtWdURia3JxbTRRV1Y2S3dTdmRIam5zM01keFlDckJNcV9LeEVCOUx6X0dQUGZuZw?oc=5,,False,본문 수집 제한 개수를 초과했습니다.,False,,2026-09-13 09:02:27
국내,AI 서비스,AI 서비스,AI 서비스,"조달청, 직원이 직접 만든 AI로 조달업무 혁신…7종 서비스 공개 - 뉴스1",https://news.google.com/rss/articles/CBMiYEFVX3lxTE9JU2xFM2NwX0RxTlYyejlqeGY5QmVrRDVUYmtxSVVmWXdDaE9VaS1uY1hpVWZtQnFsbktwR0xYWGl2M0RyUDc1Rm5sNEVHMDJjdWFWZlo5cUV2M2dVaWZHZtIBZkFVX3lxTE5HZ0U0THR2TFVHMDlVS3QwemQxRzVYQWhQckQwYktERlpBNnVlVWk0MDJsWk1lQlFka2tnc1g5NTlkQXVoeUFtUFFjUGgxLVl5aWtzX3FhcFlxSUJodklud3IxYjVLZw?oc=5,"Fri, 11 Sep 2026 05:54:36 GMT",뉴스1,IT서비스,https://news.google.com/rss/articles/CBMiYEFVX3lxTE9JU2xFM2NwX0RxTlYyejlqeGY5QmVrRDVUYmtxSVVmWXdDaE9VaS1uY1hpVWZtQnFsbktwR0xYWGl2M0RyUDc1Rm5sNEVHMDJjdWFWZlo5cUV2M2dVaWZHZtIBZkFVX3lxTE5HZ0U0THR2TFVHMDlVS3QwemQxRzVYQWhQckQwYktERlpBNnVlVWk0MDJsWk1lQlFka2tnc1g5NTlkQXVoeUFtUFFjUGgxLVl5aWtzX3FhcFlxSUJodklud3IxYjVLZw?oc=5,,False,본문 수집 제한 개수를 초과했습니다.,False,,2026-09-13 09:02:27
국내,IT서비스,IT서비스,IT서비스,"연세대 한국 IT서비스학회, Urban AI와 국제심포지엄 개최 - 한겨레",https://news.google.com/rss/articles/CBMiZ0FVX3lxTE1lcEF0TFFKY2hJQXBqUkdXZHFrNFR0Um9hbnlYY3N4cUF2VWlDT3Q0bVJ2c0k4ZHlvaEVUb3lqejdfekQzQVJjX09tVGtmZ1lvcVBfMDhjYXdITGc1Ri02UVhkSDFTUDA?oc=5,"Fri, 11 Sep 2026 05:19:00 GMT",한겨레,IT서비스,https://news.google.com/rss/articles/CBMiZ0FVX3lxTE1lcEF0TFFKY2hJQXBqUkdXZHFrNFR0Um9hbnlYY3N4cUF2VWlDT3Q0bVJ2c0k4ZHlvaEVUb3lqejdfekQzQVJjX09tVGtmZ1lvcVBfMDhjYXdITGc1Ri02UVhkSDFTUDA?oc=5,,False,본문 수집 제한 개수를 초과했습니다.,False,,2026-09-13 09:02:27
국내,디지털 전환,디지털 전환,디지털 전환,"한전KDN, 한국전기공사협회와 AI·디지털 전환 및 안전 협력 맞손 - 일간투데이",https://news.google.com/rss/articles/CBMia0FVX3lxTE9RLXlDNm1Cb25DZWMzMGpQUWNfMS01SDdDMjc1TlJheXJUZGRWLWRkeHU2MHp3dUpkYmxESkdoMEJ5d3NJTGlBX0piS2RkTjJaQnFpRFlMbHFhNUVsajUydjhoQk1OdnVsN0Fr?oc=5,"Fri, 11 Sep 2026 02:50:31 GMT",일간투데이,IT서비스,https://news.google.com/rss/articles/CBMia0FVX3lxTE9RLXlDNm1Cb25DZWMzMGpQUWNfMS01SDdDMjc1TlJheXJUZGRWLWRkeHU2MHp3dUpkYmxESkdoMEJ5d3NJTGlBX0piS2RkTjJaQnFpRFlMbHFhNUVsajUydjhoQk1OdnVsN0Fr?oc=5,,False,본문 수집 제한 개수를 초과했습니다.,False,,2026-09-13 09:02:27
국내,클라우드,클라우드,클라우드,AI로 무게중심 옮기는 오라클…클라우드 인프라 매출 121%↑ - 지디넷코리아,https://news.google.com/rss/articles/CBMiVkFVX3lxTE01LW1TNTNqU2NDTHpFY0MxMnRFeTIya2kxLTB0NHcyeHotdmJLdTZyMW1DUEV3cE9JZ1luaWM0MUdSZUZZY3RLa1hBd0YwUmRqUmNfVmhn?oc=5,"Fri, 11 Sep 2026 02:38:53 GMT",지디넷코리아,IT서비스,https://news.google.com/rss/articles/CBMiVkFVX3lxTE01LW1TNTNqU2NDTHpFY0MxMnRFeTIya2kxLTB0NHcyeHotdmJLdTZyMW1DUEV3cE9JZ1luaWM0MUdSZUZZY3RLa1hBd0YwUmRqUmNfVmhn?oc=5,,False,본문 수집 제한 개수를 초과했습니다.,False,,2026-09-13 09:02:27
국내,AI 서비스,AI 서비스,AI 서비스,"오픈AI, 금융 AI 전용 서비스 출시… 산업 AI 확장 가속 - 디지털데일리",https://news.google.com/rss/articles/CBMiZEFVX3lxTE9fZVpOWVkwOGdVam9GR3ZYMlVwV0k4dDVheWQyQmNVdDE4d2dUazUyWDNvOFNXYzc2TER3STJXSklwZkhBTXIxRzVieFVRSXhHbGJUb3NVRVlnVGp4dDJNc00wdHE?oc=5,"Fri, 11 Sep 2026 02:04:54 GMT",디지털데일리,IT서비스,https://news.google.com/rss/articles/CBMiZEFVX3lxTE9fZVpOWVkwOGdVam9GR3ZYMlVwV0k4dDVheWQyQmNVdDE4d2dUazUyWDNvOFNXYzc2TER3STJXSklwZkhBTXIxRzVieFVRSXhHbGJUb3NVRVlnVGp4dDJNc00wdHE?oc=5,,False,본문 수집 제한 개수를 초과했습니다.,False,,2026-09-13 09:02:27
국내,디지털 전환,디지털 전환,디지털 전환,문화재·e스포츠에 AI·축제 현장도… 네카오 ‘디지털 전환’ 가속화 - 천지일보,https://news.google.com/rss/articles/CBMiakFVX3lxTE1FMVZtR19sUzd6UWh6ZFFlWTdVY3RVZ2RxWmtPWkJWeFA3SDdmYlRQeENxTmNWeEpqam54VDA1S3p6Y3cxVGdVT2hoMTljeVZTbXgxb2NINzBkOGlkUGVETGstaHRCUzZ4Vmc?oc=5,"Fri, 11 Sep 2026 01:14:03 GMT",천지일보,IT서비스,https://news.google.com/rss/articles/CBMiakFVX3lxTE1FMVZtR19sUzd6UWh6ZFFlWTdVY3RVZ2RxWmtPWkJWeFA3SDdmYlRQeENxTmNWeEpqam54VDA1S3p6Y3cxVGdVT2hoMTljeVZTbXgxb2NINzBkOGlkUGVETGstaHRCUzZ4Vmc?oc=5,,False,본문 수집 제한 개수를 초과했습니다.,False,,2026-09-13 09:02:27
국내,AI 서비스,AI 서비스,AI 서비스,"카카오툴즈, 다이소몰·신한카드 등 7곳 추가…AI 서비스 28개로 확대 - asiatoday.co.kr",https://news.google.com/rss/articles/CBMibkFVX3lxTFBVMkdNaTJWSEp4QTVmZ25jVi1rLTlUbEpaWUpzS3VyZHVzQk50a3MwbkZhSGFFcjlnWk93UlVqVF9sblVNM29Fb3lDS1YySEJDWE9BMzZ0VURSY2ZpN1F4dEhxeUNyNHMzZ2xsblVB?oc=5,"Fri, 11 Sep 2026 01:11:41 GMT",asiatoday.co.kr,IT서비스,https://news.google.com/rss/articles/CBMibkFVX3lxTFBVMkdNaTJWSEp4QTVmZ25jVi1rLTlUbEpaWUpzS3VyZHVzQk50a3MwbkZhSGFFcjlnWk93UlVqVF9sblVNM29Fb3lDS1YySEJDWE9BMzZ0VURSY2ZpN1F4dEhxeUNyNHMzZ2xsblVB?oc=5,,False,본문 수집 제한 개수를 초과했습니다.,False,,2026-09-13 09:02:27
국내,클라우드,클라우드,클라우드,"오라클, 클라우드 매출 121% 급증…시간외 주가 반등 - 연합뉴스",https://news.google.com/rss/articles/CBMiYEFVX3lxTE55NlVFTm5MTFFZYlFSc2xqSWJiZkZaWGpaX1ZCTVBScEZFVUF5MzNuSnRxMVdmdFRwVTlOUmFfb2VkOFFTcFZMTFQtVHFrQk10VXNBT1BIOFNmc2JlVGZaMdIBYEFVX3lxTE55NlVFTm5MTFFZYlFSc2xqSWJiZkZaWGpaX1ZCTVBScEZFVUF5MzNuSnRxMVdmdFRwVTlOUmFfb2VkOFFTcFZMTFQtVHFrQk10VXNBT1BIOFNmc2JlVGZaMQ?oc=5,"Fri, 11 Sep 2026 00:59:42 GMT",연합뉴스,IT서비스,https://news.google.com/rss/articles/CBMiYEFVX3lxTE55NlVFTm5MTFFZYlFSc2xqSWJiZkZaWGpaX1ZCTVBScEZFVUF5MzNuSnRxMVdmdFRwVTlOUmFfb2VkOFFTcFZMTFQtVHFrQk10VXNBT1BIOFNmc2JlVGZaMdIBYEFVX3lxTE55NlVFTm5MTFFZYlFSc2xqSWJiZkZaWGpaX1ZCTVBScEZFVUF5MzNuSnRxMVdmdFRwVTlOUmFfb2VkOFFTcFZMTFQtVHFrQk10VXNBT1BIOFNmc2JlVGZaMQ?oc=5,,False,본문 수집 제한 개수를 초과했습니다.,False,,2026-09-13 09:02:27
국내,클라우드,클라우드,클라우드,"MS, 데이터센터 용량 3배 확대 추진…AI·클라우드 공급난 해소 - 전자신문",https://news.google.com/rss/articles/CBMiTkFVX3lxTFA4NnAzalJCcEU3YklLejZoUDh5YU83QS05S09XYU9HNlNIajVDcWQyQjQyVks1djlDRXpkZ0hEOFo1NWlfUzNod2xlNE1CUQ?oc=5,"Thu, 10 Sep 2026 23:43:31 GMT",전자신문,IT서비스,https://news.google.com/rss/articles/CBMiTkFVX3lxTFA4NnAzalJCcEU3YklLejZoUDh5YU83QS05S09XYU9HNlNIajVDcWQyQjQyVks1djlDRXpkZ0hEOFo1NWlfUzNod2xlNE1CUQ?oc=5,,False,본문 수집 제한 개수를 초과했습니다.,False,,2026-09-13 09:02:27
국내,SI,SI,SI,"한국로봇산업진흥원, 부울경 로봇 SI기업 지원방안 논의 - kyongbuk.co.kr",https://news.google.com/rss/articles/CBMib0FVX3lxTFBCdTJpRWJ3ckVuaTJQc1k3NGlWMEtPd3ZXTFctdmlYWnQyNUdodDZGdU9zdHY2WFRNSHZNN2FxSDR4TGZuQURfbF9Vd19UVjltaVI4YU54Wkx0SFRPcnluOFV5Yzh2NFZ5cUZXMUx0RQ?oc=5,"Thu, 10 Sep 2026 10:04:23 GMT",kyongbuk.co.kr,IT서비스,https://news.google.com/rss/articles/CBMib0FVX3lxTFBCdTJpRWJ3ckVuaTJQc1k3NGlWMEtPd3ZXTFctdmlYWnQyNUdodDZGdU9zdHY2WFRNSHZNN2FxSDR4TGZuQURfbF9Vd19UVjltaVI4YU54Wkx0SFRPcnluOFV5Yzh2NFZ5cUZXMUx0RQ?oc=5,,False,본문 수집 제한 개수를 초과했습니다.,False,,2026-09-13 09:02:27
국내,SI,SI,SI,"“부·울·경 로봇 SI 기업 현장 목소리 수렴” KIRIA, 제조 RX 생태계 전환 속도 낸다 - 헬로티",https://news.google.com/rss/articles/CBMiX0FVX3lxTE85MndRSl9zZGs3Z2hJNlBUSThPS2hPMk5sSTJZanhxakE3T3M3Y3dWWHFISGxlS3VyMzE2SGJqQjNtYk81N3BZalJkREtDVW5udFk1VzNoSk5RQkFuQWxV?oc=5,"Thu, 10 Sep 2026 10:03:17 GMT",헬로티,IT서비스,https://news.google.com/rss/articles/CBMiX0FVX3lxTE85MndRSl9zZGs3Z2hJNlBUSThPS2hPMk5sSTJZanhxakE3T3M3Y3dWWHFISGxlS3VyMzE2SGJqQjNtYk81N3BZalJkREtDVW5udFk1VzNoSk5RQkFuQWxV?oc=5,,False,본문 수집 제한 개수를 초과했습니다.,False,,2026-09-13 09:02:27
국내,디지털 전환,디지털 전환,디지털 전환,"쿠팡, 전통시장 '디지털 전환' 전국 확대…청량리 매출 40%↑ - 아이뉴스24",https://news.google.com/rss/articles/CBMiS0FVX3lxTFBRMUh3WkY4aGVJcXQ5ZFhuenNNRmx1dGtCSnl6QUxlSDFBVUNHVEI5bW1mZUMzMUV3ZU1JUVR0SzA1UkZKWXZSajF1TQ?oc=5,"Thu, 10 Sep 2026 07:14:00 GMT",아이뉴스24,IT서비스,https://news.google.com/rss/articles/CBMiS0FVX3lxTFBRMUh3WkY4aGVJcXQ5ZFhuenNNRmx1dGtCSnl6QUxlSDFBVUNHVEI5bW1mZUMzMUV3ZU1JUVR0SzA1UkZKWXZSajF1TQ?oc=5,,False,본문 수집 제한 개수를 초과했습니다.,False,,2026-09-13 09:02:27
국내,IT서비스,IT서비스,IT서비스,디지털 전환 가속화에 IT서비스株 들썩…AI·빅데이터주 주목 - 핀포인트뉴스,https://news.google.com/rss/articles/CBMic0FVX3lxTE5YeTFrdVNJYS1hNDlXSWt3MnQ1N3FCeHQ5NWFUeGNkTzBQc21pdVVlYTN5VV9kdnNUR050d2Y1aHZldzJIb25zUjZNaEJDUGNGSXZvWnFZR1RvZE4zRmRuMDVqX0g1ZWl2Y3QxaFBYZVJKOFnSAXdBVV95cUxNcUw3Ym1jNWgxdlhEeldrd2hZTUZUQlpraUJPTTNWd3NxWnp0ZWVtSFlWVmxQRTJTanlGbFZxd2N6VWV0bzJsY1doS011Ykx4NEhPd25KOGg3b0hCcVdmbGxhRXg4WnpjV1pBZUJIcml1eVRhWnR6UQ?oc=5,"Thu, 10 Sep 2026 04:29:00 GMT",핀포인트뉴스,IT서비스,https://news.google.com/rss/articles/CBMic0FVX3lxTE5YeTFrdVNJYS1hNDlXSWt3MnQ1N3FCeHQ5NWFUeGNkTzBQc21pdVVlYTN5VV9kdnNUR050d2Y1aHZldzJIb25zUjZNaEJDUGNGSXZvWnFZR1RvZE4zRmRuMDVqX0g1ZWl2Y3QxaFBYZVJKOFnSAXdBVV95cUxNcUw3Ym1jNWgxdlhEeldrd2hZTUZUQlpraUJPTTNWd3NxWnp0ZWVtSFlWVmxQRTJTanlGbFZxd2N6VWV0bzJsY1doS011Ykx4NEhPd25KOGg3b0hCcVdmbGxhRXg4WnpjV1pBZUJIcml1eVRhWnR6UQ?oc=5,,False,본문 수집 제한 개수를 초과했습니다.,False,,2026-09-13 09:02:27
국내,디지털 전환,디지털 전환,디지털 전환,"“사장님, 디지털 전환 비용 줄이세요”…ADT캡스, 소상공인 500곳 지원 - 데일리안",https://news.google.com/rss/articles/CBMiowJBVV95cUxNVjhLeW5XZDVVcUxneDNnOWlOaVM0Xy1LcEY1eHRXcy1HU0tud1JFVUlPZ29XZUhTNVk2NE1DRlp6UnZkaHNLX0hJLTA0NkdSM2NOZHJpd1NiM0N6bVlfQUhZekk4VUZxRG8yUy1yRC04Q2lwblU2a2VRMldicmMyZlVaQl9uWlNJRHBnS1o1LWYwXzZKWkUybjctcXpjSlpGeFVnV0hONVc5N0lQOC1Ud2tabjVPeVFEWUZzbEd5VkVHNERsSmtaaWhHX0FKUXhQQXlqcWdmc1Y2Rld4Y0xRSmtjX3hkYTJLYkNycmo3WWJSa0RyUl85TGk3ZTNJOEFWeW82Y01XeEJFWUk3YTJYTlc0NkMxNUF0bFJlRXNoZzFlX1E?oc=5,"Thu, 10 Sep 2026 03:13:00 GMT",데일리안,IT서비스,https://news.google.com/rss/articles/CBMiowJBVV95cUxNVjhLeW5XZDVVcUxneDNnOWlOaVM0Xy1LcEY1eHRXcy1HU0tud1JFVUlPZ29XZUhTNVk2NE1DRlp6UnZkaHNLX0hJLTA0NkdSM2NOZHJpd1NiM0N6bVlfQUhZekk4VUZxRG8yUy1yRC04Q2lwblU2a2VRMldicmMyZlVaQl9uWlNJRHBnS1o1LWYwXzZKWkUybjctcXpjSlpGeFVnV0hONVc5N0lQOC1Ud2tabjVPeVFEWUZzbEd5VkVHNERsSmtaaWhHX0FKUXhQQXlqcWdmc1Y2Rld4Y0xRSmtjX3hkYTJLYkNycmo3WWJSa0RyUl85TGk3ZTNJOEFWeW82Y01XeEJFWUk3YTJYTlc0NkMxNUF0bFJlRXNoZzFlX1E?oc=5,,False,본문 수집 제한 개수를 초과했습니다.,False,,2026-09-13 09:02:27
국내,AI 서비스,AI 서비스,AI 서비스,"SKT, '모두의 AI' 컨소시엄 출범…의료·돌봄·교육 등 8개 특화 서비스 개발 - 전자신문",https://news.google.com/rss/articles/CBMiTkFVX3lxTFBHWFVLaUtidFBQczdmdEtaQjBHV192ZFFXZEF2TlAyWmUtUDVpWGc4X0Z3cEI4SkowTXNBMVBlRVctS1pKZFIyM0IyZzMzZw?oc=5,"Thu, 10 Sep 2026 01:08:46 GMT",전자신문,IT서비스,https://news.google.com/rss/articles/CBMiTkFVX3lxTFBHWFVLaUtidFBQczdmdEtaQjBHV192ZFFXZEF2TlAyWmUtUDVpWGc4X0Z3cEI4SkowTXNBMVBlRVctS1pKZFIyM0IyZzMzZw?oc=5,,False,본문 수집 제한 개수를 초과했습니다.,False,,2026-09-13 09:02:27
국내,디지털 전환,디지털 전환,디지털 전환,"TYM, 협력사 62곳과 품질 경쟁력 강화 나선다…""디지털 전환 대응"" - 서울경제TV",https://news.google.com/rss/articles/CBMiZEFVX3lxTFBNUXVKU2JjdDdNOWZHeEdRNmhja09oS0E3bmVXYThGZjZVRFlnVUVCajVXaWZMVDhLcHZqelRwdFk0eE00Q2ZZN2o1WjRZa0dKVGF6dzBxSFJUaEdNVGtQUFQya28?oc=5,"Thu, 10 Sep 2026 00:26:27 GMT",서울경제TV,IT서비스,https://news.google.com/rss/articles/CBMiZEFVX3lxTFBNUXVKU2JjdDdNOWZHeEdRNmhja09oS0E3bmVXYThGZjZVRFlnVUVCajVXaWZMVDhLcHZqelRwdFk0eE00Q2ZZN2o1WjRZa0dKVGF6dzBxSFJUaEdNVGtQUFQya28?oc=5,,False,본문 수집 제한 개수를 초과했습니다.,False,,2026-09-13 09:02:27
국내,SI,SI,SI,"""AX 다음은 RX""…대기업SI, 격전 예고 - 비즈워치",https://news.google.com/rss/articles/CBMiakFVX3lxTFBYWnBmVFRqSU8xQk5xUjY2N1c5ZTVzeWJGNlV0T0REOGtBbjJuYmZxMF9IaWlhM29JOXYxN2VsTnYwcUlUeTI3R29EcV91S0tob18wZlFqS3hmM1FvYjU0VThDUUlDMVJhUFE?oc=5,"Wed, 09 Sep 2026 07:49:02 GMT",비즈워치,IT서비스,https://news.google.com/rss/articles/CBMiakFVX3lxTFBYWnBmVFRqSU8xQk5xUjY2N1c5ZTVzeWJGNlV0T0REOGtBbjJuYmZxMF9IaWlhM29JOXYxN2VsTnYwcUlUeTI3R29EcV91S0tob18wZlFqS3hmM1FvYjU0VThDUUlDMVJhUFE?oc=5,,False,본문 수집 제한 개수를 초과했습니다.,False,,2026-09-13 09:02:27
국내,SI,SI,SI,"한국로봇산업진흥원, 부울경 SI기업 협력 네트워크·현장 간담회 개최 - 로봇신문",https://news.google.com/rss/articles/CBMibEFVX3lxTE5mOHdLN2QtZlE3aTYzcWFxcnlWTnUyU0syVE1JSG1HODVkSUJMMWl1c0xLb1lzb21PdmFCYV9KdUhJc09DU21qa1k0QmJuQi1OTml6MEpOamRMRmJxcXBIdUF1eUtlM0FTc0R5Ng?oc=5,"Wed, 09 Sep 2026 05:22:49 GMT",로봇신문,IT서비스,https://news.google.com/rss/articles/CBMibEFVX3lxTE5mOHdLN2QtZlE3aTYzcWFxcnlWTnUyU0syVE1JSG1HODVkSUJMMWl1c0xLb1lzb21PdmFCYV9KdUhJc09DU21qa1k0QmJuQi1OTml6MEpOamRMRmJxcXBIdUF1eUtlM0FTc0R5Ng?oc=5,,False,본문 수집 제한 개수를 초과했습니다.,False,,2026-09-13 09:02:27
국내,IT서비스,IT서비스,IT서비스,"[빅데이터로본다] IT서비스 상장기업 2026년 9월 브랜드평판... 1위 삼성SDS, 2위 현대오토에버, 3위 카카오페이 - 일간투데이",https://news.google.com/rss/articles/CBMia0FVX3lxTE40SWVWTWFoSDRRbUwtT1EyWUZPVzBsRk5HbkhCcFlRWTRkWVZDRUJUUDRoUmI1SVlnYURKWDVyTlBEOFJRTlY4MjBfZmdnTkRvLURpb3Z1djBKeDJpeGhncC1oaVp5bThmdVpJ?oc=5,"Tue, 08 Sep 2026 04:47:50 GMT",일간투데이,IT서비스,https://news.google.com/rss/articles/CBMia0FVX3lxTE40SWVWTWFoSDRRbUwtT1EyWUZPVzBsRk5HbkhCcFlRWTRkWVZDRUJUUDRoUmI1SVlnYURKWDVyTlBEOFJRTlY4MjBfZmdnTkRvLURpb3Z1djBKeDJpeGhncC1oaVp5bThmdVpJ?oc=5,,False,본문 수집 제한 개수를 초과했습니다.,False,,2026-09-13 09:02:27
국내,IT서비스,IT서비스,IT서비스,"IT서비스 대기업들, 매출 늘렸지만 수익성 개선은 주춤 - IT조선",https://news.google.com/rss/articles/CBMicEFVX3lxTE5LMFFVemlHVF9PVmdmenBHbmhBWUJDZVVacVZ2UmZrUEJHSHRPT293cFhwUkNyTzItT0tWYkt6QTBwNHhldGhpOFFZWDRlVi1OVjV3M2tUV0hmTFh6Skt1TmxvR3BJVy0xc01JUEVzdkvSAXRBVV95cUxNaU02M2JYcVJpcFRmbUk3T3laNUNhRGh1VndBaXp2cmRTYWl0X09JNVZOZWd5S2ZNazhpTy1tT0p0SFJsZGViTlljbE9mQ01mRzVzTlBXRjZiU2pIY0I0ck1sZTZBUmZnVEZSZGktYmN6QUxBMQ?oc=5,"Thu, 27 Aug 2026 07:00:00 GMT",IT조선,IT서비스,https://news.google.com/rss/articles/CBMicEFVX3lxTE5LMFFVemlHVF9PVmdmenBHbmhBWUJDZVVacVZ2UmZrUEJHSHRPT293cFhwUkNyTzItT0tWYkt6QTBwNHhldGhpOFFZWDRlVi1OVjV3M2tUV0hmTFh6Skt1TmxvR3BJVy0xc01JUEVzdkvSAXRBVV95cUxNaU02M2JYcVJpcFRmbUk3T3laNUNhRGh1VndBaXp2cmRTYWl0X09JNVZOZWd5S2ZNazhpTy1tT0p0SFJsZGViTlljbE9mQ01mRzVzTlBXRjZiU2pIY0I0ck1sZTZBUmZnVEZSZGktYmN6QUxBMQ?oc=5,,False,본문 수집 제한 개수를 초과했습니다.,False,,2026-09-13 09:02:27
미국,클라우드,클라우드,클라우드 stock market earnings investment,10 Best Growth Stocks for 2026 - The Motley Fool,https://news.google.com/rss/articles/CBMif0FVX3lxTE9pT09kTllPOXQ1TFdJSmJqN25TV040MENyNDR6V2k3X0pNakZOaFJwWXRsRUNZcmVNSUU3c1NvZ0hJRk1ZVkFWRXREZElkM05SN2dNdGFYWmNIbWNZOXZMcXdzVzdsVEtLUW1iTF94OXU0WExleGR2TDBIUmlJY28?oc=5,"Tue, 08 Sep 2026 23:17:00 GMT",The Motley Fool,IT서비스,https://www.fool.com/investing/stock-market/types-of-stocks/growth-stocks/,www.fool.com,True,,True,,2026-09-13 09:02:27
미국,IT서비스,IT서비스,IT서비스 stock market earnings investment,Revenge of the 'Magnificent Seven' — Jim Cramer says it’s time to buy - CNBC,https://news.google.com/rss/articles/CBMiigFBVV95cUxQaDhBbE9kZ3gwbUViV1ZZc01DbDBRUUxVUXdVYlFSWC00cUVMc2ozblZjak1qcFB4RFZHUjVZWmNDSGVlUzRBMWZVRGlYejZxZF92aTBidzlnaXZGdWp4ajFweWpyZUxYOHBoRUVLMjhhYUlWN1EzRG1fRmt6Ukpmd2tISFRnWFpCOFHSAY8BQVVfeXFMTlFwOHFFNENKWERjdkRWeHp2N2RuYWp6bnhFZ0xHNUJiek5SdjhIZkFFODQwalpQQVNCX3NoYTBzdDY1cnJFUzJ1NXFXYmJLS0ZDcG9HdnJEd3ZVLVY3Qk5xc1FTeHU0dW9ZaVBvVHdTY2k4azgyckVkRDNaNFJZa19DdGJnRmhfX3dReWxUZnc?oc=5,"Thu, 03 Sep 2026 07:00:00 GMT",CNBC,IT서비스,https://www.cnbc.com/2026/09/03/magnificent-seven-jim-cramer-says-time-to-buy.html,www.cnbc.com,True,,True,,2026-09-13 09:02:27
미국,SI,SI,SI stock market earnings investment,Bank of America sends strong message to stock market investors - Yahoo Finance Singapore,https://news.google.com/rss/articles/CBMiigFBVV95cUxQMjFieFE4UFdrUEVBSFh5WEhlVjRkbGp3NFk3cjk4U25FUkZvN0tUQ2I0ZTFFVXZMa3p4OWlYS3JQc2tsYVhLWEZLNGFscWdiVV9jT0VhNlR1aUhkVEVNZjcxTGtMZkNMSHROdWk5MTBfSGZZaDlrOVpaNXdhV3g1RjRNanRGVmRKeFE?oc=5,"Sat, 29 Aug 2026 07:00:00 GMT",Yahoo Finance Singapore,IT서비스,https://sg.finance.yahoo.com/news/bank-america-sends-strong-message-130300264.html,sg.finance.yahoo.com,True,,True,,2026-09-13 09:02:27
미국,SI,SI,SI stock market earnings investment,Quantum-Si (QSI) Q2 2026 Earnings Call Transcript - The Globe and Mail,https://news.google.com/rss/articles/CBMiywFBVV95cUxQMXdnOEk4bDR6RDVPNW1OQi1telBHS2NPdHZfVjE4ZmtfWDhTT25TLVVRdU5NdmZiUTNkcHAyR0JXY3djZFdkX3VIWFBEWF83WUQ3QkstRGRIRUtSMnVQTVNyN3ZKNlBlOUR1a005WjZablNabkc4bHRCekZhSWhPenA4Um9YTnZFRG90b25RNVVJcTU1cDdPanF1VE5SNE9mOGswRWNTdFpCazZpMU8xVm4xdUFuYlFFYmNLMUVZQVhlei04QlZKV1lwVQ?oc=5,"Thu, 20 Aug 2026 07:00:00 GMT",The Globe and Mail,IT서비스,https://www.theglobeandmail.com/investing/markets/stocks/QSI/pressreleases/3959702/quantum-si-qsi-q2-2026-earnings-call-transcript/,www.theglobeandmail.com,True,,True,,2026-09-13 09:02:27
미국,AI 서비스,AI 서비스,AI 서비스 stock market earnings investment,"I’m Hitting Buy On $20,000 of ServiceNow Stock Despite The Melt Down | NOW Stock - 24/7 Wall St.",https://news.google.com/rss/articles/CBMiuwFBVV95cUxQcXZUQVVtNVRXQ1YycS12Yk9CN0VQOVNhSFQyVjJPbHFsQlcxQnhocTRySWYwUXVaelBnaWFDQkFGMFhMaTk5TVd3VjRfdGU0OVE1Y3o4eUg5VUpzaTNEeUV3QmZJa3Y1UXBTbW9XYjZnWGd6dEpDT29haHlMZ1NBMFNtMkw2cEtGWlg2cExTY3BZNUo5dHV5cnAyMms0aWJRTnpMUlkyVjVDUElaYWZIVXV0NlhKcUhjUVlz?oc=5,"Tue, 04 Aug 2026 07:00:00 GMT",24/7 Wall St.,IT서비스,https://news.google.com/rss/articles/CBMiuwFBVV95cUxQcXZUQVVtNVRXQ1YycS12Yk9CN0VQOVNhSFQyVjJPbHFsQlcxQnhocTRySWYwUXVaelBnaWFDQkFGMFhMaTk5TVd3VjRfdGU0OVE1Y3o4eUg5VUpzaTNEeUV3QmZJa3Y1UXBTbW9XYjZnWGd6dEpDT29haHlMZ1NBMFNtMkw2cEtGWlg2cExTY3BZNUo5dHV5cnAyMms0aWJRTnpMUlkyVjVDUElaYWZIVXV0NlhKcUhjUVlz?oc=5,,False,본문 수집 제한 개수를 초과했습니다.,False,,2026-09-13 09:02:27
미국,SI,SI,SI stock market earnings investment,"Earnings call transcript: SI-BONE tops Q2 2026 estimates, shares fall after hours - Investing.com",https://news.google.com/rss/articles/CBMizwFBVV95cUxOWnJwSzF1dUo2TElhd25ockN5MGhIRk1zR3NRTlBaUXZpYmZwT2xZVWpLUTVPWFRIbFlreGF5VTlMdXVkR0Myd2JIWktCUktycXp6dklCTl8tcEJScVJIcVFVaHJJNDNUZVc5dTBzR0N0dVpQUHRLRFBvNUxXVmNEY1BweWEtV1hyaUpwVEhPbXAzbXRRSUJ1RUE3V1A4S1BCMVNVQWxLT091dmg4U2hxV2VScU9JQ3NnXzVMSVF2U3JoQ0J1b1dsaUI0aW9icUk?oc=5,"Mon, 03 Aug 2026 07:00:00 GMT",Investing.com,IT서비스,https://news.google.com/rss/articles/CBMizwFBVV95cUxOWnJwSzF1dUo2TElhd25ockN5MGhIRk1zR3NRTlBaUXZpYmZwT2xZVWpLUTVPWFRIbFlreGF5VTlMdXVkR0Myd2JIWktCUktycXp6dklCTl8tcEJScVJIcVFVaHJJNDNUZVc5dTBzR0N0dVpQUHRLRFBvNUxXVmNEY1BweWEtV1hyaUpwVEhPbXAzbXRRSUJ1RUE3V1A4S1BCMVNVQWxLT091dmg4U2hxV2VScU9JQ3NnXzVMSVF2U3JoQ0J1b1dsaUI0aW9icUk?oc=5,,False,본문 수집 제한 개수를 초과했습니다.,False,,2026-09-13 09:02:27
미국,IT서비스,IT서비스,IT서비스 stock market earnings investment,PennyMac Mortgage Investment Trust Q2 2026 Earnings Call Summary - Yahoo Finance,https://news.google.com/rss/articles/CBMioAFBVV95cUxNVTFfLVRvYW1Xb0dHM3V2NUVUTzBYVlJBV1VsLVBsQ0VjMFd6MVIzSjctaWhacE1wMnc2REtDNkJacnNiYzlhZ3pjV3hGZ09lRTZxNGZYc01hbW9SNnhLNXgxY0c5VHRIaGxfNFpiLW4zQ1J2eVZob19OSjFKRFI3b3BMd055Rm9NZ3YwOU5icVV6eVFXSng3d1dFbWlpc3VN?oc=5,"Thu, 30 Jul 2026 07:00:00 GMT",Yahoo Finance,IT서비스,https://news.google.com/rss/articles/CBMioAFBVV95cUxNVTFfLVRvYW1Xb0dHM3V2NUVUTzBYVlJBV1VsLVBsQ0VjMFd6MVIzSjctaWhacE1wMnc2REtDNkJacnNiYzlhZ3pjV3hGZ09lRTZxNGZYc01hbW9SNnhLNXgxY0c5VHRIaGxfNFpiLW4zQ1J2eVZob19OSjFKRFI3b3BMd055Rm9NZ3YwOU5icVV6eVFXSng3d1dFbWlpc3VN?oc=5,,False,본문 수집 제한 개수를 초과했습니다.,False,,2026-09-13 09:02:27
미국,클라우드,클라우드,클라우드 stock market earnings investment,Amazon lifts investment plans after strong cloud sales; shares jump By Reuters - Investing.com,https://news.google.com/rss/articles/CBMitAFBVV95cUxOWUtCM1h4bkY3Q29naEZWRmhuTG5oZmVEbVNCUXlMY1BCaFdaRHcwQzNNU0dhc0xfYUtiRVFaci1TekViSkdLaVk3SDMwYWRYQ0doRENndVlNMXYyckFkME5uVVRvNWVraTJXbWdtV1pSTnV2bmYxdEt1U2Vzb3plZEVKYW5nMzNSbjFGNk5TRUc5My04QV9KWk8xanpLNUdqeVJQTFgxWjVZLTBsR2F5TmhkYWo?oc=5,"Thu, 30 Jul 2026 07:00:00 GMT",Investing.com,IT서비스,https://news.google.com/rss/articles/CBMitAFBVV95cUxOWUtCM1h4bkY3Q29naEZWRmhuTG5oZmVEbVNCUXlMY1BCaFdaRHcwQzNNU0dhc0xfYUtiRVFaci1TekViSkdLaVk3SDMwYWRYQ0doRENndVlNMXYyckFkME5uVVRvNWVraTJXbWdtV1pSTnV2bmYxdEt1U2Vzb3plZEVKYW5nMzNSbjFGNk5TRUc5My04QV9KWk8xanpLNUdqeVJQTFgxWjVZLTBsR2F5TmhkYWo?oc=5,,False,본문 수집 제한 개수를 초과했습니다.,False,,2026-09-13 09:02:27
미국,SI,SI,SI stock market earnings investment,Quantum-Si sets Aug. 13 call for financial and business update - Stock Titan,https://news.google.com/rss/articles/CBMivwFBVV95cUxQRlcxNFhuY2dhUFZMX0JyMUxKUnppbFhrV3FpQUdqZ2hBZEFDM0hqVzBrdjdqbTVhWEVkZjJHVFNfZVdMOVVjMnFFRk9IT01pLUgtY3ZHcnFWOWZ3VHB1NXBENjBvRkZuX3dEa0tPLS01RVkwY3hrcjhHRnROMnVCUjhzS0xwdW5FQ0JZWHBlYUE0b3FiTmo0MjdvMklvRnBaZjVYZHVhWVNkbWppd2tXN0JKZFJIY1RZRFAxdWJBdw?oc=5,"Mon, 27 Jul 2026 07:00:00 GMT",Stock Titan,IT서비스,https://news.google.com/rss/articles/CBMivwFBVV95cUxQRlcxNFhuY2dhUFZMX0JyMUxKUnppbFhrV3FpQUdqZ2hBZEFDM0hqVzBrdjdqbTVhWEVkZjJHVFNfZVdMOVVjMnFFRk9IT01pLUgtY3ZHcnFWOWZ3VHB1NXBENjBvRkZuX3dEa0tPLS01RVkwY3hrcjhHRnROMnVCUjhzS0xwdW5FQ0JZWHBlYUE0b3FiTmo0MjdvMklvRnBaZjVYZHVhWVNkbWppd2tXN0JKZFJIY1RZRFAxdWJBdw?oc=5,,False,본문 수집 제한 개수를 초과했습니다.,False,,2026-09-13 09:02:27
미국,AI 서비스,AI 서비스,AI 서비스 stock market earnings investment,Better AI Software Stock: Palantir vs. ServiceNow - Yahoo Finance,https://news.google.com/rss/articles/CBMinwFBVV95cUxQb2Z2dXNUZGhWd2VuVWFidkhua3NyME8xdWprcTBXdFNQSjJIRGF1NjZteENCVEVDdGluc0FCVW1QSkhvMG9Kbm01ZmE3Z2VrWldXQkwxZURjak9TWVM5THFLWHVSRE4tbEwzUGVQN05UY1FYclZYclNvME1jT2dJSGhJSzJXYXhIZW02UnR5M0Q3UmNYSU9YZFI3NU1oeXc?oc=5,"Sun, 26 Jul 2026 07:00:00 GMT",Yahoo Finance,IT서비스,https://news.google.com/rss/articles/CBMinwFBVV95cUxQb2Z2dXNUZGhWd2VuVWFidkhua3NyME8xdWprcTBXdFNQSjJIRGF1NjZteENCVEVDdGluc0FCVW1QSkhvMG9Kbm01ZmE3Z2VrWldXQkwxZURjak9TWVM5THFLWHVSRE4tbEwzUGVQN05UY1FYclZYclNvME1jT2dJSGhJSzJXYXhIZW02UnR5M0Q3UmNYSU9YZFI3NU1oeXc?oc=5,,False,본문 수집 제한 개수를 초과했습니다.,False,,2026-09-13 09:02:27
미국,클라우드,클라우드,클라우드 stock market earnings investment,3 Cloud Computing Stocks to Buy Before Earnings Season in July - 24/7 Wall St.,https://news.google.com/rss/articles/CBMiqgFBVV95cUxOdWtfblZ5T0FSWGYxcU44NHV3U0lpUTN1VDNpRTNzMW45RGhHV21sMVhPYzdkSFVjTW52eVNKX3B2UFJfdzUtdVlSNWttTDA0WldERDU4bHplYmNFWnN2ZkdQMURicVNPMTBLd0h1VS1JRGMxVmp0VHJoLXFtdGRKd0dqS0x2MHE0N2J3YjR4cWZ6eG9SMWxRQ0hnYkYwNHFaOC1OT0xFbUw5Zw?oc=5,"Thu, 09 Jul 2026 07:00:00 GMT",24/7 Wall St.,IT서비스,https://news.google.com/rss/articles/CBMiqgFBVV95cUxOdWtfblZ5T0FSWGYxcU44NHV3U0lpUTN1VDNpRTNzMW45RGhHV21sMVhPYzdkSFVjTW52eVNKX3B2UFJfdzUtdVlSNWttTDA0WldERDU4bHplYmNFWnN2ZkdQMURicVNPMTBLd0h1VS1JRGMxVmp0VHJoLXFtdGRKd0dqS0x2MHE0N2J3YjR4cWZ6eG9SMWxRQ0hnYkYwNHFaOC1OT0xFbUw5Zw?oc=5,,False,본문 수집 제한 개수를 초과했습니다.,False,,2026-09-13 09:02:27
미국,SI,SI,SI stock market earnings investment,A tug of war for market. Big tech earnings ahead + US GDP. Plus watch stocks that have risen 16% si - Moomoo,https://news.google.com/rss/articles/CBMizAFBVV95cUxOdDZGaVB2QTloMGhZb3RuMHlfQXJJNHZJbTVXaEM0eUlMMWtRZGNCTlZxR09mbUFRd1ZubVdzZGQ2Njd3X2ZVOWJMRmpxemxJVTBFRUVqQ1k1d1BJTHNtaFNHaUUteVF1REtOQllkTWFYeERtcnljMzZkaEptRVRvU3pfV3BtbDBiWkRKT05WWVp4dnAzMm9OcXNVOWtjWTNRVDRCLWQ1SHRPT2FobFRuMUQwdmktdW8yaHY4U2JwLTNpQ3NOVk5FRm56Z3M?oc=5,"Thu, 09 Jul 2026 07:00:00 GMT",Moomoo,IT서비스,https://news.google.com/rss/articles/CBMizAFBVV95cUxOdDZGaVB2QTloMGhZb3RuMHlfQXJJNHZJbTVXaEM0eUlMMWtRZGNCTlZxR09mbUFRd1ZubVdzZGQ2Njd3X2ZVOWJMRmpxemxJVTBFRUVqQ1k1d1BJTHNtaFNHaUUteVF1REtOQllkTWFYeERtcnljMzZkaEptRVRvU3pfV3BtbDBiWkRKT05WWVp4dnAzMm9OcXNVOWtjWTNRVDRCLWQ1SHRPT2FobFRuMUQwdmktdW8yaHY4U2JwLTNpQ3NOVk5FRm56Z3M?oc=5,,False,본문 수집 제한 개수를 초과했습니다.,False,,2026-09-13 09:02:27
미국,AI 서비스,AI 서비스,AI 서비스 stock market earnings investment,Stock Market Forecast For Next Six Months: Why More Gains May Lie Ahead - Investor's Business Daily,https://news.google.com/rss/articles/CBMijAFBVV95cUxNeTFDTVlOLU9tckVpTGRXVDVPZV82elNENmpvN2pQSkpISk1iQmJoZXg0QzFCb0Zhb1ByNVR2eGhLSDZWU2thRVcydG9GTTZyY2tOOXZTdENHTW5ac3N0VERtVkZUdG1HbVV1aFVHcS1kdWtuLUN4S1MtSmlSQ0w3Mk5rbHl0bjJ2ZE5VeA?oc=5,"Wed, 01 Jul 2026 07:00:00 GMT",Investor's Business Daily,IT서비스,https://news.google.com/rss/articles/CBMijAFBVV95cUxNeTFDTVlOLU9tckVpTGRXVDVPZV82elNENmpvN2pQSkpISk1iQmJoZXg0QzFCb0Zhb1ByNVR2eGhLSDZWU2thRVcydG9GTTZyY2tOOXZTdENHTW5ac3N0VERtVkZUdG1HbVV1aFVHcS1kdWtuLUN4S1MtSmlSQ0w3Mk5rbHl0bjJ2ZE5VeA?oc=5,,False,본문 수집 제한 개수를 초과했습니다.,False,,2026-09-13 09:02:27
미국,디지털 전환,디지털 전환,디지털 전환 stock market earnings investment,The Bull Case For NEC (TSE:6701) Could Change Following Earnings Beat And Dividend Recalibration – Learn Why - Yahoo Finance,https://news.google.com/rss/articles/CBMikAFBVV95cUxQTUpRME9rSEs5SXZOOEZuUmcxaFI1NE51NTF6N0Y2ZW83QmxhNnNwRm9QUzdPOEh0SXUzaUIwa3ZzU2p5YmxQWERGTXJidllSNVZCUm5vTWZIMjBhdDZSQ2JBV3NCNndpV3pkbkVnSEpiMnZhWWJHQ3V4RmRkWnZYVGtOLTdYMEhvUTc4MmhtdkY?oc=5,"Mon, 11 May 2026 07:00:00 GMT",Yahoo Finance,IT서비스,https://news.google.com/rss/articles/CBMikAFBVV95cUxQTUpRME9rSEs5SXZOOEZuUmcxaFI1NE51NTF6N0Y2ZW83QmxhNnNwRm9QUzdPOEh0SXUzaUIwa3ZzU2p5YmxQWERGTXJidllSNVZCUm5vTWZIMjBhdDZSQ2JBV3NCNndpV3pkbkVnSEpiMnZhWWJHQ3V4RmRkWnZYVGtOLTdYMEhvUTc4MmhtdkY?oc=5,,False,본문 수집 제한 개수를 초과했습니다.,False,,2026-09-13 09:02:27
미국,AI 서비스,AI 서비스,AI 서비스 stock market earnings investment,Agents for financial services - Anthropic,https://news.google.com/rss/articles/CBMiWEFVX3lxTE1IS1R3ZVd5NUxtWGJjRlFBQXZfOXJPS2xlY0wtaWZhSmx0M2RNaFUwN3FCU1Y3bTh5dkhqOEtIUE94UXFtT2l1MEk0WFZyUVRYV1Fsc1JrMEU?oc=5,"Tue, 05 May 2026 07:00:00 GMT",Anthropic,IT서비스,https://news.google.com/rss/articles/CBMiWEFVX3lxTE1IS1R3ZVd5NUxtWGJjRlFBQXZfOXJPS2xlY0wtaWZhSmx0M2RNaFUwN3FCU1Y3bTh5dkhqOEtIUE94UXFtT2l1MEk0WFZyUVRYV1Fsc1JrMEU?oc=5,,False,본문 수집 제한 개수를 초과했습니다.,False,,2026-09-13 09:02:27
미국,클라우드,클라우드,클라우드 stock market earnings investment,Earnings Reveal The First Real Winners And Losers Of The AI Arms Race - Forbes,https://news.google.com/rss/articles/CBMivgFBVV95cUxPamlmSVhoR0RZVWdSamlVcVFEMVhhSHhxaDZyY0M2a1ZMYXZPekRzdW9ROUUxbm1yOXY2ZGpSUHZXMEtOVXIyUVpNSHZGcDk5dEtwSFR6M09TLUxiZS1aNFd0d3hqMHNsMWxLYWMweFo5alo3dDEyYlAyVnl4c1YzLU95MncybVAtMl9NdnNBbFl3RFpCX25VOHZMTWtxRGJBVm5Db1czV3JUM0JQamlpYWIzZDBmeEpEOWdBSy13?oc=5,"Thu, 30 Apr 2026 07:00:00 GMT",Forbes,IT서비스,https://news.google.com/rss/articles/CBMivgFBVV95cUxPamlmSVhoR0RZVWdSamlVcVFEMVhhSHhxaDZyY0M2a1ZMYXZPekRzdW9ROUUxbm1yOXY2ZGpSUHZXMEtOVXIyUVpNSHZGcDk5dEtwSFR6M09TLUxiZS1aNFd0d3hqMHNsMWxLYWMweFo5alo3dDEyYlAyVnl4c1YzLU95MncybVAtMl9NdnNBbFl3RFpCX25VOHZMTWtxRGJBVm5Db1czV3JUM0JQamlpYWIzZDBmeEpEOWdBSy13?oc=5,,False,본문 수집 제한 개수를 초과했습니다.,False,,2026-09-13 09:02:27
미국,IT서비스,IT서비스,IT서비스 stock market earnings investment,Aflac Incorporated Announces First Quarter 2026 Results - PR Newswire,https://news.google.com/rss/articles/CBMisAFBVV95cUxOc1dxVElVZVBYdGtMT3FKVVljUXp3Y25MTFBNSnhzNlJISVptZ1o2WXdkc282d2FUUURLRURnQWR2SEZ3dVBYY3pERzNuNDROVlJIb3h0NEVodGV4T0V2YjhNSHhsakl5WWhLbFp5MTVZdWkxVDdZVEtBazFVLTVuVUF2Q3dpUkRsSlI2dDBhWG5qTlRsUEJIQXM1SnFJdkk1LVVmS25YSElZdjlxWWFLbg?oc=5,"Wed, 29 Apr 2026 07:00:00 GMT",PR Newswire,IT서비스,https://news.google.com/rss/articles/CBMisAFBVV95cUxOc1dxVElVZVBYdGtMT3FKVVljUXp3Y25MTFBNSnhzNlJISVptZ1o2WXdkc282d2FUUURLRURnQWR2SEZ3dVBYY3pERzNuNDROVlJIb3h0NEVodGV4T0V2YjhNSHhsakl5WWhLbFp5MTVZdWkxVDdZVEtBazFVLTVuVUF2Q3dpUkRsSlI2dDBhWG5qTlRsUEJIQXM1SnFJdkk1LVVmS25YSElZdjlxWWFLbg?oc=5,,False,본문 수집 제한 개수를 초과했습니다.,False,,2026-09-13 09:02:27
미국,IT서비스,IT서비스,IT서비스 stock market earnings investment,The Defensive Playbook Isn’t Your Average Inflation Roadmap - jpmorgan.com,https://news.google.com/rss/articles/CBMi0wFBVV95cUxNdUFHbFIzVjJkT3NrbTBtYVVnN1oxV0k5amFjd1VYbDBUQ1FZNE5DMUNIRVBZZWowWW1RS0tHOVBkQndqaUxRc19aM0xwY3p4YU9iMy1zRnVlRjV2M3hKdjNrUkxhU29JOUxQekQ5NjBCZXEzVHFEbHI0ZmM2SDUwaW5wRW1VdC1YX2NUWm02aHU5a19VbEdfS2F0QnNzMHBuUjVoN0tiNjNpWWRwQmJWZndMVGxnaEJXa0NUNk16VEx6Z3NsdUZOa1pfVHZabnc1VEhj?oc=5,"Thu, 02 Apr 2026 07:00:00 GMT",jpmorgan.com,IT서비스,https://news.google.com/rss/articles/CBMi0wFBVV95cUxNdUFHbFIzVjJkT3NrbTBtYVVnN1oxV0k5amFjd1VYbDBUQ1FZNE5DMUNIRVBZZWowWW1RS0tHOVBkQndqaUxRc19aM0xwY3p4YU9iMy1zRnVlRjV2M3hKdjNrUkxhU29JOUxQekQ5NjBCZXEzVHFEbHI0ZmM2SDUwaW5wRW1VdC1YX2NUWm02aHU5a19VbEdfS2F0QnNzMHBuUjVoN0tiNjNpWWRwQmJWZndMVGxnaEJXa0NUNk16VEx6Z3NsdUZOa1pfVHZabnc1VEhj?oc=5,,False,본문 수집 제한 개수를 초과했습니다.,False,,2026-09-13 09:02:27
미국,IT서비스,IT서비스,IT서비스 stock market earnings investment,"Alibaba Earnings: Adjusted EBITA Misses on Investments, but Long-Term Outlook Remains Positive - Morningstar",https://news.google.com/rss/articles/CBMivAFBVV95cUxQMl9lQXpJbFJfOU9vOUN1Z1lrZDNPMllLMnFiWW5ISF92MDcwaWZlajZBc01xNTBadDgzRFVGX1U1eTdMZkVWMTZVQnJ6X0NlY0NTR1FUdFhOdl9ZbDJHZHlTaG1zZzNKSjBuZmg3VVJZa2h1M21GNlVJNGlwVjBmZFI0VmRlWXM2ekRrSnIyd1J2LS15OWZWc2VZMDJydGNvbTY2cDFIV1hiaThFUHQ5NUVLWTVyRXVXeThWSg?oc=5,"Fri, 20 Mar 2026 07:00:00 GMT",Morningstar,IT서비스,https://news.google.com/rss/articles/CBMivAFBVV95cUxQMl9lQXpJbFJfOU9vOUN1Z1lrZDNPMllLMnFiWW5ISF92MDcwaWZlajZBc01xNTBadDgzRFVGX1U1eTdMZkVWMTZVQnJ6X0NlY0NTR1FUdFhOdl9ZbDJHZHlTaG1zZzNKSjBuZmg3VVJZa2h1M21GNlVJNGlwVjBmZFI0VmRlWXM2ekRrSnIyd1J2LS15OWZWc2VZMDJydGNvbTY2cDFIV1hiaThFUHQ5NUVLWTVyRXVXeThWSg?oc=5,,False,본문 수집 제한 개수를 초과했습니다.,False,,2026-09-13 09:02:27
미국,디지털 전환,디지털 전환,디지털 전환 stock market earnings investment,AIG’s Zaffino: Outcomes From AI Use Went From ‘Aspirational’ to ‘Beyond Expectations’ - Insurance Journal,https://news.google.com/rss/articles/CBMid0FVX3lxTFBwazB5ZDhseWduWTdBMURUekRVTElwQkwydmptV1V0MVkyYTlyNlZjUkdZX0h6bGlnUXlqTjdkRVRxTmJDcDhsWE1xUmp4TmJmd3JlWnZXYjJUU0Z3dkJzM2JOTnFhZ0JVODN1ZFotdXVGN1B2QjBB?oc=5,"Fri, 13 Feb 2026 08:00:00 GMT",Insurance Journal,IT서비스,https://news.google.com/rss/articles/CBMid0FVX3lxTFBwazB5ZDhseWduWTdBMURUekRVTElwQkwydmptV1V0MVkyYTlyNlZjUkdZX0h6bGlnUXlqTjdkRVRxTmJDcDhsWE1xUmp4TmJmd3JlWnZXYjJUU0Z3dkJzM2JOTnFhZ0JVODN1ZFotdXVGN1B2QjBB?oc=5,,False,본문 수집 제한 개수를 초과했습니다.,False,,2026-09-13 09:02:27
미국,디지털 전환,디지털 전환,디지털 전환 stock market earnings investment,Coinbase Swings to a Fourth-Quarter Loss Amid Crypto Meltdown - WSJ,https://news.google.com/rss/articles/CBMirgFBVV95cUxPb05aV1NidmFCcjJFYzFRdXR4U1E5c2ZCQkwtU2FvSHd1Tjh3LUdLS1lEcllFclhkM0xVZDJRMDdWU09Fc3Q4cjk4bmptQUNJY1g1MWgyeU42dHRkbFdTR19fMlR2djBDWFo3UzRKa1VxNDFDQ0lmU3pIMUd2M0R5Tksycm0yZ2NoRXRiTVU0cXNlUzUzVk41XzlZVkEyMnBaTjhfclgycjJ6Q1ZaYkE?oc=5,"Thu, 12 Feb 2026 08:00:00 GMT",WSJ,IT서비스,https://news.google.com/rss/articles/CBMirgFBVV95cUxPb05aV1NidmFCcjJFYzFRdXR4U1E5c2ZCQkwtU2FvSHd1Tjh3LUdLS1lEcllFclhkM0xVZDJRMDdWU09Fc3Q4cjk4bmptQUNJY1g1MWgyeU42dHRkbFdTR19fMlR2djBDWFo3UzRKa1VxNDFDQ0lmU3pIMUd2M0R5Tksycm0yZ2NoRXRiTVU0cXNlUzUzVk41XzlZVkEyMnBaTjhfclgycjJ6Q1ZaYkE?oc=5,,False,본문 수집 제한 개수를 초과했습니다.,False,,2026-09-13 09:02:27
미국,디지털 전환,디지털 전환,디지털 전환 stock market earnings investment,Key Digital Transformation Challenges in Ecommerce for 2026 and How to Solve Them - Shopify,https://news.google.com/rss/articles/CBMifkFVX3lxTE1rUEwydmN0VU9lMVl2X0NuMldBLWJqQU0xX0JIZWwycEwyUHhnQ2FjajgzbWszanVDNHU2QUpjc1F6UGdTRW1pUVd5VGhJTXVCUDkyMjl3MFNsRzJyWFRpUm51NXhiWkttWEFnMG54V3FQR2JZS0FhZG5VTXR2QQ?oc=5,"Sat, 17 Jan 2026 08:00:00 GMT",Shopify,IT서비스,https://news.google.com/rss/articles/CBMifkFVX3lxTE1rUEwydmN0VU9lMVl2X0NuMldBLWJqQU0xX0JIZWwycEwyUHhnQ2FjajgzbWszanVDNHU2QUpjc1F6UGdTRW1pUVd5VGhJTXVCUDkyMjl3MFNsRzJyWFRpUm51NXhiWkttWEFnMG54V3FQR2JZS0FhZG5VTXR2QQ?oc=5,,False,본문 수집 제한 개수를 초과했습니다.,False,,2026-09-13 09:02:27
일본,AI 서비스,AI 서비스,AI 서비스 日本 株式市場 企業,「企業価値100兆ウォン」ディープシーク、どれほど稼いでいるのか…上場控え観戦ポイント - s.japanese.joins.com,https://news.google.com/rss/articles/CBMiekFVX3lxTE1sSVl1Ry1qeU96M1pNaUNXQVZUcnNxSkFUOUx3aUNBYUlXZlVXSkhNTjdneW9OU043SS1TWXozSW00OHpXRHRWR1BYUUJSNWU4WjBnMGNlNHR3MVk1REZVX201LXZ2enlVckFkcFhab1dhVGxrdF9pM3Bn?oc=5,"Fri, 11 Sep 2026 07:02:00 GMT",s.japanese.joins.com,IT서비스,https://s.japanese.joins.com/JArticle/354948?servcode=A00&sectcode=A00,s.japanese.joins.com,True,,True,,2026-09-13 09:02:27
일본,SI,SI,SI 日本 株式市場 企業,｢SaaSの死｣でなく､むしろ収益拡大に向かう大手SI企業 - 四季報オンライン,https://news.google.com/rss/articles/CBMiV0FVX3lxTE1ZbGo3NXQ0bzQzblFUeEtkWE5EVjdqZ3p4T0QyYTBZcGMwTmlCSXNVUFJNcTJBVmtZRXE1aElJOWRYNkZJYnVBUmlFemZQZTdlNjdHNFRFRQ?oc=5,"Mon, 27 Jul 2026 07:00:00 GMT",四季報オンライン,IT서비스,https://shikiho.toyokeizai.net/news/0/952590,shikiho.toyokeizai.net,True,,True,,2026-09-13 09:02:27
일본,SI,SI,SI 日本 株式市場 企業,【ゲームエンタメ株前場(7/23)】シリコンスタジオが3日連続のS高 目標株価引き下げ東宝とコーエーテクモが安い(gamebiz) - Yahoo!ファイナンス,https://news.google.com/rss/articles/CBMihwFBVV95cUxPT2NNTnVYbUkteDVGdnd5dm1vVUU1WXJkcTlFb1dHNmZNaUJrOWY1ZVc4SDhiaW5JWmktc2xPNnVnV25oOFV3dkJ1Z2RDaml0R002MzNla1cybUZVVkJXM055MF9WeGtpanZ3MWVHNEdjYllTc3YzVWVtNXBkVzhDNkpNZmk0NFk?oc=5,"Thu, 23 Jul 2026 07:00:00 GMT",Yahoo!ファイナンス,IT서비스,https://finance.yahoo.co.jp/news/detail/10bbd62f3dff57bd1bf805565566d9f860c18c62,finance.yahoo.co.jp,True,,True,,2026-09-13 09:02:27
일본,AI 서비스,AI 서비스,AI 서비스 日本 株式市場 企業,韓国とは異なる日本株式市場…同じ半導体急落でも静かだった日本 - s.japanese.joins.com,https://news.google.com/rss/articles/CBMiekFVX3lxTFBNRnkyMjdXOXNBTjVnbHlsNmdwaFRGaFVJU1Y0bWdhZUduN3RZcWtibzFVM2xobENWbXdmblFFZXdxMjVJRnQ1elFmOWQ4TmxRa24xTFJ6LW92MVRWVzUwUWFTMW9nVmR6c0o3MUstV0lGUEhjcUdNNXJR?oc=5,"Tue, 14 Jul 2026 07:00:00 GMT",s.japanese.joins.com,IT서비스,https://s.japanese.joins.com/JArticle/351982?sectcode=A00&servcode=A00,s.japanese.joins.com,True,,True,,2026-09-13 09:02:27
일본,SI,SI,SI 日本 株式市場 企業,上期の株価上昇率、AI半導体銘柄が席巻 シリコンサイクル見直しで評価一変 ヴェリタスEYE（6月30日） - 日本経済新聞,https://news.google.com/rss/articles/CBMifkFVX3lxTE1MVEN5RmMzOXE0T01xNlhWVlBQZi1XdGFmWlV2bEQ0M1lLOXQweExFbzhqZm5KQk5JYTlYUkdoVC1idFpaV2hZOVpQZGFtbkI0NS1oeXdpdDZLeXhJQ3RZM1ZjYmZKcVg1V0paUFJiclJ4TkRRQjRiYjU1enZfUQ?oc=5,"Tue, 30 Jun 2026 07:00:00 GMT",日本経済新聞,IT서비스,https://news.google.com/rss/articles/CBMifkFVX3lxTE1MVEN5RmMzOXE0T01xNlhWVlBQZi1XdGFmWlV2bEQ0M1lLOXQweExFbzhqZm5KQk5JYTlYUkdoVC1idFpaV2hZOVpQZGFtbkI0NS1oeXdpdDZLeXhJQ3RZM1ZjYmZKcVg1V0paUFJiclJ4TkRRQjRiYjU1enZfUQ?oc=5,,False,본문 수집 제한 개수를 초과했습니다.,False,,2026-09-13 09:02:27
일본,SI,SI,SI 日本 株式市場 企業,"日本シリコンフォトニクス市場、2035年9億3,970万米ドル規模へ｜CAGR 24.51％が牽引 - Newscast.jp",https://news.google.com/rss/articles/CBMiR0FVX3lxTE5tMEdnSzlUNlR1UDhBM1Y0ZDhwV1MzeXpRS1Y0MVR4aDdaOXpLQmlTaWRscWVzYnd1bzgweEx1NkdUZlBTWjBV?oc=5,"Sat, 20 Jun 2026 07:00:00 GMT",Newscast.jp,IT서비스,https://news.google.com/rss/articles/CBMiR0FVX3lxTE5tMEdnSzlUNlR1UDhBM1Y0ZDhwV1MzeXpRS1Y0MVR4aDdaOXpLQmlTaWRscWVzYnd1bzgweEx1NkdUZlBTWjBV?oc=5,,False,본문 수집 제한 개수를 초과했습니다.,False,,2026-09-13 09:02:27
일본,AI 서비스,AI 서비스,AI 서비스 日本 株式市場 企業,ソフトバンク、トヨタを抜き日本時価総額首位に - s.japanese.joins.com,https://news.google.com/rss/articles/CBMiekFVX3lxTFBoeDdiX1RRU1NxUDAxbGN5el9rY001Vzd2T3NEUFQ5NU1IZ2JZdjZSVDFFVFBfaGlhZU5HQjFkYkNjblU2b2FwTkZOMGJHMThkSzhITkdXUnNpSUs4MjhGMkJ6cEJpcmFpQ1NVNjZuakxtWm9RZ0xzS1Zn?oc=5,"Tue, 02 Jun 2026 07:00:00 GMT",s.japanese.joins.com,IT서비스,https://news.google.com/rss/articles/CBMiekFVX3lxTFBoeDdiX1RRU1NxUDAxbGN5el9rY001Vzd2T3NEUFQ5NU1IZ2JZdjZSVDFFVFBfaGlhZU5HQjFkYkNjblU2b2FwTkZOMGJHMThkSzhITkdXUnNpSUs4MjhGMkJ6cEJpcmFpQ1NVNjZuakxtWm9RZ0xzS1Zn?oc=5,,False,본문 수집 제한 개수를 초과했습니다.,False,,2026-09-13 09:02:27
일본,SI,SI,SI 日本 株式市場 企業,今週のマーケット：AI半導体株の一極集中は続く？決算発表ピークで「出遅れ株」物色が広がるか - トウシル,https://news.google.com/rss/articles/CBMiWkFVX3lxTE1SYXlaTEx5cXpxSzlfWTVfVFgyX1VWaXlBNzhGZVlkTkxRTlZNYnpTNHozSE8tY1BKNXltQnVjRlpaUEh4N1JnaXZwcWpRYVZadEk4UWNmWnYwQQ?oc=5,"Mon, 11 May 2026 07:00:00 GMT",トウシル,IT서비스,https://news.google.com/rss/articles/CBMiWkFVX3lxTE1SYXlaTEx5cXpxSzlfWTVfVFgyX1VWaXlBNzhGZVlkTkxRTlZNYnpTNHozSE8tY1BKNXltQnVjRlpaUEh4N1JnaXZwcWpRYVZadEk4UWNmWnYwQQ?oc=5,,False,본문 수집 제한 개수를 초과했습니다.,False,,2026-09-13 09:02:27
일본,AI 서비스,AI 서비스,AI 서비스 日本 株式市場 企業,株式会社coffee houseとの業務提携契約締結のお知らせ - PR TIMES,https://news.google.com/rss/articles/CBMiakFVX3lxTE8tUkd0UWRjd2VUdFU2N3ViM0dVY2d5eUJZM0pfbThRd1hxX2ZRRGxIem9BcWhqY0xSdkVnV09ETTFGcjA0T2xjYW9OLVN5aUFOUjF5Mkw5TjJPUTJFYzN4d1FyOVQ1TFhBQVE?oc=5,"Mon, 27 Jan 2025 08:00:00 GMT",PR TIMES,IT서비스,https://news.google.com/rss/articles/CBMiakFVX3lxTE8tUkd0UWRjd2VUdFU2N3ViM0dVY2d5eUJZM0pfbThRd1hxX2ZRRGxIem9BcWhqY0xSdkVnV09ETTFGcjA0T2xjYW9OLVN5aUFOUjF5Mkw5TjJPUTJFYzN4d1FyOVQ1TFhBQVE?oc=5,,False,본문 수집 제한 개수를 초과했습니다.,False,,2026-09-13 09:02:27
일본,AI 서비스,AI 서비스,AI 서비스 日本 株式市場 企業,トレンドマイクロ (JP) | エンタープライズ向けグローバルAIサイバーセキュリティプラットフォーム - www.trendmicro.com,https://news.google.com/rss/articles/CBMiWkFVX3lxTFBOMEtWVFYzWDhwZWZrcEo5cHFMX1pXWGFMckNlUWdObFRUc19UaUU0TnhzbUVZT2F2NXFDcUdJTmNYQ0xIODA5U0w1dUVmNjU2UFY1UzBKX1dzUQ?oc=5,"Fri, 01 Sep 2017 14:21:45 GMT",www.trendmicro.com,IT서비스,https://news.google.com/rss/articles/CBMiWkFVX3lxTFBOMEtWVFYzWDhwZWZrcEo5cHFMX1pXWGFMckNlUWdObFRUc19UaUU0TnhzbUVZT2F2NXFDcUdJTmNYQ0xIODA5U0w1dUVmNjU2UFY1UzBKX1dzUQ?oc=5,,False,본문 수집 제한 개수를 초과했습니다.,False,,2026-09-13 09:02:27
일본,IT서비스,IT서비스,IT서비스 日本 株式市場 企業,サムスン電子の実績好調で各国のIT株が上昇 - 조선일보,https://news.google.com/rss/articles/CBMie0FVX3lxTE9yUEQ3MkxsNlNUajhfTUczdEpiaDBUSEpoemZWSUVnOFkxYmpLRFA1WnVuRFQ2N3dUNVE4dUZvVVk5MTJUOEw4Q2JmQmVqSE5Ib19BMXpCRzBIX1lCOGFzZ1NtbHlBd3REWjBjUjlVQ2RRaTBXU1Q0bjlqTQ?oc=5,"Mon, 17 Jan 2005 08:00:00 GMT",조선일보,IT서비스,https://news.google.com/rss/articles/CBMie0FVX3lxTE9yUEQ3MkxsNlNUajhfTUczdEpiaDBUSEpoemZWSUVnOFkxYmpLRFA1WnVuRFQ2N3dUNVE4dUZvVVk5MTJUOEw4Q2JmQmVqSE5Ib19BMXpCRzBIX1lCOGFzZ1NtbHlBd3REWjBjUjlVQ2RRaTBXU1Q0bjlqTQ?oc=5,,False,본문 수집 제한 개수를 초과했습니다.,False,,2026-09-13 09:02:27
중동,SI,SI,SI Middle East Gulf Saudi UAE Qatar oil LNG defense energy investment,India's energy security at a crossroads: The Hormuz crisis and an opportunity for US-India cooperation - Atlantic Council,https://news.google.com/rss/articles/CBMi5wFBVV95cUxQem9WQkJEVnBqWDZXZmJ5ZzJzT2hETzQ3SF9FbG1rUWc4SmdsOFRFS1NOaXh1TjdBeFZxTlBfT19kSXRFcWEtSWJHVG5YTExfdFo0dlQ2U09LRkVDUUNzRTdPTHJoSTk0N2wydVdhOVBwbjc4dk50Qmt5WXc2YUtfSTNPUFgtLXNkWDZUVGJjZzFZOGswa09HMkU4Nlh6ZXYyVGJzOWJXODFydTZVQ0drSGo4TGlkWE9BaVNoWVNTZUFTUGRFMURQSWF3OWZSWXJFYlA2Zjh5bk9pYS1oR010UjA0LUMya3c?oc=5,"Fri, 05 Jun 2026 07:00:00 GMT",Atlantic Council,IT서비스,https://www.atlanticcouncil.org/blogs/energysource/indias-energy-security-at-a-crossroads-the-hormuz-crisis-and-an-opportunity-for-us-india-cooperation/,www.atlanticcouncil.org,True,,True,,2026-09-13 09:02:27
중동,SI,SI,SI Middle East Gulf Saudi UAE Qatar oil LNG defense energy investment,Oil exporters scramble for routes beyond Hormuz — but there are no easy options - CNBC,https://news.google.com/rss/articles/CBMiqwFBVV95cUxPMzBEaVhqaER0aWxjWXpuVTJiOW1wbjE4THJoaDBOUmpXRURaX3BQbm9sTmpwX21lS3pJcGszMkx4SFVFREQ3THNFaEJabGphbmNvVmNITnViLU1UeWxKV2c2OFctSlBVdHUyZnNpOTBNTElJRjcwRTNWZkpPMVNGZGJsYzNpcFY2dnlPLVI5bW1xYk1EQ0FFYnc3OEdTUk80ZUhzYTBuZXI3SnPSAbABQVVfeXFMTWJsWGhFUXB5QlR2SGNKOEI4NEw4Wk94ckJJVjZITXF1S3huYVVyWVJ2QlRTSGNORTM2YlBLV083VlFOSHJCVHBuNnNlU1FkQU4zT2daSFJ5RGZUWUNkSnh0b1pzWDg1N3dxM2FOb3hYdVB2QVpSWTRuaWhJZUMwc3Y5SVVkR0pZYmdfSkstaWQ0d3ZVY0xxTlZibkVDc1FMOGxxenBOdzRKeGFNem95SmE?oc=5,"Thu, 23 Apr 2026 07:00:00 GMT",CNBC,IT서비스,https://www.cnbc.com/2026/04/23/strait-hormuz-closure-alternative-routes-middle-east-oil-gas-pipelines.html,www.cnbc.com,True,,True,,2026-09-13 09:02:27
중동,SI,SI,SI Middle East Gulf Saudi UAE Qatar oil LNG defense energy investment,Hormuz closure divides the fortunes of Middle Eastern oil states - Reuters,https://news.google.com/rss/articles/CBMirgFBVV95cUxQb1pUejBqV190WVVhZlhfTnJzaDRIWHEwVXZqc1ZxWFRScnlxYmFhRUVoc0NmUE9LXzBCVEZuT3BtaUhMeVlaYkVfeTdGekljdnZyVlVtQnFHUm1kSmpWM3JVZFB3VU0wSER0cGVYc1d1aGlKcHJ1SFFQY3hiVWZralNVYzhlY25lMnE5M19NRHhVQUVJN1l6RFRZdU5UeTQ1QlJ1azdnQ3BLZU54WEE?oc=5,"Mon, 06 Apr 2026 07:00:00 GMT",Reuters,IT서비스,https://news.google.com/rss/articles/CBMirgFBVV95cUxQb1pUejBqV190WVVhZlhfTnJzaDRIWHEwVXZqc1ZxWFRScnlxYmFhRUVoc0NmUE9LXzBCVEZuT3BtaUhMeVlaYkVfeTdGekljdnZyVlVtQnFHUm1kSmpWM3JVZFB3VU0wSER0cGVYc1d1aGlKcHJ1SFFQY3hiVWZralNVYzhlY25lMnE5M19NRHhVQUVJN1l6RFRZdU5UeTQ1QlJ1azdnQ3BLZU54WEE?oc=5,,False,401 Client Error: HTTP Forbidden for url: https://www.reuters.com/business/energy/hormuz-closure-divides-fortunes-middle-eastern-oil-states-2026-04-06/,True,,2026-09-13 09:02:27
중동,SI,SI,SI Middle East Gulf Saudi UAE Qatar oil LNG defense energy investment,The Gulf and the Iran Conflict: An Economic Model Under Pressure - ISPI,https://news.google.com/rss/articles/CBMisAFBVV95cUxOWVVvRnZDRWZIVk5fTUNvbDMtejJsaU9MLXdzUUtMQ2xyVDZUaENFU21CR2xabEIzZDBtcDZmSG02QUo4eFNKRDZqUXBFS2pDZWRrMEthRE9UMnhmOUl6c0ZhYS1ORk1NSjJnanpGWFpCRFZwTEh6ZWh3NWwwdWNIeGdON3pTU2QzdkdFUVlUN2hBdGZqRU5MUTZ1SzBDWGt0dTdjNVRibFVIWUg5XzNhUw?oc=5,"Thu, 02 Apr 2026 11:11:16 GMT",ISPI,IT서비스,https://news.google.com/rss/articles/CBMisAFBVV95cUxOWVVvRnZDRWZIVk5fTUNvbDMtejJsaU9MLXdzUUtMQ2xyVDZUaENFU21CR2xabEIzZDBtcDZmSG02QUo4eFNKRDZqUXBFS2pDZWRrMEthRE9UMnhmOUl6c0ZhYS1ORk1NSjJnanpGWFpCRFZwTEh6ZWh3NWwwdWNIeGdON3pTU2QzdkdFUVlUN2hBdGZqRU5MUTZ1SzBDWGt0dTdjNVRibFVIWUg5XzNhUw?oc=5,,False,403 Client Error: Forbidden for url: https://www.ispionline.it/en/publication/the-gulf-and-the-iran-conflict-an-economic-model-under-pressure-234039,True,,2026-09-13 09:02:27
중동,SI,SI,SI Middle East Gulf Saudi UAE Qatar oil LNG defense energy investment,Gulf states have tolerated Iranian strikes so far — but their 'defensive' stance won't last forever - CNBC,https://news.google.com/rss/articles/CBMiuwFBVV95cUxOcUhlSks4SEtFMnpQZ3FfZ0dLRV9zaDVwbDIyWjVsOElwb1lpSFpuTWhQb3ZmUHlIcWthanJSZll1U1EtdGF2bWJqbjk0WWZQUHVwSUZRelZsMl9DaEJseTYteFltN2N1VFBpUGR4T0hjTlk0eUEyTVlzWTVkWnZqT1BKQVVGSmI3WkJsQlMzdGRRVndnNWFzLUFaSENxQ3BFM3M5SjlDNGs1N2c1S2puVWlMdXlMaEk0b1lN0gHAAUFVX3lxTFByeEpHeTdLR3ZOWVFGLWh0eTFBZW9Zc2Eyb1B1QmdVZXltZmtTNTN4LUpwODFULWdTYjEtYUVtZHZpR1JwVlJpdGlGVm9XbFpYOHZQLV9RTDFaQ3kwenlUZ3F5TWFUR25MV0I1TmJ0WGg1d3p3b3YzVEJxN0dxdnZUd1pSZlYtQXAxTU16ZG81YjFVcGlzMG5MOTk3ajVMdlUzcEp5OHU0VzdNeXBPekZhb2RSc0pwY2xOMHV2VFdqdQ?oc=5,"Thu, 19 Mar 2026 07:00:00 GMT",CNBC,IT서비스,https://news.google.com/rss/articles/CBMiuwFBVV95cUxOcUhlSks4SEtFMnpQZ3FfZ0dLRV9zaDVwbDIyWjVsOElwb1lpSFpuTWhQb3ZmUHlIcWthanJSZll1U1EtdGF2bWJqbjk0WWZQUHVwSUZRelZsMl9DaEJseTYteFltN2N1VFBpUGR4T0hjTlk0eUEyTVlzWTVkWnZqT1BKQVVGSmI3WkJsQlMzdGRRVndnNWFzLUFaSENxQ3BFM3M5SjlDNGs1N2c1S2puVWlMdXlMaEk0b1lN0gHAAUFVX3lxTFByeEpHeTdLR3ZOWVFGLWh0eTFBZW9Zc2Eyb1B1QmdVZXltZmtTNTN4LUpwODFULWdTYjEtYUVtZHZpR1JwVlJpdGlGVm9XbFpYOHZQLV9RTDFaQ3kwenlUZ3F5TWFUR25MV0I1TmJ0WGg1d3p3b3YzVEJxN0dxdnZUd1pSZlYtQXAxTU16ZG81YjFVcGlzMG5MOTk3ajVMdlUzcEp5OHU0VzdNeXBPekZhb2RSc0pwY2xOMHV2VFdqdQ?oc=5,,False,본문 수집 제한 개수를 초과했습니다.,False,,2026-09-13 09:02:27
국내,부동산,부동산,부동산,'경기 부동산 콘퍼런스' 15일 개최…AI시대 거래 안전 논의 - 뉴시스,https://news.google.com/rss/articles/CBMiYEFVX3lxTE9OZHNfUzlyUEQwem1QTkxCTnA0SjFwcmd3MDl3ODdCZXAta3cxbXY4eU1CbEN5SkVjaGltRUFmSVI5LVF5Y2NqUnhpN0cxUi0tSk84NEtpUnNGZ043VVVEVQ?oc=5,"Sat, 12 Sep 2026 23:41:09 GMT",뉴시스,건설/건자재,https://www.newsis.com/view/NISX20260913_0003787055,www.newsis.com,True,,True,,2026-09-13 09:03:15
국내,건설,건설,건설,노란봉투법·추투에 레미콘 파업까지…노동부 건설현장 노사관리 도마 - v.daum.net,https://news.google.com/rss/articles/CBMiT0FVX3lxTE9CQUJ5TE9DbnVPeDZoWkN1aGZJZDgwNElQaHpoMmxfQ3QtRy1FRlpMNE1CbjktVzJVU2dHWDk0ZWNMM0hmUVE0b1BpOXhQZFE?oc=5,"Sat, 12 Sep 2026 22:31:00 GMT",v.daum.net,건설/건자재,https://v.daum.net/v/20260913073134727,v.daum.net,True,,True,,2026-09-13 09:03:15
국내,부동산,부동산,부동산,"경기도, '부동산 콘퍼런스' 15일 개최…AI 활용 등 논의 - v.daum.net",https://news.google.com/rss/articles/CBMiT0FVX3lxTE9hRTE1ZERPXzl5aUg2SVBLbUotV2o2UGdwQlBYUmt5QVl4dF9XT1hzSVZySkZIOWJZZDNzNmNKT0dVTi1KNnpqanU2ZXctZWM?oc=5,"Sat, 12 Sep 2026 22:01:50 GMT",v.daum.net,건설/건자재,https://v.daum.net/v/20260913070150385,v.daum.net,True,,True,,2026-09-13 09:03:15
국내,건설,건설,건설,"제주도, 추석 앞두고 건설현장 임금·하도급대금 체불 점검 - v.daum.net",https://news.google.com/rss/articles/CBMiT0FVX3lxTE9WV1RzaFRxZE5lX1BTTWRjemwwc05HMWJ1djhCUS1zZnNjRGFyZTcyTUFWeVFYYlhwTzc5OEFfcXk4SVB2a2FoWWdaX0IyV0E?oc=5,"Sat, 12 Sep 2026 21:02:43 GMT",v.daum.net,건설/건자재,https://v.daum.net/v/20260913060243920,v.daum.net,True,,True,,2026-09-13 09:03:15
국내,부동산,부동산,부동산,"‘깡통전세’ 후폭풍 무섭네…인천·경기 강제경매 매각, 작년 추월 [부동산360] - 헤럴드경제",https://news.google.com/rss/articles/CBMiVkFVX3lxTE9MV2dtemJFMTNXYXhwNWtkT0JLSTlPWnpYYVFNUkhhbFJyUXlnZWlCVUpCUmJKamVpVjdocHgzNXk4VktVc094Z1VvVmkyU0dxSkJmMnNn?oc=5,"Sat, 12 Sep 2026 06:00:00 GMT",헤럴드경제,건설/건자재,https://news.google.com/rss/articles/CBMiVkFVX3lxTE9MV2dtemJFMTNXYXhwNWtkT0JLSTlPWnpYYVFNUkhhbFJyUXlnZWlCVUpCUmJKamVpVjdocHgzNXk4VktVc094Z1VvVmkyU0dxSkJmMnNn?oc=5,,False,본문 수집 제한 개수를 초과했습니다.,False,,2026-09-13 09:03:15
국내,건설,건설,건설,공사 따내고 투자수익까지…K건설 해외수주 공식 바꾼다 - 전자신문,https://news.google.com/rss/articles/CBMiTkFVX3lxTE5ObW15TDROb1ppeHZSRVVBWGlHRXplN2ZPeDJTNDhOVFp2ZjFXSDNHTy1jcDhkcW5iVG96TWF0aEp6TWlnaE92TldYSUZWZw?oc=5,"Sat, 12 Sep 2026 03:00:00 GMT",전자신문,건설/건자재,https://news.google.com/rss/articles/CBMiTkFVX3lxTE5ObW15TDROb1ppeHZSRVVBWGlHRXplN2ZPeDJTNDhOVFp2ZjFXSDNHTy1jcDhkcW5iVG96TWF0aEp6TWlnaE92TldYSUZWZw?oc=5,,False,본문 수집 제한 개수를 초과했습니다.,False,,2026-09-13 09:03:15
국내,부동산,부동산,부동산,[무엇이든리뷰] 부동산 업데이트 된 네이버 AI탭...“실시간으로 최신 매물 찾는다” - 전자신문,https://news.google.com/rss/articles/CBMiTkFVX3lxTE92UmE5LVpEZzk2bjN3MjNLZ2psYnRfNjJXVldVVGNvd2kxb0tiUEpZd1FZQlVjZ3hQTnpHX01MalR1dDRkbXAtVmZNTzZYUQ?oc=5,"Sat, 12 Sep 2026 03:00:00 GMT",전자신문,건설/건자재,https://news.google.com/rss/articles/CBMiTkFVX3lxTE92UmE5LVpEZzk2bjN3MjNLZ2psYnRfNjJXVldVVGNvd2kxb0tiUEpZd1FZQlVjZ3hQTnpHX01MalR1dDRkbXAtVmZNTzZYUQ?oc=5,,False,본문 수집 제한 개수를 초과했습니다.,False,,2026-09-13 09:03:15
국내,SOC,SOC,SOC,"경기도의회 박영선 의원, SOC 예산 대규모 감액 문제 지적 - 김포시민신문",https://news.google.com/rss/articles/CBMiQkFVX3lxTFBsX2hFZ2NFRWd4SFRPdUstdlY0V1ZXa0JPRlhKLWU3bm01dTRVbFVJQm95b3FTa18xMFV4TXJZQkdVdw?oc=5,"Fri, 11 Sep 2026 08:59:40 GMT",김포시민신문,건설/건자재,https://news.google.com/rss/articles/CBMiQkFVX3lxTFBsX2hFZ2NFRWd4SFRPdUstdlY0V1ZXa0JPRlhKLWU3bm01dTRVbFVJQm95b3FTa18xMFV4TXJZQkdVdw?oc=5,,False,본문 수집 제한 개수를 초과했습니다.,False,,2026-09-13 09:03:15
국내,건설,건설,건설,무안 군공항 건설 선결 과제 윤곽…'해상매립·미군협상' - 연합뉴스,https://news.google.com/rss/articles/CBMiW0FVX3lxTE5iUzNnUV9mc2lBcERXUDJMVVdidkpPN0ltSjNlcVd0NE9aamhaTnN0Y0RmTXo1NE5aRWNVd1IxZHp2czJSdXlQSFNXSHN4OTFQX0hqbEJDQXNhcDTSAWBBVV95cUxNNnRiR2FfZFdQcTZ2TlhKM1VzTUMwcm9QY1hwbmtMTjFfSGtKTHNQRE43bTdXNUNKU09IbzRIalQzU1VMWFNjSUtUeExfY3RudlRVdDhrT2d2ejItbkhXdUg?oc=5,"Fri, 11 Sep 2026 05:33:00 GMT",연합뉴스,건설/건자재,https://news.google.com/rss/articles/CBMiW0FVX3lxTE5iUzNnUV9mc2lBcERXUDJMVVdidkpPN0ltSjNlcVd0NE9aamhaTnN0Y0RmTXo1NE5aRWNVd1IxZHp2czJSdXlQSFNXSHN4OTFQX0hqbEJDQXNhcDTSAWBBVV95cUxNNnRiR2FfZFdQcTZ2TlhKM1VzTUMwcm9QY1hwbmtMTjFfSGtKTHNQRE43bTdXNUNKU09IbzRIalQzU1VMWFNjSUtUeExfY3RudlRVdDhrT2d2ejItbkhXdUg?oc=5,,False,본문 수집 제한 개수를 초과했습니다.,False,,2026-09-13 09:03:15
국내,건자재,건자재,건자재,"포스코스틸리온, 삼원계 컬러강판 KS 인증…AI 데이터센터 건자재 공략 - PRESS9",https://news.google.com/rss/articles/CBMiZEFVX3lxTE1hMmdWTjI0dDBkYzVpTV94RmNyRjVtVG5KcFo1NkxaV3gxN1VEMGtvdzQ2QXk3VkFEanU3YmhvZlVmR2hXZzZuVHh0OUp0Y3plMGRXaE51dWdxYmRoY0tUR3lTQjg?oc=5,"Fri, 11 Sep 2026 01:19:20 GMT",PRESS9,건설/건자재,https://news.google.com/rss/articles/CBMiZEFVX3lxTE1hMmdWTjI0dDBkYzVpTV94RmNyRjVtVG5KcFo1NkxaV3gxN1VEMGtvdzQ2QXk3VkFEanU3YmhvZlVmR2hXZzZuVHh0OUp0Y3plMGRXaE51dWdxYmRoY0tUR3lTQjg?oc=5,,False,본문 수집 제한 개수를 초과했습니다.,False,,2026-09-13 09:03:15
국내,시멘트,시멘트,시멘트,"시멘트·레미콘·건설업계, 넷제로 테크·제도 개선 방향 논의 - 넷제로뉴스",https://news.google.com/rss/articles/CBMiakFVX3lxTE81c1AxME5uMl9KODc0QU1FUndBY0lrZWpQUEdnaUl6cFVuUUdFSDA4MnlGd0NCLXB3QU9FRnUwMDV0cGtiMVVDRmYzaER6QktxWFFuMk9fSXZLb1ZoMFBqT0ZoNkhZb1lLRWfSAW5BVV95cUxPMWM0R0FJdThEMmdvRElKUm4ya1RKMDV2eXNpOE5vOHFJQlV5bzVJNmlwMGJBaE01OUVKQmF1X0lzd1Z4d0NrQlVkZ3FCeERobzhfZnBHN3dnUVIzbXJ2cXhQbUxJMnFYOGx4R2ZFUQ?oc=5,"Fri, 11 Sep 2026 00:57:35 GMT",넷제로뉴스,건설/건자재,https://news.google.com/rss/articles/CBMiakFVX3lxTE81c1AxME5uMl9KODc0QU1FUndBY0lrZWpQUEdnaUl6cFVuUUdFSDA4MnlGd0NCLXB3QU9FRnUwMDV0cGtiMVVDRmYzaER6QktxWFFuMk9fSXZLb1ZoMFBqT0ZoNkhZb1lLRWfSAW5BVV95cUxPMWM0R0FJdThEMmdvRElKUm4ya1RKMDV2eXNpOE5vOHFJQlV5bzVJNmlwMGJBaE01OUVKQmF1X0lzd1Z4d0NrQlVkZ3FCeERobzhfZnBHN3dnUVIzbXJ2cXhQbUxJMnFYOGx4R2ZFUQ?oc=5,,False,본문 수집 제한 개수를 초과했습니다.,False,,2026-09-13 09:03:15
국내,부동산,부동산,부동산,집 살 사람은 다 샀다? 뜨겁던 서울 부동산에 '찬바람' - 머니투데이 - 머니투데이,https://news.google.com/rss/articles/CBMiakFVX3lxTE9XWS1zblhScHFLcHN6dEdDemhLajBQaVlYMTZTd0lYTzNjYVdVNlowMVIxUUduYXFuNDQ2bFpQOGJrNDRxV1BfUVNzOTAtVmdGQWk5Nk1VOG5CRzZONkJ4TERJSWVvYW04U3fSAW9BVV95cUxOVGhsSmdKSkEyMzN0VTgzMDRnNTVwaW90Yml4UHQwQTh0dFVaRUw3YWxpRDcxWUx6Y1BNTWVvdkh1MjJIY2ZEYkpRRjdxekVNTDY3RkhSaEhLTnhGeS00SUNXaVZROFN5ODhDSjV2Wk0?oc=5,"Thu, 10 Sep 2026 21:30:00 GMT",머니투데이,건설/건자재,https://news.google.com/rss/articles/CBMiakFVX3lxTE9XWS1zblhScHFLcHN6dEdDemhLajBQaVlYMTZTd0lYTzNjYVdVNlowMVIxUUduYXFuNDQ2bFpQOGJrNDRxV1BfUVNzOTAtVmdGQWk5Nk1VOG5CRzZONkJ4TERJSWVvYW04U3fSAW9BVV95cUxOVGhsSmdKSkEyMzN0VTgzMDRnNTVwaW90Yml4UHQwQTh0dFVaRUw3YWxpRDcxWUx6Y1BNTWVvdkh1MjJIY2ZEYkpRRjdxekVNTDY3RkhSaEhLTnhGeS00SUNXaVZROFN5ODhDSjV2Wk0?oc=5,,False,본문 수집 제한 개수를 초과했습니다.,False,,2026-09-13 09:03:15
국내,시멘트,시멘트,시멘트,탄소배출 줄이자…시멘트ㆍ레미콘ㆍ건설 머리 맞대 - 대한경제,https://news.google.com/rss/articles/CBMidEFVX3lxTE5lVjY2UjZRSUN2YUlBTEZ4dmozTXpwQ2wwVzcwUXhEY0h4bUs2YWlVdEg2TERHVWtHb2phNTBRSjU2VW9SbWdUS0hZOUFSc2RNcTV5NC1jaWFaQVVMemhObFdKUVJDby1Bd0RpSXhob3BkNEFf?oc=5,"Thu, 10 Sep 2026 20:40:14 GMT",대한경제,건설/건자재,https://news.google.com/rss/articles/CBMidEFVX3lxTE5lVjY2UjZRSUN2YUlBTEZ4dmozTXpwQ2wwVzcwUXhEY0h4bUs2YWlVdEg2TERHVWtHb2phNTBRSjU2VW9SbWdUS0hZOUFSc2RNcTV5NC1jaWFaQVVMemhObFdKUVJDby1Bd0RpSXhob3BkNEFf?oc=5,,False,본문 수집 제한 개수를 초과했습니다.,False,,2026-09-13 09:03:15
국내,건설,건설,건설,오피스 줄이는 건설사…건설경기 침체에 비용 절감 - 뉴시스,https://news.google.com/rss/articles/CBMiYEFVX3lxTE5DbE5ub1pESkY0dkFIdk13NVYwelRDLTd1Um1aRE9sMDJQd3JMSnhKWXJkZFdIZ1BoMHpwMkU3V1g3emRHSlRHYUdqb083bGd5SE83QVU3OFlGckdlUG9sT9IBeEFVX3lxTE9BYlVIbm50SkYza3hNVGlfd1ZQSk4yR3NHZWRiU1FOWmp0RXFJUDRVSUxfNG1hdHhQT2J4dlRVM05NTnZ3aldiU1VGQnlUeXVhS3RhbWtEb1MtTE4ySUxhWVQ2czNRaElFeTdUU1ZFRUM1d010aVJZXw?oc=5,"Thu, 10 Sep 2026 19:00:00 GMT",뉴시스,건설/건자재,https://news.google.com/rss/articles/CBMiYEFVX3lxTE5DbE5ub1pESkY0dkFIdk13NVYwelRDLTd1Um1aRE9sMDJQd3JMSnhKWXJkZFdIZ1BoMHpwMkU3V1g3emRHSlRHYUdqb083bGd5SE83QVU3OFlGckdlUG9sT9IBeEFVX3lxTE9BYlVIbm50SkYza3hNVGlfd1ZQSk4yR3NHZWRiU1FOWmp0RXFJUDRVSUxfNG1hdHhQT2J4dlRVM05NTnZ3aldiU1VGQnlUeXVhS3RhbWtEb1MtTE4ySUxhWVQ2czNRaElFeTdUU1ZFRUM1d010aVJZXw?oc=5,,False,본문 수집 제한 개수를 초과했습니다.,False,,2026-09-13 09:03:15
국내,시멘트,시멘트,시멘트,시멘트업계 “저탄소 시멘트 확산 위해 KS·표준시방서 개선 필요” - 동아일보,https://news.google.com/rss/articles/CBMiZkFVX3lxTE15YmZ2Wi1LZ3RSeEJwMElYVFh5T0htaFlOTy10bDUyZFFseU1QNjJnRWN6YXVBTVpQa3dST0pNbFM1ZndxaWMtZlNlQ0tfMTE1ZHQxa0N5aUxnb1M3WU55QTh2TmpYZ9IBZkFVX3lxTE15YmZ2Wi1LZ3RSeEJwMElYVFh5T0htaFlOTy10bDUyZFFseU1QNjJnRWN6YXVBTVpQa3dST0pNbFM1ZndxaWMtZlNlQ0tfMTE1ZHQxa0N5aUxnb1M3WU55QTh2TmpYZw?oc=5,"Thu, 10 Sep 2026 08:37:13 GMT",동아일보,건설/건자재,https://news.google.com/rss/articles/CBMiZkFVX3lxTE15YmZ2Wi1LZ3RSeEJwMElYVFh5T0htaFlOTy10bDUyZFFseU1QNjJnRWN6YXVBTVpQa3dST0pNbFM1ZndxaWMtZlNlQ0tfMTE1ZHQxa0N5aUxnb1M3WU55QTh2TmpYZ9IBZkFVX3lxTE15YmZ2Wi1LZ3RSeEJwMElYVFh5T0htaFlOTy10bDUyZFFseU1QNjJnRWN6YXVBTVpQa3dST0pNbFM1ZndxaWMtZlNlQ0tfMTE1ZHQxa0N5aUxnb1M3WU55QTh2TmpYZw?oc=5,,False,본문 수집 제한 개수를 초과했습니다.,False,,2026-09-13 09:03:15
국내,SOC,SOC,SOC,"SOC 예타 대상 기준금액 높인다…정부, 재정운용 제도 개선 논의 - ajunews.com",https://news.google.com/rss/articles/CBMiWkFVX3lxTE00ekxHcDh5QUhnZWdBVmhEU29zSWZWaVB6X3ZPeFFjS1hBejdjTGpXZVlkaE4xSTZ1cjlvN01sMzJJdHhXLTNJWEotSWtENGZzYUJnNXA5eWhRQdIBWEFVX3lxTE82eFllZmdNUXAzNFBzN3dsdko5eE9MSExibEgyYnFfdExNNWlRTFBVZ1pnRlB5eFJzenFyeGlCRjU4UWc1enM4YWFOTXBvQ3NrOE9XWThCVk4?oc=5,"Thu, 10 Sep 2026 08:13:50 GMT",ajunews.com,건설/건자재,https://news.google.com/rss/articles/CBMiWkFVX3lxTE00ekxHcDh5QUhnZWdBVmhEU29zSWZWaVB6X3ZPeFFjS1hBejdjTGpXZVlkaE4xSTZ1cjlvN01sMzJJdHhXLTNJWEotSWtENGZzYUJnNXA5eWhRQdIBWEFVX3lxTE82eFllZmdNUXAzNFBzN3dsdko5eE9MSExibEgyYnFfdExNNWlRTFBVZ1pnRlB5eFJzenFyeGlCRjU4UWc1enM4YWFOTXBvQ3NrOE9XWThCVk4?oc=5,,False,본문 수집 제한 개수를 초과했습니다.,False,,2026-09-13 09:03:15
국내,SOC,SOC,SOC,"지스케일러, 프런티어 AI로 SOC 자동화 - 디일렉",https://news.google.com/rss/articles/CBMiZkFVX3lxTE9OdTQtQVBua1VZRlRKMFlDQWtvWmVvOHdjUUVkaFUwa29oeUhvWGRiQ0FPNGtzYVV1RXlnMG1Nd0lUV3FKZ1paMklnWmEwY2lLMTRkR0p5ZFZEV0xLYzU2YUVFWU9zdw?oc=5,"Thu, 10 Sep 2026 06:59:37 GMT",디일렉,건설/건자재,https://news.google.com/rss/articles/CBMiZkFVX3lxTE9OdTQtQVBua1VZRlRKMFlDQWtvWmVvOHdjUUVkaFUwa29oeUhvWGRiQ0FPNGtzYVV1RXlnMG1Nd0lUV3FKZ1paMklnWmEwY2lLMTRkR0p5ZFZEV0xLYzU2YUVFWU9zdw?oc=5,,False,본문 수집 제한 개수를 초과했습니다.,False,,2026-09-13 09:03:15
국내,시멘트,시멘트,시멘트,저탄소 시멘트 현장 적용 확대…시멘트·레미콘·건설업계 공동 대응 - 매일일보,https://news.google.com/rss/articles/CBMiZEFVX3lxTFA4bG9RdWt0dVk4Rk5uRXVkZ3EwNDBYdjhwT2tudnUyS05LbFVwTlVhWVFkYUZETVBMVXZQTlQxWVJ1amwyQmc5UU1BMmdoVk9TS29BVWhWNW9heEwyR095MThJUjnSAWhBVV95cUxOM2txbGVGM1lpZndUNmx5UGp5dERINFVmakFCZHRmbGhoby1nc25JbXhubXRmckhyV2JhZVJyd0hsR2xTY2syVTVoZmdVZ3QtYkxWdlB4VnRydGpYdDJWZFlHemRBdmtqZw?oc=5,"Thu, 10 Sep 2026 06:43:57 GMT",매일일보,건설/건자재,https://news.google.com/rss/articles/CBMiZEFVX3lxTFA4bG9RdWt0dVk4Rk5uRXVkZ3EwNDBYdjhwT2tudnUyS05LbFVwTlVhWVFkYUZETVBMVXZQTlQxWVJ1amwyQmc5UU1BMmdoVk9TS29BVWhWNW9heEwyR095MThJUjnSAWhBVV95cUxOM2txbGVGM1lpZndUNmx5UGp5dERINFVmakFCZHRmbGhoby1nc25JbXhubXRmckhyV2JhZVJyd0hsR2xTY2syVTVoZmdVZ3QtYkxWdlB4VnRydGpYdDJWZFlHemRBdmtqZw?oc=5,,False,본문 수집 제한 개수를 초과했습니다.,False,,2026-09-13 09:03:15
국내,시멘트,시멘트,시멘트,"""탄소저감 위해 시멘트·레미콘·건설업계 통합 기술개발 필요"" - 연합뉴스",https://news.google.com/rss/articles/CBMiW0FVX3lxTFBQTnRES2lSdDJIczZUVTU0eElRd0tSY0RUU0MxbHA0VGJIRWppOTJLdUZacUx2bm05cU9YU3h1SXdacWZjRlowc01hMDhnbElYbThfcVVxcExONVXSAWBBVV95cUxPWV9ZRDVaTDluSkxiNFViaEtyOFlLSElhS1ZKY29GSEFSdWJlNEVUelhEU3hzWU9fd0p1QXVfNkRvWlhNZ2lqQnhZMF9rZ3U2blpya3lYSWFhakpUd0RUQTk?oc=5,"Thu, 10 Sep 2026 02:44:56 GMT",연합뉴스,건설/건자재,https://news.google.com/rss/articles/CBMiW0FVX3lxTFBQTnRES2lSdDJIczZUVTU0eElRd0tSY0RUU0MxbHA0VGJIRWppOTJLdUZacUx2bm05cU9YU3h1SXdacWZjRlowc01hMDhnbElYbThfcVVxcExONVXSAWBBVV95cUxPWV9ZRDVaTDluSkxiNFViaEtyOFlLSElhS1ZKY29GSEFSdWJlNEVUelhEU3hzWU9fd0p1QXVfNkRvWlhNZ2lqQnhZMF9rZ3U2blpya3lYSWFhakpUd0RUQTk?oc=5,,False,본문 수집 제한 개수를 초과했습니다.,False,,2026-09-13 09:03:15
국내,SOC,SOC,SOC,"LG전자 반도체 SoC 승부수, '세바' SW 탑재하고 차세대 UWB 시장 '선전포고' - 더구루",https://news.google.com/rss/articles/CBMiXkFVX3lxTE5UcXVpQkROZVdMaVZtdjhvUXM5NFVWOXoyYzFSZk5BNElnd29ja3BiYWxnRDBycG9wMWtyeXlMQjBGdVFIUVRIMVBrTmtxbld3alFISVVtdlVEejc0bUE?oc=5,"Wed, 09 Sep 2026 23:05:52 GMT",더구루,건설/건자재,https://news.google.com/rss/articles/CBMiXkFVX3lxTE5UcXVpQkROZVdMaVZtdjhvUXM5NFVWOXoyYzFSZk5BNElnd29ja3BiYWxnRDBycG9wMWtyeXlMQjBGdVFIUVRIMVBrTmtxbld3alFISVVtdlVEejc0bUE?oc=5,,False,본문 수집 제한 개수를 초과했습니다.,False,,2026-09-13 09:03:15
국내,SOC,SOC,SOC,"애플, 아이폰용 첫 2나노급 SoC 'A20 프로' 공개 - 지디넷코리아",https://news.google.com/rss/articles/CBMiVkFVX3lxTE1JT0NQVjhGSDNFcnJZTUoyaHVRRlY4TUhJMHNrOHFrRXcxckJHWlItcmJGRzdxZjlfVTRsYjF1NkZETEY0OHRMd0VfX2kyaGxBS1hJaVlR?oc=5,"Wed, 09 Sep 2026 22:33:26 GMT",지디넷코리아,건설/건자재,https://news.google.com/rss/articles/CBMiVkFVX3lxTE1JT0NQVjhGSDNFcnJZTUoyaHVRRlY4TUhJMHNrOHFrRXcxckJHWlItcmJGRzdxZjlfVTRsYjF1NkZETEY0OHRMd0VfX2kyaGxBS1hJaVlR?oc=5,,False,본문 수집 제한 개수를 초과했습니다.,False,,2026-09-13 09:03:15
국내,건자재,건자재,건자재,[다시 흔들리는 건자재 공급망] (1) 중동 확전… 건설자재 공급망 또 비상 - 대한경제,https://news.google.com/rss/articles/CBMidEFVX3lxTE9kci1jenhoWjUzX2dkOWRqRXQyWnFETnpKdWc4dHZlbmwtSnpDZXZUZHNVQ2JkTnM5OTVPa2dlR2Rsa1J1ekx6a05IVllEdi0td1dUWmhkZEVubVlSVlNXR284WG1EOGg1b0xablZ6bVRBaXBK?oc=5,"Wed, 09 Sep 2026 17:28:48 GMT",대한경제,건설/건자재,https://news.google.com/rss/articles/CBMidEFVX3lxTE9kci1jenhoWjUzX2dkOWRqRXQyWnFETnpKdWc4dHZlbmwtSnpDZXZUZHNVQ2JkTnM5OTVPa2dlR2Rsa1J1ekx6a05IVllEdi0td1dUWmhkZEVubVlSVlNXR284WG1EOGg1b0xablZ6bVRBaXBK?oc=5,,False,본문 수집 제한 개수를 초과했습니다.,False,,2026-09-13 09:03:15
국내,건자재,건자재,건자재,"JP모건, 킹스팬 투자의견 상향…유럽 건자재 업종 선별 접근 유지 - Investing.com 한국어",https://news.google.com/rss/articles/CBMicEFVX3lxTE9WU2lYWVhLNnNHVnJudnR1eWhwUy1ldkR6c2RjT0pqTEsxVEZ3ejUwV3hKWUNCZWlzSlZaSUtMUzFXT1BKVThKVVM1Y2wtdFRiRnQzbnFjRk53WVl0dmlaWDlXOTVLYjBsSUVGUmg3TzU?oc=5,"Wed, 09 Sep 2026 10:38:00 GMT",Investing.com 한국어,건설/건자재,https://news.google.com/rss/articles/CBMicEFVX3lxTE9WU2lYWVhLNnNHVnJudnR1eWhwUy1ldkR6c2RjT0pqTEsxVEZ3ejUwV3hKWUNCZWlzSlZaSUtMUzFXT1BKVThKVVM1Y2wtdFRiRnQzbnFjRk53WVl0dmlaWDlXOTVLYjBsSUVGUmg3TzU?oc=5,,False,본문 수집 제한 개수를 초과했습니다.,False,,2026-09-13 09:03:15
국내,건자재,건자재,건자재,공공기관 '이도향촌' 시동…건자재·건설주 볕드나 - 한국경제,https://news.google.com/rss/articles/CBMiWkFVX3lxTE10dXViRVVseFpVa0dRbWl3bFpiWDk4dnFvd2NuUzM2eEJBTTF0emZVUmdSRTVvcHRvdGg2VWpPdEtBV0h2ai15U00xdVREazdyUFlOaWhxdnlrQQ?oc=5,"Tue, 08 Sep 2026 03:11:48 GMT",한국경제,건설/건자재,https://news.google.com/rss/articles/CBMiWkFVX3lxTE10dXViRVVseFpVa0dRbWl3bFpiWDk4dnFvd2NuUzM2eEJBTTF0emZVUmdSRTVvcHRvdGg2VWpPdEtBV0h2ai15U00xdVREazdyUFlOaWhxdnlrQQ?oc=5,,False,본문 수집 제한 개수를 초과했습니다.,False,,2026-09-13 09:03:15
국내,건자재,건자재,건자재,가을 리모델링 ‘큰 장’ 선다…건자재업계 치열한 수싸움 - v.daum.net,https://news.google.com/rss/articles/CBMiRkFVX3lxTFBvUVBCbWJFdzc0dldoeXlsVHFzdTdOdWlMYUFNMkNSQkluVGJ0YTc0Tk9QYnMydEhGUThQTGtZa1dSbzJkY2c?oc=5,"Mon, 07 Sep 2026 02:30:00 GMT",v.daum.net,건설/건자재,https://news.google.com/rss/articles/CBMiRkFVX3lxTFBvUVBCbWJFdzc0dldoeXlsVHFzdTdOdWlMYUFNMkNSQkluVGJ0YTc0Tk9QYnMydEhGUThQTGtZa1dSbzJkY2c?oc=5,,False,본문 수집 제한 개수를 초과했습니다.,False,,2026-09-13 09:03:15
미국,부동산,부동산,부동산 stock market earnings investment,"India Commercial Real Estate Market Size, Share & Growth Report | MRFR - Market Research Future",https://news.google.com/rss/articles/CBMijwFBVV95cUxNazhxMmlMYk1TN1hSUXI5RHhEeC1vVTdfUm5hNk1XNS1KV2ZmajYtZGFyaGdmTUtpZ2wtTndNT3pWbWoydXZEUjdNdDUwdERTbndPckpyZEZqUXIyNUlLaGVPSjBnRVVXV3VZXzJTUEJZTUlwcVJBX2VseHdJMGZYUzVNNEdMYXZWU0dIN0M1WQ?oc=5,"Mon, 24 Aug 2026 07:00:00 GMT",Market Research Future,건설/건자재,https://www.marketresearchfuture.com/reports/india-commercial-real-estate-market-20709,www.marketresearchfuture.com,True,,True,,2026-09-13 09:03:15
미국,시멘트,시멘트,시멘트 stock market earnings investment,"Cement Market Size, Share & Growth Report 2035 | MRFR - Market Research Future",https://news.google.com/rss/articles/CBMicEFVX3lxTE1jenl1RW5nRVBDMUZELXpjOXFTcmhyYVJTSDVPN0hlSmotMnVHSUs1aWRBV3YybkMwSHQzTTBjNHJ2LV9qTTZ6Yll0ZlhhUW5SRWliU1FoTS1WNVRuQVNFNFBvZ2xKa1hILVBETVhuNks?oc=5,"Mon, 24 Aug 2026 07:00:00 GMT",Market Research Future,건설/건자재,https://www.marketresearchfuture.com/reports/cement-market-2047,www.marketresearchfuture.com,True,,True,,2026-09-13 09:03:15
미국,SOC,SOC,SOC stock market earnings investment,Sable Offshore Stock Surges 20% After Favorable Federal Court Ruling Clears California Oil Pipeline Restart - TIKR.com,https://news.google.com/rss/articles/CBMiiwFBVV95cUxPWVI1ZEk1Rnp4TkxOc0ZnSXBNZUZ1UERPM2Y1M2xjeDdOV2lTdG9KNHR3anEtRjJyczV6UFhKSjlwdGZvQ1REUUY4RjRMRXlZVUZXdkVtUDVXQlJrVFcxWUUxYWNrSnh2SmV2SkExMTFWS1JZTDl6ZktDbERlNWR2WVlwNDBOTHNnVzRZ?oc=5,"Thu, 20 Aug 2026 07:00:00 GMT",TIKR.com,건설/건자재,https://www.tikr.com/blog/sable-offshore-stock-surges-federal-court-ruling-pipeline,www.tikr.com,True,,True,,2026-09-13 09:03:15
미국,SOC,SOC,SOC stock market earnings investment,Sable Offshore (SOC) Stock Sinks As Revenue Arrives But Losses Persist - webull.com,https://news.google.com/rss/articles/CBMiWEFVX3lxTE96ekJqcm9yNWdVNlJGUWhFRHIyM1dDYXdYNEJKRXI0aUVKMDVvMVV3RkhXRE1VZVZpVjg1ZkgzczNpSFVsN1g5cXZiVUJqYkZOS2lSX2Nja2s?oc=5,"Tue, 11 Aug 2026 07:00:00 GMT",webull.com,건설/건자재,https://www.webull.com/news/15386859412743168,www.webull.com,True,,True,,2026-09-13 09:03:15
미국,SOC,SOC,SOC stock market earnings investment,Sable Offshore Corp. (SOC) Q2 Earnings and Revenues Lag Estimates - Yahoo Finance,https://news.google.com/rss/articles/CBMilgFBVV95cUxQVnVxNEZkSXU3bzdlRmt3cEJZRWUxcEZBbjd5SzN6bnFkLVZNTzB1RmdNREFzR29yZUtqc1NLSTdfeTZ4aGZIaVM1aG5PYXBKWnZzRmJNV2FUQU16MmloLThaOFZURE95anplRTYwMUxpY05RYTFxN1ZJQUxxMEx0Y2dGWndQU3ZiVUVKTnozbkQyT3F0U3c?oc=5,"Mon, 10 Aug 2026 07:00:00 GMT",Yahoo Finance,건설/건자재,https://news.google.com/rss/articles/CBMilgFBVV95cUxQVnVxNEZkSXU3bzdlRmt3cEJZRWUxcEZBbjd5SzN6bnFkLVZNTzB1RmdNREFzR29yZUtqc1NLSTdfeTZ4aGZIaVM1aG5PYXBKWnZzRmJNV2FUQU16MmloLThaOFZURE95anplRTYwMUxpY05RYTFxN1ZJQUxxMEx0Y2dGWndQU3ZiVUVKTnozbkQyT3F0U3c?oc=5,,False,본문 수집 제한 개수를 초과했습니다.,False,,2026-09-13 09:03:15
미국,SOC,SOC,SOC stock market earnings investment,Sable Offshore released Q2 results after market close; call follows - Stock Titan,https://news.google.com/rss/articles/CBMivwFBVV95cUxPRVFaVmFrekIyTE5VcVBfUllqMEd0Nmozcmh4MWxoQVF4THZNRDFZM2VYVGlPVU5TXzNpaFFXWjF4Q040ajhER2Jwa3lTNmFQV0JTNERYRTFrWHpWU3ZTSEZRRDdjNGlfS0oyQ0hnb2NJeUFjOGtRei1yWi1RSWFCbTZuUjZpRGxNN2JnTEw1WlJBS3JCX2Q5QXBFQVFJU3U3dVNDMGU2NnU2U1RFRGE2ZVZpTHlGWkFNNU4xSUNNTQ?oc=5,"Mon, 10 Aug 2026 07:00:00 GMT",Stock Titan,건설/건자재,https://news.google.com/rss/articles/CBMivwFBVV95cUxPRVFaVmFrekIyTE5VcVBfUllqMEd0Nmozcmh4MWxoQVF4THZNRDFZM2VYVGlPVU5TXzNpaFFXWjF4Q040ajhER2Jwa3lTNmFQV0JTNERYRTFrWHpWU3ZTSEZRRDdjNGlfS0oyQ0hnb2NJeUFjOGtRei1yWi1RSWFCbTZuUjZpRGxNN2JnTEw1WlJBS3JCX2Q5QXBFQVFJU3U3dVNDMGU2NnU2U1RFRGE2ZVZpTHlGWkFNNU4xSUNNTQ?oc=5,,False,본문 수집 제한 개수를 초과했습니다.,False,,2026-09-13 09:03:15
미국,부동산,부동산,부동산 stock market earnings investment,The Best REITs to Buy While Real Estate Outperforms the Market - Morningstar,https://news.google.com/rss/articles/CBMijwFBVV95cUxQRExmVWp5Mk85aklYdlQ2bDV0eWY5Q1lrM1VxVExjOTFvdlgtQ3VwQ0pWSEhIdXBHaVdJeF9ISTY4WjF5a2wtRnJpNlBFTG5pR05VNExabmJ2NGlFS0lDUFdKdmdqS1kxbXI1cmllODRjb0lJZ1ppb0pyc25JR0ljR2h4VGVCWXMxdS02bGNOOA?oc=5,"Wed, 22 Jul 2026 07:00:00 GMT",Morningstar,건설/건자재,https://news.google.com/rss/articles/CBMijwFBVV95cUxQRExmVWp5Mk85aklYdlQ2bDV0eWY5Q1lrM1VxVExjOTFvdlgtQ3VwQ0pWSEhIdXBHaVdJeF9ISTY4WjF5a2wtRnJpNlBFTG5pR05VNExabmJ2NGlFS0lDUFdKdmdqS1kxbXI1cmllODRjb0lJZ1ppb0pyc25JR0ljR2h4VGVCWXMxdS02bGNOOA?oc=5,,False,본문 수집 제한 개수를 초과했습니다.,False,,2026-09-13 09:03:15
미국,부동산,부동산,부동산 stock market earnings investment,Realty Income Announces Dividend Again: Can It Retain Its Market Edge? - Yahoo Finance,https://news.google.com/rss/articles/CBMiogFBVV95cUxPcEtHaURYMllEb2cwZ0g0RzJyWHNYTWxoc0U0dXlVN3NrSDdGelJERGNkSFhKRUUxZzRubnVZd2lRblQ0MUVEWTNVbXhlNmNKVjNMMmRuMHNETHlzc0JlS1RjeFAwZElxU1pZRlB1ZWlqNlNXOXpfSXlrM3N3ZEdjTW16MFZMMTZaQUNqcHNPdlZiYlFmVElUbGM5emg0TDBfMGc?oc=5,"Wed, 08 Jul 2026 07:00:00 GMT",Yahoo Finance,건설/건자재,https://news.google.com/rss/articles/CBMiogFBVV95cUxPcEtHaURYMllEb2cwZ0g0RzJyWHNYTWxoc0U0dXlVN3NrSDdGelJERGNkSFhKRUUxZzRubnVZd2lRblQ0MUVEWTNVbXhlNmNKVjNMMmRuMHNETHlzc0JlS1RjeFAwZElxU1pZRlB1ZWlqNlNXOXpfSXlrM3N3ZEdjTW16MFZMMTZaQUNqcHNPdlZiYlFmVElUbGM5emg0TDBfMGc?oc=5,,False,본문 수집 제한 개수를 초과했습니다.,False,,2026-09-13 09:03:15
미국,건설,건설,건설 stock market earnings investment,Why is Rivian stock sliding today? - Investing.com,https://news.google.com/rss/articles/CBMimwFBVV95cUxPeFpPZnNuZVl6YXNBSmM0blA3bHZGMlh6ZGZMQ0NLUzBWUGt0YmFIRFlqM3pXbmtMNnA4VFVnS1JvZEk4Q25HakRLbWUwWEpubmRjRjhOeFZVQjBUUFVfY2VuN1RHV1VLdWJUUzVQc0t1VGFJNmNUUDdBTVAxR1NFWVBsLUhkTE5qOXBKTXdxTmdPaDViLXBwM2Q0TQ?oc=5,"Tue, 07 Jul 2026 07:00:00 GMT",Investing.com,건설/건자재,https://news.google.com/rss/articles/CBMimwFBVV95cUxPeFpPZnNuZVl6YXNBSmM0blA3bHZGMlh6ZGZMQ0NLUzBWUGt0YmFIRFlqM3pXbmtMNnA4VFVnS1JvZEk4Q25HakRLbWUwWEpubmRjRjhOeFZVQjBUUFVfY2VuN1RHV1VLdWJUUzVQc0t1VGFJNmNUUDdBTVAxR1NFWVBsLUhkTE5qOXBKTXdxTmdPaDViLXBwM2Q0TQ?oc=5,,False,본문 수집 제한 개수를 초과했습니다.,False,,2026-09-13 09:03:15
미국,건설,건설,건설 stock market earnings investment,Xcel Energy Stock Up 19% in One Year: Here’s the Path to $93 by 2028 - TIKR.com,https://news.google.com/rss/articles/CBMilAFBVV95cUxPSUw3bWRsT1J0S0FkM3JIeW55ODlKWHl0dS14bFpUMzdheHY1NWhtQVFtUl9Db3BfbnRkVmd6QnFzQTE1bGdRcG4xRHdaRHBrZVo3SmZKOFV2MGVPc1ZiUHpnTXlBbVcwN1BSRnJjRjFKNGtXS2szOTZVVTd6dzFhZk5CcW1BeU9fNHluZ2FvSmVpazE2?oc=5,"Wed, 27 May 2026 07:00:00 GMT",TIKR.com,건설/건자재,https://news.google.com/rss/articles/CBMilAFBVV95cUxPSUw3bWRsT1J0S0FkM3JIeW55ODlKWHl0dS14bFpUMzdheHY1NWhtQVFtUl9Db3BfbnRkVmd6QnFzQTE1bGdRcG4xRHdaRHBrZVo3SmZKOFV2MGVPc1ZiUHpnTXlBbVcwN1BSRnJjRjFKNGtXS2szOTZVVTd6dzFhZk5CcW1BeU9fNHluZ2FvSmVpazE2?oc=5,,False,본문 수집 제한 개수를 초과했습니다.,False,,2026-09-13 09:03:15
미국,부동산,부동산,부동산 stock market earnings investment,China’s Property Rebalancing: The Long Road to a New Development Model - Asia Society,https://news.google.com/rss/articles/CBMiogFBVV95cUxQTVRaN3dMYndpdXRvbjd2aHlQSk9DOGpxbldveEljcHpLOXZPdDFRTWFTYklGaGpRX2pmd05aa0IzNWU2X210NEJYTWtpZEhYbERMMTdiWnlJY25tcWZ1ZHJKWEZuTW5aNWRWS1N4OGlxLUx0VEFjWnJiS2ZHWXRJeHo4eERiMmJybVIyWUo2VVBPOTU2RmZOc3ppRjhsUzB5aUE?oc=5,"Thu, 14 May 2026 07:00:00 GMT",Asia Society,건설/건자재,https://news.google.com/rss/articles/CBMiogFBVV95cUxQTVRaN3dMYndpdXRvbjd2aHlQSk9DOGpxbldveEljcHpLOXZPdDFRTWFTYklGaGpRX2pmd05aa0IzNWU2X210NEJYTWtpZEhYbERMMTdiWnlJY25tcWZ1ZHJKWEZuTW5aNWRWS1N4OGlxLUx0VEFjWnJiS2ZHWXRJeHo4eERiMmJybVIyWUo2VVBPOTU2RmZOc3ppRjhsUzB5aUE?oc=5,,False,본문 수집 제한 개수를 초과했습니다.,False,,2026-09-13 09:03:15
미국,부동산,부동산,부동산 stock market earnings investment,FrontView REIT Announces First Quarter 2026 Results and Updated Full Year 2026 Guidance - Business Wire,https://news.google.com/rss/articles/CBMi3AFBVV95cUxPbmY4eUJOZDlKMHhMcFhxQWxNaGZqTnJxSlBfbVV2T09pN09pZUYyLVpOOEdvZzR5VGhXREM4bmQ1RTJjSk5CWHZkajVIbDRna2dXYWhLYktHVzdMY1VCYWFaWVB3TWRrVmpXeFVHYVppTHNiNHk2cl82cGw1emxYU19IdjBGeEFYQ0s3OHpiWW5zWWV4NWFmSVRJR2JpVkxpTXd4dmpQWnI5YlFJbTQtTjhzUndVYVd6RmlpLVBEYkNXRGQ4N3dpbkowNzVua1RRMXhaOEcyeTI1cW5U?oc=5,"Wed, 06 May 2026 07:00:00 GMT",Business Wire,건설/건자재,https://news.google.com/rss/articles/CBMi3AFBVV95cUxPbmY4eUJOZDlKMHhMcFhxQWxNaGZqTnJxSlBfbVV2T09pN09pZUYyLVpOOEdvZzR5VGhXREM4bmQ1RTJjSk5CWHZkajVIbDRna2dXYWhLYktHVzdMY1VCYWFaWVB3TWRrVmpXeFVHYVppTHNiNHk2cl82cGw1emxYU19IdjBGeEFYQ0s3OHpiWW5zWWV4NWFmSVRJR2JpVkxpTXd4dmpQWnI5YlFJbTQtTjhzUndVYVd6RmlpLVBEYkNXRGQ4N3dpbkowNzVua1RRMXhaOEcyeTI1cW5U?oc=5,,False,본문 수집 제한 개수를 초과했습니다.,False,,2026-09-13 09:03:15
미국,SOC,SOC,SOC stock market earnings investment,"Sable Offshore Corp. (SOC) Reports Q1 Loss, Misses Revenue Estimates - Yahoo Finance",https://news.google.com/rss/articles/CBMinAFBVV95cUxPdXdYRUh6eS1QV3Q5YUt3dWhZd1pOUFpqTkJEOTA1QU5DNjBhTGllZm5TQVg1TUNOOVZTa1R0NUw2cWp2SnJia092dlVTS1F3TDk0R1picnBDcEk5c0s0QVFUcjlFSlRLaDRxMkpGOVg5clFnQ005cDc4ME1kYUREUVJuOWhFZ25FMEZ0WktSbVhyb2ljYWV6OFBieU0?oc=5,"Wed, 06 May 2026 07:00:00 GMT",Yahoo Finance,건설/건자재,https://news.google.com/rss/articles/CBMinAFBVV95cUxPdXdYRUh6eS1QV3Q5YUt3dWhZd1pOUFpqTkJEOTA1QU5DNjBhTGllZm5TQVg1TUNOOVZTa1R0NUw2cWp2SnJia092dlVTS1F3TDk0R1picnBDcEk5c0s0QVFUcjlFSlRLaDRxMkpGOVg5clFnQ005cDc4ME1kYUREUVJuOWhFZ25FMEZ0WktSbVhyb2ljYWV6OFBieU0?oc=5,,False,본문 수집 제한 개수를 초과했습니다.,False,,2026-09-13 09:03:15
미국,건설,건설,건설 stock market earnings investment,Micron forecasts strong revenue on AI boom; higher spending plan knocks shares - Yahoo Finance,https://news.google.com/rss/articles/CBMikgFBVV95cUxOSEZ4YTZBeDdpbk44V1lXOHRTOHl3YTJ3MElFdTZReFY4WG9BM1lFUFNHSGx3eHdrby1tbDlEZHJ4R0ZsZzljYUxUem9zRy1WMl90cUhUSmJSWkhPaHBFYXYyUVhBeWw4M1VncmhRSzBiYmJoV3YzajJNaU1iXzVDRUtHek9TSWFsT0ZwbTBIb0YtQQ?oc=5,"Wed, 18 Mar 2026 07:00:00 GMT",Yahoo Finance,건설/건자재,https://news.google.com/rss/articles/CBMikgFBVV95cUxOSEZ4YTZBeDdpbk44V1lXOHRTOHl3YTJ3MElFdTZReFY4WG9BM1lFUFNHSGx3eHdrby1tbDlEZHJ4R0ZsZzljYUxUem9zRy1WMl90cUhUSmJSWkhPaHBFYXYyUVhBeWw4M1VncmhRSzBiYmJoV3YzajJNaU1iXzVDRUtHek9TSWFsT0ZwbTBIb0YtQQ?oc=5,,False,본문 수집 제한 개수를 초과했습니다.,False,,2026-09-13 09:03:15
미국,건설,건설,건설 stock market earnings investment,"AI Market Trends 2026: Global Investment, Risks, and Buildout - Morgan Stanley",https://news.google.com/rss/articles/CBMihgFBVV95cUxPYVVkMUg5TTVySTJlUFJmX041MlVhYmpweFZJWkZBcGh2VGxSc09WYmtiN0Fvcy1kbkZveGlYeGVQd1phVko0eHFNdnFCR09PZThsSmhOU1pmQTlPd3g1MmkxaTIzMzFhTmh4aFFXM1pIOTNGellydnpkc3RKWnViM2Z6dkxUUQ?oc=5,"Mon, 09 Mar 2026 07:00:00 GMT",Morgan Stanley,건설/건자재,https://news.google.com/rss/articles/CBMihgFBVV95cUxPYVVkMUg5TTVySTJlUFJmX041MlVhYmpweFZJWkZBcGh2VGxSc09WYmtiN0Fvcy1kbkZveGlYeGVQd1phVko0eHFNdnFCR09PZThsSmhOU1pmQTlPd3g1MmkxaTIzMzFhTmh4aFFXM1pIOTNGellydnpkc3RKWnViM2Z6dkxUUQ?oc=5,,False,본문 수집 제한 개수를 초과했습니다.,False,,2026-09-13 09:03:15
미국,건설,건설,건설 stock market earnings investment,Plan for 2026: Predictions from Our Portfolio Managers - VanEck,https://news.google.com/rss/articles/CBMirAFBVV95cUxPNzBXVjdMVENrcmtieUNRcjU1eG5NbU5GaHRjV0MwQzcwbjlTWDJLZDUwNTBWLTMzNEVkSFBpZzY3eVJHejdzSkRUN0d3eXFoZDhDQ2I1UU5RTlRxejAweGtXTDhmUzQ3TzlZcUpXZmZVQllFMUE1RkZvRFZ0QTI1ZjFVejN1SzRTazlYUHJOeE1XTGt1UjlleHJxZHJhU3BhZDdoUVkzUTNuYllK?oc=5,"Thu, 18 Dec 2025 08:00:00 GMT",VanEck,건설/건자재,https://news.google.com/rss/articles/CBMirAFBVV95cUxPNzBXVjdMVENrcmtieUNRcjU1eG5NbU5GaHRjV0MwQzcwbjlTWDJLZDUwNTBWLTMzNEVkSFBpZzY3eVJHejdzSkRUN0d3eXFoZDhDQ2I1UU5RTlRxejAweGtXTDhmUzQ3TzlZcUpXZmZVQllFMUE1RkZvRFZ0QTI1ZjFVejN1SzRTazlYUHJOeE1XTGt1UjlleHJxZHJhU3BhZDdoUVkzUTNuYllK?oc=5,,False,본문 수집 제한 개수를 초과했습니다.,False,,2026-09-13 09:03:15
일본,SOC,SOC,SOC 日本 株式市場 企業,TWSヘッドホン用SoCの世界市場（2026年～2032年）、市場規模（Bluetoothオーディオメイン制御チップ、電源管理チップ、メモリチップ、その他）・分析レポートを発表 - アットプレス,https://news.google.com/rss/articles/CBMiT0FVX3lxTE1tOTZrbUVxWU03eS1pWjNzRTJjb2tnMGFDbEJaaDJEN2V1eWZtd0U5ZE8zN0dEMGhvQm5lX1I2eHJHNkhzMC1LRXhCTmZDQ0U?oc=5,"Fri, 11 Sep 2026 08:30:00 GMT",アットプレス,건설/건자재,https://www.atpress.ne.jp/news/5735939,www.atpress.ne.jp,True,,True,,2026-09-13 09:03:15
일본,SOC,SOC,SOC 日本 株式市場 企業,シャオミ、「中型」折りたたみスマホ「18 Fold」投入　自社開発SoC搭載、25万円から - ｄメニューニュース,https://news.google.com/rss/articles/CBMic0FVX3lxTFBnclRVZ0ZWekoyc0k3Q3g3QjlXR0hpZjZSTWMyVjFuVGtsS1E4djBzQjVFMk51MTAxQjJuaEduNUg0eVA1MEtkNHJwek9mdHZ3eEk3XzM5X29ySmVHOURGZU5vNDdqUmZKWG4tS1BkWGdaNGfSAXhBVV95cUxNMHNUd1ZQUFVacnVoLXpFX3YxMWk4UUM0dE5CYzlBLWZ1LWVXcG9fdnJfX3FpbnZIbTNlWnB4TmtCS3FYMXQ4bXZ3Qkd4SzB6cEE0SmNRTFhVR1RZYnp2SFVUV0Q5M3lhM2xiSWhTSDB0RDJjdnFsUU0?oc=5,"Wed, 09 Sep 2026 05:45:00 GMT",ｄメニューニュース,건설/건자재,https://topics.smt.docomo.ne.jp/article/36kr/business/36kr-501378,topics.smt.docomo.ne.jp,True,,True,,2026-09-13 09:03:15
일본,SOC,SOC,SOC 日本 株式市場 企業,アイティクラウドとSecureNavi、日本SaaSの「信頼」を成長につなげる共同企画を開始 - PR TIMES,https://news.google.com/rss/articles/CBMiakFVX3lxTE5OVUdqaWl1WmgxR192U0pWTHZlcmRwV3A3WjBWaHlfQ2docVk0eDhxWU9jUlFxVzdJYnRlNXpmOUxyYms3NzAyYlk0S1lnRHc2YldkbUJJZE5PZm5TQ3o5STVtVUkzNncxSEE?oc=5,"Fri, 04 Sep 2026 07:00:00 GMT",PR TIMES,건설/건자재,https://prtimes.jp/main/html/rd/p/000000152.000033567.html,prtimes.jp,True,,True,,2026-09-13 09:03:15
일본,부동산,부동산,부동산 日本 株式市場 企業,김용범 정책실장 단일종목 레버리지 ETF 도입과 부동산 세제 개편 여파로 전격 사퇴 : 정치 : 財経日報 - 재경일보,https://news.google.com/rss/articles/CBMiSkFVX3lxTFBaRndkdGVPNEd1M1daNC1ZOFdQMVRuS05UVThXN1l2NjZHbkxzb0lQRVNBLWozUXBfaDBkekNGZ3BJNkh6dHJhdkdB?oc=5,"Wed, 02 Sep 2026 21:25:00 GMT",재경일보,건설/건자재,https://news.jkn.co.kr/post/973254,news.jkn.co.kr,True,,True,,2026-09-13 09:03:15
일본,SOC,SOC,SOC 日本 株式市場 企業,ビデオ監視用NVR SoCチップの世界市場（2026年～2032年）、市場規模（汎用NVR SoC、AI搭載NVR SoC）・分析レポートを発表 - Newscast.jp,https://news.google.com/rss/articles/CBMiR0FVX3lxTFBjNS1ORFNLd2ctWXA1V2Q4TTNRV1hHVlVuMjZudV9LM3NhaUstZlhLeU02bG9ObE1VNmxWb1JJellQUEpBbHFZ?oc=5,"Tue, 25 Aug 2026 07:00:00 GMT",Newscast.jp,건설/건자재,https://news.google.com/rss/articles/CBMiR0FVX3lxTFBjNS1ORFNLd2ctWXA1V2Q4TTNRV1hHVlVuMjZudV9LM3NhaUstZlhLeU02bG9ObE1VNmxWb1JJellQUEpBbHFZ?oc=5,,False,본문 수집 제한 개수를 초과했습니다.,False,,2026-09-13 09:03:15
일본,SOC,SOC,SOC 日本 株式市場 企業,半導体デバイス市場の持続的成長を表す､好業績なあの銘柄 - 四季報オンライン,https://news.google.com/rss/articles/CBMiV0FVX3lxTE4wWnIzRlVmRVpsU2wyX3hDNVdtemhZTkhzeTc0eV8zR29kbXdha0lCRWQtd3Bzc1F6amZaVDBOS29jdjczTlJLdHZobUo0VXlwcDZOckVCQQ?oc=5,"Tue, 04 Aug 2026 07:00:00 GMT",四季報オンライン,건설/건자재,https://news.google.com/rss/articles/CBMiV0FVX3lxTE4wWnIzRlVmRVpsU2wyX3hDNVdtemhZTkhzeTc0eV8zR29kbXdha0lCRWQtd3Bzc1F6amZaVDBOS29jdjczTlJLdHZobUo0VXlwcDZOckVCQQ?oc=5,,False,본문 수집 제한 개수를 초과했습니다.,False,,2026-09-13 09:03:15
일본,부동산,부동산,부동산 日本 株式市場 企業,2025年の日本不動産投資市場動向の展望と2024年の振り返り - JLL,https://news.google.com/rss/articles/CBMiogFBVV95cUxQRVZVR2xMWXpiZk1HdGlFdGRPS3hYeEdKYmRWempudHpoMHhQejUwVmozd0ZIUmtnZHduSkkwTDZxMkdTMjh3UVZsTnotVnJyakZNeWpEUnVCblAwUnBCWU13N0R6cDNrQmNvc3RUajhid1NHM2JnYTlJOGROMlBMaXRRRUdJM3pyWHhReGVEVnpnVVNrVkhGOEVOT2FwRDN1UWc?oc=5,"Sat, 28 Jun 2025 04:55:13 GMT",JLL,건설/건자재,https://news.google.com/rss/articles/CBMiogFBVV95cUxQRVZVR2xMWXpiZk1HdGlFdGRPS3hYeEdKYmRWempudHpoMHhQejUwVmozd0ZIUmtnZHduSkkwTDZxMkdTMjh3UVZsTnotVnJyakZNeWpEUnVCblAwUnBCWU13N0R6cDNrQmNvc3RUajhid1NHM2JnYTlJOGROMlBMaXRRRUdJM3pyWHhReGVEVnpnVVNrVkhGOEVOT2FwRDN1UWc?oc=5,,False,본문 수집 제한 개수를 초과했습니다.,False,,2026-09-13 09:03:15
중동,SOC,SOC,SOC Middle East Gulf Saudi UAE Qatar oil LNG defense energy investment,The shock of Hormuz: the chokehold that changed the Gulf - نون بوست,https://news.google.com/rss/articles/CBMiS0FVX3lxTE45WDFKYnk5NmZSQ1k5alV0RnVaeFFHTDByTkprVXJ1c2M4R2U2bUhSNmVsdy1QNUV2U2xTcXZSUUVRWlY5b2dZVk5HSdIBS0FVX3lxTE45WDFKYnk5NmZSQ1k5alV0RnVaeFFHTDByTkprVXJ1c2M4R2U2bUhSNmVsdy1QNUV2U2xTcXZSUUVRWlY5b2dZVk5HSQ?oc=5,"Mon, 20 Jul 2026 07:00:00 GMT",نون بوست,건설/건자재,https://www.noonpost.com/en/379691/,www.noonpost.com,True,,True,,2026-09-13 09:03:15
중동,SOC,SOC,SOC Middle East Gulf Saudi UAE Qatar oil LNG defense energy investment,Syria’s Energy Revival and the Gulf’s Strategic Opening - Gulf International Forum,https://news.google.com/rss/articles/CBMifkFVX3lxTE1BYVNtbWNRY1dNaU1HaGdZZ3pMZ1RiRzExRThtZlRIYXl3eTBNMlN2VDJhVkk1M0xBSlRYc0dJSk1kRWZXeDI3b08zZERDd0NiZ29nelFPaXN6aUtLOFU5UUVXNVlpZTQ3c25SeE5sZWQ0U2F5bVEzTV85MU0xUQ?oc=5,"Mon, 08 Jun 2026 07:00:00 GMT",Gulf International Forum,건설/건자재,https://gulfif.org/syrias-energy-revival-and-the-gulfs-strategic-opening/,gulfif.org,True,,True,,2026-09-13 09:03:15
중동,SOC,SOC,SOC Middle East Gulf Saudi UAE Qatar oil LNG defense energy investment,India's energy security at a crossroads: The Hormuz crisis and an opportunity for US-India cooperation - Atlantic Council,https://news.google.com/rss/articles/CBMi5wFBVV95cUxQem9WQkJEVnBqWDZXZmJ5ZzJzT2hETzQ3SF9FbG1rUWc4SmdsOFRFS1NOaXh1TjdBeFZxTlBfT19kSXRFcWEtSWJHVG5YTExfdFo0dlQ2U09LRkVDUUNzRTdPTHJoSTk0N2wydVdhOVBwbjc4dk50Qmt5WXc2YUtfSTNPUFgtLXNkWDZUVGJjZzFZOGswa09HMkU4Nlh6ZXYyVGJzOWJXODFydTZVQ0drSGo4TGlkWE9BaVNoWVNTZUFTUGRFMURQSWF3OWZSWXJFYlA2Zjh5bk9pYS1oR010UjA0LUMya3c?oc=5,"Fri, 05 Jun 2026 07:00:00 GMT",Atlantic Council,건설/건자재,https://www.atlanticcouncil.org/blogs/energysource/indias-energy-security-at-a-crossroads-the-hormuz-crisis-and-an-opportunity-for-us-india-cooperation/,www.atlanticcouncil.org,True,,True,,2026-09-13 09:03:15
중동,SOC,SOC,SOC Middle East Gulf Saudi UAE Qatar oil LNG defense energy investment,How Arab Gulf States View the Emerging Iran Deal - CSIS | Center for Strategic and International Studies,https://news.google.com/rss/articles/CBMif0FVX3lxTE91NE9wQ0o4b3ZGbXo3cG4wb1JKaWMyZzJtQThsOGV0alhfWFZKZWMwQTZYeGtLRUpRck1VZ0l4SHdtZWpyRDAtMmc3Nms1US1RU3k2MmhkM0xkNXlCNVNGVmN4amc5RUI0WXF1cmdCY3l6Mk9wbHQ0ZENsMmkwNDA?oc=5,"Tue, 26 May 2026 07:00:00 GMT",CSIS | Center for Strategic and International Studies,건설/건자재,https://www.csis.org/analysis/how-arab-gulf-states-view-emerging-iran-deal,www.csis.org,True,,True,,2026-09-13 09:03:15
중동,SOC,SOC,SOC Middle East Gulf Saudi UAE Qatar oil LNG defense energy investment,The Iran conflict’s energy shocks are not yet fully realized - Brookings,https://news.google.com/rss/articles/CBMimwFBVV95cUxQTmtqTVRXbHNTNXpMVW1Rdm53cFNDVGxRNkNLM0l2WnVJMmFLWU1yTzh5OHFXSGo4ZGpiRUR4ODMtaU44WTNqOGc0bzNjZ0RvWGVWVjBTQzZuZ1R1ZVhYT3hPVjIzTm1DRDBKby1LVzNneGUtcE5KU2NXQ2pzVkxHM0tKd09peFNGd3hRSTF5Sm90eXBJbEdpR2FvSQ?oc=5,"Wed, 01 Apr 2026 07:00:00 GMT",Brookings,건설/건자재,https://news.google.com/rss/articles/CBMimwFBVV95cUxQTmtqTVRXbHNTNXpMVW1Rdm53cFNDVGxRNkNLM0l2WnVJMmFLWU1yTzh5OHFXSGo4ZGpiRUR4ODMtaU44WTNqOGc0bzNjZ0RvWGVWVjBTQzZuZ1R1ZVhYT3hPVjIzTm1DRDBKby1LVzNneGUtcE5KU2NXQ2pzVkxHM0tKd09peFNGd3hRSTF5Sm90eXBJbEdpR2FvSQ?oc=5,,False,본문 수집 제한 개수를 초과했습니다.,False,,2026-09-13 09:03:15
국내,게임,게임,게임,‘오징어 게임’ 제작비만도 못한 韓 게임 지원 예산 - IT조선,https://news.google.com/rss/articles/CBMicEFVX3lxTE9abU8yY2JvQ0psaWZEUmVweHlmcVROSXp5VTZOdUJESzktb253eng2TW40RHBxazZkYXRlQ1NnTGxsekU4ekNjRG04T1ZlM1h5bzdFc3hIZ0FGQnRsMzdjemNnMGwtcmE0OEljbDZRNGnSAXRBVV95cUxOcW5VS2swVENjSF9xOGZWX00zWHQxc1ZCcjItMlV3VzAtbDNsYUxaUHRldWs4V1UwMHBSUGQ2VmVFMGRQejdOY191cnRBelNwWDZELTE4d2FrZ2s2UUw3VFczM0hkRHR5a3duWG5YbDVtY2p1Uw?oc=5,"Sat, 12 Sep 2026 23:43:36 GMT",IT조선,게임,https://it.chosun.com/news/articleView.html?idxno=2023092169963,it.chosun.com,True,,True,,2026-09-13 09:03:57
국내,게임 매출,게임 매출,게임 매출,"매출 150억 달러 넘어선 스팀, 판매 1위 게임은? - 스타트업레시피",https://news.google.com/rss/articles/CBMiXkFVX3lxTE5QeHdCZHZpZXdNY2pDeFZscDBfb0hSMS1sUkxHY1pSbHBSWEQ0bklIbzJCeFN5MFNIVFpaWWc4WjRGRVJFVmNsaEpqWDVGeVBkZlhBN1J5MVVxZDFBR3c?oc=5,"Sat, 12 Sep 2026 23:00:46 GMT",스타트업레시피,게임,https://startuprecipe.co.kr/archives/tech/5833047,startuprecipe.co.kr,True,,True,,2026-09-13 09:03:57
국내,게임,게임,게임,“코딩 몰라도 AI로 3일 만에 야구게임 뚝딱”…서버 열자 3만명 몰렸다 - 경기일보,https://news.google.com/rss/articles/CBMiW0FVX3lxTE5Zazd3TVBwRDJtSU1Tcy1SQlZLSmZiYUdpSFkzX3ZVbmRWenNwOXc5QTkwWjZKZzIycngxWDFsTk5GM3pCV01iYUQ3aGdqVGhXamhhbmthaHctUTA?oc=5,"Sat, 12 Sep 2026 22:30:32 GMT",경기일보,게임,https://www.kyeonggi.com/article/20260913580001,www.kyeonggi.com,True,,True,,2026-09-13 09:03:57
국내,신작 출시,신작 출시,신작 출시,"""정말 오래 기다렸다""…스타크래프트 신작 2030년 출시 - 네이트",https://news.google.com/rss/articles/CBMiU0FVX3lxTFBJNjdHNUdyRHp3SWhBaW5yZV9xQ3pHUUlWV204N3lMcVVMYUFzY0JlVWNJcjNXT3JmbWdwNXZ3SHhGQU4wVXZnYjJXSWFZdlh3ZUhz?oc=5,"Sat, 12 Sep 2026 20:39:00 GMT",네이트,게임,https://news.nate.com/view/20260913n01579,news.nate.com,True,,True,,2026-09-13 09:03:57
국내,모바일게임,모바일게임,모바일게임,플레이 전에 궁금증을 풀어보는 모바일게임 추천 디시 2024 - Calgary Roughnecks,https://news.google.com/rss/articles/CBMi3wFBVV95cUxORXNUQWExNVlRYzJPUUszT0UwUzlTWkp1azdiWGJ6Mk45M2MyODNRWnhpaGZ5RnJZZ0FTTzRRZG8xT3Ayd0YxOVoxajNxeWZXcUpIU3NpM0hrZTFrU2pfWWVmaUVfWmxpcmRDak9aTGMzblZFZmVtR0VjcUtLcmZ0bUtub3Q1ZWpyUDhud2gzV1FwVnJWSEpBSlhqSXd2bDA4V015UU9vZ282TzZGLTRWc0lib2lDczZnVTloTjN6bTI3THduM01aazN4LU83Vk1LSmFfOVJLb0trNldrekUw?oc=5,"Sat, 12 Sep 2026 18:50:56 GMT",Calgary Roughnecks,게임,https://news.google.com/rss/articles/CBMi3wFBVV95cUxORXNUQWExNVlRYzJPUUszT0UwUzlTWkp1azdiWGJ6Mk45M2MyODNRWnhpaGZ5RnJZZ0FTTzRRZG8xT3Ayd0YxOVoxajNxeWZXcUpIU3NpM0hrZTFrU2pfWWVmaUVfWmxpcmRDak9aTGMzblZFZmVtR0VjcUtLcmZ0bUtub3Q1ZWpyUDhud2gzV1FwVnJWSEpBSlhqSXd2bDA4V015UU9vZ282TzZGLTRWc0lib2lDczZnVTloTjN6bTI3THduM01aazN4LU83Vk1LSmFfOVJLb0trNldrekUw?oc=5,,False,본문 수집 제한 개수를 초과했습니다.,False,,2026-09-13 09:03:57
국내,모바일게임,모바일게임,모바일게임,모바일 게임 룰렛 이벤트 : 흥미로운 사실과 통찰력 있는 분석 - Calgary Roughnecks,https://news.google.com/rss/articles/CBMi_wFBVV95cUxNeEF0djktRTdBRS1fRUFUSGFpZ3UxczY3dHBWVjZ6Z1YwcENPQ0Z5cHZVUlFwdXllUzJDWWJUdUdUTDRTelRkRUkwU09UVlZQQXlGb3lYVk1leXQ5YWRtUnlaRlNSd0lQTjdHTUszcldsVTdhVV8zckxmNXpINzNfbkU3VnVHX1NtaGVhWk5CUktIQzBfMTFpTF8tQ2xDTVVEeExCdVNRQmotTEdDY3dqYnRZM0NFMlpDWHlSSEpEc2NGNXk5RlVNZDBhdmI1NEt6WkpzbnI0SXdXN0ltRHlHenExU1JwZnM2eGlhdXlLTWRPdGdKMUwtdm56OUs2d0U?oc=5,"Sat, 12 Sep 2026 18:19:38 GMT",Calgary Roughnecks,게임,https://news.google.com/rss/articles/CBMi_wFBVV95cUxNeEF0djktRTdBRS1fRUFUSGFpZ3UxczY3dHBWVjZ6Z1YwcENPQ0Z5cHZVUlFwdXllUzJDWWJUdUdUTDRTelRkRUkwU09UVlZQQXlGb3lYVk1leXQ5YWRtUnlaRlNSd0lQTjdHTUszcldsVTdhVV8zckxmNXpINzNfbkU3VnVHX1NtaGVhWk5CUktIQzBfMTFpTF8tQ2xDTVVEeExCdVNRQmotTEdDY3dqYnRZM0NFMlpDWHlSSEpEc2NGNXk5RlVNZDBhdmI1NEt6WkpzbnI0SXdXN0ltRHlHenExU1JwZnM2eGlhdXlLTWRPdGdKMUwtdm56OUs2d0U?oc=5,,False,본문 수집 제한 개수를 초과했습니다.,False,,2026-09-13 09:03:57
국내,신작 출시,신작 출시,신작 출시,블리자드 '스타크래프트' 신작 '자치령'티징 영상 공개 … 2030년 출시 예고 - 경향게임스,https://news.google.com/rss/articles/CBMibEFVX3lxTE5uUEZBOUotZ010YXdmUFNtOFhOMndTQzR1aldabDd3OUI3Tk8wMUJQYXdYSWJEWDFLc1plUGYzS3Z0Q0Ftei1qd2UzRVNndXVTTGhqSjR6WmJ2TjdnVll3VTF3WGtzRUVaeWdYQQ?oc=5,"Sat, 12 Sep 2026 18:09:43 GMT",경향게임스,게임,https://news.google.com/rss/articles/CBMibEFVX3lxTE5uUEZBOUotZ010YXdmUFNtOFhOMndTQzR1aldabDd3OUI3Tk8wMUJQYXdYSWJEWDFLc1plUGYzS3Z0Q0Ftei1qd2UzRVNndXVTTGhqSjR6WmJ2TjdnVll3VTF3WGtzRUVaeWdYQQ?oc=5,,False,본문 수집 제한 개수를 초과했습니다.,False,,2026-09-13 09:03:57
국내,게임 매출,게임 매출,게임 매출,첫 플레이 전에 읽는 구글 게임 매출 순위 체크리스트 - Calgary Roughnecks,https://news.google.com/rss/articles/CBMiowJBVV95cUxPTnB3UlRwMDVSSzJJQV82SmVMYlJ0R2cwaVdSMjBYTGZFT0RTUzVlZXAtTVFoVmdYcm9wb1F3bWllMkVqeGRPOVdYOUxKb09JWDlHR3ktYm8xNVNhRVA1cVZrbXBiSlFEeFBYMUtxRFpVWDJKVHlTN201eGVtQS1qQlRrRktCd2JPNXFmZHdmeDAzUk1pb1JKcWtwTU1fNnhmWXBZeG1SVFRiMDNzRGltSVU5aS1yN2JxTFFhRUFqaEZGUEU2T2RidVc1LUVZWHI0bTljN0JmdGg3Q0ZCblp0bjRWX3hHMEwzRUdreThFQUlFakFZbHBGdmhYNnY0NWE3cW5PazlKRDFWamdUdGNadmhyYmZmQWUyZjdac2t4Tk1sT3c?oc=5,"Sat, 12 Sep 2026 06:45:02 GMT",Calgary Roughnecks,게임,https://news.google.com/rss/articles/CBMiowJBVV95cUxPTnB3UlRwMDVSSzJJQV82SmVMYlJ0R2cwaVdSMjBYTGZFT0RTUzVlZXAtTVFoVmdYcm9wb1F3bWllMkVqeGRPOVdYOUxKb09JWDlHR3ktYm8xNVNhRVA1cVZrbXBiSlFEeFBYMUtxRFpVWDJKVHlTN201eGVtQS1qQlRrRktCd2JPNXFmZHdmeDAzUk1pb1JKcWtwTU1fNnhmWXBZeG1SVFRiMDNzRGltSVU5aS1yN2JxTFFhRUFqaEZGUEU2T2RidVc1LUVZWHI0bTljN0JmdGg3Q0ZCblp0bjRWX3hHMEwzRUdreThFQUlFakFZbHBGdmhYNnY0NWE3cW5PazlKRDFWamdUdGNadmhyYmZmQWUyZjdac2t4Tk1sT3c?oc=5,,False,본문 수집 제한 개수를 초과했습니다.,False,,2026-09-13 09:03:57
국내,게임,게임,게임,"AI도 '악마의 게임'에 무릎 꿇었다…""23전 3승 20패"" - v.daum.net",https://news.google.com/rss/articles/CBMiT0FVX3lxTFBXTnVrclpLaVBxSFdNaFNEQUZvcVFrZW5QcnZtdFBndHQ5dkxrYWlodkJGWXZzZnZfNWNNaUpJUko2NGZsV01nVkZtNFk0MjA?oc=5,"Sat, 12 Sep 2026 06:36:00 GMT",v.daum.net,게임,https://news.google.com/rss/articles/CBMiT0FVX3lxTFBXTnVrclpLaVBxSFdNaFNEQUZvcVFrZW5QcnZtdFBndHQ5dkxrYWlodkJGWXZzZnZfNWNNaUpJUko2NGZsV01nVkZtNFk0MjA?oc=5,,False,본문 수집 제한 개수를 초과했습니다.,False,,2026-09-13 09:03:57
국내,모바일게임,모바일게임,모바일게임,모바일 게임 포키 화면 하단 정보 영역 해설 - Histoire pour tous,https://news.google.com/rss/articles/CBMiwwFBVV95cUxNUThxbFVjWW1lS0pLejg1S2J0ODd4ZUx4T0FZRFNNQXJnWVd6NWlEN0tmRGpGa2daSF9ibHFDNlAyVnEtRl9QSHNKU0ZpelR1YzZjbVg3aXNBLUdieFFtdmkxUFVZVzZ1SjJwcGRCTHU3UDhpenZwZ1hhSjJXQldGRkVqV3FGT1Z2NS0ybzJZUEVzT09VLXYzVE9WaDRIdHhOSE1tcklESDF0SEYzVVVEX0ZRZmhEMTUxX3haYWtLTU5WY3M?oc=5,"Sat, 12 Sep 2026 04:59:52 GMT",Histoire pour tous,게임,https://news.google.com/rss/articles/CBMiwwFBVV95cUxNUThxbFVjWW1lS0pLejg1S2J0ODd4ZUx4T0FZRFNNQXJnWVd6NWlEN0tmRGpGa2daSF9ibHFDNlAyVnEtRl9QSHNKU0ZpelR1YzZjbVg3aXNBLUdieFFtdmkxUFVZVzZ1SjJwcGRCTHU3UDhpenZwZ1hhSjJXQldGRkVqV3FGT1Z2NS0ybzJZUEVzT09VLXYzVE9WaDRIdHhOSE1tcklESDF0SEYzVVVEX0ZRZmhEMTUxX3haYWtLTU5WY3M?oc=5,,False,본문 수집 제한 개수를 초과했습니다.,False,,2026-09-13 09:03:57
국내,모바일게임,모바일게임,모바일게임,무료모바일게임 추천 에서의 위험 요소와 예방 전략 (2026년 최신판) - Histoire pour tous,https://news.google.com/rss/articles/CBMiakFVX3lxTE54YTMySE01eDFpZ3Z0OHozdmdKOWtmbWVTbzFMLWVTTnNNY0NsUTdNYmQ0Y1dSMU15YzAwUVp1ZklweXIxWmI2UXFQWnUxR2Rycy1EbWM2UzE5NlVqV0YwcEpFaXVKQUlmaEE?oc=5,"Sat, 12 Sep 2026 04:32:15 GMT",Histoire pour tous,게임,https://news.google.com/rss/articles/CBMiakFVX3lxTE54YTMySE01eDFpZ3Z0OHozdmdKOWtmbWVTbzFMLWVTTnNNY0NsUTdNYmQ0Y1dSMU15YzAwUVp1ZklweXIxWmI2UXFQWnUxR2Rycy1EbWM2UzE5NlVqV0YwcEpFaXVKQUlmaEE?oc=5,,False,본문 수집 제한 개수를 초과했습니다.,False,,2026-09-13 09:03:57
국내,중국 판호,중국 판호,중국 판호,작은 글씨로 적힌 아시안게임 북한 순위 규칙 주석 해설 - Histoire pour tous,https://news.google.com/rss/articles/CBMiowFBVV95cUxOSHFXVVBnbkUwajRWbVlCZEx4U3dYVlRKcHhDY2ZZdXRoN0swVHYzVUxBU1BUTnY2YlZmQ0RQaW9vX1BrLW5QRmw4eDJWSVBLcnJzSHB6TG1KcXlmTXY2dHZtZHRfZlhQel9JR2dFRGc2VXExcURqZnJPQVRsQ2VGbWxjLWFHRTlUNU0wWEZnZmVtYnRMYjFKNW1ScGJIdWdpV29V?oc=5,"Sat, 12 Sep 2026 01:36:12 GMT",Histoire pour tous,게임,https://news.google.com/rss/articles/CBMiowFBVV95cUxOSHFXVVBnbkUwajRWbVlCZEx4U3dYVlRKcHhDY2ZZdXRoN0swVHYzVUxBU1BUTnY2YlZmQ0RQaW9vX1BrLW5QRmw4eDJWSVBLcnJzSHB6TG1KcXlmTXY2dHZtZHRfZlhQel9JR2dFRGc2VXExcURqZnJPQVRsQ2VGbWxjLWFHRTlUNU0wWEZnZmVtYnRMYjFKNW1ScGJIdWdpV29V?oc=5,,False,본문 수집 제한 개수를 초과했습니다.,False,,2026-09-13 09:03:57
국내,게임 매출,게임 매출,게임 매출,[청년공감] “뽑을 때 도파민 터진다”… 서브컬처 게임 ‘가챠’ 열풍의 그늘 - ekn.kr,https://news.google.com/rss/articles/CBMiW0FVX3lxTE43eUEweXo4RUJya0FDejVjckRoYWJVRHFtd253RXVJMkV5M0FLWnlkbnJGS3ptaWhtOWhYUmJBelVfcWFOM3BXdENGcGlwU2YwRWJGWm5Uc1J6ZHc?oc=5,"Sat, 12 Sep 2026 00:42:01 GMT",ekn.kr,게임,https://news.google.com/rss/articles/CBMiW0FVX3lxTE43eUEweXo4RUJya0FDejVjckRoYWJVRHFtd253RXVJMkV5M0FLWnlkbnJGS3ptaWhtOWhYUmJBelVfcWFOM3BXdENGcGlwU2YwRWJGWm5Uc1J6ZHc?oc=5,,False,본문 수집 제한 개수를 초과했습니다.,False,,2026-09-13 09:03:57
국내,신작 출시,신작 출시,신작 출시,신작 출시보다 ‘판’ 다시 짠다…블리자드·라이엇·크래프톤의 게임 생태계 전략 - 조세일보,https://news.google.com/rss/articles/CBMidEFVX3lxTFBXQlFoek8wOVNpX2std2V5eDhJQnZmemI0ckI1Mk1OQTl5aTQ3azlFd2JJSG5QSFRaRGFiRTNnbnc4MWtoUlhTeUJ3c0d2OE5XbGhQVUVBVWxvS291YlVVZjlkcl9NR29wZVEyUENZa1ViUFNH?oc=5,"Fri, 11 Sep 2026 00:37:31 GMT",조세일보,게임,https://news.google.com/rss/articles/CBMidEFVX3lxTFBXQlFoek8wOVNpX2std2V5eDhJQnZmemI0ckI1Mk1OQTl5aTQ3azlFd2JJSG5QSFRaRGFiRTNnbnc4MWtoUlhTeUJ3c0d2OE5XbGhQVUVBVWxvS291YlVVZjlkcl9NR29wZVEyUENZa1ViUFNH?oc=5,,False,본문 수집 제한 개수를 초과했습니다.,False,,2026-09-13 09:03:57
국내,게임,게임,게임,[글로컬] '제2차 한국전쟁' 게임으로 오락화하다니 - 연합뉴스,https://news.google.com/rss/articles/CBMiW0FVX3lxTE5VWlRqbDZFV0JfTmt0REFrbXRuVFN0YkZFS3F3enVkTTlleW5zaHotb3BQUnVpeFR6VzBFV2Rlc3ZpRjNhRlNQdWFZR25PQ254RS03TmdJVmdzYWvSAWBBVV95cUxPa3hXSjJ3Zmx5ckxsR3d1b0hWSm1TUjF2REo0QWN1eWF6UXlfeFRBSWFJeVhXb0pqTUVBWGV5b0Z3MkdDV0NoSXdoUE05VldPWXVCb3lHTU0wZEIxMWp6cTM?oc=5,"Thu, 10 Sep 2026 22:07:01 GMT",연합뉴스,게임,https://news.google.com/rss/articles/CBMiW0FVX3lxTE5VWlRqbDZFV0JfTmt0REFrbXRuVFN0YkZFS3F3enVkTTlleW5zaHotb3BQUnVpeFR6VzBFV2Rlc3ZpRjNhRlNQdWFZR25PQ254RS03TmdJVmdzYWvSAWBBVV95cUxPa3hXSjJ3Zmx5ckxsR3d1b0hWSm1TUjF2REo0QWN1eWF6UXlfeFRBSWFJeVhXb0pqTUVBWGV5b0Z3MkdDV0NoSXdoUE05VldPWXVCb3lHTU0wZEIxMWp6cTM?oc=5,,False,본문 수집 제한 개수를 초과했습니다.,False,,2026-09-13 09:03:57
국내,게임 매출,게임 매출,게임 매출,장식 요소와 조작 요소를 구분하며 보는 모바일 게임 매출 순위 2024 - Histoire pour tous,https://news.google.com/rss/articles/CBMigAJBVV95cUxPMDRvVW9jYVhCbHA4cXlhb01EOE1LLVhheFBJQXpUeVJVLTRqOU84X1otQUpGZjNmN1NmXzBWbDFVMGd0djVic2xBV3ZCZnh4SUNYZHVVdi1Lb1BuV0V4X3A5QmxIZG91MmFnakNjUjNXektlUzNELWlTZXlmNnRzT3EyWmRFbXE3TklxY3NNOWFrNVdjZ01pMjVHa3NlbV8tTGlUYXg0WnBiUzBnTzdVZHNFeW11VHlMQ1BWZGdycklJWHVQemtFbUlub2tFaUlEMzIzR0FMRVAxMzItOHNRcUVpZ090QVNYUFNPSFJtTVN4TlduZXRNRXVuNXJQQUdE?oc=5,"Thu, 10 Sep 2026 21:14:51 GMT",Histoire pour tous,게임,https://news.google.com/rss/articles/CBMigAJBVV95cUxPMDRvVW9jYVhCbHA4cXlhb01EOE1LLVhheFBJQXpUeVJVLTRqOU84X1otQUpGZjNmN1NmXzBWbDFVMGd0djVic2xBV3ZCZnh4SUNYZHVVdi1Lb1BuV0V4X3A5QmxIZG91MmFnakNjUjNXektlUzNELWlTZXlmNnRzT3EyWmRFbXE3TklxY3NNOWFrNVdjZ01pMjVHa3NlbV8tTGlUYXg0WnBiUzBnTzdVZHNFeW11VHlMQ1BWZGdycklJWHVQemtFbUlub2tFaUlEMzIzR0FMRVAxMzItOHNRcUVpZ090QVNYUFNPSFJtTVN4TlduZXRNRXVuNXJQQUdE?oc=5,,False,본문 수집 제한 개수를 초과했습니다.,False,,2026-09-13 09:03:57
국내,게임,게임,게임,"마블 울버린, 스파이더맨에 이은 히어로 게임의 모범 사례 - 게임메카",https://news.google.com/rss/articles/CBMiWEFVX3lxTE00OEZRWGkxM0cwUS1ERm50YmV5NlhkQnROTG1nTHpXdDdIaVA1TWhOeG1lWTN2ZjBhbFRONFBOSVNkR3dfX1lEdFVsdmNSUE9hYkExR0R4RDnSAVtBVV95cUxPZkRHRndHVnFxUUVvdXJCdW02Sy0zV1ZDRkQ2MXFzZzZZUXkwakZBc0JVUTdFNXNRczlpdmJ6VEpFRjFNR3NQYU9WREQtakQtV3hXdnRGZUEzMmtZ?oc=5,"Thu, 10 Sep 2026 15:00:00 GMT",게임메카,게임,https://news.google.com/rss/articles/CBMiWEFVX3lxTE00OEZRWGkxM0cwUS1ERm50YmV5NlhkQnROTG1nTHpXdDdIaVA1TWhOeG1lWTN2ZjBhbFRONFBOSVNkR3dfX1lEdFVsdmNSUE9hYkExR0R4RDnSAVtBVV95cUxPZkRHRndHVnFxUUVvdXJCdW02Sy0zV1ZDRkQ2MXFzZzZZUXkwakZBc0JVUTdFNXNRczlpdmJ6VEpFRjFNR3NQYU9WREQtakQtV3hXdnRGZUEzMmtZ?oc=5,,False,본문 수집 제한 개수를 초과했습니다.,False,,2026-09-13 09:03:57
국내,신작 출시,신작 출시,신작 출시,"스마일게이트, 신작 MMORPG `이클립스` 출시 - 디지털데일리",https://news.google.com/rss/articles/CBMiZEFVX3lxTE02UlpMMmVzQ0JmMTJNN2VRb2lkS2dKNFR1LUZFOHIyMTR6dVF5Zy1vMUpoYkNzeEtvSXhoeWFaYW9LT1h4RE9IVmp4c3NmMDlxU2ZieXlfU1Y5TDdHb0xiM2xkNDQ?oc=5,"Thu, 10 Sep 2026 07:13:45 GMT",디지털데일리,게임,https://news.google.com/rss/articles/CBMiZEFVX3lxTE02UlpMMmVzQ0JmMTJNN2VRb2lkS2dKNFR1LUZFOHIyMTR6dVF5Zy1vMUpoYkNzeEtvSXhoeWFaYW9LT1h4RE9IVmp4c3NmMDlxU2ZieXlfU1Y5TDdHb0xiM2xkNDQ?oc=5,,False,본문 수집 제한 개수를 초과했습니다.,False,,2026-09-13 09:03:57
국내,신작 출시,신작 출시,신작 출시,"카카오게임즈 신작 ‘도깨비의세계’, 10월 8일 출시 - 디일렉",https://news.google.com/rss/articles/CBMiZkFVX3lxTFAxMDJnbWFScUhtMmRCMlNXVkN6TXc2Smo4R1dCSk9WZnp5c01qYjkyc3c1YTlRZlVXZXpFQXN4YVJ6RmZ1ZXBuczlwNUZVVTNXdFV3QjVja25OWjVyLVVYVFZGTEs0Zw?oc=5,"Wed, 09 Sep 2026 02:14:07 GMT",디일렉,게임,https://news.google.com/rss/articles/CBMiZkFVX3lxTFAxMDJnbWFScUhtMmRCMlNXVkN6TXc2Smo4R1dCSk9WZnp5c01qYjkyc3c1YTlRZlVXZXpFQXN4YVJ6RmZ1ZXBuczlwNUZVVTNXdFV3QjVja25OWjVyLVVYVFZGTEs0Zw?oc=5,,False,본문 수집 제한 개수를 초과했습니다.,False,,2026-09-13 09:03:57
국내,모바일게임,모바일게임,모바일게임,"중국에 밀리던 K게임, 모바일 게임 매출 1~4위 싹쓸이… 제우스·솔 흥행에 방치형도 가세 - 조선비즈 - Chosunbiz",https://news.google.com/rss/articles/CBMiggFBVV95cUxQYjNPdkoyVE5NWnVzeXhCazFkUzlWY2pCVUFzeVR3c2tKYnctYlI3dzl2RHJpd1p4RktINWZrYUlLNW1YbVZacTdvc1pVM1JCMk1tTXYxVGlmRjJRMmNaOS1tM1dSOWpJYnYwLXR1MGd5UlpLZzF6OXpicmJ6bGRpeGJB0gGWAUFVX3lxTE50US1iQkFOcVUyZlczZHBNUU1IeGY2ZEdrVExwald6Z09mcGJ0MFotSENSOTE1am1WYkx3VnJ3QVd5NmJPalBsbXN4Q2VaZ0xPRlVWTkotNEdmRU9KbFY1cjRtSV85TUtxTE5SNTRnbS13dmZiRjUwNUo0bWF4Y19oUWFjYkV4aGRJTnNIcDVSRzNsZjZDQQ?oc=5,"Tue, 08 Sep 2026 02:30:00 GMT",Chosunbiz,게임,https://news.google.com/rss/articles/CBMiggFBVV95cUxQYjNPdkoyVE5NWnVzeXhCazFkUzlWY2pCVUFzeVR3c2tKYnctYlI3dzl2RHJpd1p4RktINWZrYUlLNW1YbVZacTdvc1pVM1JCMk1tTXYxVGlmRjJRMmNaOS1tM1dSOWpJYnYwLXR1MGd5UlpLZzF6OXpicmJ6bGRpeGJB0gGWAUFVX3lxTE50US1iQkFOcVUyZlczZHBNUU1IeGY2ZEdrVExwald6Z09mcGJ0MFotSENSOTE1am1WYkx3VnJ3QVd5NmJPalBsbXN4Q2VaZ0xPRlVWTkotNEdmRU9KbFY1cjRtSV85TUtxTE5SNTRnbS13dmZiRjUwNUo0bWF4Y19oUWFjYkV4aGRJTnNIcDVSRzNsZjZDQQ?oc=5,,False,본문 수집 제한 개수를 초과했습니다.,False,,2026-09-13 09:03:57
국내,중국 판호,중국 판호,중국 판호,"‘씰 온라인’ IP 모바일 게임, 중국 판호 획득… 4분기 중국 서비스 추진 - v.daum.net",https://news.google.com/rss/articles/CBMiS0FVX3lxTE54N2NFQVJkNG84VXV6QUMzRHlLZ1NPaWNFdS15aS10dDZLSWxZMnNzM3dYY2RwaEZKQy1OQzlGZVo4dFhqWUt6UjIxUQ?oc=5,"Wed, 02 Sep 2026 07:01:00 GMT",v.daum.net,게임,https://news.google.com/rss/articles/CBMiS0FVX3lxTE54N2NFQVJkNG84VXV6QUMzRHlLZ1NPaWNFdS15aS10dDZLSWxZMnNzM3dYY2RwaEZKQy1OQzlGZVo4dFhqWUt6UjIxUQ?oc=5,,False,본문 수집 제한 개수를 초과했습니다.,False,,2026-09-13 09:03:57
국내,중국 판호,중국 판호,중국 판호,"플레이위드, '씰' IP 모바일 게임 중국 판호 획득 - 지디넷코리아",https://news.google.com/rss/articles/CBMiVkFVX3lxTE9RcmEyaVRiM25jenJfMXprNkxleEQ3NER0a0pCbXRKbWV0amNKaUdtZE1MX2NnMkdaRlJTMi1NdU5EUXVuU0NBVURDUFdPVTVvTmw0bFVn?oc=5,"Tue, 01 Sep 2026 07:00:00 GMT",지디넷코리아,게임,https://news.google.com/rss/articles/CBMiVkFVX3lxTE9RcmEyaVRiM25jenJfMXprNkxleEQ3NER0a0pCbXRKbWV0amNKaUdtZE1MX2NnMkdaRlJTMi1NdU5EUXVuU0NBVURDUFdPVTVvTmw0bFVn?oc=5,,False,본문 수집 제한 개수를 초과했습니다.,False,,2026-09-13 09:03:57
국내,중국 판호,중국 판호,중국 판호,"“텐센트 협력이 되려 악수”… 판호 뚫은 K게임, 중국서 연이어 고전 - IT조선",https://news.google.com/rss/articles/CBMicEFVX3lxTE00czJoTVR2aGJQZVhqZnFVUWswakF4Q2RvU0RmMk1Pb0UwTnZkSnQ0SWM0Ym5aYUhpaHdWcWlDQXdQSlk0ZnVYT1RvcDRDUUdXMVZYYVZORnFMZjQzSFBYMExIZVFQRVRGU1VsbTJIcDHSAXRBVV95cUxNTS1RalR6cDNFc2laMmE3Uk0ydFJiRGlKZzZQSTlQWWZCOUh4NGFNdjdnbGRyZV9Kc3FvM2Y4eU1MUktIUTRCQzY5SFhXTUVKM2Z4VDdLTUtucmZvd1JyVG5jWFhtUzFsTlpWOHpnUFNvVVN2dA?oc=5,"Fri, 24 Jul 2026 07:00:00 GMT",IT조선,게임,https://news.google.com/rss/articles/CBMicEFVX3lxTE00czJoTVR2aGJQZVhqZnFVUWswakF4Q2RvU0RmMk1Pb0UwTnZkSnQ0SWM0Ym5aYUhpaHdWcWlDQXdQSlk0ZnVYT1RvcDRDUUdXMVZYYVZORnFMZjQzSFBYMExIZVFQRVRGU1VsbTJIcDHSAXRBVV95cUxNTS1RalR6cDNFc2laMmE3Uk0ydFJiRGlKZzZQSTlQWWZCOUh4NGFNdjdnbGRyZV9Kc3FvM2Y4eU1MUktIUTRCQzY5SFhXTUVKM2Z4VDdLTUtucmZvd1JyVG5jWFhtUzFsTlpWOHpnUFNvVVN2dA?oc=5,,False,본문 수집 제한 개수를 초과했습니다.,False,,2026-09-13 09:03:57
국내,중국 판호,중국 판호,중국 판호,"[2026 성장전략] 정부, 중국서 한국영화 개봉·게임 판호발급 확대 힘쓴다 - 연합뉴스",https://news.google.com/rss/articles/CBMiW0FVX3lxTE9NVmRLM3M1NWFBRWVkZTdkMnFGSzNGWjRFVnV5ZHE1VmZJemdQSDd1ZHZ0X0I2UC1haHpzU1otMGpHNThlTlFuaWR3cVFScmtmSUZzdjZrQVp1MEnSAWBBVV95cUxQdXBKNVVWdW1QU1VQckZzMGM4MnhSTWxHRGMxbUVMX3JySm5QTTE4R0hudHZMVVVGRTYtZFFjS2huRkZZSVRscHFubnhRZ1JheG81dXhQaFFaZUh0WFBJVUc?oc=5,"Fri, 09 Jan 2026 08:00:00 GMT",연합뉴스,게임,https://news.google.com/rss/articles/CBMiW0FVX3lxTE9NVmRLM3M1NWFBRWVkZTdkMnFGSzNGWjRFVnV5ZHE1VmZJemdQSDd1ZHZ0X0I2UC1haHpzU1otMGpHNThlTlFuaWR3cVFScmtmSUZzdjZrQVp1MEnSAWBBVV95cUxQdXBKNVVWdW1QU1VQckZzMGM4MnhSTWxHRGMxbUVMX3JySm5QTTE4R0hudHZMVVVGRTYtZFFjS2huRkZZSVRscHFubnhRZ1JheG81dXhQaFFaZUh0WFBJVUc?oc=5,,False,본문 수집 제한 개수를 초과했습니다.,False,,2026-09-13 09:03:57
미국,게임,게임,게임 stock market earnings investment,GameStop Sees Higher Profit as eBay Investment Offsets Lower Sales - Yahoo Finance,https://news.google.com/rss/articles/CBMipgFBVV95cUxQQmlyVzFpUFg5QkRhdW5tX1g3NGlseVplWUZSZWtGZU5WQlFVVjNZSnMtTHRCeW9JLUtpY01HWjhjNUMwZUZ6MTMteWpTMFN6TEl1SXFMZFdtblJMTERVZ2doanhETDJFR1F0QmhVcV9RNHB4TlF5c2VOeGpjMXhVTWdTcFlQbjZ2RHdLdDlkeHAwc1hGcjdvQi1qc2cxTHI4bEh3Y09B?oc=5,"Mon, 31 Aug 2026 07:00:00 GMT",Yahoo Finance,게임,https://finance.yahoo.com/markets/stocks/articles/gamestop-expects-higher-profit-despite-110800945.html,finance.yahoo.com,True,,True,,2026-09-13 09:03:57
미국,게임,게임,게임 stock market earnings investment,"Earnings call transcript: NetEase Q2 2026 revenue beats, EPS misses as shares fall - Investing.com",https://news.google.com/rss/articles/CBMi0gFBVV95cUxPOTVxNGpnd3NHNHRvUVREc1Y0eWRROGtDRWNlTTJjMTQtcWFLZEM3ZnJkYnFEdEJvcTVBRFV4OFZxbVNUd2F2VlZVNVdfd1pYTTE1ejRvQUVsejRPVDh2MldhaEVDZkladzhpVEtGTDVFX1ZQSXFrdUwydUp4LXMtYm93SktLMjdCbzhNOFFVSDB6bUNFRVAycHNpUHYwT1VZaVBWYVBPVFNFWVZfa09sRTRONERYbnVMd2xtQ21yQXM4QVNMeWh2YjFJOGNxaDNnYmc?oc=5,"Thu, 20 Aug 2026 07:00:00 GMT",Investing.com,게임,https://news.google.com/rss/articles/CBMi0gFBVV95cUxPOTVxNGpnd3NHNHRvUVREc1Y0eWRROGtDRWNlTTJjMTQtcWFLZEM3ZnJkYnFEdEJvcTVBRFV4OFZxbVNUd2F2VlZVNVdfd1pYTTE1ejRvQUVsejRPVDh2MldhaEVDZkladzhpVEtGTDVFX1ZQSXFrdUwydUp4LXMtYm93SktLMjdCbzhNOFFVSDB6bUNFRVAycHNpUHYwT1VZaVBWYVBPVFNFWVZfa09sRTRONERYbnVMd2xtQ21yQXM4QVNMeWh2YjFJOGNxaDNnYmc?oc=5,,False,403 Client Error: Forbidden for url: https://www.investing.com/news/transcripts/earnings-call-transcript-netease-q2-2026-revenue-beats-eps-misses-as-shares-fall-93CH-4869994,True,,2026-09-13 09:03:57
미국,신작 출시,신작 출시,신작 출시 stock market earnings investment,Earnings call transcript: NHN posts record Q2 2026 profit as stock jumps 15.6% - Investing.com,https://news.google.com/rss/articles/CBMiywFBVV95cUxQMmZfTktadEMwbXBmMTMxOWFfVVBQei1SMGkzM0xTcXZMamN2N3NOSjVWcHZiUDVkZzNobEE0OENoWnNYRjhxd25HYXo3eWhOWXBoMGxQTnUwdXVZcGM1LVJVdUFzV1pOUzJwNy1KU3h5cTM5MzFXMDZSVGlWbWlQbzhubFRGSUg5eTdoTm8yZ0N1bU5PN0c4eFlJMU51eE94QmQ1bDlCZjVJT1ZyVlowSTNhMzVDMUxtUUhfTFFFUlpUSmdObnJjRmJxRQ?oc=5,"Mon, 10 Aug 2026 07:00:00 GMT",Investing.com,게임,https://news.google.com/rss/articles/CBMiywFBVV95cUxQMmZfTktadEMwbXBmMTMxOWFfVVBQei1SMGkzM0xTcXZMamN2N3NOSjVWcHZiUDVkZzNobEE0OENoWnNYRjhxd25HYXo3eWhOWXBoMGxQTnUwdXVZcGM1LVJVdUFzV1pOUzJwNy1KU3h5cTM5MzFXMDZSVGlWbWlQbzhubFRGSUg5eTdoTm8yZ0N1bU5PN0c4eFlJMU51eE94QmQ1bDlCZjVJT1ZyVlowSTNhMzVDMUxtUUhfTFFFUlpUSmdObnJjRmJxRQ?oc=5,,False,403 Client Error: Forbidden for url: https://www.investing.com/news/transcripts/earnings-call-transcript-nhn-posts-record-q2-2026-profit-as-stock-jumps-156-93CH-4850695,True,,2026-09-13 09:03:57
미국,게임 매출,게임 매출,게임 매출 stock market earnings investment,NHN Hits Record Revenue; New Games to Focus on Japanese Market - Inven Global,https://news.google.com/rss/articles/CBMipwFBVV95cUxPYzdYR193b0xiS09ydG52SFd0YVYwcFhVaGxLdWRTX0NYSWVMRU9OcDNTS2M0YXpVNFVwQ3BmbFk1clBNN1JzQmM4QnNIVm9YMlZaZl9sYmk1ci1xb2FOdW5nNnhVNmhLUktYU2REMFFnQTBjSWVqWXJnN2ZReDN4UUs5N1NuSXNWUW5mTkRCY0lWN3B6MURNT2ROZGZHd24tOXFuQTEyOA?oc=5,"Mon, 10 Aug 2026 07:00:00 GMT",Inven Global,게임,https://www.invenglobal.com/articles/24621/nhn-hits-record-revenue-new-games-to-focus-on-japanese-market,www.invenglobal.com,True,,True,,2026-09-13 09:03:57
미국,신작 출시,신작 출시,신작 출시 stock market earnings investment,Earnings call transcript: Netmarble posts modest Q2 2026 revenue beat as stock falls - Investing.com,https://news.google.com/rss/articles/CBMi1gFBVV95cUxQMEZ2Nk1Bb1pvYktHQ0oxWTN6ZWJlVGVyZV82bVI5OWRnQV8xdWI2UF9kRW5HUWdtbWMxLUR5VGhNVVJ0ZktHeE1DOVpVd0xPQUhZR1RwR2ZuWmVmSURUQ1hmR0JkSC1ZM1pGb2JOc3BRQ2ZzWlFjMkRJbWtmc05HMjRURm5hLXluQV9fcDFGcGpUdzZ6MnpwLUI4UGVyVl9rLVZYa3pqc3gtS3laUGoycE45aE5aTkxhWVBjN0JGVTBVMEVGdDhWN2NoWVdxS2tNa0pBNDRB?oc=5,"Wed, 05 Aug 2026 07:00:00 GMT",Investing.com,게임,https://news.google.com/rss/articles/CBMi1gFBVV95cUxQMEZ2Nk1Bb1pvYktHQ0oxWTN6ZWJlVGVyZV82bVI5OWRnQV8xdWI2UF9kRW5HUWdtbWMxLUR5VGhNVVJ0ZktHeE1DOVpVd0xPQUhZR1RwR2ZuWmVmSURUQ1hmR0JkSC1ZM1pGb2JOc3BRQ2ZzWlFjMkRJbWtmc05HMjRURm5hLXluQV9fcDFGcGpUdzZ6MnpwLUI4UGVyVl9rLVZYa3pqc3gtS3laUGoycE45aE5aTkxhWVBjN0JGVTBVMEVGdDhWN2NoWVdxS2tNa0pBNDRB?oc=5,,False,본문 수집 제한 개수를 초과했습니다.,False,,2026-09-13 09:03:57
미국,모바일게임,모바일게임,모바일게임 stock market earnings investment,"Mobile Revenue Drops 47.8%, Kakao Games Continues to Report Deficit in Q2 - 게임메카",https://news.google.com/rss/articles/CBMiXEFVX3lxTE9hQ2x6RFhqRW1rWUZfbnBnSm1OM3ZLZXhVeWF2OWhXNzF4bHRCQzN6c0dORXhHSlo4MjBRbjd6bWtmbFhYaE5LYW1UWUFmOVpIczV1eGpXN3VUcWR1?oc=5,"Wed, 05 Aug 2026 07:00:00 GMT",게임메카,게임,https://news.google.com/rss/articles/CBMiXEFVX3lxTE9hQ2x6RFhqRW1rWUZfbnBnSm1OM3ZLZXhVeWF2OWhXNzF4bHRCQzN6c0dORXhHSlo4MjBRbjd6bWtmbFhYaE5LYW1UWUFmOVpIczV1eGpXN3VUcWR1?oc=5,,False,본문 수집 제한 개수를 초과했습니다.,False,,2026-09-13 09:03:57
미국,게임,게임,게임 stock market earnings investment,Take-Two Rises as GTA VI Momentum and Earnings Positioning Support Shares | TTWO Stock News - Quiver Quantitative,https://news.google.com/rss/articles/CBMiqgFBVV95cUxQY0xMS1VyNlhmR014WUVwUENPNGRHLXotNWY5dUJaSDRxN21kaWFTdklRSWNWVUw4TG9JMDdjRms1YXltMXQzc0lDbXFvN0RXSjFxQmloVVBlRmNELTV3ZmtNcVkxLWZtV0tDUUZXdm1pTl9idlduZGNFanExQTVNa3F1RzliV0RGaVRPc21Sdi1IYkZzVEVhMHlLWnI1Z2F3dnZZVXNrcFNjQQ?oc=5,"Mon, 27 Jul 2026 07:00:00 GMT",Quiver Quantitative,게임,https://news.google.com/rss/articles/CBMiqgFBVV95cUxQY0xMS1VyNlhmR014WUVwUENPNGRHLXotNWY5dUJaSDRxN21kaWFTdklRSWNWVUw4TG9JMDdjRms1YXltMXQzc0lDbXFvN0RXSjFxQmloVVBlRmNELTV3ZmtNcVkxLWZtV0tDUUZXdm1pTl9idlduZGNFanExQTVNa3F1RzliV0RGaVRPc21Sdi1IYkZzVEVhMHlLWnI1Z2F3dnZZVXNrcFNjQQ?oc=5,,False,본문 수집 제한 개수를 초과했습니다.,False,,2026-09-13 09:03:57
미국,게임,게임,게임 stock market earnings investment,World’s Hottest Market Risks Becoming a Squid Game - WSJ,https://news.google.com/rss/articles/CBMimAFBVV95cUxOU2dQRHl6ZE81Q1p6ZnNud2NXVm0wd0FWalNvU2FvNVNRZjE2TUIzcGItRzZ1U3hTdjh4T2NNZ3dlUzR2S3NGOVpDT3BnU0FKWDZRRHNIS1lpT1Q1SWU5Z1pINlBIbTJST3dydnlRWFdwenFoY2FMMUlEbVZHR1BqTklQczlva3ZfeEhtYmwtbmVRMndfUmpzaA?oc=5,"Mon, 06 Jul 2026 07:00:00 GMT",WSJ,게임,https://news.google.com/rss/articles/CBMimAFBVV95cUxOU2dQRHl6ZE81Q1p6ZnNud2NXVm0wd0FWalNvU2FvNVNRZjE2TUIzcGItRzZ1U3hTdjh4T2NNZ3dlUzR2S3NGOVpDT3BnU0FKWDZRRHNIS1lpT1Q1SWU5Z1pINlBIbTJST3dydnlRWFdwenFoY2FMMUlEbVZHR1BqTklQczlva3ZfeEhtYmwtbmVRMndfUmpzaA?oc=5,,False,본문 수집 제한 개수를 초과했습니다.,False,,2026-09-13 09:03:57
미국,모바일게임,모바일게임,모바일게임 stock market earnings investment,BILI’s Mixed Q1 Report Dampens Investor Mood – Bilibili’s Mobile Game Unit Weakness Clouds Ad Business Strength - Stocktwits,https://news.google.com/rss/articles/CBMigwJBVV95cUxQeXhRaDNlQ3gtRGdxRG5pZ3JCVGRXTkVERlJUNEpSbXBfVm1NbGV6SDJoOEdCTzBkaVB6RWpqMmxxSzNndWZqUkNSUnBqWnFKUXJJMFhEZTdNemFveldFUnlOSWFHNVMyMjlXWVJ3czVNX1JydlRxd1Q3Ynl2S0p5V1h6c055czdYaTVSbndUaDJudHNGM09LQ3JGNDRVOFRhaUJOX2wwVzJkcnlkOTlOVVlMVjZ6R0QwRTc2VkRvQzZCVFh3RjFQZ2wtaWJwdk1yQVUwM0FtcS1LYVJvRm1MNDdEQmdZQ2JVZXAyQ3hkLXIwZ1lOR3hkY3diWWZZTkFTTURr?oc=5,"Tue, 19 May 2026 07:00:00 GMT",Stocktwits,게임,https://news.google.com/rss/articles/CBMigwJBVV95cUxQeXhRaDNlQ3gtRGdxRG5pZ3JCVGRXTkVERlJUNEpSbXBfVm1NbGV6SDJoOEdCTzBkaVB6RWpqMmxxSzNndWZqUkNSUnBqWnFKUXJJMFhEZTdNemFveldFUnlOSWFHNVMyMjlXWVJ3czVNX1JydlRxd1Q3Ynl2S0p5V1h6c055czdYaTVSbndUaDJudHNGM09LQ3JGNDRVOFRhaUJOX2wwVzJkcnlkOTlOVVlMVjZ6R0QwRTc2VkRvQzZCVFh3RjFQZ2wtaWJwdk1yQVUwM0FtcS1LYVJvRm1MNDdEQmdZQ2JVZXAyQ3hkLXIwZ1lOR3hkY3diWWZZTkFTTURr?oc=5,,False,본문 수집 제한 개수를 초과했습니다.,False,,2026-09-13 09:03:57
미국,게임,게임,게임 stock market earnings investment,eBay Stock Gains 9% As GameStop Makes Unsolicited Offer to Acquire eBay - TIKR.com,https://news.google.com/rss/articles/CBMiwAFBVV95cUxOTHFKUGZvbU1sNXFtLVlfc0lybUlnWjNDamVIeHdKXzRoOXJHU1llRGlJN2xkbWRsTjRHSDdleVAtQlR5Z1F0MVBHMndpNHJtRGFSbURDRTVTNmhWSUxkYWFZT0NIRXkzQm1jYUVkbnR4ejd3RFNGZThOOExwaDN0d2ZUX3YwdS1oSkgtQVBLZ1hEdG44bjFXNXo4NnpseS1VNG91MnJkRXVCZ0thTmwzOVlpZUsxV0FocldHMHZBc1A?oc=5,"Mon, 04 May 2026 07:00:00 GMT",TIKR.com,게임,https://news.google.com/rss/articles/CBMiwAFBVV95cUxOTHFKUGZvbU1sNXFtLVlfc0lybUlnWjNDamVIeHdKXzRoOXJHU1llRGlJN2xkbWRsTjRHSDdleVAtQlR5Z1F0MVBHMndpNHJtRGFSbURDRTVTNmhWSUxkYWFZT0NIRXkzQm1jYUVkbnR4ejd3RFNGZThOOExwaDN0d2ZUX3YwdS1oSkgtQVBLZ1hEdG44bjFXNXo4NnpseS1VNG91MnJkRXVCZ0thTmwzOVlpZUsxV0FocldHMHZBc1A?oc=5,,False,본문 수집 제한 개수를 초과했습니다.,False,,2026-09-13 09:03:57
미국,모바일게임,모바일게임,모바일게임 stock market earnings investment,AppLovin (APP): AI-Powered AdTech & AXON 2.0 Growth - Bitget,https://news.google.com/rss/articles/CBMiVkFVX3lxTE5jbHJhMW1uZGZlcE9QS0xlNm9LTXZtVkstWmhkakdJdjhia2ctRURIZy1VSVEtQjU0S2ozcHBfNTZicDlvSi04S3R2bGNPR0Q5NUxQSHN30gFbQVVfeXFMTVlTN2RtbWNMMWtVbUFTakt0dU93UFFkOUZvUlAwVmlhamctdVo3ZUd1dnhiWjdhTVBWOXE5WW5kbXNITUFyTy1oOHF6WF9oeXhBQ2dqLTlSLUZ3VQ?oc=5,"Tue, 10 Feb 2026 08:00:00 GMT",Bitget,게임,https://news.google.com/rss/articles/CBMiVkFVX3lxTE5jbHJhMW1uZGZlcE9QS0xlNm9LTXZtVkstWmhkakdJdjhia2ctRURIZy1VSVEtQjU0S2ozcHBfNTZicDlvSi04S3R2bGNPR0Q5NUxQSHN30gFbQVVfeXFMTVlTN2RtbWNMMWtVbUFTakt0dU93UFFkOUZvUlAwVmlhamctdVo3ZUd1dnhiWjdhTVBWOXE5WW5kbXNITUFyTy1oOHF6WF9oeXhBQ2dqLTlSLUZ3VQ?oc=5,,False,본문 수집 제한 개수를 초과했습니다.,False,,2026-09-13 09:03:57
미국,신작 출시,신작 출시,신작 출시 stock market earnings investment,"Earnings call transcript: Netmarble’s Q3 2025 sees revenue growth, new game launches - Investing.com",https://news.google.com/rss/articles/CBMi0wFBVV95cUxOVWNMVE1rNWRGUlY2ZkY4M0lOcVBDd0NHYnJlbFJkRjc0YlFkSmhHbHZ0bFFqZ1BHdUNhRVFiXzgxNnZDVE1HaXpkREdka3hGNlFjTl9HbFBTUVZ0NlBWU0psdG03djlfQ0tPeUlNSUdMZ01oclZibGVZcmhmSHpfS0lWMHB6ZmVjVjQxZEJBeFJ4ZDdpbk9ncEMyeTAtZDhFT3pQeWZGWGxobi1WWENISWRoano2Q21aTkhOUGphSTBJb3pzSkJhMVpVOUlCWDNTSUdv?oc=5,"Thu, 06 Nov 2025 08:00:00 GMT",Investing.com,게임,https://news.google.com/rss/articles/CBMi0wFBVV95cUxOVWNMVE1rNWRGUlY2ZkY4M0lOcVBDd0NHYnJlbFJkRjc0YlFkSmhHbHZ0bFFqZ1BHdUNhRVFiXzgxNnZDVE1HaXpkREdka3hGNlFjTl9HbFBTUVZ0NlBWU0psdG03djlfQ0tPeUlNSUdMZ01oclZibGVZcmhmSHpfS0lWMHB6ZmVjVjQxZEJBeFJ4ZDdpbk9ncEMyeTAtZDhFT3pQeWZGWGxobi1WWENISWRoano2Q21aTkhOUGphSTBJb3pzSkJhMVpVOUlCWDNTSUdv?oc=5,,False,본문 수집 제한 개수를 초과했습니다.,False,,2026-09-13 09:03:57
일본,게임,게임,게임 日本 株式市場 企業,【ゲームエンタメ株前場(8/10)】決算発表企業で明暗 グリーとガンホーが買われ、サイバーとフリュー売られる(gamebiz) - Yahoo!ファイナンス,https://news.google.com/rss/articles/CBMihwFBVV95cUxQWjhzb3JBUkFrMEM2aXN2NzdBbXdwZW8tMFRqV2tDejFNd00wWF9BWXVhLVI4NVV5SWxuYXh0SXM0bTBHWHNlV3AzSHBQcnotanJ1ZGpZTjFhaDV3dEdpWGVveWctVE9UWU9DMm9uZkZlNGpXV25xZkdGUTRvM2tod2wxRUR1dTQ?oc=5,"Mon, 10 Aug 2026 07:00:00 GMT",Yahoo!ファイナンス,게임,https://finance.yahoo.co.jp/news/detail/8555d0228cee36f0cfdc561e4420092f8d9bc25d,finance.yahoo.co.jp,True,,True,,2026-09-13 09:03:57
일본,게임,게임,게임 日本 株式市場 企業,【ゲームエンタメ株前場(7/31)】新作好調の日本一ソフトが堅調 決算発表のコナミGやセルシスさえない SBIと提携のGENDA続伸【チャート掲載】 - gamebiz【ゲームビズ】,https://news.google.com/rss/articles/CBMiREFVX3lxTE1vNmNtZUlxVDBDT1drQ3V5REVoTlZRN19pX09GRUN3U1pQSG0zT0xOWldLQ1d4S3FuUzNUcFhIakszeVct?oc=5,"Fri, 31 Jul 2026 02:58:03 GMT",gamebiz【ゲームビズ】,게임,https://gamebiz.jp/news/430304,gamebiz.jp,True,,True,,2026-09-13 09:03:57
일본,게임,게임,게임 日本 株式市場 企業,日本企業が目指すべき｢コングロマリット経営｣の要諦 - 四季報オンライン,https://news.google.com/rss/articles/CBMiV0FVX3lxTE5KRm04RVJYcU1XbExuM1NZZUY4Ymdvb1pDWkhFSVY1VHlnOUNmZzFveC00Sm9hN2RlTTc3aHVrS3BZaXNqQlVWTkVLbEhVdC1RVENwMjFnOA?oc=5,"Mon, 20 Jul 2026 07:00:00 GMT",四季報オンライン,게임,https://shikiho.toyokeizai.net/news/0/951813,shikiho.toyokeizai.net,True,,True,,2026-09-13 09:03:57
일본,게임,게임,게임 日本 株式市場 企業,「好き」を資産に。成長する日本のエンタメ企業に厳選投資 - NEXT FUNDS,https://news.google.com/rss/articles/CBMibEFVX3lxTE9UWTM3T0FXVnpCSGgwMmkyRGNhcnMzS0NXX3dUc1QzX3gxdVlPMUtjOEFhMkM3RXRyWkVqeEFRUGlBWk4yb0dDLXR2UF9MNUs2cnFnZFF0SWpkUVBSeUFTbE1DRFlONU1fWWNIVg?oc=5,"Fri, 22 May 2026 08:06:19 GMT",NEXT FUNDS,게임,https://nextfunds.jp/special/next_step/nikkei-entertainment/,nextfunds.jp,True,,True,,2026-09-13 09:03:57
일본,게임,게임,게임 日本 株式市場 企業,半導体・AIが熱狂するほど冷えるゲーム関連株 ヴェリタスEYE（4月23日） - 日本経済新聞,https://news.google.com/rss/articles/CBMifkFVX3lxTE9IdF9aalpITVEtZUxjcU5sXzh0dUNqa2c2MXVvNThsVVo4ck13eWtlaXhNS2FsWmpNOFJUVWlQdkppMVdITE9famM3RndvRncxb0dSZXdSaUlFdTJNN19sbkxES2tBYWg5eFVWVHlmenh3ckFvWFFaYzNpLVdaUQ?oc=5,"Thu, 23 Apr 2026 07:00:00 GMT",日本経済新聞,게임,https://news.google.com/rss/articles/CBMifkFVX3lxTE9IdF9aalpITVEtZUxjcU5sXzh0dUNqa2c2MXVvNThsVVo4ck13eWtlaXhNS2FsWmpNOFJUVWlQdkppMVdITE9famM3RndvRncxb0dSZXdSaUlFdTJNN19sbkxES2tBYWg5eFVWVHlmenh3ckFvWFFaYzNpLVdaUQ?oc=5,,False,본문 수집 제한 개수를 초과했습니다.,False,,2026-09-13 09:03:57
국내,방송,방송,방송,"미모의 日 배드민턴 스타, 은퇴 후 방송 켜자…'월 1억' 돈방석 - 한국경제",https://news.google.com/rss/articles/CBMiWkFVX3lxTE5WbEQ3NkRKNFVKQkJwVmpZQkc2Wno1NGRidkw2VnprZHpnMmpzYUdidXQ0U3YyN0k1SVgtdFBuckNmQ2ZFLVp0WXZ3ZHpEX1YxSWtqWFd0VVVwZw?oc=5,"Sat, 12 Sep 2026 23:57:45 GMT",한국경제,광고/미디어,https://www.hankyung.com/article/2026091307607,www.hankyung.com,False,본문을 추출하지 못했습니다.,True,,2026-09-13 09:04:44
국내,방송,방송,방송,"[간밤TV] ‘너 말고 다른 연애’ 첫 방송, 환호가 터졌다 - 스포츠경향",https://news.google.com/rss/articles/CBMiXkFVX3lxTE42X1FPaWV5bW5FNHRBcGRxNUpiVXV6YUhnVmRLU2xveV9SRThOeGNzN2t2YmI4REhpVHpCX1pMV1lpcDNSbWdjU3dNbV81R3B3QnpONFE0Y1I3VXZLbnfSAWNBVV95cUxPUkl6VkN2bWg5T09xNXQyRHdBT2lodHZmVHNaSlpEdlVBX3VJNk8xQVlJZWNOZnQ1QkRUQjhWdWRFX3pMLUdaUHpLV2VITDM5VmFqTWFRenRTMnRybEcwU1lYZ3c?oc=5,"Sat, 12 Sep 2026 23:06:00 GMT",스포츠경향,광고/미디어,https://sports.khan.co.kr/article/202609130806003,sports.khan.co.kr,True,,True,,2026-09-13 09:04:44
국내,방송,방송,방송,"""월수입 1억 4000만원"" 日 배드민턴 스타, 은퇴하고 '라이브 방송' 대박 - v.daum.net",https://news.google.com/rss/articles/CBMiT0FVX3lxTE5wMGIzREVxRmgwVnBfdVlaOTh3eHMxRGxlMkJmZFNaLW9pck42bjN2eDI2aGRfRHo5RTFtU1NkTGpnb0hFOWRQTGpmanRiUzQ?oc=5,"Sat, 12 Sep 2026 20:32:00 GMT",v.daum.net,광고/미디어,https://v.daum.net/v/20260913053207578,v.daum.net,True,,True,,2026-09-13 09:04:44
국내,콘텐츠,콘텐츠,콘텐츠,AI 인재 230여 명 배출...경기 'AI 콘텐츠 캠퍼스' - YTN,https://news.google.com/rss/articles/CBMiXkFVX3lxTE00UkhweDd2Z2taODBCT3NXTWNmeXNmMllCczFweU9feUctbmpoR2FsOGlfeElyVk9tWXZNMFh1R2RuUlpQNVdPcG9jVlBjN0wxakpwQXpUbHRCbnFSQUE?oc=5,"Sat, 12 Sep 2026 19:55:00 GMT",YTN,광고/미디어,https://www.ytn.co.kr/_ln/0115_202609130455231386,www.ytn.co.kr,True,,True,,2026-09-13 09:04:44
국내,콘텐츠,콘텐츠,콘텐츠,[알림] 연합뉴스 콘텐츠 저작권 고지 - 연합뉴스,https://news.google.com/rss/articles/CBMiW0FVX3lxTE16eWxlNTJKSU9qbVNDMkM2anpjd3QzYkJJd1dBcEpnclFseTdPdmhqZjg2Q0ljUmQ2Y3dwWWRmeldlRjdxaUN3TXYxQVhFNldPb1ZuN3Rpd0tOOGPSAWBBVV95cUxPT29tanRFNnYtc000aUhlNVhvQTRaci13SkpGd1Z5dWJsM1RaYUljY3hyUi1kR3hBWldPaFNDbDBkZ0JNV3BWenZGa3FUelFXaW50Mkl2cm5RM3hfdkQ2RXo?oc=5,"Sat, 12 Sep 2026 15:00:01 GMT",연합뉴스,광고/미디어,https://news.google.com/rss/articles/CBMiW0FVX3lxTE16eWxlNTJKSU9qbVNDMkM2anpjd3QzYkJJd1dBcEpnclFseTdPdmhqZjg2Q0ljUmQ2Y3dwWWRmeldlRjdxaUN3TXYxQVhFNldPb1ZuN3Rpd0tOOGPSAWBBVV95cUxPT29tanRFNnYtc000aUhlNVhvQTRaci13SkpGd1Z5dWJsM1RaYUljY3hyUi1kR3hBWldPaFNDbDBkZ0JNV3BWenZGa3FUelFXaW50Mkl2cm5RM3hfdkQ2RXo?oc=5,,False,본문 수집 제한 개수를 초과했습니다.,False,,2026-09-13 09:04:44
국내,방송,방송,방송,9월 12일 네프콘 라이브 방송 - contents.premium.naver.com,https://news.google.com/rss/articles/CBMiiwFBVV95cUxPSHZROGxPN0FCMkFQSENrWXpEWlNUZHgwUHdyRTlZbzVkQlh1QXpiRVJXak83aXgybEVyc1dwcTRoT1Q5NHRYSXhONllLYUVwR3p4SWpidDNmZmJkNkhjT0plczF1OGlEakR4U0E4M2Z4QnB6X2dQNFUxSnVlREh1dUZPQ3p0MndKUVcw?oc=5,"Sat, 12 Sep 2026 11:28:00 GMT",contents.premium.naver.com,광고/미디어,https://news.google.com/rss/articles/CBMiiwFBVV95cUxPSHZROGxPN0FCMkFQSENrWXpEWlNUZHgwUHdyRTlZbzVkQlh1QXpiRVJXak83aXgybEVyc1dwcTRoT1Q5NHRYSXhONllLYUVwR3p4SWpidDNmZmJkNkhjT0plczF1OGlEakR4U0E4M2Z4QnB6X2dQNFUxSnVlREh1dUZPQ3p0MndKUVcw?oc=5,,False,본문 수집 제한 개수를 초과했습니다.,False,,2026-09-13 09:04:44
국내,방송,방송,방송,국대 은퇴→'별풍선 방송' 월 수입 1억4000만원…日 배드민턴 인기 스타의 '놀라운 인생역전' - 네이트,https://news.google.com/rss/articles/CBMiXEFVX3lxTE1SZzc3UGxFM3VkR2dPSk9ManNXR05XUU9tek91aEFEXzYtbGNJaFREUVd4b1hqVG5ONEtTTlFZWGxoNV9hNUZOeldFU0pwdHRJa245amJzN1hWTVM0?oc=5,"Sat, 12 Sep 2026 11:07:00 GMT",네이트,광고/미디어,https://news.google.com/rss/articles/CBMiXEFVX3lxTE1SZzc3UGxFM3VkR2dPSk9ManNXR05XUU9tek91aEFEXzYtbGNJaFREUVd4b1hqVG5ONEtTTlFZWGxoNV9hNUZOeldFU0pwdHRJa245amJzN1hWTVM0?oc=5,,False,본문 수집 제한 개수를 초과했습니다.,False,,2026-09-13 09:04:44
국내,미디어,미디어,미디어,MBC 차기 사장 최종 후보에 이성주·전동건 - 미디어오늘,https://news.google.com/rss/articles/CBMicEFVX3lxTE1nSS00SWJwZFo4MW9KUlM0S2JFLTF3eURQY1M1cVo5TjlsUU9UNVhhXzY3dGotUkRrOUhoS08zSmV0LVZQWmQ0ajJQTWVsVS1MRWxfRFZjbDd6YkpHbVFaR1B0WUx6bnhZSXlXTkhpYlg?oc=5,"Sat, 12 Sep 2026 09:54:41 GMT",미디어오늘,광고/미디어,https://news.google.com/rss/articles/CBMicEFVX3lxTE1nSS00SWJwZFo4MW9KUlM0S2JFLTF3eURQY1M1cVo5TjlsUU9UNVhhXzY3dGotUkRrOUhoS08zSmV0LVZQWmQ0ajJQTWVsVS1MRWxfRFZjbDd6YkpHbVFaR1B0WUx6bnhZSXlXTkhpYlg?oc=5,,False,본문 수집 제한 개수를 초과했습니다.,False,,2026-09-13 09:04:44
국내,광고,광고,광고,G마켓 장혁 광고 만든 차이커뮤니케이션 “우리 경쟁사는 유튜버” - 미디어오늘,https://news.google.com/rss/articles/CBMicEFVX3lxTFBJVGRYSTlyR0trWEJXZVhpSUR3U1lrajBuUjVFdXJTNXFBUVRsMEdDU01HZEFaQkt6bUoyeGRoRnVKRlBubXU2Sm5lUFlzUzFPdkRJRlZIQ0x0T253b1BZdUlqcjV1MzZVbnB1VWRjbUQ?oc=5,"Sat, 12 Sep 2026 07:11:32 GMT",미디어오늘,광고/미디어,https://news.google.com/rss/articles/CBMicEFVX3lxTFBJVGRYSTlyR0trWEJXZVhpSUR3U1lrajBuUjVFdXJTNXFBUVRsMEdDU01HZEFaQkt6bUoyeGRoRnVKRlBubXU2Sm5lUFlzUzFPdkRJRlZIQ0x0T253b1BZdUlqcjV1MzZVbnB1VWRjbUQ?oc=5,,False,본문 수집 제한 개수를 초과했습니다.,False,,2026-09-13 09:04:44
국내,광고,광고,광고,"""팀 쿡도 갤럭시로 바꿨다""…삼성 광고 문구 '깜짝', 무슨 일? - 머니투데이 - 머니투데이",https://news.google.com/rss/articles/CBMiaEFVX3lxTE0yMDVCMFhlaXJfVmJRV3Z4STNsOVR1NS1xMnF3WFB0UDYtLVl3cENOQkl4WTYxLS1yVnRtWnVqNzdoTG9ZZmtTUWFaaEltUkNaOTZscmU3NjU3TlBsZllBbkl5N3Bxdzl30gFuQVVfeXFMUEItTnk4anBncGRUdjJTbGNPQjN4WmdTd2xESmRub0ttcGFqSllaaG04T3cySWc0a2lkU1gyb0tsLVJpNExUN2lZWXJzTl9aaE1FZmItNV8zblZYazhZX3lXS0wwLXRBYURTcWdyeVE?oc=5,"Sat, 12 Sep 2026 05:35:35 GMT",머니투데이,광고/미디어,https://news.google.com/rss/articles/CBMiaEFVX3lxTE0yMDVCMFhlaXJfVmJRV3Z4STNsOVR1NS1xMnF3WFB0UDYtLVl3cENOQkl4WTYxLS1yVnRtWnVqNzdoTG9ZZmtTUWFaaEltUkNaOTZscmU3NjU3TlBsZllBbkl5N3Bxdzl30gFuQVVfeXFMUEItTnk4anBncGRUdjJTbGNPQjN4WmdTd2xESmRub0ttcGFqSllaaG04T3cySWc0a2lkU1gyb0tsLVJpNExUN2lZWXJzTl9aaE1FZmItNV8zblZYazhZX3lXS0wwLXRBYURTcWdyeVE?oc=5,,False,본문 수집 제한 개수를 초과했습니다.,False,,2026-09-13 09:04:44
국내,광고 경기,광고 경기,광고 경기,경기도 옥외광고 모범 인증업체 15곳 선정 - 데일리뉴스,https://news.google.com/rss/articles/CBMirgJBVV95cUxPb1NEcmVraU11NHhMNW5ibFF4S0s4Z0FocUh0TmtYQmhDR2s5dm9uVXZ3ZW0xdzFOZ2RxVGlWQnh2TmJJXzNQOW0xbmFsZzhWR3lORWxxcENDTkdCbVhlbG1sMHBjVjg5YzlDRzk3WFUyazF0UUIzWS1ZU1JOVXMxYnZJTlUyYkJVaEV4Sk1GLUluT0VGd1dBVDdwTHl1VXZFLWtMLVhVdXZGWmFZVVdNYU85clpzTVpsRUxTVFgzbkpvWE1fUHBnd3J5R0t3ZmJEWVBTX21oYmtPendJQmx5Nm4zWFowSWlXUUJSY2d5YlY1U2Ixdk9hd1lSUFpJUnJNcENPOGxjdFFHSjAyUTlXemZWdmhZSFVOX3F4TUU4VkpzLXF1T0RuNFJ6aXo0Zw?oc=5,"Sat, 12 Sep 2026 04:19:00 GMT",데일리뉴스,광고/미디어,https://news.google.com/rss/articles/CBMirgJBVV95cUxPb1NEcmVraU11NHhMNW5ibFF4S0s4Z0FocUh0TmtYQmhDR2s5dm9uVXZ3ZW0xdzFOZ2RxVGlWQnh2TmJJXzNQOW0xbmFsZzhWR3lORWxxcENDTkdCbVhlbG1sMHBjVjg5YzlDRzk3WFUyazF0UUIzWS1ZU1JOVXMxYnZJTlUyYkJVaEV4Sk1GLUluT0VGd1dBVDdwTHl1VXZFLWtMLVhVdXZGWmFZVVdNYU85clpzTVpsRUxTVFgzbkpvWE1fUHBnd3J5R0t3ZmJEWVBTX21oYmtPendJQmx5Nm4zWFowSWlXUUJSY2d5YlY1U2Ixdk9hd1lSUFpJUnJNcENPOGxjdFFHSjAyUTlXemZWdmhZSFVOX3F4TUU4VkpzLXF1T0RuNFJ6aXo0Zw?oc=5,,False,본문 수집 제한 개수를 초과했습니다.,False,,2026-09-13 09:04:44
국내,콘텐츠,콘텐츠,콘텐츠,"제주미래고 콘텐츠 인재, 배움에서 제주 취업까지 잇는다 - v.daum.net",https://news.google.com/rss/articles/CBMiT0FVX3lxTE9oR0ZCVjRPY2YxRFYtRnhzanAwZUZxWm93M0tVOGNUWG1HREg5R2RYeVJEdzJVNGNQdVkyRktNTHl2U3c3Q2h5MnF4MDFOTUE?oc=5,"Sat, 12 Sep 2026 02:29:28 GMT",v.daum.net,광고/미디어,https://news.google.com/rss/articles/CBMiT0FVX3lxTE9oR0ZCVjRPY2YxRFYtRnhzanAwZUZxWm93M0tVOGNUWG1HREg5R2RYeVJEdzJVNGNQdVkyRktNTHl2U3c3Q2h5MnF4MDFOTUE?oc=5,,False,본문 수집 제한 개수를 초과했습니다.,False,,2026-09-13 09:04:44
국내,광고,광고,광고,"샌프란시스코 시, 메타에 AI 생성 아동 성착취 광고 중단 요구 - 지디넷코리아",https://news.google.com/rss/articles/CBMiVkFVX3lxTE5zUnBDN1I3Y3NxNlJnbmRFbzg4S0lKUWh6d1hBbUZGWEg0QUpiSkNfVDRvUDF2YXdORE41czVBZXh0empIa29MZjFxRmpFUkJNdVphV1JR?oc=5,"Sat, 12 Sep 2026 00:45:34 GMT",지디넷코리아,광고/미디어,https://news.google.com/rss/articles/CBMiVkFVX3lxTE5zUnBDN1I3Y3NxNlJnbmRFbzg4S0lKUWh6d1hBbUZGWEg0QUpiSkNfVDRvUDF2YXdORE41czVBZXh0empIa29MZjFxRmpFUkJNdVphV1JR?oc=5,,False,본문 수집 제한 개수를 초과했습니다.,False,,2026-09-13 09:04:44
국내,미디어,미디어,미디어,충북교육청 미디어교육센터 '토요 미디어 교실' 운영 시작 - 뉴시스,https://news.google.com/rss/articles/CBMiYEFVX3lxTE45bUotYU1sdXJ1ZW5nczlrT2Vhay1tb0ZrRWhXaGJIdnBKREdlTjROb3F0RkQzUGx2bzhGUXhXUTVEYUdqMWlPcnpKbzFDdTA1WmtUdVBNMkpzZTBLbGRPRdIBeEFVX3lxTE9LdHVIbmgwMkZsbG1ZUldvaUxtT1dwb2tkeERvSzR3MVp5OG5MNmJLeVp1NVo5blI4cFZMNzdhaFRkLS1zNE5GNXltT05EQjhCOWJFa3lvbzNCMXcyeFYtNXlxcG9LT0xUSlQzd3NLeG9JTXYxR18zRw?oc=5,"Sat, 12 Sep 2026 00:00:00 GMT",뉴시스,광고/미디어,https://news.google.com/rss/articles/CBMiYEFVX3lxTE45bUotYU1sdXJ1ZW5nczlrT2Vhay1tb0ZrRWhXaGJIdnBKREdlTjROb3F0RkQzUGx2bzhGUXhXUTVEYUdqMWlPcnpKbzFDdTA1WmtUdVBNMkpzZTBLbGRPRdIBeEFVX3lxTE9LdHVIbmgwMkZsbG1ZUldvaUxtT1dwb2tkeERvSzR3MVp5OG5MNmJLeVp1NVo5blI4cFZMNzdhaFRkLS1zNE5GNXltT05EQjhCOWJFa3lvbzNCMXcyeFYtNXlxcG9LT0xUSlQzd3NLeG9JTXYxR18zRw?oc=5,,False,본문 수집 제한 개수를 초과했습니다.,False,,2026-09-13 09:04:44
국내,미디어,미디어,미디어,“경향신문 아닌 독자적 브랜드로” 여성 서사 아카이브 ‘플랫’의 6년 - 미디어오늘,https://news.google.com/rss/articles/CBMicEFVX3lxTE1TMGMwdUFEVkFRX2pRT2RfYnMzUVR0VmpEeWc0NTdrczlpNTE1MFM0QlVKVHNFSUM3Z1JuYjd4Y2MyaUM5bGUwQUJYei1QMGY1UXJfYmxZVjBLeFY5d1M5ZmRyQVRmSkFFT0Z0NE9CdlU?oc=5,"Fri, 11 Sep 2026 21:45:00 GMT",미디어오늘,광고/미디어,https://news.google.com/rss/articles/CBMicEFVX3lxTE1TMGMwdUFEVkFRX2pRT2RfYnMzUVR0VmpEeWc0NTdrczlpNTE1MFM0QlVKVHNFSUM3Z1JuYjd4Y2MyaUM5bGUwQUJYei1QMGY1UXJfYmxZVjBLeFY5d1M5ZmRyQVRmSkFFT0Z0NE9CdlU?oc=5,,False,본문 수집 제한 개수를 초과했습니다.,False,,2026-09-13 09:04:44
국내,광고,광고,광고,"틱톡, 'SNS 청소년보호 동참' 메타광고 게재 거부…""정치적 내용"" - 연합뉴스",https://news.google.com/rss/articles/CBMiW0FVX3lxTE9PS25pOU9WelhuV1ljTXVvQUt3ZTdwNUgwdWhzejd3Skt4cllGTlJuLXAyNnpPekhFVDFhLWVOcXlRVTFldWk3T18zWmpNSHR0RklJY0RVTWdhT3PSAWBBVV95cUxPUkVIWlVpSG4tWjJUTm9RZEEtcDFwaHdHSnRrZDE4a1pFUjNtRF9JSWxVYWNlcG85UHlpbzdXblY3LVh5azhnNWdmTklWN3ZjYlZKSlVFTUdwdE9wa19Jd2g?oc=5,"Fri, 11 Sep 2026 17:15:09 GMT",연합뉴스,광고/미디어,https://news.google.com/rss/articles/CBMiW0FVX3lxTE9PS25pOU9WelhuV1ljTXVvQUt3ZTdwNUgwdWhzejd3Skt4cllGTlJuLXAyNnpPekhFVDFhLWVOcXlRVTFldWk3T18zWmpNSHR0RklJY0RVTWdhT3PSAWBBVV95cUxPUkVIWlVpSG4tWjJUTm9RZEEtcDFwaHdHSnRrZDE4a1pFUjNtRF9JSWxVYWNlcG85UHlpbzdXblY3LVh5azhnNWdmTklWN3ZjYlZKSlVFTUdwdE9wa19Jd2g?oc=5,,False,본문 수집 제한 개수를 초과했습니다.,False,,2026-09-13 09:04:44
국내,콘텐츠,콘텐츠,콘텐츠,성인콘텐츠 온리팬스에 6억불 쓴다…전국 1위는 어디? - 미주중앙일보,https://news.google.com/rss/articles/CBMiYkFVX3lxTE40bF9na3hSM1E5S0VYWVJ6MUxwb0pHUHJILUNhZlp3YlpleWN5LTJkVjVFYzVfMzZyV3NyRlEtUlRpdGhmNE45X3l0dUU3Yks3UTVkM01lNUNUV2tXVjU3N0Rn?oc=5,"Fri, 11 Sep 2026 16:29:00 GMT",미주중앙일보,광고/미디어,https://news.google.com/rss/articles/CBMiYkFVX3lxTE40bF9na3hSM1E5S0VYWVJ6MUxwb0pHUHJILUNhZlp3YlpleWN5LTJkVjVFYzVfMzZyV3NyRlEtUlRpdGhmNE45X3l0dUU3Yks3UTVkM01lNUNUV2tXVjU3N0Rn?oc=5,,False,본문 수집 제한 개수를 초과했습니다.,False,,2026-09-13 09:04:44
국내,콘텐츠,콘텐츠,콘텐츠,"티빙, 콘텐츠별 24시간 대화 가능한 이용자 참여형 커뮤니티 '팬톡' 출시 - businesspost.co.kr",https://news.google.com/rss/articles/CBMic0FVX3lxTE84ZkJ0Qko0NVd0MnpSWnFWTmhPRlFRUTVRQTVOSDJDdnlESl9FVWttelAzTk5wSDVEVmJrWXEyYl90VUpFVmJXM19xRk9YVjIyU1gwSFNKTllYNEpWYmRFa2k1WUxTNXQ0bHlmSGRvdDNRb28?oc=5,"Fri, 11 Sep 2026 06:36:19 GMT",businesspost.co.kr,광고/미디어,https://news.google.com/rss/articles/CBMic0FVX3lxTE84ZkJ0Qko0NVd0MnpSWnFWTmhPRlFRUTVRQTVOSDJDdnlESl9FVWttelAzTk5wSDVEVmJrWXEyYl90VUpFVmJXM19xRk9YVjIyU1gwSFNKTllYNEpWYmRFa2k1WUxTNXQ0bHlmSGRvdDNRb28?oc=5,,False,본문 수집 제한 개수를 초과했습니다.,False,,2026-09-13 09:04:44
국내,미디어,미디어,미디어,"성남도시개발공사 중원도서관, 시민 참여형 미디어 콘텐츠 선보여 - 일간투데이",https://news.google.com/rss/articles/CBMia0FVX3lxTE5WdzNQcGJxcmRTNlFpYXFIUUs3TnJBX2RvNkpxMkZkOUMwcFNUeHc1VzRWVTdka0E4SXlLc3g5LU1qUWNHQkQ0d1Q1aWdWaV9DRUV2UkJiRGY2dENKbk5Wby1vRVZwY0lfdG1z?oc=5,"Fri, 11 Sep 2026 05:56:00 GMT",일간투데이,광고/미디어,https://news.google.com/rss/articles/CBMia0FVX3lxTE5WdzNQcGJxcmRTNlFpYXFIUUs3TnJBX2RvNkpxMkZkOUMwcFNUeHc1VzRWVTdka0E4SXlLc3g5LU1qUWNHQkQ0d1Q1aWdWaV9DRUV2UkJiRGY2dENKbk5Wby1vRVZwY0lfdG1z?oc=5,,False,본문 수집 제한 개수를 초과했습니다.,False,,2026-09-13 09:04:44
국내,광고 경기,광고 경기,광고 경기,"수원시, 인계동 중심상업지역 불법 유동광고물 합동 단속 - 경인미래신문",https://news.google.com/rss/articles/CBMiYkFVX3lxTE85UDRHejF2SXRoVHpKMWtIZmJHeGd4OTJZZlZXR0YzWDZfTjhfaEVuOTl3Nm4xTEgzS2xLVmRHdXdpdTA1cW8td0dyblZZU1RLYkEyXzFMUWFDMk9TZlUzemln?oc=5,"Fri, 11 Sep 2026 05:03:59 GMT",경인미래신문,광고/미디어,https://news.google.com/rss/articles/CBMiYkFVX3lxTE85UDRHejF2SXRoVHpKMWtIZmJHeGd4OTJZZlZXR0YzWDZfTjhfaEVuOTl3Nm4xTEgzS2xLVmRHdXdpdTA1cW8td0dyblZZU1RLYkEyXzFMUWFDMk9TZlUzemln?oc=5,,False,본문 수집 제한 개수를 초과했습니다.,False,,2026-09-13 09:04:44
국내,광고 경기,광고 경기,광고 경기,"불법광고물 없는 안전한 거리 만든다…수원시, 합동 단속·캠페인 - 경기연합뉴스",https://news.google.com/rss/articles/CBMiZ0FVX3lxTE11ZE1ONTM1ZFF6SjAyQWZGMXRKcXFpc2tvMXJzRzV6OXdrUDVWbnNOakhzSWQ0VXlvQzZrcEo5TDR2VG9ZSGNnU2NhcEpmY3BVbHl5TmZBVVNQVmgxeWs2ZW5VUVYxODDSAWdBVV95cUxNdWRNTjUzNWRRekowMkFmRjF0SnFxaXNrbzFyc0c1ejl3a1A1Vm5zTmpIc0lkNFV5b0M2a3BKOUw0dlRvWUhjZ1NjYXBKZmNwVWx5eU5mQVVTUFZoMXlrNmVuVVFWMTgw?oc=5,"Fri, 11 Sep 2026 03:51:27 GMT",경기연합뉴스,광고/미디어,https://news.google.com/rss/articles/CBMiZ0FVX3lxTE11ZE1ONTM1ZFF6SjAyQWZGMXRKcXFpc2tvMXJzRzV6OXdrUDVWbnNOakhzSWQ0VXlvQzZrcEo5TDR2VG9ZSGNnU2NhcEpmY3BVbHl5TmZBVVNQVmgxeWs2ZW5VUVYxODDSAWdBVV95cUxNdWRNTjUzNWRRekowMkFmRjF0SnFxaXNrbzFyc0c1ejl3a1A1Vm5zTmpIc0lkNFV5b0M2a3BKOUw0dlRvWUhjZ1NjYXBKZmNwVWx5eU5mQVVTUFZoMXlrNmVuVVFWMTgw?oc=5,,False,본문 수집 제한 개수를 초과했습니다.,False,,2026-09-13 09:04:44
국내,광고 경기,광고 경기,광고 경기,"경기남부경찰청, 불법 성착취물 유통·도박 광고 수익 노린 일당 2명 구속 송치 - 경인종합일보",https://news.google.com/rss/articles/CBMibkFVX3lxTE1tMDNqWXhINzJvVXEyOGJMTGQ0RTRUaDB5ZkJFTG5Pa2c1MzlkMUU2eWh0UHEzUXhQaGZCNmZ2SXhTeTlCUVNZRF9wanhWS3A3bVVXdWotc3AxMTJjVDFBRFQxYTZwTm5MdncyTHFn0gFyQVVfeXFMT0FEb0ZubkJybGRlcnNRSDhKbm5pajA2QkFhWWNMYTM0UmdsZndqU0JCdEVmdGtqRGY3MTBORWFReWlnV09oUzhKOFlIMmxHeW5BUHdBT19pYlNTdThXVEFlMUE1THlYaHlqTHdvN0phdEVB?oc=5,"Fri, 11 Sep 2026 03:32:40 GMT",경인종합일보,광고/미디어,https://news.google.com/rss/articles/CBMibkFVX3lxTE1tMDNqWXhINzJvVXEyOGJMTGQ0RTRUaDB5ZkJFTG5Pa2c1MzlkMUU2eWh0UHEzUXhQaGZCNmZ2SXhTeTlCUVNZRF9wanhWS3A3bVVXdWotc3AxMTJjVDFBRFQxYTZwTm5MdncyTHFn0gFyQVVfeXFMT0FEb0ZubkJybGRlcnNRSDhKbm5pajA2QkFhWWNMYTM0UmdsZndqU0JCdEVmdGtqRGY3MTBORWFReWlnV09oUzhKOFlIMmxHeW5BUHdBT19pYlNTdThXVEFlMUE1THlYaHlqTHdvN0phdEVB?oc=5,,False,본문 수집 제한 개수를 초과했습니다.,False,,2026-09-13 09:04:44
국내,광고 경기,광고 경기,광고 경기,"경기도, 개학기 학교 주변 불법·위험 광고물 집중 점검 - 경기도뉴스포털",https://news.google.com/rss/articles/CBMisgFBVV95cUxQeUo4bTQtajZkUHhtcXExSE1WcWJwLWhmbHNFNnVmMm4xVGRrdDUyQktXNkRBQk1tM2dna2ZtY2NQbF9wZXlmYm44WWtjVWd6YzlocHpwdFdIcDIxcXY4eEtaYU5CSXdzT3ZGMVhkS0w4QlR4TFJFcG9ma2NjdGVsZzJnc1NDZFRfRGd2US16WHBESXlDWURieGlsY1J2bDdvaGFOODFiYTB6bElJMG93UlRR?oc=5,"Thu, 10 Sep 2026 04:50:13 GMT",경기도뉴스포털,광고/미디어,https://news.google.com/rss/articles/CBMisgFBVV95cUxQeUo4bTQtajZkUHhtcXExSE1WcWJwLWhmbHNFNnVmMm4xVGRrdDUyQktXNkRBQk1tM2dna2ZtY2NQbF9wZXlmYm44WWtjVWd6YzlocHpwdFdIcDIxcXY4eEtaYU5CSXdzT3ZGMVhkS0w4QlR4TFJFcG9ma2NjdGVsZzJnc1NDZFRfRGd2US16WHBESXlDWURieGlsY1J2bDdvaGFOODFiYTB6bElJMG93UlRR?oc=5,,False,본문 수집 제한 개수를 초과했습니다.,False,,2026-09-13 09:04:44
국내,미디어,미디어,미디어,[속보]“대통령 지지했지만 현재는 안해” 28.4%-미디어토마토 - 문화일보,https://news.google.com/rss/articles/CBMiUEFVX3lxTE1IYy1JSFpldThObTM4RFBpdUIxUk53VkVKcGRaTkZIaGJhQzVwYnh6bEV2NTBJSTFlZlg2MGwwVVIwc1ducFJwN0w1MTg1ZzU0?oc=5,"Wed, 09 Sep 2026 22:01:22 GMT",문화일보,광고/미디어,https://news.google.com/rss/articles/CBMiUEFVX3lxTE1IYy1JSFpldThObTM4RFBpdUIxUk53VkVKcGRaTkZIaGJhQzVwYnh6bEV2NTBJSTFlZlg2MGwwVVIwc1ducFJwN0w1MTg1ZzU0?oc=5,,False,본문 수집 제한 개수를 초과했습니다.,False,,2026-09-13 09:04:44
국내,광고,광고,광고,"“아디다스와 관계 끊어라”…광고 논란에 제니까지 불똥, 무슨 일 - 중앙일보",https://news.google.com/rss/articles/CBMiVkFVX3lxTE5sSXdobDB1bGtkc3F3ejR2eUxDekJQdzEzdUUtWUFGSENGTklzMmJxS29NS3pFX3Zwd2hqN0pqXzVJc1NYSmJSeGtvWHR5a0M1VXBiU0hR?oc=5,"Wed, 09 Sep 2026 14:55:39 GMT",중앙일보,광고/미디어,https://news.google.com/rss/articles/CBMiVkFVX3lxTE5sSXdobDB1bGtkc3F3ejR2eUxDekJQdzEzdUUtWUFGSENGTklzMmJxS29NS3pFX3Zwd2hqN0pqXzVJc1NYSmJSeGtvWHR5a0M1VXBiU0hR?oc=5,,False,본문 수집 제한 개수를 초과했습니다.,False,,2026-09-13 09:04:44
미국,광고,광고,광고 stock market earnings investment,Alphabet vs. Meta: One Magnificent Seven Stock Is the Better Buy - 24/7 Wall St.,https://news.google.com/rss/articles/CBMiqgFBVV95cUxNaFR5c2RPZ1JLdFJ6UmV5Z3BpWjd6MXIzc0Z4cktmTFdBOGJ4c19FTTlhXzVVeUtpNUNXRTA1SlNmNmk1R3ZPWXVOdDBDWmNqeGhmek5LX0pHWnN2eG85cmt2dXQzSFVhcnhnSXpvTWh0bjkyZnpJWHA5TGZPdk1RcWVQN1MyclgybG1IQVM3M3ZUdE9MLXJ2aTFxRjFaTUUtdEV0dXhiZXBidw?oc=5,"Fri, 11 Sep 2026 14:30:00 GMT",24/7 Wall St.,광고/미디어,https://247wallst.com/investing/2026/09/11/alphabet-vs-meta-one-magnificent-seven-stock-is-the-better-buy/,247wallst.com,True,,True,,2026-09-13 09:04:44
미국,미디어,미디어,미디어 stock market earnings investment,Meta Raises 2026 Capex Floor by $5 Billion as AI Spending Weighs on Profit - thelec.net,https://news.google.com/rss/articles/CBMiZ0FVX3lxTFA5NHVPbEpkR1NjazlRa3RWREh6NWU0ZEtxQzZYWnlZOU1DVGlsdzNCTkI5Uk5LVG5NRXBFbC1GQ0ZUUDFwbG9DQ2NsMWROVS0tQkZ1Ulg2Y2NwRDJKaVp6OXJQWml4UWM?oc=5,"Fri, 31 Jul 2026 07:00:00 GMT",thelec.net,광고/미디어,https://www.thelec.net/news/articleView.html?idxno=12667,www.thelec.net,True,,True,,2026-09-13 09:04:44
미국,방송,방송,방송 stock market earnings investment,Jim Cramer says it's too soon to buy the dip in SpaceX. Here's why he would wait - CNBC,https://news.google.com/rss/articles/CBMidkFVX3lxTE9OSF9VRDMwV0MxQkdGbGJuYXVBTUIwMEhYZXBhaHhBZzZRcHFkN09SUy1hbGk3d29jNlFpc1NVR21MV1RBa3Q3bUpuV0tfcFZCbDk0M3lNVnh0cHVjWE4zV3BpUmcyYnFYV1FTTUZpOGEzQlpGS3fSAXtBVV95cUxNRWprSFplX1RLMXRnS1VzR2x2Q0lmbnZPalNseGpIbHpXMkEtTUlmbzhCbGVFQTJ3MVhmcGtyajN5R3poVDkwNTZVSmV1Ukd3ZzZJcUdZUl9UNGZVYkRlVHJqakRrNUpYTkFneWRGZ2M1dXJIUkowNk1rZWM?oc=5,"Tue, 28 Jul 2026 07:00:00 GMT",CNBC,광고/미디어,https://www.cnbc.com/2026/07/28/jim-cramer-buy-dip-spacex-wait.html,www.cnbc.com,True,,True,,2026-09-13 09:04:44
미국,방송,방송,방송 stock market earnings investment,Two unexpected revelations in Warren Buffett's CNBC interview - CNBC,https://news.google.com/rss/articles/CBMingFBVV95cUxNbEJrNlRLVUptRHpuamU1bGl0R18xVVVTWlQ3NXRXUXhENElFNnN2MkJlcXVfVTdKUTNpenVKVUwwWjhjYXNMcDQwam1CMnRkWGpfZmhaVk8xcHlJTnRQMWtTNEx2RU5PYktpZ2t0akJSRG5HbTNpR0JnU2lUdXh6VnVsQTczUFkxZ1pmY0oxUldqTEhIQjMwLTNJY1o5Z9IBowFBVV95cUxQSGpvQWZJYzM2UkMwbzVMZGVKa20yTjBpVVRVbTVyN0ZSaUtHM014V0NEVHNiSXJCWUdueTdZNHdaemotM0NreDdQZm1hTmZxLXl1Z3o4UHBSZ0dlN21MVmtpUDduT1NPcXJ3ZjFVcWZDU3FrOVBQNHpaV0JWQS1aMzhMa3ZwdjFuRlRjNmdMY1BFR2FkWmZlWlJaS1RjLTVBem9n?oc=5,"Sat, 18 Jul 2026 07:00:00 GMT",CNBC,광고/미디어,https://www.cnbc.com/2026/07/18/two-unexpected-revelations-in-warren-buffetts-cnbc-interview.html,www.cnbc.com,True,,True,,2026-09-13 09:04:44
미국,광고 경기,광고 경기,광고 경기 stock market earnings investment,Publicis Keeps Winning the Ad Slowdown - Yahoo Finance,https://news.google.com/rss/articles/CBMipAFBVV95cUxOVFhFRmtBS0ZrdXk3MHJfeExyclJMa0gtX2lySWREQVJ3cjhqMEdwQmtQeXRRSG1POXBuUjBWVzNxMUtoM1l5ZTN4MzV0RGJXbGpqMTU0a3k0WnpxUWlseUJaSWJPMHROOExHRTdIUnVXQzR2czhSQXJOQ19pSjRKRGVwaW95amxXdURWbDRsX21wTEJqaEtkbDZUTThZZnE5NmFKZQ?oc=5,"Thu, 16 Jul 2026 07:00:00 GMT",Yahoo Finance,광고/미디어,https://news.google.com/rss/articles/CBMipAFBVV95cUxOVFhFRmtBS0ZrdXk3MHJfeExyclJMa0gtX2lySWREQVJ3cjhqMEdwQmtQeXRRSG1POXBuUjBWVzNxMUtoM1l5ZTN4MzV0RGJXbGpqMTU0a3k0WnpxUWlseUJaSWJPMHROOExHRTdIUnVXQzR2czhSQXJOQ19pSjRKRGVwaW95amxXdURWbDRsX21wTEJqaEtkbDZUTThZZnE5NmFKZQ?oc=5,,False,본문 수집 제한 개수를 초과했습니다.,False,,2026-09-13 09:04:44
미국,콘텐츠,콘텐츠,콘텐츠 stock market earnings investment,New Lens on Value: Thailand’s M&A Market Evolves - Bangkok Post,https://news.google.com/rss/articles/CBMimAFBVV95cUxOZm44a0xDQUVvQkU3MkMxTC1RUnctc2dMS0YtdDlYTDNpS0RZaWpnQnRKcDJXZXBMZWdlT3ROSE5jZlNqWThrMXhXV0IwWklRSlFrcmN6OE43ckFZb3Z6RER0MHVGUXp6NFh0Tm5TMUROdGs2TXNsWEdoZl9BZldjLVdiLUVZQ216SjVuZm90NHhXYlZTdENGTw?oc=5,"Thu, 18 Jun 2026 07:00:00 GMT",Bangkok Post,광고/미디어,https://news.google.com/rss/articles/CBMimAFBVV95cUxOZm44a0xDQUVvQkU3MkMxTC1RUnctc2dMS0YtdDlYTDNpS0RZaWpnQnRKcDJXZXBMZWdlT3ROSE5jZlNqWThrMXhXV0IwWklRSlFrcmN6OE43ckFZb3Z6RER0MHVGUXp6NFh0Tm5TMUROdGs2TXNsWEdoZl9BZldjLVdiLUVZQ216SjVuZm90NHhXYlZTdENGTw?oc=5,,False,본문 수집 제한 개수를 초과했습니다.,False,,2026-09-13 09:04:44
미국,광고,광고,광고 stock market earnings investment,Why Did Netflix Stock Fall Even Though the Business Kept Growing? - Yahoo Finance,https://news.google.com/rss/articles/CBMilgFBVV95cUxOakNxYkRXekRQOURxTENqT3JHVTFJU3VCdEZiUUNnV0lEQVNta0NzS2NEc3BtYllOa0JDRnoyNjIxTFkwTWdTcFYxUGptcXJLMnRzYTB5a25vb19ES3FjUmlIMlZwbDRsX0sySmpoR3o2dTJFWWFiZ1BvSWpYQUw3R2hnMnRDT0g4b1BLSWI2cGh3aHFyRlE?oc=5,"Tue, 02 Jun 2026 07:00:00 GMT",Yahoo Finance,광고/미디어,https://news.google.com/rss/articles/CBMilgFBVV95cUxOakNxYkRXekRQOURxTENqT3JHVTFJU3VCdEZiUUNnV0lEQVNta0NzS2NEc3BtYllOa0JDRnoyNjIxTFkwTWdTcFYxUGptcXJLMnRzYTB5a25vb19ES3FjUmlIMlZwbDRsX0sySmpoR3o2dTJFWWFiZ1BvSWpYQUw3R2hnMnRDT0g4b1BLSWI2cGh3aHFyRlE?oc=5,,False,본문 수집 제한 개수를 초과했습니다.,False,,2026-09-13 09:04:44
미국,미디어,미디어,미디어 stock market earnings investment,3 Space Stocks Flying Under the Radar and Worth Buying This Month - Yahoo Finance,https://news.google.com/rss/articles/CBMilwFBVV95cUxNZ2dhS1ZYV1ExS2xyTjlHNmdsUDRsczRCbERqUUtINGplODZDX3F0dWdZWEVVNjJZY1p1Nzd1M3kwWkFqdlo4TTZWRTItT05CWm1pT2NtYXNYTHlCMWhGWk5JbllKWjR0YXl5TFNJaEJQanZqOF9VZ1ZycHVVYi1ER25iZG9xMG5FRUF1eHd3UGtyY1ljd2Uw?oc=5,"Sat, 30 May 2026 07:00:00 GMT",Yahoo Finance,광고/미디어,https://news.google.com/rss/articles/CBMilwFBVV95cUxNZ2dhS1ZYV1ExS2xyTjlHNmdsUDRsczRCbERqUUtINGplODZDX3F0dWdZWEVVNjJZY1p1Nzd1M3kwWkFqdlo4TTZWRTItT05CWm1pT2NtYXNYTHlCMWhGWk5JbllKWjR0YXl5TFNJaEJQanZqOF9VZ1ZycHVVYi1ER25iZG9xMG5FRUF1eHd3UGtyY1ljd2Uw?oc=5,,False,본문 수집 제한 개수를 초과했습니다.,False,,2026-09-13 09:04:44
미국,미디어,미디어,미디어 stock market earnings investment,Is Generative AI Expanding Adobe's Digital Media Opportunity? - Yahoo Finance,https://news.google.com/rss/articles/CBMiqwFBVV95cUxPSWhTNW1vUkV1NExHRW9DVzdUVWZnU2VwQnVtNVNiLUJ1Ul8wZnk3enl6MlRhZXAwVXo2bmdOODBWdDBrX1J2Ukt0MndGYmhfRDhGR3hNS0FMWXI3R09qU1VfaktwVFRRMUQwXy1GRVg5dGRHdWI2bElkZ3k5cnRZcWtVRWZMam5JbmpWRHNkOERrVlpiMU1KSEtJX0EwOC01S0x3Vkd6bEVuWkk?oc=5,"Thu, 14 May 2026 07:00:00 GMT",Yahoo Finance,광고/미디어,https://news.google.com/rss/articles/CBMiqwFBVV95cUxPSWhTNW1vUkV1NExHRW9DVzdUVWZnU2VwQnVtNVNiLUJ1Ul8wZnk3enl6MlRhZXAwVXo2bmdOODBWdDBrX1J2Ukt0MndGYmhfRDhGR3hNS0FMWXI3R09qU1VfaktwVFRRMUQwXy1GRVg5dGRHdWI2bElkZ3k5cnRZcWtVRWZMam5JbmpWRHNkOERrVlpiMU1KSEtJX0EwOC01S0x3Vkd6bEVuWkk?oc=5,,False,본문 수집 제한 개수를 초과했습니다.,False,,2026-09-13 09:04:44
미국,방송,방송,방송 stock market earnings investment,Newsmax Announces First Quarter 2026 Financial Results - Newsmax,https://news.google.com/rss/articles/CBMiswFBVV95cUxQeVppV3N5eFNSUVk5amNYckZoMFRGQzlMTEdIN0hXVkdFMktoUmh1VUdyXzlRYjZqaTNRcjBDai1yV3BiblJGVkVpVWxibGhXVW85aGp1UXpUVVdpTG5HRzhDWDM5V2p6VGNWTmRYRE9TdkhtOFJCOFRKb0ptdnVUQUl6UEJHZGs3dkN4N3hXWlVxVVBXVExvdUktTGlBZXJaLXRUVXlVam5rY19KUkFuQ20tMA?oc=5,"Thu, 14 May 2026 07:00:00 GMT",Newsmax,광고/미디어,https://news.google.com/rss/articles/CBMiswFBVV95cUxQeVppV3N5eFNSUVk5amNYckZoMFRGQzlMTEdIN0hXVkdFMktoUmh1VUdyXzlRYjZqaTNRcjBDai1yV3BiblJGVkVpVWxibGhXVW85aGp1UXpUVVdpTG5HRzhDWDM5V2p6VGNWTmRYRE9TdkhtOFJCOFRKb0ptdnVUQUl6UEJHZGs3dkN4N3hXWlVxVVBXVExvdUktTGlBZXJaLXRUVXlVam5rY19KUkFuQ20tMA?oc=5,,False,본문 수집 제한 개수를 초과했습니다.,False,,2026-09-13 09:04:44
미국,광고,광고,광고 stock market earnings investment,The Market Is Pricing Meta Like It's the AI Loser. Big Mistake. - UncoverAlpha,https://news.google.com/rss/articles/CBMidEFVX3lxTFBBRXg1akc3YWJ4T0lCWXBvSi15QUJFNnVFWWNXelZXMjAzcERZUWFoS05seUEtSi0yMmtqWFRLbVUwMlRkbUFMX3BGMGRER0FOX3FDY0VrelhudmdFRG5wSlptVGYyZ0tBcWstTGR1QXAtN3hK?oc=5,"Mon, 11 May 2026 07:00:00 GMT",UncoverAlpha,광고/미디어,https://news.google.com/rss/articles/CBMidEFVX3lxTFBBRXg1akc3YWJ4T0lCWXBvSi15QUJFNnVFWWNXelZXMjAzcERZUWFoS05seUEtSi0yMmtqWFRLbVUwMlRkbUFMX3BGMGRER0FOX3FDY0VrelhudmdFRG5wSlptVGYyZ0tBcWstTGR1QXAtN3hK?oc=5,,False,본문 수집 제한 개수를 초과했습니다.,False,,2026-09-13 09:04:44
미국,광고,광고,광고 stock market earnings investment,Meta Platforms Q1 2026: 33% Revenue Growth as AI Investment Hits $145B - TIKR.com,https://news.google.com/rss/articles/CBMimAFBVV95cUxNdDVhcnpkYmU3WWlYcGlHaFJGbHpVbWl3NWlLZ0lDZXRvOGpxZ0xkd3NzdzZEcUZqbkprMU9pb29nS19QamNRYzlrUUd2enJYLVBHaUJMNG10T0FyLVJ3Q2pVbFl1bzNOYmR1aVZ1c3YzNUNjams0dHUzX3Yzd1RsUTNlQ043YW5KVGVnNmpsOE5uclMwRnQ4WA?oc=5,"Thu, 30 Apr 2026 07:00:00 GMT",TIKR.com,광고/미디어,https://news.google.com/rss/articles/CBMimAFBVV95cUxNdDVhcnpkYmU3WWlYcGlHaFJGbHpVbWl3NWlLZ0lDZXRvOGpxZ0xkd3NzdzZEcUZqbkprMU9pb29nS19QamNRYzlrUUd2enJYLVBHaUJMNG10T0FyLVJ3Q2pVbFl1bzNOYmR1aVZ1c3YzNUNjams0dHUzX3Yzd1RsUTNlQ043YW5KVGVnNmpsOE5uclMwRnQ4WA?oc=5,,False,본문 수집 제한 개수를 초과했습니다.,False,,2026-09-13 09:04:44
미국,광고,광고,광고 stock market earnings investment,Meta Reports First Quarter 2026 Results - PR Newswire,https://news.google.com/rss/articles/CBMimwFBVV95cUxON1YwNWxBdnJibk9qNWQ4UVBVV1dpLXBHalpnMEQ4djJkaVVwUnpya1FYX1lqMXJDZVNVSmVBTFdSeWlJSUlPMGZoYWtSaXJpSHl6X2tTZTMwNXJIZThoMmJjZWsyQjRkb1ZCZ2lLcXpwZEZCVEphZ0ttY3FIcndxdEM0aEcyTnFMWkw3dXBGQXY0aHhYdmVKWjhFbw?oc=5,"Wed, 29 Apr 2026 07:00:00 GMT",PR Newswire,광고/미디어,https://news.google.com/rss/articles/CBMimwFBVV95cUxON1YwNWxBdnJibk9qNWQ4UVBVV1dpLXBHalpnMEQ4djJkaVVwUnpya1FYX1lqMXJDZVNVSmVBTFdSeWlJSUlPMGZoYWtSaXJpSHl6X2tTZTMwNXJIZThoMmJjZWsyQjRkb1ZCZ2lLcXpwZEZCVEphZ0ttY3FIcndxdEM0aEcyTnFMWkw3dXBGQXY0aHhYdmVKWjhFbw?oc=5,,False,본문 수집 제한 개수를 초과했습니다.,False,,2026-09-13 09:04:44
미국,미디어,미디어,미디어 stock market earnings investment,Is Meta Platforms Stock a Smart Buy Ahead of Q1 2026 Earnings? Unpacking AI Growth and Investment Potential - TradingKey,https://news.google.com/rss/articles/CBMiygFBVV95cUxNMlYyMkRLUVNZRDVqdzMtdjlUTWJpV0lOT2hqY3MxSVZabmMtb3p2Vm1HZUs5UTRpQ2hBTXF6dkJsbExraUVESnNPYi1icjlBZGhhVUhRanMtLWk4UExraUZGRks3MWRFV2VXTGg1M3djbzhwWElkV0N1T2JPVjlSN0tITTl6VVZOYjI0VkktNnQ1ekRkOGUxSURQZFB5OUFMUXNyQVlneFBVY0ZEcWFCWWJQeWp6cTFhaWVXdk9OWWtvanA2QldXcE13?oc=5,"Sat, 25 Apr 2026 07:00:00 GMT",TradingKey,광고/미디어,https://news.google.com/rss/articles/CBMiygFBVV95cUxNMlYyMkRLUVNZRDVqdzMtdjlUTWJpV0lOT2hqY3MxSVZabmMtb3p2Vm1HZUs5UTRpQ2hBTXF6dkJsbExraUVESnNPYi1icjlBZGhhVUhRanMtLWk4UExraUZGRks3MWRFV2VXTGg1M3djbzhwWElkV0N1T2JPVjlSN0tITTl6VVZOYjI0VkktNnQ1ekRkOGUxSURQZFB5OUFMUXNyQVlneFBVY0ZEcWFCWWJQeWp6cTFhaWVXdk9OWWtvanA2QldXcE13?oc=5,,False,본문 수집 제한 개수를 초과했습니다.,False,,2026-09-13 09:04:44
미국,미디어,미디어,미디어 stock market earnings investment,AppLovin Surged 8% on AI Ad Win: Path to a $745 Breakout in 2026 - TIKR.com,https://news.google.com/rss/articles/CBMikAFBVV95cUxPdGRCRkN4QVZHSzhSQzhQb1lDWEpvU3MyNGVIbHZtQ2ZTTERUeExrWmdIT2t2cWpFaTFTTmRocEp4aExITHViX2NhNnlmLXNXSnpJbVRpbHVnT3k2dzAxbVRGSnVCci1tNnVObFhpd1F6N2phLWptMkVBMGtpODlrbWhQS0NDVkhmdDJ2emF0c28?oc=5,"Fri, 13 Feb 2026 08:00:00 GMT",TIKR.com,광고/미디어,https://news.google.com/rss/articles/CBMikAFBVV95cUxPdGRCRkN4QVZHSzhSQzhQb1lDWEpvU3MyNGVIbHZtQ2ZTTERUeExrWmdIT2t2cWpFaTFTTmRocEp4aExITHViX2NhNnlmLXNXSnpJbVRpbHVnT3k2dzAxbVRGSnVCci1tNnVObFhpd1F6N2phLWptMkVBMGtpODlrbWhQS0NDVkhmdDJ2emF0c28?oc=5,,False,본문 수집 제한 개수를 초과했습니다.,False,,2026-09-13 09:04:44
미국,콘텐츠,콘텐츠,콘텐츠 stock market earnings investment,Adobe Partners With Hollywood Players On Generative AI - Investor's Business Daily,https://news.google.com/rss/articles/CBMimwFBVV95cUxNTExSWXpvenp0UHNucG8teHU0d0htRll4dWNpM21XekhoRmhFbHdMd2xTNHJQNjN5aHNDa1dBZHBRR2ZCYnFhd2NtbmpHa1ZaUTNwSDY5c1RnNHNDV0tTd2c0SlB4elViX0xfd25NMDJWeTlZNWo4bEJORVEtOFFMc1RDQ1o2WGZhTzM0S08zYW50TW1WOUVOZUJJbw?oc=5,"Thu, 22 Jan 2026 08:00:00 GMT",Investor's Business Daily,광고/미디어,https://news.google.com/rss/articles/CBMimwFBVV95cUxNTExSWXpvenp0UHNucG8teHU0d0htRll4dWNpM21XekhoRmhFbHdMd2xTNHJQNjN5aHNDa1dBZHBRR2ZCYnFhd2NtbmpHa1ZaUTNwSDY5c1RnNHNDV0tTd2c0SlB4elViX0xfd25NMDJWeTlZNWo4bEJORVEtOFFMc1RDQ1o2WGZhTzM0S08zYW50TW1WOUVOZUJJbw?oc=5,,False,본문 수집 제한 개수를 초과했습니다.,False,,2026-09-13 09:04:44
미국,방송,방송,방송 stock market earnings investment,NBA's Expanding Business Model: Revenue and Global Reach - Investopedia,https://news.google.com/rss/articles/CBMihAFBVV95cUxOZmdzZk9mQ1hhd2NSNUhnc25VSkFWQWdlLTExWkNheWRfLUZ5ZF91aDZqWUZGNzVWX3dQNUlHRVIwRmREb05iX3FaTklrQUxTSl9LN1ZQWGJtUXZDc185QmxBQnBfNEdlS2lmUWZFam5CVmVSZ2VXck5Zb05WMlVfYVdIX28?oc=5,"Sat, 25 Mar 2017 20:29:40 GMT",Investopedia,광고/미디어,https://news.google.com/rss/articles/CBMihAFBVV95cUxOZmdzZk9mQ1hhd2NSNUhnc25VSkFWQWdlLTExWkNheWRfLUZ5ZF91aDZqWUZGNzVWX3dQNUlHRVIwRmREb05iX3FaTklrQUxTSl9LN1ZQWGJtUXZDc185QmxBQnBfNEdlS2lmUWZFam5CVmVSZ2VXck5Zb05WMlVfYVdIX28?oc=5,,False,본문 수집 제한 개수를 초과했습니다.,False,,2026-09-13 09:04:44
일본,광고,광고,광고 日本 株式市場 企業,【韓国WEB広告 完全ガイド】NAVER・Kakaoのパートナーが攻略法から最新トレンドまでを徹底解説【10ケースの運用事例も公開】 - コマースピック,https://news.google.com/rss/articles/CBMiVkFVX3lxTE85eURhcGxrTGhJSHRJNW9wTWd2UFM5eXNibUtyZlozcUhMZzNrR1d5Q0NWVWF1dUQ0X3AwV1I3MVh4OXZrd3BtS2ZhMUktTkpxaUh3ZjZB?oc=5,"Mon, 16 Feb 2026 08:00:00 GMT",コマースピック,광고/미디어,https://news.google.com/rss/articles/CBMiVkFVX3lxTE85eURhcGxrTGhJSHRJNW9wTWd2UFM5eXNibUtyZlozcUhMZzNrR1d5Q0NWVWF1dUQ0X3AwV1I3MVh4OXZrd3BtS2ZhMUktTkpxaUh3ZjZB?oc=5,,False,"HTTPSConnectionPool(host='www.commercepick.com', port=443): Max retries exceeded with url: /archives/85275 (Caused by ConnectTimeoutError(<HTTPSConnection(host='www.commercepick.com', port=443) at 0x7f920913dd00>, 'Connection to www.commercepick.com timed out. (connect timeout=10)'))",True,,2026-09-13 09:04:44
중동,광고,광고,광고 Middle East Gulf Saudi UAE Qatar oil LNG defense energy investment,War in Middle East widens to 12 countries within 72 hours of US-Israeli strikes on Iran - Hankyoreh : English Edition,https://news.google.com/rss/articles/CBMiggFBVV95cUxPWm9hRVQ5aGxEWnlSdm9EelE1Y0xLdl9sbGY1MldBRWwzQ1ZxMTk1eEdmck0zMDNBVWZsRHhzc21nNlJ3ZFVZcmtqSXVVSUxWVEhzWHR3cFJHdlJQajczNktIUjBHQjZxeFFYN1JvZUhldkJLZV9VbFZ6N0hBZndVajNR?oc=5,"Wed, 04 Mar 2026 08:00:00 GMT",Hankyoreh : English Edition,광고/미디어,https://english.hani.co.kr/arti/english_edition/e_international/1247674.html,english.hani.co.kr,True,,True,,2026-09-13 09:04:44
국내,금리,금리,금리,"""유가·금리 경계 vs AI 모멘텀 지속""…FOMC 주목[주간증시전망] - 뉴시스",https://news.google.com/rss/articles/CBMiYEFVX3lxTE1PUkx1ZWtuOVRraloxMDVHV25jSU5nMHp6WUFBSEwtYzUyWWxPclZacGM5UmpBc2F0VVFFNHp4em9ZLU5VVXVsOUJmbjNzYndkRHpUZ01SV3RWY0JyeVYzQ9IBeEFVX3lxTE9WYXA5TlEyVDhSOWlMOXRtTnliRW9jWFhtQmRyN1BsQnJRRjd1S3E1aVRGZFF6Qms3NGJPM3BENmZlM2hrTzVjR0JWWXdaRzdmc1cweXpuTURjTFh4RHBMSmhYeXZPbVpJeERnd1k2MEEzS1lBSnNfbg?oc=5,"Sat, 12 Sep 2026 22:00:00 GMT",뉴시스,금융,https://www.newsis.com/view/NISX20260911_0003786213,www.newsis.com,True,,True,,2026-09-13 09:05:12
국내,금리,금리,금리,"유가 등 중동 악재에 눌린 코스피, 美 FOMC 금리결정 주시 - 연합뉴스",https://news.google.com/rss/articles/CBMiW0FVX3lxTE9Xd2xWY3pTVW8wV3Q4Sm5KbnpPSnhFLXRnZEl0OUU1WkZLdGNaYy03X1FWSlVrem9TN2pMT3VzeHpwTFMxdWhLU1NKcC14SlE5VjNVdVhIQzd2RWPSAWBBVV95cUxOY0U4ajNqX2IwdjJDRDJEZE1fTnpUWmxqWGZOY19ySTBZeEV1ZDFMMFVPOXNvWTNlVWVxemNfeVFJaE1iTnhzUzZMdDdSMGQ3OTY5Mzl5OHlRYVJUdzJrbGI?oc=5,"Sat, 12 Sep 2026 21:00:08 GMT",연합뉴스,금융,https://www.yna.co.kr/view/AKR20260912001200008,www.yna.co.kr,True,,True,,2026-09-13 09:05:12
국내,은행주,은행주,은행주,주가 누른 '고금리' 은행주는 점프…실적·주주환원 추가 상승 기대 - 뉴스1,https://news.google.com/rss/articles/CBMiZEFVX3lxTE5NUklRWTg2Mk9wOFoyblFOM0NjcVNCVFRaRHFwd2V1RG5aYXE1dlNIV0lGZXNHVU5RZEQwd2FqM1hCQXlHMDA2eHpPT1F0aUFrdGo1Z1RpWGJsTGVtVGVpWHNpSnPSAWRBVV95cUxOTVJJUVk4NjJPcDhaMm5RTjNDY3FTQlRUWkRxcHdldURuWmFxNXZTSFdJRmVzR1VOUWREMHdhajNYQkF5RzAwNnh6T09RdGlBa3RqNWdUaVhibExlbVRlaVhzaUpz?oc=5,"Sat, 12 Sep 2026 21:00:00 GMT",뉴스1,금융,https://news.google.com/rss/articles/CBMiZEFVX3lxTE5NUklRWTg2Mk9wOFoyblFOM0NjcVNCVFRaRHFwd2V1RG5aYXE1dlNIV0lGZXNHVU5RZEQwd2FqM1hCQXlHMDA2eHpPT1F0aUFrdGo1Z1RpWGJsTGVtVGVpWHNpSnPSAWRBVV95cUxOTVJJUVk4NjJPcDhaMm5RTjNDY3FTQlRUWkRxcHdldURuWmFxNXZTSFdJRmVzR1VOUWREMHdhajNYQkF5RzAwNnh6T09RdGlBa3RqNWdUaVhibExlbVRlaVhzaUpz?oc=5,,False,403 Client Error: Forbidden for url: https://www.news1.kr/amp/finance/general-stock/6287963,True,,2026-09-13 09:05:12
국내,금리,금리,금리,3%대 중반 넘긴 시중은행 예금 금리…대출 증가세는 꺾여 - 연합뉴스,https://news.google.com/rss/articles/CBMiW0FVX3lxTE9tR3p5WF81UlVmODd5ckt5OHhES1FBWXdxZVRkdmlxd2xwQkF3MFA2VWZuNlVCVUxOaHhDVVg2TVlRWWVGdDI1X0RzSk8xN1Nwb3NqM1BuTWxONmPSAWBBVV95cUxQR2FkTE4yd3cyanZQTGV6OUJ2dEpxc0NjLTBaTXRGWHhRWW5QWEZIVUNpazF3NnNVNWZzejQzbDVrQnZuQ0pFb1dsRXNwaXR3ekJfM3drUlFaR1RoS29WcVQ?oc=5,"Sat, 12 Sep 2026 20:45:01 GMT",연합뉴스,금융,https://www.yna.co.kr/view/AKR20260912049900002,www.yna.co.kr,True,,True,,2026-09-13 09:05:12
국내,금리,금리,금리,코스피 반등 이끈 삼전·SK하닉…이번주 금리 ‘쌍고비’ [증시전망대] - v.daum.net,https://news.google.com/rss/articles/CBMiT0FVX3lxTE1HQ1BId3RMTEZOTFNmQ2VmSTRKdkhNUFNodE5NMHVfU3FMQXYtWHU2eWJOUnpzYk9tQm1CLW4wc0phRXZOR0tKSFp1Smo2OUU?oc=5,"Sat, 12 Sep 2026 19:31:00 GMT",v.daum.net,금융,https://news.google.com/rss/articles/CBMiT0FVX3lxTE1HQ1BId3RMTEZOTFNmQ2VmSTRKdkhNUFNodE5NMHVfU3FMQXYtWHU2eWJOUnpzYk9tQm1CLW4wc0phRXZOR0tKSFp1Smo2OUU?oc=5,,False,본문 수집 제한 개수를 초과했습니다.,False,,2026-09-13 09:05:12
국내,금리,금리,금리,"美 8월 근원 CPI 0.3%↑…연준, 기준금리 인상 가능성 86% - 전자신문",https://news.google.com/rss/articles/CBMiTkFVX3lxTE9fR0N6anNWVl9HOG1fMGVvaENOTDVNRHVwWExkdlRibHlEUWhuQnBKOUYyYm14dVlBNzZxS2tEUlgtSXIydGllUW5sQjVlZw?oc=5,"Fri, 11 Sep 2026 23:02:57 GMT",전자신문,금융,https://news.google.com/rss/articles/CBMiTkFVX3lxTE9fR0N6anNWVl9HOG1fMGVvaENOTDVNRHVwWExkdlRibHlEUWhuQnBKOUYyYm14dVlBNzZxS2tEUlgtSXIydGllUW5sQjVlZw?oc=5,,False,본문 수집 제한 개수를 초과했습니다.,False,,2026-09-13 09:05:12
국내,순이자마진,순이자마진,순이자마진,대출 금리가 하락함에 따라 은행들은 수익성을 유지하고 있다. - Vietnam.vn,https://news.google.com/rss/articles/CBMiiwFBVV95cUxObDRHN0RnYkhhZGFPek0yUzBsa0ZHVTFuX2NMWUpUZy13d3YwcTlNLXZCb2NDUTQycWhjQUd4SHN3TEdJWkdPdWRYNWpqV1ZubzFtd3VzVUxocDV2cWVaYTNsOGY0bURzQ3JMUzNBRXVZZ0p3QzNtd3Q3c21iVlk4WjJiNk9xb0xuY2pZ?oc=5,"Fri, 11 Sep 2026 06:06:17 GMT",Vietnam.vn,금융,https://news.google.com/rss/articles/CBMiiwFBVV95cUxObDRHN0RnYkhhZGFPek0yUzBsa0ZHVTFuX2NMWUpUZy13d3YwcTlNLXZCb2NDUTQycWhjQUd4SHN3TEdJWkdPdWRYNWpqV1ZubzFtd3VzVUxocDV2cWVaYTNsOGY0bURzQ3JMUzNBRXVZZ0p3QzNtd3Q3c21iVlk4WjJiNk9xb0xuY2pZ?oc=5,,False,본문 수집 제한 개수를 초과했습니다.,False,,2026-09-13 09:05:12
국내,보험주,보험주,보험주,"[업앤다운] 보험주 동반 강세, 한화손보↑·에이플러스에셋↓ - nspna.com",https://news.google.com/rss/articles/CBMiYEFVX3lxTE10X1d0MXJnZmM1WTYzWTNiRzRHSHVNSWZNRmZSdUNwc1NyN1JQTDdqbFRra09GdjUzcWJFMHUySXpPOHE3QkJ4X0RWQWFDbXFyR0E2MGFXSVpTcEZDaHRsdg?oc=5,"Thu, 10 Sep 2026 07:08:15 GMT",nspna.com,금융,https://news.google.com/rss/articles/CBMiYEFVX3lxTE10X1d0MXJnZmM1WTYzWTNiRzRHSHVNSWZNRmZSdUNwc1NyN1JQTDdqbFRra09GdjUzcWJFMHUySXpPOHE3QkJ4X0RWQWFDbXFyR0E2MGFXSVpTcEZDaHRsdg?oc=5,,False,본문 수집 제한 개수를 초과했습니다.,False,,2026-09-13 09:05:12
국내,은행주,은행주,은행주,'금리·환율·실적' 삼박자에 사상 최고가…은행주 나홀로 랠리 - 한국경제,https://news.google.com/rss/articles/CBMiWkFVX3lxTFBOVW8zX3FHVGZBYnM5SVcxMWJLblJPVjVJRTlQTG9lcU0tMl9QUlNDRnVGLUlSbTdDSm5jSDJRWm1LMG80NEJqOVZTN1pvcHZQeWRfNklFZ3ptdw?oc=5,"Thu, 10 Sep 2026 06:14:28 GMT",한국경제,금융,https://news.google.com/rss/articles/CBMiWkFVX3lxTFBOVW8zX3FHVGZBYnM5SVcxMWJLblJPVjVJRTlQTG9lcU0tMl9QUlNDRnVGLUlSbTdDSm5jSDJRWm1LMG80NEJqOVZTN1pvcHZQeWRfNklFZ3ptdw?oc=5,,False,본문 수집 제한 개수를 초과했습니다.,False,,2026-09-13 09:05:12
국내,은행주,은행주,은행주,"기업은행, 은행주 고ROE+저PER+저PBR 1위 - 버핏연구소",https://news.google.com/rss/articles/CBMiXEFVX3lxTFBBX1psSUhkNUdkVEhpdVo2NHhueXQzNFRUcllmVUhJcUZiWFFUMmhyQVNMN1ZDZWtwWWFUdG0zUnM5eldYTDVITFRjVGdubGo5Z0tadWZibWFrU0tF?oc=5,"Thu, 10 Sep 2026 04:31:32 GMT",버핏연구소,금융,https://news.google.com/rss/articles/CBMiXEFVX3lxTFBBX1psSUhkNUdkVEhpdVo2NHhueXQzNFRUcllmVUhJcUZiWFFUMmhyQVNMN1ZDZWtwWWFUdG0zUnM5eldYTDVITFRjVGdubGo5Z0tadWZibWFrU0tF?oc=5,,False,본문 수집 제한 개수를 초과했습니다.,False,,2026-09-13 09:05:12
국내,증권주,증권주,증권주,"[EBN 데이터센터] 증권주 혼조 속 업황 눈높이 낮아져...중소형 방어, 대형사는 조정 압력 - ebn.co.kr",https://news.google.com/rss/articles/CBMiaEFVX3lxTE1ieE9nNk5ORXAzTHVydHFVbFNGbU5URlJTWWN4UzllR0lHaWotZGxSYnVYVUdzRXA2SmtjNWdDV19RR0REdzhUMXJlS0JKVksxQWQ0M2p0ZWJNcFBZS0gyTTJ4SXlmT1dz?oc=5,"Thu, 10 Sep 2026 02:18:00 GMT",ebn.co.kr,금융,https://news.google.com/rss/articles/CBMiaEFVX3lxTE1ieE9nNk5ORXAzTHVydHFVbFNGbU5URlJTWWN4UzllR0lHaWotZGxSYnVYVUdzRXA2SmtjNWdDV19RR0REdzhUMXJlS0JKVksxQWQ0M2p0ZWJNcFBZS0gyTTJ4SXlmT1dz?oc=5,,False,본문 수집 제한 개수를 초과했습니다.,False,,2026-09-13 09:05:12
국내,증권주,증권주,증권주,"유안타證 ""증권주도 '배당수익' 볼 때…최선호주 삼성증권"" - 뉴스1",https://news.google.com/rss/articles/CBMiW0FVX3lxTE55RTBPXzQtNlp3MlpaZWZudUx2aWJvSlYxQVpXMDRDdGFISUo2V1BZcU1QVlRSSTczeGhtMWdQT1dKVW5TVHRmZUZROUhUekpGSVFhWEtMTW5pTnPSAWBBVV95cUxNMjVtb0Jmc04tV0pUaHNkMEJyaHZzRzdtdzl3dWRnNnFFcXFlQmtKWFNmMXppZjlCd2l2Q1Bhb3JjMVMwdGNzQXFEQkVHbUNFMEhfTDQwQzdSMTlLZFR6bng?oc=5,"Wed, 09 Sep 2026 23:58:37 GMT",뉴스1,금융,https://news.google.com/rss/articles/CBMiW0FVX3lxTE55RTBPXzQtNlp3MlpaZWZudUx2aWJvSlYxQVpXMDRDdGFISUo2V1BZcU1QVlRSSTczeGhtMWdQT1dKVW5TVHRmZUZROUhUekpGSVFhWEtMTW5pTnPSAWBBVV95cUxNMjVtb0Jmc04tV0pUaHNkMEJyaHZzRzdtdzl3dWRnNnFFcXFlQmtKWFNmMXppZjlCd2l2Q1Bhb3JjMVMwdGNzQXFEQkVHbUNFMEhfTDQwQzdSMTlLZFR6bng?oc=5,,False,본문 수집 제한 개수를 초과했습니다.,False,,2026-09-13 09:05:12
국내,증권주,증권주,증권주,"유안타증권 ""증권주 조정 마무리 국면, 반등에 시간 필요…목표가↓"" - v.daum.net",https://news.google.com/rss/articles/CBMiVEFVX3lxTE9tU3ZSVmpvQVBWUVV5c1RFOWNYMmduU3NBVE5WYVRKTXIyRkEwMV9QaDdscVNENGhyTjhEa195ZFpqWW9TWjI4cUdlaHY2NDdCV3pxNQ?oc=5,"Wed, 09 Sep 2026 23:45:00 GMT",v.daum.net,금융,https://news.google.com/rss/articles/CBMiVEFVX3lxTE9tU3ZSVmpvQVBWUVV5c1RFOWNYMmduU3NBVE5WYVRKTXIyRkEwMV9QaDdscVNENGhyTjhEa195ZFpqWW9TWjI4cUdlaHY2NDdCV3pxNQ?oc=5,,False,본문 수집 제한 개수를 초과했습니다.,False,,2026-09-13 09:05:12
국내,증권주,증권주,증권주,"유안타證 “증권주, 바닥은 왔지만 반등은 아직…5개사 목표가 줄하향” - 이투데이",https://news.google.com/rss/articles/CBMiVEFVX3lxTE9MZmpPLUoxMHlhNWswMGsydWNpY3NsT214R2NpeC1KUTZnalBGaEJ6dE5uRUdoc0I3cXhNVHU3MkxGa0JpMW1ReFVPTzM4MFY3U05Eeg?oc=5,"Wed, 09 Sep 2026 23:00:00 GMT",이투데이,금융,https://news.google.com/rss/articles/CBMiVEFVX3lxTE9MZmpPLUoxMHlhNWswMGsydWNpY3NsT214R2NpeC1KUTZnalBGaEJ6dE5uRUdoc0I3cXhNVHU3MkxGa0JpMW1ReFVPTzM4MFY3U05Eeg?oc=5,,False,본문 수집 제한 개수를 초과했습니다.,False,,2026-09-13 09:05:12
국내,보험주,보험주,보험주,"""한 달 새 40% 가깝게 뛰었네""…보험주에 돈 몰리는 이유 있었다 [분석+] - 한국경제",https://news.google.com/rss/articles/CBMiWkFVX3lxTFA0eHIwbkNVZXpVajZ1dkZtWWplQ2pWb2p0X056cWhCN3VFVEdjTm9ENVNleHJoRXFCUGVoc1VMOFI3OFVreDR3ZWVmbFZxQmZQaXpqbU4yTk5ldw?oc=5,"Mon, 07 Sep 2026 21:30:06 GMT",한국경제,금융,https://news.google.com/rss/articles/CBMiWkFVX3lxTFA0eHIwbkNVZXpVajZ1dkZtWWplQ2pWb2p0X056cWhCN3VFVEdjTm9ENVNleHJoRXFCUGVoc1VMOFI3OFVreDR3ZWVmbFZxQmZQaXpqbU4yTk5ldw?oc=5,,False,본문 수집 제한 개수를 초과했습니다.,False,,2026-09-13 09:05:12
국내,은행주,은행주,은행주,"금리인상 우려에 '방어주 매력' 커진 은행주…""환율 여건도 우호적"" - news.einfomax.co.kr",https://news.google.com/rss/articles/CBMicEFVX3lxTFBjc1NJNk5PY2V2cGZSV1ZSZnRiV2JsNUo0d3M4Z1FybzlObW5WN0RLRTNNMGtDLXBnZ042cWJ2YjROUlAxRUNrMUNmOE9meEIwcm8ycEwydmRFazRxamU1QjRIejczSDhicFpodWRBNkQ?oc=5,"Sun, 06 Sep 2026 23:17:28 GMT",news.einfomax.co.kr,금융,https://news.google.com/rss/articles/CBMicEFVX3lxTFBjc1NJNk5PY2V2cGZSV1ZSZnRiV2JsNUo0d3M4Z1FybzlObW5WN0RLRTNNMGtDLXBnZ042cWJ2YjROUlAxRUNrMUNmOE9meEIwcm8ycEwydmRFazRxamU1QjRIejczSDhicFpodWRBNkQ?oc=5,,False,본문 수집 제한 개수를 초과했습니다.,False,,2026-09-13 09:05:12
국내,보험주,보험주,보험주,"[특징주] 보험주, 美금리동결 가능성 부각에 줄줄이 하락(종합) - 연합뉴스",https://news.google.com/rss/articles/CBMiW0FVX3lxTFBybGtjRDlPcjYyRmkyRzFkdy15NzJtOGhhamxrS2puSHpYelN5Y1RORlRYLUhzV1p5NVpuNW8wekhNRVRJV3F1N0R6VWtJRmtUMHZ2QXF5OWVyM1nSAWBBVV95cUxQdFk0Zk9JcUt2ZWR2dnAxeVB2ZjJPeEt1ZzdkWGh2ZlpnU01uSHF6TnlpYkFtY3hGbUFWbVBkZk1CV01QcXdKcGdkeC03dFdVVVpWQU1JdTNYR2lMRS04Vi0?oc=5,"Fri, 04 Sep 2026 06:47:55 GMT",연합뉴스,금융,https://news.google.com/rss/articles/CBMiW0FVX3lxTFBybGtjRDlPcjYyRmkyRzFkdy15NzJtOGhhamxrS2puSHpYelN5Y1RORlRYLUhzV1p5NVpuNW8wekhNRVRJV3F1N0R6VWtJRmtUMHZ2QXF5OWVyM1nSAWBBVV95cUxQdFk0Zk9JcUt2ZWR2dnAxeVB2ZjJPeEt1ZzdkWGh2ZlpnU01uSHF6TnlpYkFtY3hGbUFWbVBkZk1CV01QcXdKcGdkeC03dFdVVVpWQU1JdTNYR2lMRS04Vi0?oc=5,,False,본문 수집 제한 개수를 초과했습니다.,False,,2026-09-13 09:05:12
국내,보험주,보험주,보험주,장기금리 오르자 보험주 '훨훨'…KRX 보험지수 한 달 새 15.8%↑ - 인더스트리뉴스,https://news.google.com/rss/articles/CBMickFVX3lxTE43d3p6ZHJyckZCQmcwRFVSeXg0UlR6UTlpMDZLeENFYXVlWWRmOUdwTUdGRVBZWURFM3RPcFNNZkxuQ3FjcGJIRHo1MjJ4akI0TWZZc2xFZ1cyS1l6RXNxcmJFYjF0a1Y0R1pMdjFpX2pGQQ?oc=5,"Thu, 03 Sep 2026 11:36:48 GMT",인더스트리뉴스,금융,https://news.google.com/rss/articles/CBMickFVX3lxTE43d3p6ZHJyckZCQmcwRFVSeXg0UlR6UTlpMDZLeENFYXVlWWRmOUdwTUdGRVBZWURFM3RPcFNNZkxuQ3FjcGJIRHo1MjJ4akI0TWZZc2xFZ1cyS1l6RXNxcmJFYjF0a1Y0R1pMdjFpX2pGQQ?oc=5,,False,본문 수집 제한 개수를 초과했습니다.,False,,2026-09-13 09:05:12
국내,은행주,은행주,은행주,"하나증권 ""금리모멘텀 받는 은행주, 9월엔 조정양상 벗어날 듯"" - 연합뉴스",https://news.google.com/rss/articles/CBMiW0FVX3lxTFBtenFOb0lxeHFIdXV6YjJybWJIVEl2QXlUVEtndGstU2Q3bHdpa2RJU0dTOEgwZjktOFVQS0hBQ1pTb0VPT3VVQ05JQ0thaU9NM3p1R2QwcHVwbU3SAWBBVV95cUxNMUNWRHdVNjQ2S01MckppVWswWWlJbVZZaUFmaE8tdVl2OHIwb3Nua1dwMmFEUl96OUIxM2oyOEwzYUFuZ1VYd3pweEU2dGRtaHBzUHRBbjhEQ0MwT0lWdmU?oc=5,"Mon, 31 Aug 2026 07:00:00 GMT",연합뉴스,금융,https://news.google.com/rss/articles/CBMiW0FVX3lxTFBtenFOb0lxeHFIdXV6YjJybWJIVEl2QXlUVEtndGstU2Q3bHdpa2RJU0dTOEgwZjktOFVQS0hBQ1pTb0VPT3VVQ05JQ0thaU9NM3p1R2QwcHVwbU3SAWBBVV95cUxNMUNWRHdVNjQ2S01MckppVWswWWlJbVZZaUFmaE8tdVl2OHIwb3Nua1dwMmFEUl96OUIxM2oyOEwzYUFuZ1VYd3pweEU2dGRtaHBzUHRBbjhEQ0MwT0lWdmU?oc=5,,False,본문 수집 제한 개수를 초과했습니다.,False,,2026-09-13 09:05:12
국내,증권주,증권주,증권주,"[특징주] 증권주, 美 금리 인상 가능성에 대부분 하락(종합) - 연합뉴스",https://news.google.com/rss/articles/CBMiW0FVX3lxTE9QNTBkd0pEMF9qUy1iNmpIZ1ljODBUc0l5cVYxRnVQSmgyckNWdFRZZWlwRlA1a1ZHRkRkNC1OVlpiOXc4S05jN2dlQ0kwZTNucjN0d3NIU2xDWTTSAWBBVV95cUxQTHhoYVFYUlU3aXVHRGQxeVlfemh3RWg1b3ROUkZVVmhLb2R3OHBQUEREQkJJcGd4UkFyR1doSXg4Z3V4bHA5RTl4eVJSRGdUYWtKTTVuS05UV3RzT09DLWw?oc=5,"Mon, 31 Aug 2026 07:00:00 GMT",연합뉴스,금융,https://news.google.com/rss/articles/CBMiW0FVX3lxTE9QNTBkd0pEMF9qUy1iNmpIZ1ljODBUc0l5cVYxRnVQSmgyckNWdFRZZWlwRlA1a1ZHRkRkNC1OVlpiOXc4S05jN2dlQ0kwZTNucjN0d3NIU2xDWTTSAWBBVV95cUxQTHhoYVFYUlU3aXVHRGQxeVlfemh3RWg1b3ROUkZVVmhLb2R3OHBQUEREQkJJcGd4UkFyR1doSXg4Z3V4bHA5RTl4eVJSRGdUYWtKTTVuS05UV3RzT09DLWw?oc=5,,False,본문 수집 제한 개수를 초과했습니다.,False,,2026-09-13 09:05:12
국내,순이자마진,순이자마진,순이자마진,"워터스톤파이낸셜, 4분기 순이익 48% 급증 및 순이자마진 개선 효과 주목 - 매일경제 마켓",https://news.google.com/rss/articles/CBMiUEFVX3lxTE8tOFVpLXI1VlBsblgwNHp3YlhyTnZVZFpNUUdpRVhxRDllcURqVU9lVTNKU2JuMEpGcENPWmZLak80Q2VxU1RYdG9LTzlyN1Zs?oc=5,"Sun, 23 Aug 2026 02:56:10 GMT",매일경제 마켓,금융,https://news.google.com/rss/articles/CBMiUEFVX3lxTE8tOFVpLXI1VlBsblgwNHp3YlhyTnZVZFpNUUdpRVhxRDllcURqVU9lVTNKU2JuMEpGcENPWmZLak80Q2VxU1RYdG9LTzlyN1Zs?oc=5,,False,본문 수집 제한 개수를 초과했습니다.,False,,2026-09-13 09:05:12
국내,순이자마진,순이자마진,순이자마진,"하나증권 ""은행주, 순이자마진 하락으로 당분간 쉬어갈 전망"" - 연합뉴스",https://news.google.com/rss/articles/CBMiW0FVX3lxTE5HdjZvOFYza0ZkZGRBYVNzLVBVQjVjVmIxQVRLZlJZSFdVV2pxRm9obGFlaDdFY1RaYVRQaVpKYnI4ajkzQVpad19nRHFUVFJ1Wl9DamhzSkptYzDSAWBBVV95cUxNTGFXLTlsY2JGR18zSUo5d042OW04RVpHcFUxSldzR0VJV05adk1NNERvNU13MFZWLUJFd2pMOXQ4TUNIbGNGQU52b2tBTUpwV0N0SDljRmVjYzFrMzhQdnc?oc=5,"Tue, 18 Aug 2026 07:00:00 GMT",연합뉴스,금융,https://news.google.com/rss/articles/CBMiW0FVX3lxTE5HdjZvOFYza0ZkZGRBYVNzLVBVQjVjVmIxQVRLZlJZSFdVV2pxRm9obGFlaDdFY1RaYVRQaVpKYnI4ajkzQVpad19nRHFUVFJ1Wl9DamhzSkptYzDSAWBBVV95cUxNTGFXLTlsY2JGR18zSUo5d042OW04RVpHcFUxSldzR0VJV05adk1NNERvNU13MFZWLUJFd2pMOXQ4TUNIbGNGQU52b2tBTUpwV0N0SDljRmVjYzFrMzhQdnc?oc=5,,False,본문 수집 제한 개수를 초과했습니다.,False,,2026-09-13 09:05:12
국내,순이자마진,순이자마진,순이자마진,"하나증권 ""은행주, 추가로 오르긴 쉽지 않아…순이자마진 하락"" - v.daum.net",https://news.google.com/rss/articles/CBMiS0FVX3lxTE1kUDJRUUhsLUZqTmR5XzVTUERxcnBXTFlvTVVuN2hGOFh2NlZWZmo2SVRBS216MElDUEI5Z1RmTjhuaGNPUkpPNTd5Zw?oc=5,"Tue, 18 Aug 2026 07:00:00 GMT",v.daum.net,금융,https://news.google.com/rss/articles/CBMiS0FVX3lxTE1kUDJRUUhsLUZqTmR5XzVTUERxcnBXTFlvTVVuN2hGOFh2NlZWZmo2SVRBS216MElDUEI5Z1RmTjhuaGNPUkpPNTd5Zw?oc=5,,False,본문 수집 제한 개수를 초과했습니다.,False,,2026-09-13 09:05:12
국내,순이자마진,순이자마진,순이자마진,"[중국 특징주] 17개분기 만에 반등, 中 은행 순이자마진 바닥찍었나? - newspim.com",https://news.google.com/rss/articles/CBMiXEFVX3lxTE5FMHd0Tmt4bTJIWk1DOFdIZVpBMGVBaHRfcTdTZklaOFJHSDA5d01zVk1xSzRXR0Ffbk9adm1EVEdtNEpYekxIcVVWWUtHclM5ZFNVWGhHNFhocWhu?oc=5,"Tue, 18 Aug 2026 07:00:00 GMT",newspim.com,금융,https://news.google.com/rss/articles/CBMiXEFVX3lxTE5FMHd0Tmt4bTJIWk1DOFdIZVpBMGVBaHRfcTdTZklaOFJHSDA5d01zVk1xSzRXR0Ffbk9adm1EVEdtNEpYekxIcVVWWUtHclM5ZFNVWGhHNFhocWhu?oc=5,,False,본문 수집 제한 개수를 초과했습니다.,False,,2026-09-13 09:05:12
국내,보험주,보험주,보험주,속앓는 보험주 - 중앙일보,https://news.google.com/rss/articles/CBMiVkFVX3lxTE5EYjBoaW9qajJZMVZ2bjlaSGtZWWs0THRWMVFFV3JnVkMzNkpmaWwxcm0zTGNIV2FXQnl2Z2I0VUNubTNvWElEYU56TmtuQXM1dk96REh3?oc=5,"Thu, 26 Feb 2026 08:00:00 GMT",중앙일보,금융,https://news.google.com/rss/articles/CBMiVkFVX3lxTE5EYjBoaW9qajJZMVZ2bjlaSGtZWWs0THRWMVFFV3JnVkMzNkpmaWwxcm0zTGNIV2FXQnl2Z2I0VUNubTNvWElEYU56TmtuQXM1dk96REh3?oc=5,,False,본문 수집 제한 개수를 초과했습니다.,False,,2026-09-13 09:05:12
미국,은행주,은행주,은행주 stock market earnings investment,Best Bank Stocks for 2026 and How to Invest - The Motley Fool,https://news.google.com/rss/articles/CBMiigFBVV95cUxOR1o0QnpTNTlsSFlSTE5qN0MwcFQ4QUJxU1cxYnR3WTBjYWxOU3YwaHRDSHJxNGRMcUk3cHpHZU9QQnBYOFpKYVBUb2V1SlY3dHhmTnhSUUN2YlhmWFZ1ZVVLbC1yTFBvYTYzQ3hqb1JSWXl1aWZzdm5QeTh2ZU4tbndsMzdQdGMxRWc?oc=5,"Thu, 10 Sep 2026 14:24:00 GMT",The Motley Fool,금융,https://www.fool.com/investing/stock-market/market-sectors/financials/bank-stocks/,www.fool.com,True,,True,,2026-09-13 09:05:12
미국,은행주,은행주,은행주 stock market earnings investment,7 Best-Performing Bank Stocks: September 2026 - NerdWallet,https://news.google.com/rss/articles/CBMia0FVX3lxTE1xX3U3SVRCOXlSOU52Skl3cDhDWE13X0c1bjd4Vkt6Tm5uUlBfMDhaQzR4NWpyN1RwOEprQzNNVkxyQ0stXzIwVm9QT1lORVBVVnRpaEdYcUtCTXpmQTZ4c05kbEtFclZfUUNR?oc=5,"Tue, 01 Sep 2026 07:00:00 GMT",NerdWallet,금융,https://www.nerdwallet.com/investing/learn/best-bank-stocks,www.nerdwallet.com,True,,True,,2026-09-13 09:05:12
미국,금리,금리,금리 stock market earnings investment,Stocks Turn Down as Warsh Talks Up Rates: Stock Market Today - Kiplinger,https://news.google.com/rss/articles/CBMipAFBVV95cUxNOHBJYVNLdGlXY3VrUm9jNFVaa0lYbThpV2pEckdPb3M4bmZYUENqNVZYUGowUW91bXRQd3dBeGFqUmpBemhHUEIyTTZOdG1UbTZWSHo2djNBRDZ4aDRKUmZpZ1JpQmt2NEF2WGVmejFQQmIyV0ZrbXdrZEE0NjIwM1BTTEtxcHliZkU0VmpOUFBzdldrWXczVGdVUGtia2cySFdrNg?oc=5,"Fri, 28 Aug 2026 07:00:00 GMT",Kiplinger,금융,https://www.kiplinger.com/investing/stocks/stocks-turn-down-as-warsh-talks-up-rates-stock-market-today,www.kiplinger.com,True,,True,,2026-09-13 09:05:12
미국,금리,금리,금리 stock market earnings investment,US stocks edge further from their record after oil prices rise - AP News,https://news.google.com/rss/articles/CBMinwFBVV95cUxNRGMxazQ3aC1nN2JTWmNzUGxNd1JaNXlUam9PQ05SVW44a2NCTlNNRzlwdnRBQkpEY0pIYTdpYk5DUzhnZG9XVWdwbUxNM3BJOEpJQzk4djduaTVHcl92NXFIS01kZ2lTcnplZE8teGdCaDhpdzQzLVZqeFVfTjl1ODJjcy1nRnlkZlBFOG5UaEszcXhFVTZ6U003ZlBfbWM?oc=5,"Mon, 17 Aug 2026 07:00:00 GMT",AP News,금융,https://news.google.com/rss/articles/CBMinwFBVV95cUxNRGMxazQ3aC1nN2JTWmNzUGxNd1JaNXlUam9PQ05SVW44a2NCTlNNRzlwdnRBQkpEY0pIYTdpYk5DUzhnZG9XVWdwbUxNM3BJOEpJQzk4djduaTVHcl92NXFIS01kZ2lTcnplZE8teGdCaDhpdzQzLVZqeFVfTjl1ODJjcy1nRnlkZlBFOG5UaEszcXhFVTZ6U003ZlBfbWM?oc=5,,False,403 Client Error: Forbidden for url: https://apnews.com/article/stocks-markets-futures-rates-oil-japan-bf398d5a01f611921c0b48a8bfc884d9,True,,2026-09-13 09:05:12
미국,금리,금리,금리 stock market earnings investment,How do changing interest rates affect the stock market in 2026 - U.S. Bank,https://news.google.com/rss/articles/CBMiwwFBVV95cUxQVVJpa2pCR3B0TmxRZGlpSmRZaFctZ21ybGtrVUVBMFozZ0xiSGFRY0ZZdGNWaV80dnhHUTR2TTVoSnZEU190aGtMamY2MDAxT0hYYzRXcUl5OUEyOGRGYWlBbm54T3ppaEZWRWtyV01EOEJGcVRaM2xROWlCX2FxSFYxX1NXeUQwZmJLS3pqcGhCWjR5RVJrNlhmbUtRcy1EUGJLaFI4UTNkUHg4emNPUE95cTc0bnlDcklaaG5EcWhBeVU?oc=5,"Mon, 03 Aug 2026 07:00:00 GMT",U.S. Bank,금융,https://news.google.com/rss/articles/CBMiwwFBVV95cUxQVVJpa2pCR3B0TmxRZGlpSmRZaFctZ21ybGtrVUVBMFozZ0xiSGFRY0ZZdGNWaV80dnhHUTR2TTVoSnZEU190aGtMamY2MDAxT0hYYzRXcUl5OUEyOGRGYWlBbm54T3ppaEZWRWtyV01EOEJGcVRaM2xROWlCX2FxSFYxX1NXeUQwZmJLS3pqcGhCWjR5RVJrNlhmbUtRcy1EUGJLaFI4UTNkUHg4emNPUE95cTc0bnlDcklaaG5EcWhBeVU?oc=5,,False,본문 수집 제한 개수를 초과했습니다.,False,,2026-09-13 09:05:12
미국,은행주,은행주,은행주 stock market earnings investment,Financial stocks are crushing it. These charts show why the ‘breakout’ rally may have just begun. - marketwatch.com,https://news.google.com/rss/articles/CBMi0gFBVV95cUxNQUVKeDhkdlFfTkNzb21wSVRrdlU3aHJtUjRMazZpVjlkQ3J5M1JjNXZtc3J2alA5REp6WFdaT0toQlVKV2FGWFNFZHRLU1p6Uy1qWkxBRXZ1YWp5cUVGWkhJMldlZFBKb2F2TEZfR1FfQlJWSlpEOFlTVk9zSnQzYjZqNXVYNWNqOEZZTUJ0TVZlWXNEZ084cnBoRl9ITGtHTlRvUkx1THpXNmlncGpfVWtLRExicEhwallfSFpzZGc0aHd3UzUxbnFpV2pmdW1yc3c?oc=5,"Sun, 02 Aug 2026 07:00:00 GMT",marketwatch.com,금융,https://news.google.com/rss/articles/CBMi0gFBVV95cUxNQUVKeDhkdlFfTkNzb21wSVRrdlU3aHJtUjRMazZpVjlkQ3J5M1JjNXZtc3J2alA5REp6WFdaT0toQlVKV2FGWFNFZHRLU1p6Uy1qWkxBRXZ1YWp5cUVGWkhJMldlZFBKb2F2TEZfR1FfQlJWSlpEOFlTVk9zSnQzYjZqNXVYNWNqOEZZTUJ0TVZlWXNEZ084cnBoRl9ITGtHTlRvUkx1THpXNmlncGpfVWtLRExicEhwallfSFpzZGc0aHd3UzUxbnFpV2pmdW1yc3c?oc=5,,False,본문 수집 제한 개수를 초과했습니다.,False,,2026-09-13 09:05:12
미국,순이자마진,순이자마진,순이자마진 stock market earnings investment,Bank of America’s (NYSE:BAC) Q2 CY2026: Beats On Revenue - Yahoo Finance,https://news.google.com/rss/articles/CBMikwFBVV95cUxPd2p2SzYzUnlid1VCQUxaX1FTeWY4ODhPVEpyLUU0YnRzYWs4R1RzeXBNQTVQZ0ZGdk53M05mbnA5QzhORVNnV0F4eW13ZnNWY2Vuak5DU0QwZjdEOHJCQmVUbWhjc2QzaWdIQ0lxd3NWMzR4MVZqWVBNVHE2N1JWWEJuLWZMZGxSWUR6bmtHdEZtU1E?oc=5,"Tue, 14 Jul 2026 07:00:00 GMT",Yahoo Finance,금융,https://news.google.com/rss/articles/CBMikwFBVV95cUxPd2p2SzYzUnlid1VCQUxaX1FTeWY4ODhPVEpyLUU0YnRzYWs4R1RzeXBNQTVQZ0ZGdk53M05mbnA5QzhORVNnV0F4eW13ZnNWY2Vuak5DU0QwZjdEOHJCQmVUbWhjc2QzaWdIQ0lxd3NWMzR4MVZqWVBNVHE2N1JWWEJuLWZMZGxSWUR6bmtHdEZtU1E?oc=5,,False,본문 수집 제한 개수를 초과했습니다.,False,,2026-09-13 09:05:12
미국,금리,금리,금리 stock market earnings investment,"Wall St Week Ahead Investors to grapple with packed week of earnings, CPI, Iran headlines - Reuters",https://news.google.com/rss/articles/CBMivwFBVV95cUxNMjJOeUlsWVliM0doZUlfUDdXVjA5OXpjUDdPNjlFXzFzRGZKcDhhaDVGZFNDc3RRM3QwLVdWdTdaaXJZN0NfRUhjQWkxSzBVZlBMd1l1dlZpVVVOOEFfbWVmUzVYMFlZZGpCWENSR3FRVGNPZjhXcU96VTY3b1hjTk45ZWMwRnR3RVRsRG5UR1ZqdU5RLWhhWWtnWVBjeGk4YTg3c294YjdUVkVqWS1WY3dNWnpCalBERVZQbkRIdw?oc=5,"Sun, 12 Jul 2026 07:00:00 GMT",Reuters,금융,https://news.google.com/rss/articles/CBMivwFBVV95cUxNMjJOeUlsWVliM0doZUlfUDdXVjA5OXpjUDdPNjlFXzFzRGZKcDhhaDVGZFNDc3RRM3QwLVdWdTdaaXJZN0NfRUhjQWkxSzBVZlBMd1l1dlZpVVVOOEFfbWVmUzVYMFlZZGpCWENSR3FRVGNPZjhXcU96VTY3b1hjTk45ZWMwRnR3RVRsRG5UR1ZqdU5RLWhhWWtnWVBjeGk4YTg3c294YjdUVkVqWS1WY3dNWnpCalBERVZQbkRIdw?oc=5,,False,본문 수집 제한 개수를 초과했습니다.,False,,2026-09-13 09:05:12
미국,순이자마진,순이자마진,순이자마진 stock market earnings investment,"Q2 2026 Bank Earnings Preview: JPMorgan, Goldman Sachs & Major Banks Report July 14 - Intellectia AI",https://news.google.com/rss/articles/CBMihwFBVV95cUxPQVJYc1dUUklaZ1JrdkVTd2Q5N3N4TFZYREFuUDREcjRQMm1RVzd2TzZBR1RDYXJKMmt6MU93M2RFZU9NeEUtTW1RV2oteVRsRmhOTTdVQ2Z2SjVFM0xpZnZqOHNUVEdjWkFBOXV0X2hDRWkzRG0yNlJkSFl1Vlk0OEs0U3pfSFk?oc=5,"Sat, 11 Jul 2026 07:00:00 GMT",Intellectia AI,금융,https://news.google.com/rss/articles/CBMihwFBVV95cUxPQVJYc1dUUklaZ1JrdkVTd2Q5N3N4TFZYREFuUDREcjRQMm1RVzd2TzZBR1RDYXJKMmt6MU93M2RFZU9NeEUtTW1RV2oteVRsRmhOTTdVQ2Z2SjVFM0xpZnZqOHNUVEdjWkFBOXV0X2hDRWkzRG0yNlJkSFl1Vlk0OEs0U3pfSFk?oc=5,,False,본문 수집 제한 개수를 초과했습니다.,False,,2026-09-13 09:05:12
미국,금리,금리,금리 stock market earnings investment,Stock Market Outlook Hinges On AI Earnings And Fed Rate Risks - Forbes,https://news.google.com/rss/articles/CBMiswFBVV95cUxQQW1NNjJmMVY2ZXRaRTNrWEJ0elBfMW54SmFIelFqWUtWVkw3OUVvV21jTUZBb2pNekZqcktRTm9MWnV3dzItUGlIbk1ucnMxRUJQZ3MzV0llMTFiLTVETm1XLWhKaWxDajNCM0p4X3VSWThHcUhweWpNU19tS184X1lZRXhzUml4NEhVSTRrd2pZZWhYRWZMYlhfQ3ZxZVNxQThWWm8tTjlLd2FFUzg4SEFXMA?oc=5,"Sun, 28 Jun 2026 07:00:00 GMT",Forbes,금융,https://news.google.com/rss/articles/CBMiswFBVV95cUxQQW1NNjJmMVY2ZXRaRTNrWEJ0elBfMW54SmFIelFqWUtWVkw3OUVvV21jTUZBb2pNekZqcktRTm9MWnV3dzItUGlIbk1ucnMxRUJQZ3MzV0llMTFiLTVETm1XLWhKaWxDajNCM0p4X3VSWThHcUhweWpNU19tS184X1lZRXhzUml4NEhVSTRrd2pZZWhYRWZMYlhfQ3ZxZVNxQThWWm8tTjlLd2FFUzg4SEFXMA?oc=5,,False,본문 수집 제한 개수를 초과했습니다.,False,,2026-09-13 09:05:12
미국,순이자마진,순이자마진,순이자마진 stock market earnings investment,"Earnings call transcript: SoFi Technologies Q1 2026 sees revenue growth, stock dips - Investing.com",https://news.google.com/rss/articles/CBMi0wFBVV95cUxNcEpGR2R0dUM2SlNrLTFrbFBLNG9VcmRNYmVobUw3R1A3ZzQySWNGcGMtbDR1QTl4OXFDMEZCMW5DUVFpc1hDeUxDU2gtRzVXOWJMaXUxX0ZQY1drQWZmcmlRSFp0aGxxazFIZzl2a3RfT3hseXUtdHhublR3TGhPaGhOMllsNmZEbzlxN3dOM3lWVFI0WTJRdENoTGgwTzlmY0ZDUHljYlBST0tzWHMzQUlSYjVXVDU5TUdkalZ2Z3NfMkpvei1NUkdnZjd1MlN0aUlj?oc=5,"Wed, 29 Apr 2026 07:00:00 GMT",Investing.com,금융,https://news.google.com/rss/articles/CBMi0wFBVV95cUxNcEpGR2R0dUM2SlNrLTFrbFBLNG9VcmRNYmVobUw3R1A3ZzQySWNGcGMtbDR1QTl4OXFDMEZCMW5DUVFpc1hDeUxDU2gtRzVXOWJMaXUxX0ZQY1drQWZmcmlRSFp0aGxxazFIZzl2a3RfT3hseXUtdHhublR3TGhPaGhOMllsNmZEbzlxN3dOM3lWVFI0WTJRdENoTGgwTzlmY0ZDUHljYlBST0tzWHMzQUlSYjVXVDU5TUdkalZ2Z3NfMkpvei1NUkdnZjd1MlN0aUlj?oc=5,,False,본문 수집 제한 개수를 초과했습니다.,False,,2026-09-13 09:05:12
미국,순이자마진,순이자마진,순이자마진 stock market earnings investment,Zions Earnings: Tepid Loan Growth and Net Interest Margin Sequential Decline - Morningstar,https://news.google.com/rss/articles/CBMiqgFBVV95cUxNbkY3QzdWUFdfQWwtWWx4VTgyZXFvYVI3SkZWclFFSFlBbEFfU2g4cnp2VzdTMlNQM0ZaWDVIZ0tQZ0NRZV9FZm5VbDlkVDI4MFJJVTdabkdpS0Nud2QtekxMSXgwUTFzZVdYUzQxUUl2eHV4R0p3dHlnM0ozRl9GU0tqRFFSSExGY3FCTDIxZnBTRWF3NTlRdk1fclFGQ1g2RmZveUgzck9KZw?oc=5,"Tue, 21 Apr 2026 07:00:00 GMT",Morningstar,금융,https://news.google.com/rss/articles/CBMiqgFBVV95cUxNbkY3QzdWUFdfQWwtWWx4VTgyZXFvYVI3SkZWclFFSFlBbEFfU2g4cnp2VzdTMlNQM0ZaWDVIZ0tQZ0NRZV9FZm5VbDlkVDI4MFJJVTdabkdpS0Nud2QtekxMSXgwUTFzZVdYUzQxUUl2eHV4R0p3dHlnM0ozRl9GU0tqRFFSSExGY3FCTDIxZnBTRWF3NTlRdk1fclFGQ1g2RmZveUgzck9KZw?oc=5,,False,본문 수집 제한 개수를 초과했습니다.,False,,2026-09-13 09:05:12
미국,보험주,보험주,보험주 stock market earnings investment,"UnitedHealth, Humana, Health Insurers Jump On Higher Medicare Advantage Payments - Investor's Business Daily",https://news.google.com/rss/articles/CBMimwFBVV95cUxQQzNJQnhNcFhkMXc3amhZWjJhQnVhUGRtUW1NTDQzZXUzQUhReFFYYmNqN0IwRzhtdXZWdVFkOWZzaGdXcklabVNMTjkxMjBuMXdzdE5ib2tUcXpIRzdZQjlUYVVpQTA4TFE4TzNaalVldjZfUmJUWjVBb19sSFlHSlI1TFZWZE9uZm5ZZUItczdlV0daZVBYMkZBaw?oc=5,"Tue, 07 Apr 2026 07:00:00 GMT",Investor's Business Daily,금융,https://news.google.com/rss/articles/CBMimwFBVV95cUxQQzNJQnhNcFhkMXc3amhZWjJhQnVhUGRtUW1NTDQzZXUzQUhReFFYYmNqN0IwRzhtdXZWdVFkOWZzaGdXcklabVNMTjkxMjBuMXdzdE5ib2tUcXpIRzdZQjlUYVVpQTA4TFE4TzNaalVldjZfUmJUWjVBb19sSFlHSlI1TFZWZE9uZm5ZZUItczdlV0daZVBYMkZBaw?oc=5,,False,본문 수집 제한 개수를 초과했습니다.,False,,2026-09-13 09:05:12
미국,순이자마진,순이자마진,순이자마진 stock market earnings investment,"Rising Rotation? Financials, Real Estate, and Banks - Direxion",https://news.google.com/rss/articles/CBMigwFBVV95cUxPTGw3Rk5RZGJ5XzJJb2dGQlU3cnFPTkZPN3F2Z3dRczdpV3dSb1NEY1JGR0YyTWFOOXFpZ01KdUJ5R0kwMHNreWtCdk10MlNMcndheW9RbzFVT3R4RUtfR2o2eTI1UnJPUHYwVGlTMnAwVE4tOXdwUEkyRkhwWWM0MHJ0TQ?oc=5,"Wed, 04 Feb 2026 08:00:00 GMT",Direxion,금융,https://news.google.com/rss/articles/CBMigwFBVV95cUxPTGw3Rk5RZGJ5XzJJb2dGQlU3cnFPTkZPN3F2Z3dRczdpV3dSb1NEY1JGR0YyTWFOOXFpZ01KdUJ5R0kwMHNreWtCdk10MlNMcndheW9RbzFVT3R4RUtfR2o2eTI1UnJPUHYwVGlTMnAwVE4tOXdwUEkyRkhwWWM0MHJ0TQ?oc=5,,False,본문 수집 제한 개수를 초과했습니다.,False,,2026-09-13 09:05:12
미국,은행주,은행주,은행주 stock market earnings investment,"Bank Earnings Lead 2026 Market Charge, but Wall Street Eyes Guidance as Key - TradingKey",https://news.google.com/rss/articles/CBMipwFBVV95cUxNRFd5X2lyQkxkdF82cmFVVE0xemV4RURtT0pCUHphOExrd2ZKMm1TZEpuQkhNN3cxOHBYVDRyN19JVHdwM2VGN21aaGdoRzJ1YmdXRk5QdHd2WXc2VlNuaE42dkdkbkpCOV9jWS1qZVhuR0d2OE9rZXZnVFpaU3I5aS1VYkxOU3BlWTZkTXh2U19PT1BhVGNtZUxxbDdYX09pbTYxQThZaw?oc=5,"Mon, 12 Jan 2026 08:00:00 GMT",TradingKey,금융,https://news.google.com/rss/articles/CBMipwFBVV95cUxNRFd5X2lyQkxkdF82cmFVVE0xemV4RURtT0pCUHphOExrd2ZKMm1TZEpuQkhNN3cxOHBYVDRyN19JVHdwM2VGN21aaGdoRzJ1YmdXRk5QdHd2WXc2VlNuaE42dkdkbkpCOV9jWS1qZVhuR0d2OE9rZXZnVFpaU3I5aS1VYkxOU3BlWTZkTXh2U19PT1BhVGNtZUxxbDdYX09pbTYxQThZaw?oc=5,,False,본문 수집 제한 개수를 초과했습니다.,False,,2026-09-13 09:05:12
미국,증권주,증권주,증권주 stock market earnings investment,"Stocks: What They Are, Main Types, and How They Differ From Bonds - Investopedia",https://news.google.com/rss/articles/CBMiWkFVX3lxTE13T1o1S04wRlp3b1RuUXZfMzY4N1BqZFFOaDZCdmJETjRINkRuSlZLWjdsN2gtVjNiNnZzTmtaYUJDX19EZEZMZk1ySTFoVkFYdXpIZzVGUG9pdw?oc=5,"Sat, 25 Mar 2017 23:35:55 GMT",Investopedia,금융,https://news.google.com/rss/articles/CBMiWkFVX3lxTE13T1o1S04wRlp3b1RuUXZfMzY4N1BqZFFOaDZCdmJETjRINkRuSlZLWjdsN2gtVjNiNnZzTmtaYUJDX19EZEZMZk1ySTFoVkFYdXpIZzVGUG9pdw?oc=5,,False,본문 수집 제한 개수를 초과했습니다.,False,,2026-09-13 09:05:12
국내,산업재,산업재,산업재,AI부터 위조상품 대응까지… 프랑스 산업재산청과 MOU 체결 - IPDaily,https://news.google.com/rss/articles/CBMi4gJBVV95cUxPaEVHRUlBS0lVaFVOQkNkRENubVI1a2RSYlR2T1pXcEdOdzZqUFdNOVZCYlJUdjRFU21faHdTa25hdmhWZ0Z0Y1VGM3VDTi1jYThjY1lmakhMS3NRLUdmZVhnNjAyMWZaTExwN25PSGZPN3ViVDlvUkFyVXNJeVJ4Znh2QzVNbEtZU25ZVi1UNzItZkxJVDB3bGV5TV9FNmV6VlF2V2Q3cXNTeFNvZml3bzhaREFzM0NmZHJIdlFlSkE5ZGY3MHJYTWN3UXh1ZVE5MG9hMXdJRGQxTUUySzJMdjFXalEybjh1bTlhRXNkdG1Kdkhqc0I5MFlpUVJZRWxaTEMwcFR6U1YwZUY4dW5yc3VPS21EbFRJdktTVDhGajA5NVNaamJWWFNIZFI5cFlCWFhxWUprNTh3VUJYUVZ5dmdpeVdreWJBM3pvTG1nQXZnM2N1b0tXSDNxWlN6SGJ5RWc?oc=5,"Sat, 12 Sep 2026 13:18:55 GMT",IPDaily,기계/산업재,https://www.ipdaily.co.kr/2026/09/12/22/18/55/50616/ai%EB%B6%80%ED%84%B0-%EC%9C%84%EC%A1%B0%EC%83%81%ED%92%88-%EB%8C%80%EC%9D%91%EA%B9%8C%EC%A7%80-%ED%94%84%EB%9E%91%EC%8A%A4-%EC%82%B0%EC%97%85%EC%9E%AC%EC%82%B0%EC%B2%AD%EA%B3%BC-mou-%EC%B2%B4/,www.ipdaily.co.kr,False,본문을 추출하지 못했습니다.,True,,2026-09-13 09:05:50
국내,기계,기계,기계,일본·한국 공작기계 동반 수주 호조 - kidd.co.kr,https://news.google.com/rss/articles/CBMiREFVX3lxTE9RV2ZEZlJVWDVxS1dGTFF6UkxFaEdfbnhabDFPNFdheFBhUy1Faks2Smp0djRabEhIel9uT21aRXN5dTdu?oc=5,"Sat, 12 Sep 2026 02:13:00 GMT",kidd.co.kr,기계/산업재,https://kidd.co.kr/news/247400,kidd.co.kr,True,,True,,2026-09-13 09:05:50
국내,기계,기계,기계,"네팔 터널서 9일 만에 구조된 기계반장 ""흙탕물 마시며 버텨"" - v.daum.net",https://news.google.com/rss/articles/CBMiT0FVX3lxTE5pbThCclB6bF8xOEduVlh2Z1Jfb0VlNy1rUktLLTNmcmV6bmVZX0p4a2thR21YUU5NRWRJak5Oa0xwNW9TZzAzMW02NlFYa1U?oc=5,"Sat, 12 Sep 2026 01:47:03 GMT",v.daum.net,기계/산업재,https://v.daum.net/v/20260912104703172,v.daum.net,True,,True,,2026-09-13 09:05:50
국내,기계,기계,기계,"HD건설기계, `기업자격 정부인정 우수사례` 대상 수상 - 디지털데일리",https://news.google.com/rss/articles/CBMiZEFVX3lxTE1FQTM4RlRVOHVVeFhnaFF2LW45cWRZNWh4bHB1enkwR1k5WG5fM2tvZjNBRHBVSUpBNzh4NDVraDk4T0lOME9DQnVJYVhkVzhTRnFFN3NmZW84aTFfRHo0WHEzYko?oc=5,"Sat, 12 Sep 2026 01:24:17 GMT",디지털데일리,기계/산업재,https://news.google.com/rss/articles/CBMiZEFVX3lxTE1FQTM4RlRVOHVVeFhnaFF2LW45cWRZNWh4bHB1enkwR1k5WG5fM2tvZjNBRHBVSUpBNzh4NDVraDk4T0lOME9DQnVJYVhkVzhTRnFFN3NmZW84aTFfRHo0WHEzYko?oc=5,,False,403 Client Error: Forbidden for url: https://www.ddaily.co.kr/page/view/2026091117503357647,True,,2026-09-13 09:05:50
국내,기계,기계,기계,"하나증권 ""한국·일본, 공작기계 수주 가파른 증가세"" - 로봇신문",https://news.google.com/rss/articles/CBMibEFVX3lxTE1rWlJuUFphMjlGR3kxR3U4bGhqYVZIMnlWNG4xMlFhbGhodTl4eUJmb3otdUEtT1VjWDFyOFpPQ2NEdFF2akwwSVg2UWhKaEljUDBSMGY4cE5yRWxxMGFBM1NobFlRZDBtLW0zVA?oc=5,"Fri, 11 Sep 2026 05:13:18 GMT",로봇신문,기계/산업재,https://news.google.com/rss/articles/CBMibEFVX3lxTE1rWlJuUFphMjlGR3kxR3U4bGhqYVZIMnlWNG4xMlFhbGhodTl4eUJmb3otdUEtT1VjWDFyOFpPQ2NEdFF2akwwSVg2UWhKaEljUDBSMGY4cE5yRWxxMGFBM1NobFlRZDBtLW0zVA?oc=5,,False,본문 수집 제한 개수를 초과했습니다.,False,,2026-09-13 09:05:50
국내,설비 투자,설비 투자,설비 투자,통신3사 설비투자 ‘감소’…AI 인프라로 투자축 이동 - 정보통신신문,https://news.google.com/rss/articles/CBMiaEFVX3lxTE9VZzJwaldZYzNBTmlEVTRYdDNDUGFxaU5rblZzM21ZU1phYmUtbGhZbkFZZGpDQmF1M0ZzTWJPekNmd29OUVgySGxsSVZ0YTUxcDhYNnlOTlVFd0ZCWWktZXpZSlB2WV9j0gFsQVVfeXFMTkp3X3dhSXNNM1FrTl9IR29NbDNMY2JlT2VkaEtrRmpYcS1Mem02OXpaa25VeVJJazZ2Y1BGNE1sRllFZDlwQVBGeHFUaExMc1lROFVzTGFTN3FxRklDWDhyV1VMWU1ZSUh1SF9n?oc=5,"Fri, 11 Sep 2026 05:00:00 GMT",정보통신신문,기계/산업재,https://news.google.com/rss/articles/CBMiaEFVX3lxTE9VZzJwaldZYzNBTmlEVTRYdDNDUGFxaU5rblZzM21ZU1phYmUtbGhZbkFZZGpDQmF1M0ZzTWJPekNmd29OUVgySGxsSVZ0YTUxcDhYNnlOTlVFd0ZCWWktZXpZSlB2WV9j0gFsQVVfeXFMTkp3X3dhSXNNM1FrTl9IR29NbDNMY2JlT2VkaEtrRmpYcS1Mem02OXpaa25VeVJJazZ2Y1BGNE1sRllFZDlwQVBGeHFUaExMc1lROFVzTGFTN3FxRklDWDhyV1VMWU1ZSUh1SF9n?oc=5,,False,본문 수집 제한 개수를 초과했습니다.,False,,2026-09-13 09:05:50
국내,중장비,중장비,중장비,"“지사가 중장비에 치였다” 조회수 폭발, 진실은 실종…AI가 뒤흔든 오키나와 선거 - 문화일보",https://news.google.com/rss/articles/CBMiUEFVX3lxTE9qVWRMQmM1S1lUVng2aXYtYUtkMkg3bHBKaGVzWUlLU09xVDlURndSTWVtLTY4ek51VE9QQVRGSFZMVzAxblZadnN0d05NX3FB?oc=5,"Fri, 11 Sep 2026 02:57:23 GMT",문화일보,기계/산업재,https://news.google.com/rss/articles/CBMiUEFVX3lxTE9qVWRMQmM1S1lUVng2aXYtYUtkMkg3bHBKaGVzWUlLU09xVDlURndSTWVtLTY4ek51VE9QQVRGSFZMVzAxblZadnN0d05NX3FB?oc=5,,False,본문 수집 제한 개수를 초과했습니다.,False,,2026-09-13 09:05:50
국내,설비 투자,설비 투자,설비 투자,"中CXMT, 상하이 신규 팹 설비투자 준비…韓 맹추격 - 지디넷코리아",https://news.google.com/rss/articles/CBMiVkFVX3lxTE0tLWpwbWM3Z1QyS1AxZ0I5V3NxTUdzMFoweXVRcW1jUldxRzVSVzJVNksyVlJvdHpuZDRPcEJCWmZNRzF3ZjZnM0VmRHl4VUdqZFFaMVlR?oc=5,"Fri, 11 Sep 2026 02:15:10 GMT",지디넷코리아,기계/산업재,https://news.google.com/rss/articles/CBMiVkFVX3lxTE0tLWpwbWM3Z1QyS1AxZ0I5V3NxTUdzMFoweXVRcW1jUldxRzVSVzJVNksyVlJvdHpuZDRPcEJCWmZNRzF3ZjZnM0VmRHl4VUdqZFFaMVlR?oc=5,,False,본문 수집 제한 개수를 초과했습니다.,False,,2026-09-13 09:05:50
국내,공장 자동화,공장 자동화,공장 자동화,1분에 1000병 선별…빈틈없는 하이트진로 강원공장 자동화 공정 [TF현장] - v.daum.net,https://news.google.com/rss/articles/CBMiT0FVX3lxTE5vcUNzTWhvRGZ3cmxOZGxPSERfUVZLNFc0VTlBQzdZd1JZcER6emZfZGJCMno2aEFLVEl4SmtoRE1WWjlRVUQxM2Z0ck8taTg?oc=5,"Fri, 11 Sep 2026 02:01:00 GMT",v.daum.net,기계/산업재,https://news.google.com/rss/articles/CBMiT0FVX3lxTE5vcUNzTWhvRGZ3cmxOZGxPSERfUVZLNFc0VTlBQzdZd1JZcER6emZfZGJCMno2aEFLVEl4SmtoRE1WWjlRVUQxM2Z0ck8taTg?oc=5,,False,본문 수집 제한 개수를 초과했습니다.,False,,2026-09-13 09:05:50
국내,기계,기계,기계,"[단독] HD건설기계, 美 660억 손배소서 승소…12년 공방 끝 보인다 - 데일리안",https://news.google.com/rss/articles/CBMi7gFBVV95cUxPUDhSTUNWWGZPVmF4ZlNzaGw5UlZfSDBELVQ3RkhtNzBMQWdoZlRPLXRpVjlLTC1mWTBTLUYtdlQ5YWJWcG56RTFzNVlFaXBkZ0liem4yZHc1NGdyTlZyUl84dEFRcXVSYmF4bExQSVlfaTNvSVRBUkVXQ09CbExsRWpmek0yRzc5aDNwUmtvdk9tVU1rd2dNeEY3UUR0MTVhd2RybnJCSnB3U2hIQjIxaS15TnBydl9sZXF2bXdwam45Vm9oOWFUbXVSbzFHS1NfTl9nSno4Sy0xUm5fNXBHLWJOdXY2TV9RSEh4bWxn?oc=5,"Fri, 11 Sep 2026 01:37:00 GMT",데일리안,기계/산업재,https://news.google.com/rss/articles/CBMi7gFBVV95cUxPUDhSTUNWWGZPVmF4ZlNzaGw5UlZfSDBELVQ3RkhtNzBMQWdoZlRPLXRpVjlLTC1mWTBTLUYtdlQ5YWJWcG56RTFzNVlFaXBkZ0liem4yZHc1NGdyTlZyUl84dEFRcXVSYmF4bExQSVlfaTNvSVRBUkVXQ09CbExsRWpmek0yRzc5aDNwUmtvdk9tVU1rd2dNeEY3UUR0MTVhd2RybnJCSnB3U2hIQjIxaS15TnBydl9sZXF2bXdwam45Vm9oOWFUbXVSbzFHS1NfTl9nSno4Sy0xUm5fNXBHLWJOdXY2TV9RSEh4bWxn?oc=5,,False,본문 수집 제한 개수를 초과했습니다.,False,,2026-09-13 09:05:50
국내,중장비,중장비,중장비,"포항·상주·김천서 중장비·차량 화재…시내버스 전소, 승객 3명 대피 - 뉴스1",https://news.google.com/rss/articles/CBMiX0FVX3lxTE5jbVpwNDgycDdjbjZ5WTVnQjZDMEVaSjJUTHJUeG14RHh1X1V0dm13UXNPXzFQQlJlNGdYdjZZdVFPbjQyYURITmdNaUIyVUVfVWNqRUJhWHcyTERFZXo00gFkQVVfeXFMTWZUN1JjNFVWNW1jWHppak1sZUdxd3Y1UmVLNmpoSjFsRTdUQ3VKb0VUcmJvQW9GX3RsWlFLbV94bG5wRERoZkNWUS1IWjRBMGtORnJhWTU2Sk1KVlhobGhKUmV1Vg?oc=5,"Thu, 10 Sep 2026 23:14:31 GMT",뉴스1,기계/산업재,https://news.google.com/rss/articles/CBMiX0FVX3lxTE5jbVpwNDgycDdjbjZ5WTVnQjZDMEVaSjJUTHJUeG14RHh1X1V0dm13UXNPXzFQQlJlNGdYdjZZdVFPbjQyYURITmdNaUIyVUVfVWNqRUJhWHcyTERFZXo00gFkQVVfeXFMTWZUN1JjNFVWNW1jWHppak1sZUdxd3Y1UmVLNmpoSjFsRTdUQ3VKb0VUcmJvQW9GX3RsWlFLbV94bG5wRERoZkNWUS1IWjRBMGtORnJhWTU2Sk1KVlhobGhKUmV1Vg?oc=5,,False,본문 수집 제한 개수를 초과했습니다.,False,,2026-09-13 09:05:50
국내,산업재,산업재,산업재,AI 추천이 산업재 매출 채널로 부상...분석 대상 브랜드 76%에서 구매 발생 - 지티티코리아,https://news.google.com/rss/articles/CBMiakFVX3lxTE5TQlF3MEtiRGxBa0tnLVZ6OWlmOUZUWXdoYlJuSldqcFlCNW1HRFprZXlqbWlKcjhHRVBmc1FWOUtEUUkyNzhhUzEzX3J2WVBCbERGM3M1WFYzM29DSEJmTjVXTF9CS3QxZVE?oc=5,"Thu, 10 Sep 2026 22:30:00 GMT",지티티코리아,기계/산업재,https://news.google.com/rss/articles/CBMiakFVX3lxTE5TQlF3MEtiRGxBa0tnLVZ6OWlmOUZUWXdoYlJuSldqcFlCNW1HRFprZXlqbWlKcjhHRVBmc1FWOUtEUUkyNzhhUzEzX3J2WVBCbERGM3M1WFYzM29DSEJmTjVXTF9CS3QxZVE?oc=5,,False,본문 수집 제한 개수를 초과했습니다.,False,,2026-09-13 09:05:50
국내,설비 투자,설비 투자,설비 투자,"현대중공업, 8,336억원 규모 발전용 엔진 설비 투자 - Investing.com 한국어",https://news.google.com/rss/articles/CBMicEFVX3lxTFBrdFBsT1RGSzh6bS1Nb3ZfdFc1aEdQQjJTMkxUWGRtZjJ6ZnlhakMyNk9oMU5wYkNqUFV4YzBhTVl4LUFjNnBDWU52SEljRm1rTmwxX1l5Z21iQ2JnUmFUZlc3dl9BUzJ6WWl6OUE2aTM?oc=5,"Thu, 10 Sep 2026 04:56:00 GMT",Investing.com 한국어,기계/산업재,https://news.google.com/rss/articles/CBMicEFVX3lxTFBrdFBsT1RGSzh6bS1Nb3ZfdFc1aEdQQjJTMkxUWGRtZjJ6ZnlhakMyNk9oMU5wYkNqUFV4YzBhTVl4LUFjNnBDWU52SEljRm1rTmwxX1l5Z21iQ2JnUmFUZlc3dl9BUzJ6WWl6OUE2aTM?oc=5,,False,본문 수집 제한 개수를 초과했습니다.,False,,2026-09-13 09:05:50
국내,산업재,산업재,산업재,"지식재산처, 한·프 정상회담 계기 프랑스 산업재산청과 MOU - v.daum.net",https://news.google.com/rss/articles/CBMiT0FVX3lxTE1jZXNtLWsyWXM2VFVjQzY3ZFhKbVJGbENvOVZ6Xzd1MERmdWdFZmtrTTM2bXFvMXcwVzVtZk9HUlhWYkNxLWpWNFRIVGRPVDQ?oc=5,"Wed, 09 Sep 2026 04:03:00 GMT",v.daum.net,기계/산업재,https://news.google.com/rss/articles/CBMiT0FVX3lxTE1jZXNtLWsyWXM2VFVjQzY3ZFhKbVJGbENvOVZ6Xzd1MERmdWdFZmtrTTM2bXFvMXcwVzVtZk9HUlhWYkNxLWpWNFRIVGRPVDQ?oc=5,,False,본문 수집 제한 개수를 초과했습니다.,False,,2026-09-13 09:05:50
국내,공장 자동화,공장 자동화,공장 자동화,자동화 높였더니 관리 더 복잡해졌다… 기아 PBV 공장의 변화 - 천지일보,https://news.google.com/rss/articles/CBMiakFVX3lxTE9scVhlaWxvb0N6Y1h2bkxUNURsbmhOUkE5dzJiR29CVEFSTVRWcWVEN1lDQy1abWc2UlA3dUZsemNpbEVHSU1VZTdBYlNORVBSYUdSY19XSUgxNEpMQ3RtVVduVkk1LXVsVUE?oc=5,"Wed, 09 Sep 2026 01:58:55 GMT",천지일보,기계/산업재,https://news.google.com/rss/articles/CBMiakFVX3lxTE9scVhlaWxvb0N6Y1h2bkxUNURsbmhOUkE5dzJiR29CVEFSTVRWcWVEN1lDQy1abWc2UlA3dUZsemNpbEVHSU1VZTdBYlNORVBSYUdSY19XSUgxNEpMQ3RtVVduVkk1LXVsVUE?oc=5,,False,본문 수집 제한 개수를 초과했습니다.,False,,2026-09-13 09:05:50
국내,중장비,중장비,중장비,"경기도의회 장민수 의원, 민간 중장비 동원 보상비의 안정적 편성 및 제도 개선 촉구 - 시사일보",https://news.google.com/rss/articles/CBMiTEFVX3lxTE8xN2xTczZmYjhKTFlCanR1ZFBWbVBRN053c2U5T2VIenY1SWhtTXdKdUt1RGVIR0tQRlpOanRhUzJkTFdYcVNRcERkaEI?oc=5,"Wed, 09 Sep 2026 00:52:00 GMT",시사일보,기계/산업재,https://news.google.com/rss/articles/CBMiTEFVX3lxTE8xN2xTczZmYjhKTFlCanR1ZFBWbVBRN053c2U5T2VIenY1SWhtTXdKdUt1RGVIR0tQRlpOanRhUzJkTFdYcVNRcERkaEI?oc=5,,False,본문 수집 제한 개수를 초과했습니다.,False,,2026-09-13 09:05:50
국내,설비 투자,설비 투자,설비 투자,[아스트라 효과] ①AGI 시대 코 앞? AI 설비투자 명분에 힘 보탤까 - newspim.com,https://news.google.com/rss/articles/CBMiXEFVX3lxTFBPRDJrVHJDVld5VTI5X1AxczhjY0JoRE9yMzNPLWcwZ1l6Z0lsSHNGWG5XdTY3MVNIakd1ZWpCVGE4Zy03RkJjOTNuYXVfLUlpdjQtWnFEdkdDQ0gy?oc=5,"Tue, 08 Sep 2026 22:39:00 GMT",newspim.com,기계/산업재,https://news.google.com/rss/articles/CBMiXEFVX3lxTFBPRDJrVHJDVld5VTI5X1AxczhjY0JoRE9yMzNPLWcwZ1l6Z0lsSHNGWG5XdTY3MVNIakd1ZWpCVGE4Zy03RkJjOTNuYXVfLUlpdjQtWnFEdkdDQ0gy?oc=5,,False,본문 수집 제한 개수를 초과했습니다.,False,,2026-09-13 09:05:50
국내,설비 투자,설비 투자,설비 투자,"[대체불가 조달지도④ 설비투자 마중물형] 앵커기업 지방 투자 유인, 협력 조달기업 몰려든다 - 조달경제신문",https://news.google.com/rss/articles/CBMibkFVX3lxTFBRSW9BRjhGZjRkWDZGNjNOQlE4cHdrRllQQkdZcVExOG1iMHVlNWFUWWdfWWxid01rYzVHMktPblduYkFhUG5OQzNZRXM2ZE45Vk9fMHhXYzZiblM3OVpwbEhrVFhHdEYwU2JHR0V3?oc=5,"Tue, 08 Sep 2026 22:00:00 GMT",조달경제신문,기계/산업재,https://news.google.com/rss/articles/CBMibkFVX3lxTFBRSW9BRjhGZjRkWDZGNjNOQlE4cHdrRllQQkdZcVExOG1iMHVlNWFUWWdfWWxid01rYzVHMktPblduYkFhUG5OQzNZRXM2ZE45Vk9fMHhXYzZiblM3OVpwbEhrVFhHdEYwU2JHR0V3?oc=5,,False,본문 수집 제한 개수를 초과했습니다.,False,,2026-09-13 09:05:50
국내,산업재,산업재,산업재,[미국 특징주] 산업재 종목 랠리 끝났나…AI 훈풍 꺼지고 유가는 상승 - newspim.com,https://news.google.com/rss/articles/CBMiXEFVX3lxTE8yWW9BN1hKM3o4dFExMy14Z3ZOd0JuRlVDQzhqNktOeVBLZE9TMjh0N3RoRmtLUVJSZ0RrU1FRMlRval9ESXpvOERNMEk2ai01blRwRmJYOWVyLWJZ?oc=5,"Tue, 08 Sep 2026 16:17:00 GMT",newspim.com,기계/산업재,https://news.google.com/rss/articles/CBMiXEFVX3lxTE8yWW9BN1hKM3o4dFExMy14Z3ZOd0JuRlVDQzhqNktOeVBLZE9TMjh0N3RoRmtLUVJSZ0RrU1FRMlRval9ESXpvOERNMEk2ai01blRwRmJYOWVyLWJZ?oc=5,,False,본문 수집 제한 개수를 초과했습니다.,False,,2026-09-13 09:05:50
국내,공장 자동화,공장 자동화,공장 자동화,"[AW 베트남 2026] 플래닝고, 복잡한 주문형 제조 견적 3D·AI로 자동화한다 - 헬로티",https://news.google.com/rss/articles/CBMiX0FVX3lxTE5jbmxialhHZFhNVFVMdkd2NGNoSVA0Q0xJeHl4S2Y5N0x0STZVUXh5OUlqekdqQlBkUEpwWERTT3lqWVNKdzBZQmVzMnZqVFNMYnN2UENBYVpYZXlCdWxZ?oc=5,"Tue, 08 Sep 2026 11:21:05 GMT",헬로티,기계/산업재,https://news.google.com/rss/articles/CBMiX0FVX3lxTE5jbmxialhHZFhNVFVMdkd2NGNoSVA0Q0xJeHl4S2Y5N0x0STZVUXh5OUlqekdqQlBkUEpwWERTT3lqWVNKdzBZQmVzMnZqVFNMYnN2UENBYVpYZXlCdWxZ?oc=5,,False,본문 수집 제한 개수를 초과했습니다.,False,,2026-09-13 09:05:50
국내,중장비,중장비,중장비,"대구제대군인지원센터, 제대군인 중장비 취업 돕는다 - kyongbuk.co.kr",https://news.google.com/rss/articles/CBMib0FVX3lxTE9Da09KdTB6aEVleFBndXpUYXJpQXY4Wk5mUVNobTVQT0lSUWNpZUc4OFJzbFZ4MC1BY2ppWUZ0Qm5QWUt3clNKdlJwemU3akpSWENfYk1YOFExV1NPTUx2MHRiRWVFeGc2dXlZMXBDaw?oc=5,"Tue, 08 Sep 2026 08:30:51 GMT",kyongbuk.co.kr,기계/산업재,https://news.google.com/rss/articles/CBMib0FVX3lxTE9Da09KdTB6aEVleFBndXpUYXJpQXY4Wk5mUVNobTVQT0lSUWNpZUc4OFJzbFZ4MC1BY2ppWUZ0Qm5QWUt3clNKdlJwemU3akpSWENfYk1YOFExV1NPTUx2MHRiRWVFeGc2dXlZMXBDaw?oc=5,,False,본문 수집 제한 개수를 초과했습니다.,False,,2026-09-13 09:05:50
국내,중장비,중장비,중장비,밭에 거름 운반하던 60대 남성...중장비 끼여 숨져 - KBC광주방송,https://news.google.com/rss/articles/CBMiYkFVX3lxTE1ucWdpd2RCb1dIcUhndFJ6cWFmT0xFOV9HLUZPT1I3blU0aThNQzlKUWZRUkM3SkpwV1ltcVFYZ19GQ3JJTXZGanYzSjVHZG0zUnZJWTZKUFNxRFhCaDlGODh3?oc=5,"Tue, 08 Sep 2026 02:03:21 GMT",KBC광주방송,기계/산업재,https://news.google.com/rss/articles/CBMiYkFVX3lxTE1ucWdpd2RCb1dIcUhndFJ6cWFmT0xFOV9HLUZPT1I3blU0aThNQzlKUWZRUkM3SkpwV1ltcVFYZ19GQ3JJTXZGanYzSjVHZG0zUnZJWTZKUFNxRFhCaDlGODh3?oc=5,,False,본문 수집 제한 개수를 초과했습니다.,False,,2026-09-13 09:05:50
국내,공장 자동화,공장 자동화,공장 자동화,"KT·KAIST, 피지컬 AI로 자동화 공장 만든다 - 조선일보",https://news.google.com/rss/articles/CBMigwFBVV95cUxQUjJrM0liWE0wNjJQa3o5MjJyMjRyaG1WMWVRWjVaRkFDYUtGR2lTajZsRVZYZV9BcDJrRHQ1YURGM2JiczN5aTRTSmNjRmVmYWdsX3RJWFRBTUtyNDNHb1RZaEdVRmMzbWlkNzBKczVObXlIcWN4Y2dlWUYzVmpEVHlvYw?oc=5,"Tue, 08 Sep 2026 01:45:43 GMT",조선일보,기계/산업재,https://news.google.com/rss/articles/CBMigwFBVV95cUxQUjJrM0liWE0wNjJQa3o5MjJyMjRyaG1WMWVRWjVaRkFDYUtGR2lTajZsRVZYZV9BcDJrRHQ1YURGM2JiczN5aTRTSmNjRmVmYWdsX3RJWFRBTUtyNDNHb1RZaEdVRmMzbWlkNzBKczVObXlIcWN4Y2dlWUYzVmpEVHlvYw?oc=5,,False,본문 수집 제한 개수를 초과했습니다.,False,,2026-09-13 09:05:50
국내,산업재,산업재,산업재,"정부, K뷰티 넘어 패션·푸드로…산업재까지 中企 수출 키운다 - 연합뉴스",https://news.google.com/rss/articles/CBMiW0FVX3lxTFBvbllpam42bkFDaW52aDM0MmpIT0lUSUc3U1JMQjNRRjdJZVRQVnpMMnBqeWlmaGZWcVVvdUhNbDhGdTNUMFcwZzBJNDJEc2JTR1J2aXhqMnhDelnSAWBBVV95cUxOQmFYX3dNbE1jbGtRRGlTdnhwMDI3N2FDUGR5LXR4d3d4c0lUVFBGRFljb2lIa0liYlVlaHIwd21iaTRqb2F6dnBlUWNDWGVxVlM1TlFHbmt0UXowVThKc1I?oc=5,"Thu, 03 Sep 2026 03:00:04 GMT",연합뉴스,기계/산업재,https://news.google.com/rss/articles/CBMiW0FVX3lxTFBvbllpam42bkFDaW52aDM0MmpIT0lUSUc3U1JMQjNRRjdJZVRQVnpMMnBqeWlmaGZWcVVvdUhNbDhGdTNUMFcwZzBJNDJEc2JTR1J2aXhqMnhDelnSAWBBVV95cUxOQmFYX3dNbE1jbGtRRGlTdnhwMDI3N2FDUGR5LXR4d3d4c0lUVFBGRFljb2lIa0liYlVlaHIwd21iaTRqb2F6dnBlUWNDWGVxVlM1TlFHbmt0UXowVThKc1I?oc=5,,False,본문 수집 제한 개수를 초과했습니다.,False,,2026-09-13 09:05:50
국내,공장 자동화,공장 자동화,공장 자동화,"노란봉투법의 역설…""공장 자동화 가속화로 일자리 22만개 사라진다"" - 한국경제",https://news.google.com/rss/articles/CBMiWkFVX3lxTFBld3ViUElrRmg0cDhtWC0xLW9CRy0yVVo5cUMzNzJIYnc3ZERUSGY0ZlVxemhTZHUta3lYZ1gtOTJreW5Gb1B4aVluNzJkZ0FDbHV4WXRTUklFZw?oc=5,"Sun, 30 Aug 2026 07:00:00 GMT",한국경제,기계/산업재,https://news.google.com/rss/articles/CBMiWkFVX3lxTFBld3ViUElrRmg0cDhtWC0xLW9CRy0yVVo5cUMzNzJIYnc3ZERUSGY0ZlVxemhTZHUta3lYZ1gtOTJreW5Gb1B4aVluNzJkZ0FDbHV4WXRTUklFZw?oc=5,,False,본문 수집 제한 개수를 초과했습니다.,False,,2026-09-13 09:05:50
미국,산업재,산업재,산업재 stock market earnings investment,6 Best Defense ETFs for 2026 and How to Invest - The Motley Fool,https://news.google.com/rss/articles/CBMilAFBVV95cUxQVXgyNnZQWW0yZkVVckFpTG1OcEV5Y1k0bVE2UHk5Z3pJU1Z0S1BNVXNfMlpIdEgtSU1JUHVGdWY2QmpJeGJ3SjFaazFkUHFaVVI2WmVhYmFjNTJXZHNydUJwZXZKNUthU181a2pFSHR4Ym5QOWV4UWpHNGhxME9MMFdabnNWSkNWa2NFQW9wdERhb2x4?oc=5,"Sun, 06 Sep 2026 18:44:00 GMT",The Motley Fool,기계/산업재,https://www.fool.com/investing/stock-market/market-sectors/industrials/defense-stocks/etf/,www.fool.com,True,,True,,2026-09-13 09:05:50
미국,기계,기계,기계 stock market earnings investment,Meta’s $60 Billion AI Machine Could Dethrone Google Search by Year-End - 24/7 Wall St.,https://news.google.com/rss/articles/CBMisgFBVV95cUxPLW53UG1CbUs4cHBhMFd4eFh0SS12RVE1MnloaUJtNU5NRDFGdktKSHdQeFIyR1o5MDV5R255eHVVWkdlRDA3VUVPOGxBMElJZzVxb2J2MW9hQVA4a1NYeURENWhRT3FIQVZnRnZ0akhwWGVHZGZnM0hfczczVElLS0Q0ODRGVEIwUXJiNERSYUVjMmdCLUkwa19TSVE0cXNCNERkdkdlRHpXUDEtb2ttYV93?oc=5,"Mon, 31 Aug 2026 07:00:00 GMT",24/7 Wall St.,기계/산업재,https://247wallst.com/investing/2026/08/31/metas-60-billion-ai-machine-could-dethrone-google-search-by-year-end/,247wallst.com,True,,True,,2026-09-13 09:05:50
미국,설비 투자,설비 투자,설비 투자 stock market earnings investment,Google increases capex forecast again after cloud-driven quarterly beat By Reuters - Investing.com,https://news.google.com/rss/articles/CBMiswFBVV95cUxOQXR1emdNN1hYdDhIU2N3eXF2NVFtdXFhcEpIRW9HS0hXRzhucUZSdFFEaTMzclR5c2lxTTJVaVFXbkJQTVVrTWFyazlOOEx4TldYc1NJaU1WTWtQYmNHQ1N2ajhsaXc5NXFCQ3k0R2JCU3UwV0d0Tko1enhfc3QxbnBzOVlCYjFCaWZSVlhmQmtCd2IzanRfdE9QR1BvLURqODhUZHBaaHk5cFlidVBteUMzdw?oc=5,"Wed, 22 Jul 2026 07:00:00 GMT",Investing.com,기계/산업재,https://news.google.com/rss/articles/CBMiswFBVV95cUxOQXR1emdNN1hYdDhIU2N3eXF2NVFtdXFhcEpIRW9HS0hXRzhucUZSdFFEaTMzclR5c2lxTTJVaVFXbkJQTVVrTWFyazlOOEx4TldYc1NJaU1WTWtQYmNHQ1N2ajhsaXc5NXFCQ3k0R2JCU3UwV0d0Tko1enhfc3QxbnBzOVlCYjFCaWZSVlhmQmtCd2IzanRfdE9QR1BvLURqODhUZHBaaHk5cFlidVBteUMzdw?oc=5,,False,403 Client Error: Forbidden for url: https://www.investing.com/news/stock-market-news/google-quarterly-cloud-revenue-growth-beats-expectations-4806844,True,,2026-09-13 09:05:50
미국,설비 투자,설비 투자,설비 투자 stock market earnings investment,"Marvell Drops 8% as AI Capex Slowdown Fears Weigh on Chips; Broadcom, AMD, and Intel Slide - 24/7 Wall St.",https://news.google.com/rss/articles/CBMiygFBVV95cUxPWXQ1azRhRXU2WGEtTjBNbG5ZMDIyN1JkdWhTdmhfWTJ4aENuUkpWREdOelZCTllxdUxNS2V1MzlaSUVwTmJRSy1VTWxyWF9kOWQyTXFzZ0tmSWgxTkZqTFdQXzI1cEJuelJzNl9xTzVIM05odjdmUmpDSGZrMlBLWHBGcFdLZ2ZPQ3RpOGczZVlRRHVyZlljRnJ5ZlhKc0ZqTjFSeTRzbVlVYTFpenlxc0VhQW1EUExyMnlqd2pMR3pLazc2MnRnN1RB?oc=5,"Thu, 16 Jul 2026 07:00:00 GMT",24/7 Wall St.,기계/산업재,https://247wallst.com/investing/2026/07/16/marvell-drops-8-as-ai-capex-slowdown-fears-weigh-on-chips-broadcom-amd-and-intel-slide/,247wallst.com,True,,True,,2026-09-13 09:05:50
미국,설비 투자,설비 투자,설비 투자 stock market earnings investment,Unprecedented AI CapEx Risks Toppling the Entire Stock Market. It Could Also Send the IGV ETF and Its Holdings to Record Highs. - Yahoo Finance,https://news.google.com/rss/articles/CBMipAFBVV95cUxPNnhqOGppSnh2cmxRdThDUzByOXc0WDBVWExYcWxVbUZtSXJwVUtTZTlRdEI1MFQ5VTJmVlI1dGhNU2t1U2lxVWNIZXBBek5oLUcxdm93MUsyeUV0N0E2aUhpQUR5Zkx4bFFtWWtHN29GLTdqVHE0azhPYXZubDRZTGNoTmNta1pVNWcxTzBPOFI1eF95Ni1aaUlWdjV1NTZ4T29VSw?oc=5,"Sat, 04 Jul 2026 07:00:00 GMT",Yahoo Finance,기계/산업재,https://news.google.com/rss/articles/CBMipAFBVV95cUxPNnhqOGppSnh2cmxRdThDUzByOXc0WDBVWExYcWxVbUZtSXJwVUtTZTlRdEI1MFQ5VTJmVlI1dGhNU2t1U2lxVWNIZXBBek5oLUcxdm93MUsyeUV0N0E2aUhpQUR5Zkx4bFFtWWtHN29GLTdqVHE0azhPYXZubDRZTGNoTmNta1pVNWcxTzBPOFI1eF95Ni1aaUlWdjV1NTZ4T29VSw?oc=5,,False,본문 수집 제한 개수를 초과했습니다.,False,,2026-09-13 09:05:50
미국,기계,기계,기계 stock market earnings investment,SK Hynix Nasdaq Listing: Will the Memory Chip Giant Trigger a Price War? - Barron's,https://news.google.com/rss/articles/CBMigAFBVV95cUxOUXlBQzUyNXRLVElCTmNaSUo3MkhXVnYtTnJyemhCbnk5RnFPQjRBcklIendFWGFjYjZmN0JXSE9MYjROZkwyZ1lDbXVIeXpESkotT0dKd1h2bVJkdGVVanUzTGpIYXpQRGZHYWFYb0tOWTQzSmc2WnZoTUZZeUFaNA?oc=5,"Wed, 24 Jun 2026 07:00:00 GMT",Barron's,기계/산업재,https://news.google.com/rss/articles/CBMigAFBVV95cUxOUXlBQzUyNXRLVElCTmNaSUo3MkhXVnYtTnJyemhCbnk5RnFPQjRBcklIendFWGFjYjZmN0JXSE9MYjROZkwyZ1lDbXVIeXpESkotT0dKd1h2bVJkdGVVanUzTGpIYXpQRGZHYWFYb0tOWTQzSmc2WnZoTUZZeUFaNA?oc=5,,False,본문 수집 제한 개수를 초과했습니다.,False,,2026-09-13 09:05:50
미국,설비 투자,설비 투자,설비 투자 stock market earnings investment,AI Chip Stocks Volatility June 2026: $1.4T Crash & Recovery Analysis - Intellectia AI,https://news.google.com/rss/articles/CBMicEFVX3lxTE12eEkzN1dON0M2WlJEbEwzQkhoaGVaU3U5LUlaem5XSDk4Q09UZlVIYjBjaW9QUnBSZW1kTUsta1RtckYzcGxYVlAyN0JWUDZkTUEyTFdHcmJROWpFSEFrWXZvQnl1RDBlT3ZYVHRkS1Q?oc=5,"Sun, 14 Jun 2026 07:00:00 GMT",Intellectia AI,기계/산업재,https://news.google.com/rss/articles/CBMicEFVX3lxTE12eEkzN1dON0M2WlJEbEwzQkhoaGVaU3U5LUlaem5XSDk4Q09UZlVIYjBjaW9QUnBSZW1kTUsta1RtckYzcGxYVlAyN0JWUDZkTUEyTFdHcmJROWpFSEFrWXZvQnl1RDBlT3ZYVHRkS1Q?oc=5,,False,본문 수집 제한 개수를 초과했습니다.,False,,2026-09-13 09:05:50
미국,기계,기계,기계 stock market earnings investment,Comfort Systems' Electrical Surge: Can 88% Rise Redefine Segment Mix? - The Globe and Mail,https://news.google.com/rss/articles/CBMi4wFBVV95cUxQcTVzSThtNlNSTHpBdzEtQlZPblZib2h4dWZjY3BDRjVTczF6NDJXZzRfeWIyOTJNUXBPTWNxaWhwSXFZdWdnMnRUb0xvWFVKY21wN0dnRlFsWkJpcDBGb09IUV9aZENOWkszVG5aeWdWMVp3STZvS2hQVFZwSGlnUWl5TUVVUmRITF9leVVnRDU4MjZXQ29mX2xyUHNHZmk3bFFqUDFVZzQ0enRZY1JSTVBnanRwMlRja3RIQmFVVlRWSmVMZDdTSnFmUTdhb1dBbk91UmpGS1ppbFNtZTMzQU1nVQ?oc=5,"Tue, 09 Jun 2026 07:00:00 GMT",The Globe and Mail,기계/산업재,https://news.google.com/rss/articles/CBMi4wFBVV95cUxQcTVzSThtNlNSTHpBdzEtQlZPblZib2h4dWZjY3BDRjVTczF6NDJXZzRfeWIyOTJNUXBPTWNxaWhwSXFZdWdnMnRUb0xvWFVKY21wN0dnRlFsWkJpcDBGb09IUV9aZENOWkszVG5aeWdWMVp3STZvS2hQVFZwSGlnUWl5TUVVUmRITF9leVVnRDU4MjZXQ29mX2xyUHNHZmk3bFFqUDFVZzQ0enRZY1JSTVBnanRwMlRja3RIQmFVVlRWSmVMZDdTSnFmUTdhb1dBbk91UmpGS1ppbFNtZTMzQU1nVQ?oc=5,,False,본문 수집 제한 개수를 초과했습니다.,False,,2026-09-13 09:05:50
미국,설비 투자,설비 투자,설비 투자 stock market earnings investment,Micron Stock Hit an All-Time High of $818. What Comes Next for MU? - TIKR.com,https://news.google.com/rss/articles/CBMikwFBVV95cUxOUGlGRGxTSmxJZGRvcE5ZM1VuMW91UHY4QnRtelVXTFFwUTQ1ZXFtWk5WdG5yX0xRczQ0RVBxazJQc3VNRko5bzZNVk9Kb3dCUktPNHZOWTg0S3ZENFJPMzNrNWhnU1hQZEJSeWh2OWpMQkpLTm1ROUUtRVZSWVlzbjZ6RkRzNm9HbnRaQXItZWFOZW8?oc=5,"Sat, 16 May 2026 07:00:00 GMT",TIKR.com,기계/산업재,https://news.google.com/rss/articles/CBMikwFBVV95cUxOUGlGRGxTSmxJZGRvcE5ZM1VuMW91UHY4QnRtelVXTFFwUTQ1ZXFtWk5WdG5yX0xRczQ0RVBxazJQc3VNRko5bzZNVk9Kb3dCUktPNHZOWTg0S3ZENFJPMzNrNWhnU1hQZEJSeWh2OWpMQkpLTm1ROUUtRVZSWVlzbjZ6RkRzNm9HbnRaQXItZWFOZW8?oc=5,,False,본문 수집 제한 개수를 초과했습니다.,False,,2026-09-13 09:05:50
미국,기계,기계,기계 stock market earnings investment,Q1 financial results - Volvo Construction Equipment,https://news.google.com/rss/articles/CBMitwFBVV95cUxQTkJMZENrdnJEN1NCcV9QLXJheUZMNlp1RXMwdE1oR0VnbVdYT0FrY2VOZlVLMVAxOFY3WUd6dFhwQU9iU09IdlhMNTN5RTBraW1aN1lvTjE1RDkwWFB2Nml5cEFTcHY1enNZaTdwWG40SVZUTm9OS0xuRUNuclk3SkM3Y3hmYlBaVzhpMUxQUm93cVdEZ3owREV4SVItQnVSRDVpWkhOdVduNlhzalplMDFaMGE5VVk?oc=5,"Fri, 24 Apr 2026 07:00:00 GMT",Volvo Construction Equipment,기계/산업재,https://news.google.com/rss/articles/CBMitwFBVV95cUxQTkJMZENrdnJEN1NCcV9QLXJheUZMNlp1RXMwdE1oR0VnbVdYT0FrY2VOZlVLMVAxOFY3WUd6dFhwQU9iU09IdlhMNTN5RTBraW1aN1lvTjE1RDkwWFB2Nml5cEFTcHY1enNZaTdwWG40SVZUTm9OS0xuRUNuclk3SkM3Y3hmYlBaVzhpMUxQUm93cVdEZ3owREV4SVItQnVSRDVpWkhOdVduNlhzalplMDFaMGE5VVk?oc=5,,False,본문 수집 제한 개수를 초과했습니다.,False,,2026-09-13 09:05:50
미국,기계,기계,기계 stock market earnings investment,ASML hits record high on AI boost — and analysts see plenty of room to run - CNBC,https://news.google.com/rss/articles/CBMifkFVX3lxTE4wSTBjYWItOEZSczhoMWlEQ1FYbVZDanNnbHhkaFRvUV9iRjVoY0M0Sl9pMHM5eUdYX1Q4WHBGR0pBMmVlNGJETWxQWjNzVzZtd0NOamZtU0VrVUtYcVNUV01GN1p0aVRJYVhWekhiZGdvN1BkSGtsV2tqNThhd9IBgwFBVV95cUxNaU9HYmxPVkM0Y3VRWGhMbVUtVHNRQk0zTzh2SkRJajJ6cVhVT1Zzc2tYNHF3UlRrb0dONU83SFp0cEFVNnMxRnpYSDRNQUVjS0N2QWpvdy04d1B2WG9PS21RNS1FdzBWSk5vNWtfVmtoZWZFc05xOVRFRFdWWDlsSzZIVQ?oc=5,"Fri, 16 Jan 2026 08:00:00 GMT",CNBC,기계/산업재,https://news.google.com/rss/articles/CBMifkFVX3lxTE4wSTBjYWItOEZSczhoMWlEQ1FYbVZDanNnbHhkaFRvUV9iRjVoY0M0Sl9pMHM5eUdYX1Q4WHBGR0pBMmVlNGJETWxQWjNzVzZtd0NOamZtU0VrVUtYcVNUV01GN1p0aVRJYVhWekhiZGdvN1BkSGtsV2tqNThhd9IBgwFBVV95cUxNaU9HYmxPVkM0Y3VRWGhMbVUtVHNRQk0zTzh2SkRJajJ6cVhVT1Zzc2tYNHF3UlRrb0dONU83SFp0cEFVNnMxRnpYSDRNQUVjS0N2QWpvdy04d1B2WG9PS21RNS1FdzBWSk5vNWtfVmtoZWZFc05xOVRFRFdWWDlsSzZIVQ?oc=5,,False,본문 수집 제한 개수를 초과했습니다.,False,,2026-09-13 09:05:50
미국,산업재,산업재,산업재 stock market earnings investment,Investing in the Industrial Goods Sector: A Comprehensive Guide - Investopedia,https://news.google.com/rss/articles/CBMickFVX3lxTE1IV1gxRjZXTExwQkVOdkpLRmQ2eUJBR0xfcW95MWFuTWhkZjV4T1dScGNoTURIaVEtbGZsQlctSFRnNjdRall0RGs0RmpoTHAyZHJrcmktcTMxeEFJVTIwMUw1QTF2dDV5aFhOMzZlLXVKUQ?oc=5,"Sat, 25 Mar 2017 23:36:14 GMT",Investopedia,기계/산업재,https://news.google.com/rss/articles/CBMickFVX3lxTE1IV1gxRjZXTExwQkVOdkpLRmQ2eUJBR0xfcW95MWFuTWhkZjV4T1dScGNoTURIaVEtbGZsQlctSFRnNjdRall0RGs0RmpoTHAyZHJrcmktcTMxeEFJVTIwMUw1QTF2dDV5aFhOMzZlLXVKUQ?oc=5,,False,본문 수집 제한 개수를 초과했습니다.,False,,2026-09-13 09:05:50
일본,설비 투자,설비 투자,설비 투자 日本 株式市場 企業,韓国株式市場の主役が交代 電力インフラETF、1カ月で利回り50％超 - BigGo ファイナンス,https://news.google.com/rss/articles/CBMiX0FVX3lxTE9QVnl4NGJfbE9NNTlob042SGtPb1pCNldlNWlGMDluWXV2aHhCX2ZoMXhEMG9tbG9rUGN1Qmt1bzhKUHcyQVpIMGhmREgwNkNLTy02X1Z6WHhZZlJCN3ln?oc=5,"Wed, 29 Apr 2026 07:00:00 GMT",BigGo ファイナンス,기계/산업재,https://finance.biggo.jp/news/FJXy2J0BYH_ypPqOFLtW,finance.biggo.jp,True,,True,,2026-09-13 09:05:50
국내,관광객,관광객,관광객,안동시 공무원은 ‘지방외교관’…‘안동국제탈춤축제’ 찾는 외국인 관광객 문화 소개에 통역까지 - 문화일보,https://news.google.com/rss/articles/CBMiUEFVX3lxTE90RmJ2SHpxSDhSRU9GZVl2ZVMxZzdUR3VVOTlPOU9rYnpfQS1uWlFlUUxWdzBCNXZoRm1mdkFCYVc4dU1yNGdtdzVkSEVvbjFf?oc=5,"Sat, 12 Sep 2026 23:39:48 GMT",문화일보,레저/카지노,https://www.munhwa.com/article/11616535,www.munhwa.com,True,,True,,2026-09-13 09:06:20
국내,관광객,관광객,관광객,"남양주시, 가을 관광객 잡는다…‘모바일 스탬프투어’ 14일부터 운영 - 브릿지경제",https://news.google.com/rss/articles/CBMiWkFVX3lxTE1Yb2tvRWRmN21uUHAzVEFGdm4wNUh2YVl1UFVVOVAtZTBSRkVocDRUTHdyY1lBZjJqRzhjalBrRHhwMlVPdnpyR29mUW9Zbk9iY0ZZS01idjdpUQ?oc=5,"Sat, 12 Sep 2026 23:35:00 GMT",브릿지경제,레저/카지노,https://www.viva100.com/article/20260913500037,www.viva100.com,True,,True,,2026-09-13 09:06:20
국내,관광객,관광객,관광객,"""APEC 열기 계속된다""…경주엑스포대공원 관광객·수익 '껑충' - 뉴스1",https://news.google.com/rss/articles/CBMiX0FVX3lxTE5Ed2dPUkk0SV9rSFMweUpmYnBwbHZnRDQxZjZyOXUwbDZ6QVRWTFlsX0ZlQXZvUlgwVy1NMmY2YTd6Qi1reDBDckg5Skktd1Vsc1p6WXB4LThnLVZ2SGFF0gFkQVVfeXFMTzYyVWtidmRzb1FaTTdfNjlQU2MtVk9ORWdZMko2TVdiSVR3TEt2QjRRTmpycnZmT2w1SzRIR1RiY24yQTJJVTNfV1NYZVZFV3NKNW9BVFNkMlhZdWpaSlJvbTBLZw?oc=5,"Sat, 12 Sep 2026 23:28:07 GMT",뉴스1,레저/카지노,https://news.google.com/rss/articles/CBMiX0FVX3lxTE5Ed2dPUkk0SV9rSFMweUpmYnBwbHZnRDQxZjZyOXUwbDZ6QVRWTFlsX0ZlQXZvUlgwVy1NMmY2YTd6Qi1reDBDckg5Skktd1Vsc1p6WXB4LThnLVZ2SGFF0gFkQVVfeXFMTzYyVWtidmRzb1FaTTdfNjlQU2MtVk9ORWdZMko2TVdiSVR3TEt2QjRRTmpycnZmT2w1SzRIR1RiY24yQTJJVTNfV1NYZVZFV3NKNW9BVFNkMlhZdWpaSlJvbTBLZw?oc=5,,False,403 Client Error: Forbidden for url: https://www.news1.kr/local/daegu-gyeongbuk/6288580,True,,2026-09-13 09:06:20
국내,레저,레저,레저,"하이원리조트, 이색 레저·문화행사 잇따라 유치 - 한국경제",https://news.google.com/rss/articles/CBMiWkFVX3lxTE1ISmE5YVlDckJ3QWNFdko5ZnR0aC01OTA0RVo2dHRqMnJjN3JVZjJiZVBndFpCRWtSSm92R19TZ3lRQUU0STJsZlU1amNhRkpZcEJ1WW5lMVZrQQ?oc=5,"Sat, 12 Sep 2026 22:30:42 GMT",한국경제,레저/카지노,https://www.hankyung.com/article/202609130660P,www.hankyung.com,False,본문을 추출하지 못했습니다.,True,,2026-09-13 09:06:20
국내,호텔,호텔,호텔,"술 없이도 3만원…특급호텔, 논알코올 칵테일에 공들이는 이유 - v.daum.net",https://news.google.com/rss/articles/CBMiT0FVX3lxTE9yem03SXZZVl9OTFpiWll3VXE3UVlTb2s0Nlh6ZEFwZ3A2UVdOSEVKQjJzWlU2eS1KWUQyd0JmUHdsNHl2Qmh3LXE0WTVpSlk?oc=5,"Sat, 12 Sep 2026 22:22:45 GMT",v.daum.net,레저/카지노,https://news.google.com/rss/articles/CBMiT0FVX3lxTE9yem03SXZZVl9OTFpiWll3VXE3UVlTb2s0Nlh6ZEFwZ3A2UVdOSEVKQjJzWlU2eS1KWUQyd0JmUHdsNHl2Qmh3LXE0WTVpSlk?oc=5,,False,본문 수집 제한 개수를 초과했습니다.,False,,2026-09-13 09:06:20
국내,호텔,호텔,호텔,[빈집의 재탄생] 사람 떠난 빈집이 호텔로…경주 옛 도심에 다시 사람이 온다 - v.daum.net,https://news.google.com/rss/articles/CBMiT0FVX3lxTE1lZVhyZXExN2tQVTZKcTh0QzJRTWdPSkZ6Y1haaWROWGRKMnhTMGg3YWd6bU9TcmN6YzMxX04yTU5aSjFXNjQ4dnBnVnY5NmM?oc=5,"Sat, 12 Sep 2026 21:47:00 GMT",v.daum.net,레저/카지노,https://news.google.com/rss/articles/CBMiT0FVX3lxTE1lZVhyZXExN2tQVTZKcTh0QzJRTWdPSkZ6Y1haaWROWGRKMnhTMGg3YWd6bU9TcmN6YzMxX04yTU5aSjFXNjQ4dnBnVnY5NmM?oc=5,,False,본문 수집 제한 개수를 초과했습니다.,False,,2026-09-13 09:06:20
국내,호텔,호텔,호텔,단풍 보러 호텔 간다…가을 풍경까지 ‘패키지’로 판다 - v.daum.net,https://news.google.com/rss/articles/CBMiT0FVX3lxTFBpMnE4YXU0QnprMGRkdUZWN0VCdE0zWnFKYWFQbjdER2lMWVc5TEdfUHAwTFBwU2E1TVRGVGJhSklsbmdobWFyX21HdlY1MlU?oc=5,"Sat, 12 Sep 2026 21:33:00 GMT",v.daum.net,레저/카지노,https://news.google.com/rss/articles/CBMiT0FVX3lxTFBpMnE4YXU0QnprMGRkdUZWN0VCdE0zWnFKYWFQbjdER2lMWVc5TEdfUHAwTFBwU2E1TVRGVGJhSklsbmdobWFyX21HdlY1MlU?oc=5,,False,본문 수집 제한 개수를 초과했습니다.,False,,2026-09-13 09:06:20
국내,관광객,관광객,관광객,대만·중국·일본서 몰려왔다…‘의료관광 성지’ 등극한 이곳 - 중앙일보,https://news.google.com/rss/articles/CBMiVkFVX3lxTFBudEFxZF9rTFl0Z20yU21FQlJEa3BKa1lHMG9LUmVYLUpaSDlEVjU3aC0xSW1aSURnX0NlUDBNZjJTRWpPLXFKWGNnNnZPZnlDSlFPUEdB?oc=5,"Sat, 12 Sep 2026 20:00:00 GMT",중앙일보,레저/카지노,https://news.google.com/rss/articles/CBMiVkFVX3lxTFBudEFxZF9rTFl0Z20yU21FQlJEa3BKa1lHMG9LUmVYLUpaSDlEVjU3aC0xSW1aSURnX0NlUDBNZjJTRWpPLXFKWGNnNnZPZnlDSlFPUEdB?oc=5,,False,본문 수집 제한 개수를 초과했습니다.,False,,2026-09-13 09:06:20
국내,카지노,카지노,카지노,장식 요소와 조작 요소를 구분하며 보는 싱가폴 센토사 카지노 포커 - Calgary Roughnecks,https://news.google.com/rss/articles/CBMivAFBVV95cUxOLUxKSUplaWdPN25wZGxTT3BPLWFOSWVlMW9kbFZtRHJNWmhVU0pQTnViRjNhQkdfcmU4Rm12ZG14XzN0QVpjRmR0MWt0amZJc2hJOENiMjAyMVlRVzBTTW1HbkpQN0o2Q2t3OHNRWVg2NWdJMS1CQUtFYmZBLXBzOHFxV3VIX0JabWp0V2E0bkI4WjIxcXlxUDFyMDVBdmRCUW5VTG0zZzhuWkVBdm9OOUNZdVFvUkdwYzdvQw?oc=5,"Sat, 12 Sep 2026 18:52:39 GMT",Calgary Roughnecks,레저/카지노,https://news.google.com/rss/articles/CBMivAFBVV95cUxOLUxKSUplaWdPN25wZGxTT3BPLWFOSWVlMW9kbFZtRHJNWmhVU0pQTnViRjNhQkdfcmU4Rm12ZG14XzN0QVpjRmR0MWt0amZJc2hJOENiMjAyMVlRVzBTTW1HbkpQN0o2Q2t3OHNRWVg2NWdJMS1CQUtFYmZBLXBzOHFxV3VIX0JabWp0V2E0bkI4WjIxcXlxUDFyMDVBdmRCUW5VTG0zZzhuWkVBdm9OOUNZdVFvUkdwYzdvQw?oc=5,,False,본문 수집 제한 개수를 초과했습니다.,False,,2026-09-13 09:06:20
국내,카지노,카지노,카지노,기능 설명의 빠진 부분을 점검하는 카지노커뮤니티 인방티비 정보 안내 - Calgary Roughnecks,https://news.google.com/rss/articles/CBMiggFBVV95cUxQdW9VUjZkb2o5dVBBTmtuTElTV0dDemEwZmkyR0RGWFBmTjRaZ3VWa0JKR3NWUzBmbkpfTlBlN0hJTkczLU5yc1laN2VkY25Yd2c3c2FoNS1iaGh3ZERsV2FmTDJpOGFkVVZ2Uk5XLS1xLWpKTDRCWVJBUXhTdzNLb2Zn?oc=5,"Sat, 12 Sep 2026 17:34:54 GMT",Calgary Roughnecks,레저/카지노,https://news.google.com/rss/articles/CBMiggFBVV95cUxQdW9VUjZkb2o5dVBBTmtuTElTV0dDemEwZmkyR0RGWFBmTjRaZ3VWa0JKR3NWUzBmbkpfTlBlN0hJTkczLU5yc1laN2VkY25Yd2c3c2FoNS1iaGh3ZERsV2FmTDJpOGFkVVZ2Uk5XLS1xLWpKTDRCWVJBUXhTdzNLb2Zn?oc=5,,False,본문 수집 제한 개수를 초과했습니다.,False,,2026-09-13 09:06:20
국내,중국 관광객,중국 관광객,중국 관광객,"이스타항공, 알리바바그룹과 중국 관광객 유치 '맞손' - 글로벌경제신문",https://news.google.com/rss/articles/CBMibEFVX3lxTFAtVVRHVEVmT0paZmxzMFpMM2ZDbmRuYTdYRE1YMUZKTy1leERIbUJleC1BczhNQ0RmMUo0MDlQVW04T3RyT0wtN2JlTmxtVmZXS3RrbVhnbkFJWDVqb01mRy0tSEdsRU5feGk2TNIBcEFVX3lxTE9JTlVDb3lvY2h3am5sZVR2WVBmclZOaFRVcU1SSXQyZHBlWDNBMURjSzBXbklXalcyeTA1LW5XMDhKRlVXOGpiQ3V6dmFLenFGYUozN2pKSmhpLWRTVDVLMTVrQ0F0cFRuWWZyaDBkOGQ?oc=5,"Sat, 12 Sep 2026 06:11:00 GMT",글로벌경제신문,레저/카지노,https://news.google.com/rss/articles/CBMibEFVX3lxTFAtVVRHVEVmT0paZmxzMFpMM2ZDbmRuYTdYRE1YMUZKTy1leERIbUJleC1BczhNQ0RmMUo0MDlQVW04T3RyT0wtN2JlTmxtVmZXS3RrbVhnbkFJWDVqb01mRy0tSEdsRU5feGk2TNIBcEFVX3lxTE9JTlVDb3lvY2h3am5sZVR2WVBmclZOaFRVcU1SSXQyZHBlWDNBMURjSzBXbklXalcyeTA1LW5XMDhKRlVXOGpiQ3V6dmFLenFGYUozN2pKSmhpLWRTVDVLMTVrQ0F0cFRuWWZyaDBkOGQ?oc=5,,False,본문 수집 제한 개수를 초과했습니다.,False,,2026-09-13 09:06:20
국내,중국 관광객,중국 관광객,중국 관광객,"“제주가 중국에 질식하고 있다”…독일 유력지, 중국 자본 유입 집중 조명 - v.daum.net",https://news.google.com/rss/articles/CBMiT0FVX3lxTFB5MnZ4OFNpdFNQXzdOLTNlTy10R0ZQd3dsUVFZbnRZUjZMQW1EWk9WVW9BN3Z2QmVaOGZaRWcweEhRcW51bmVGc2dic1c3OEU?oc=5,"Sat, 12 Sep 2026 05:06:00 GMT",v.daum.net,레저/카지노,https://news.google.com/rss/articles/CBMiT0FVX3lxTFB5MnZ4OFNpdFNQXzdOLTNlTy10R0ZQd3dsUVFZbnRZUjZMQW1EWk9WVW9BN3Z2QmVaOGZaRWcweEhRcW51bmVGc2dic1c3OEU?oc=5,,False,본문 수집 제한 개수를 초과했습니다.,False,,2026-09-13 09:06:20
국내,레저,레저,레저,"동해해경, 추석 연휴 앞두고 수상·수중레저사업장 안전점검 - ajunews.com",https://news.google.com/rss/articles/CBMiWkFVX3lxTE9BMzR0eFZ2YWxlRkhORnh4Ml91dkNIbUxfcFU3M0FZZ3RkcFV0Si1ZQ2o0aVJ2cUg2RTJwSDRCcnZzQUN5eVp1bkppWVNEc3hCNnMxbmIxVWM3Z9IBWEFVX3lxTFB6R044MU5VQS1aUnZZRE5LR05zRDJvQk1JYmxVMjFoY0FUcjJ3WVBsOHRNbHBsUmtnV3dVdVcwUjZ5YVVHaFVsTkM5YWE5MDk2TnRIRy1scWg?oc=5,"Sat, 12 Sep 2026 01:29:09 GMT",ajunews.com,레저/카지노,https://news.google.com/rss/articles/CBMiWkFVX3lxTE9BMzR0eFZ2YWxlRkhORnh4Ml91dkNIbUxfcFU3M0FZZ3RkcFV0Si1ZQ2o0aVJ2cUg2RTJwSDRCcnZzQUN5eVp1bkppWVNEc3hCNnMxbmIxVWM3Z9IBWEFVX3lxTFB6R044MU5VQS1aUnZZRE5LR05zRDJvQk1JYmxVMjFoY0FUcjJ3WVBsOHRNbHBsUmtnV3dVdVcwUjZ5YVVHaFVsTkM5YWE5MDk2TnRIRy1scWg?oc=5,,False,본문 수집 제한 개수를 초과했습니다.,False,,2026-09-13 09:06:20
국내,호텔,호텔,호텔,전 부치고 갈비찜 할 필요 없네…호텔 셰프가 차린 추석상 - 세계일보,https://news.google.com/rss/articles/CBMiWEFVX3lxTE9CUGtqOTh2NnlScmQwOE5VckQ5am9TVlRmdl9qeFlUN2dXdDZZd2sxcWVzNkpzQjBfUVltcUYxU3RHd2F6OGVaMXF5amxPRjhheXdDM09TSjDSAVRBVV95cUxPRnA3QV9EX1kwclpNN1FKVkZqYUtrS0kyV2lsNXhLRXllU3E2NldpcTl4Ymo4VDRIX25oNVo1NHlWbGJVc1FkY2pFYmFOY1NOZm5ZcV8?oc=5,"Sat, 12 Sep 2026 00:20:00 GMT",세계일보,레저/카지노,https://news.google.com/rss/articles/CBMiWEFVX3lxTE9CUGtqOTh2NnlScmQwOE5VckQ5am9TVlRmdl9qeFlUN2dXdDZZd2sxcWVzNkpzQjBfUVltcUYxU3RHd2F6OGVaMXF5amxPRjhheXdDM09TSjDSAVRBVV95cUxPRnA3QV9EX1kwclpNN1FKVkZqYUtrS0kyV2lsNXhLRXllU3E2NldpcTl4Ymo4VDRIX25oNVo1NHlWbGJVc1FkY2pFYmFOY1NOZm5ZcV8?oc=5,,False,본문 수집 제한 개수를 초과했습니다.,False,,2026-09-13 09:06:20
국내,호텔,호텔,호텔,"3억원 와인부터 9만원대 한우까지…호텔 추석선물, 가격도 취향도 넓어졌다 - v.daum.net",https://news.google.com/rss/articles/CBMiT0FVX3lxTE41TlpQaGZpWTlKRl9USGVmUFpPNEotOVBmVzRGU2wwcmRhdTR6cnhVVXFGMGJ0VmVhOC0wLTlscC0wOS1kODEzMnd4T1ZSMm8?oc=5,"Fri, 11 Sep 2026 22:02:00 GMT",v.daum.net,레저/카지노,https://news.google.com/rss/articles/CBMiT0FVX3lxTE41TlpQaGZpWTlKRl9USGVmUFpPNEotOVBmVzRGU2wwcmRhdTR6cnhVVXFGMGJ0VmVhOC0wLTlscC0wOS1kODEzMnd4T1ZSMm8?oc=5,,False,본문 수집 제한 개수를 초과했습니다.,False,,2026-09-13 09:06:20
국내,중국 관광객,중국 관광객,중국 관광객,"""여기가 한국인지 중국인지"" 중국인 관광객 몰린 제주 우도 근황 - 파이낸셜뉴스",https://news.google.com/rss/articles/CBMiWkFVX3lxTE5SMFVNaERpa3d3bnZtQVU4WF9HdmZkamhKYmdXcDBOVzdPRUd3NFQyZnFpbmk5Yl9rRGx4bWpLMkxnQTNtbDlSQmJnNERWREVzd0g3V3g2U0thdw?oc=5,"Fri, 11 Sep 2026 20:00:00 GMT",파이낸셜뉴스,레저/카지노,https://news.google.com/rss/articles/CBMiWkFVX3lxTE5SMFVNaERpa3d3bnZtQVU4WF9HdmZkamhKYmdXcDBOVzdPRUd3NFQyZnFpbmk5Yl9rRGx4bWpLMkxnQTNtbDlSQmJnNERWREVzd0g3V3g2U0thdw?oc=5,,False,본문 수집 제한 개수를 초과했습니다.,False,,2026-09-13 09:06:20
국내,카지노,카지노,카지노,‘마킹 카드’로 1억 털었다… 제주 카지노 대표·딜러 덜미 - 조선일보,https://news.google.com/rss/articles/CBMihgFBVV95cUxOc1BvQXJ1d3EwQkxXU2RxZFJOQmV5aGozaEt4aDUydHVfN2Q4UnlVYnlRNHQ3UXBPNUhJc1FPRGc0VXVlMTB6ZGhNRk1GZUtEZVUtWXZ2YVRHMFlVdEphaG5hY0l5cVliamFOUl92WVFsZU4tOFg5VllodjJpQmlFVHphZWxRZw?oc=5,"Fri, 11 Sep 2026 11:38:00 GMT",조선일보,레저/카지노,https://news.google.com/rss/articles/CBMihgFBVV95cUxOc1BvQXJ1d3EwQkxXU2RxZFJOQmV5aGozaEt4aDUydHVfN2Q4UnlVYnlRNHQ3UXBPNUhJc1FPRGc0VXVlMTB6ZGhNRk1GZUtEZVUtWXZ2YVRHMFlVdEphaG5hY0l5cVliamFOUl92WVFsZU4tOFg5VllodjJpQmlFVHphZWxRZw?oc=5,,False,본문 수집 제한 개수를 초과했습니다.,False,,2026-09-13 09:06:20
국내,카지노,카지노,카지노,"제주 카지노서 '마킹 카드' 사기도박…경찰, 딜러 등 6명 송치 - 연합뉴스",https://news.google.com/rss/articles/CBMiW0FVX3lxTE5uZHdfV180QU54cVJ0SUlOZldDMW9VRVFmV2dQUTBxWkhEdzBuQ01YZVdTcUZrQVVfSk9TME5UeEpabi1la2JkaTREaElxWG5FRVRwdjhlME1mTGPSAWBBVV95cUxNNEhGbzJGS0ZKODJucVZQMXVFM0sya0dLZXQ2UHJvVmxsa1FTQTAzRDJGX294ZFlFdGExaDJtSExzUlRmSG1pUENqWDVsMzN5aUFVSkRiSDZ5ZmhRcUVfX3A?oc=5,"Fri, 11 Sep 2026 07:00:40 GMT",연합뉴스,레저/카지노,https://news.google.com/rss/articles/CBMiW0FVX3lxTE5uZHdfV180QU54cVJ0SUlOZldDMW9VRVFmV2dQUTBxWkhEdzBuQ01YZVdTcUZrQVVfSk9TME5UeEpabi1la2JkaTREaElxWG5FRVRwdjhlME1mTGPSAWBBVV95cUxNNEhGbzJGS0ZKODJucVZQMXVFM0sya0dLZXQ2UHJvVmxsa1FTQTAzRDJGX294ZFlFdGExaDJtSExzUlRmSG1pUENqWDVsMzN5aUFVSkRiSDZ5ZmhRcUVfX3A?oc=5,,False,본문 수집 제한 개수를 초과했습니다.,False,,2026-09-13 09:06:20
국내,레저,레저,레저,"해양레저 대표 도시 부산에 이전한 해수부, 한국 해양레저 도약 추진 - 파이낸셜뉴스",https://news.google.com/rss/articles/CBMiWkFVX3lxTE5lUHhkWVFHVWJNa2RUT3NaY0ZOVW11UVg3YkNURkRIS3dueV9xUjFMUUJSYi1OQmJMdDNzQ3J4WTFKQTJyYVBBZy03elJuNGxiOTFqbFJiUkJsQQ?oc=5,"Fri, 11 Sep 2026 05:29:49 GMT",파이낸셜뉴스,레저/카지노,https://news.google.com/rss/articles/CBMiWkFVX3lxTE5lUHhkWVFHVWJNa2RUT3NaY0ZOVW11UVg3YkNURkRIS3dueV9xUjFMUUJSYi1OQmJMdDNzQ3J4WTFKQTJyYVBBZy03elJuNGxiOTFqbFJiUkJsQQ?oc=5,,False,본문 수집 제한 개수를 초과했습니다.,False,,2026-09-13 09:06:20
국내,레저,레저,레저,통영시 세계 해양레저관광도시 발돋움 기본계획 고도화 - v.daum.net,https://news.google.com/rss/articles/CBMiT0FVX3lxTE1PcmlWczZnUWdlclhESXFmVm1zZXFuLXY0UDFJb0o0OUNsNzY3YjBGZllhZ3FVTEh5TkVTa0VBTk9XUDk1TU0yWmNXSUZvbXc?oc=5,"Fri, 11 Sep 2026 01:30:00 GMT",v.daum.net,레저/카지노,https://news.google.com/rss/articles/CBMiT0FVX3lxTE1PcmlWczZnUWdlclhESXFmVm1zZXFuLXY0UDFJb0o0OUNsNzY3YjBGZllhZ3FVTEh5TkVTa0VBTk9XUDk1TU0yWmNXSUZvbXc?oc=5,,False,본문 수집 제한 개수를 초과했습니다.,False,,2026-09-13 09:06:20
국내,관광객,관광객,관광객,"“여기 한국 맞나”…중국인 관광객 차지한 제주 우도, 무슨 상황? - edaily.co.kr",https://news.google.com/rss/articles/CBMigAFBVV95cUxQQzVGaGRObzZockozU3ZpNnJ5MXAtZDlraGJ4YVhUSFVTXy1FVDJjRnpKNFRlZFZqZTcxaEZYVDBLSUg3RXVSalppUUhHaGtvRnFxWGhTaFBZQXpwUzltQnVvUUE3NVZGbTUzZzNrX2pmdVJpaXNuU2t1Nm1ZZk5sZA?oc=5,"Thu, 10 Sep 2026 23:59:27 GMT",edaily.co.kr,레저/카지노,https://news.google.com/rss/articles/CBMigAFBVV95cUxQQzVGaGRObzZockozU3ZpNnJ5MXAtZDlraGJ4YVhUSFVTXy1FVDJjRnpKNFRlZFZqZTcxaEZYVDBLSUg3RXVSalppUUhHaGtvRnFxWGhTaFBZQXpwUzltQnVvUUE3NVZGbTUzZzNrX2pmdVJpaXNuU2t1Nm1ZZk5sZA?oc=5,,False,본문 수집 제한 개수를 초과했습니다.,False,,2026-09-13 09:06:20
국내,중국 관광객,중국 관광객,중국 관광객,"대구시, 국제공항 연계 관광상품으로 중국 관광객 유치 나선다 - kyongbuk.co.kr",https://news.google.com/rss/articles/CBMib0FVX3lxTE85b2lmektpUHBoVzBUbldVNDRlMzZfV2NCY09aS2lBOTNzY0RtWm1WdFBFakYtb0U3UzlFZlQ1ZzBxbm9JTm0wNU1CYXBMd1hXd3JPN1E4c2RCMXE1QmtyRkVIVXpERHp0ZlJhZnNybw?oc=5,"Thu, 10 Sep 2026 10:04:25 GMT",kyongbuk.co.kr,레저/카지노,https://news.google.com/rss/articles/CBMib0FVX3lxTE85b2lmektpUHBoVzBUbldVNDRlMzZfV2NCY09aS2lBOTNzY0RtWm1WdFBFakYtb0U3UzlFZlQ1ZzBxbm9JTm0wNU1CYXBMd1hXd3JPN1E4c2RCMXE1QmtyRkVIVXpERHp0ZlJhZnNybw?oc=5,,False,본문 수집 제한 개수를 초과했습니다.,False,,2026-09-13 09:06:20
국내,카지노,카지노,카지노,"31년 전 폐광 맞선 정선군민들 ""강원랜드 카지노 규제 철회하라"" - 연합뉴스",https://news.google.com/rss/articles/CBMiYEFVX3lxTFBIODBNSWdhYlF3enZQTkdaaU9jbTZnQ3hacGRJYmtuOWktUDlwX2JnZXZpSXpEZkJ0eEZCMTZqRHVyc0hlLXBFRTBwYmdMX3NQU0dWZFhlQVpsSmxaYmt5MdIBYEFVX3lxTFBIODBNSWdhYlF3enZQTkdaaU9jbTZnQ3hacGRJYmtuOWktUDlwX2JnZXZpSXpEZkJ0eEZCMTZqRHVyc0hlLXBFRTBwYmdMX3NQU0dWZFhlQVpsSmxaYmt5MQ?oc=5,"Thu, 10 Sep 2026 06:23:24 GMT",연합뉴스,레저/카지노,https://news.google.com/rss/articles/CBMiYEFVX3lxTFBIODBNSWdhYlF3enZQTkdaaU9jbTZnQ3hacGRJYmtuOWktUDlwX2JnZXZpSXpEZkJ0eEZCMTZqRHVyc0hlLXBFRTBwYmdMX3NQU0dWZFhlQVpsSmxaYmt5MdIBYEFVX3lxTFBIODBNSWdhYlF3enZQTkdaaU9jbTZnQ3hacGRJYmtuOWktUDlwX2JnZXZpSXpEZkJ0eEZCMTZqRHVyc0hlLXBFRTBwYmdMX3NQU0dWZFhlQVpsSmxaYmt5MQ?oc=5,,False,본문 수집 제한 개수를 초과했습니다.,False,,2026-09-13 09:06:20
국내,레저,레저,레저,아직 레깅스만 입고 있다면? 셀럽들의 가을 애슬레저 룩 5 - harpersbazaar.co.kr,https://news.google.com/rss/articles/CBMiW0FVX3lxTE1GalJmcHh6ZUFnYmxwaW1EWDFFVHE1dlNIei1XZ0pxOUxQOEJublpVN2V6eEVDVF9najNRZ2VfcF9pNUVrZGgwRTVuekJPWjNzdUFyNU9SRkk5alE?oc=5,"Thu, 10 Sep 2026 02:19:29 GMT",harpersbazaar.co.kr,레저/카지노,https://news.google.com/rss/articles/CBMiW0FVX3lxTE1GalJmcHh6ZUFnYmxwaW1EWDFFVHE1dlNIei1XZ0pxOUxQOEJublpVN2V6eEVDVF9najNRZ2VfcF9pNUVrZGgwRTVuekJPWjNzdUFyNU9SRkk5alE?oc=5,,False,본문 수집 제한 개수를 초과했습니다.,False,,2026-09-13 09:06:20
미국,호텔,호텔,호텔 stock market earnings investment,NVIDIA Shares Rebound on 11-Year Low PER - 조선일보,https://news.google.com/rss/articles/CBMijgFBVV95cUxNUGtGMi16SXIxOFZvYUVnTWxlSThEcW9aOV9ZUm9aaUJaOXV5WTVDaGJwVHBSWndVRHE3eFdWbDJ3RXlmemNBU3pRcDVnUUM2VkxDQ1MwQmNzOTF4aWdyaWprUS1meXRsN3R3bVFyWnE1MU1PWkI5NlNUQkMxWFNnMVozU3lFX0NTXy1OcHRB?oc=5,"Thu, 09 Jul 2026 07:00:00 GMT",조선일보,레저/카지노,https://www.chosun.com/english/market-money-en/2026/07/09/JMZSD3QAO5GEDCYKPBNLKNU2U4/,www.chosun.com,True,,True,,2026-09-13 09:06:20
미국,카지노,카지노,카지노 stock market earnings investment,Charles Schwab's chief strategist warns of 'casino-like behavior' as stocks rally to records - Yahoo Finance,https://news.google.com/rss/articles/CBMipgFBVV95cUxOZjZWZkxnQ2lxT19waDVqNll2VTBTOWdrNnNzc1NsdnJaNk5pY3JYZnJuZDFEZFNIOUZUdjBkQjFkNkhXM1RkMzdTTnpUX1BaQy1GeGdKQTRGZUNLblczTWhQdm9hMjJxazNyNlNfNWpudE02NVNZX2E3MVFyS01vSmt5SEJhczA2NUt0cEI3eHB6b051NzFCeWc2TWlZVE9EUk9SNDBR?oc=5,"Sat, 30 May 2026 07:00:00 GMT",Yahoo Finance,레저/카지노,https://finance.yahoo.com/markets/stocks/articles/charles-schwabs-chief-strategist-warns-092001300.html,finance.yahoo.com,True,,True,,2026-09-13 09:06:20
미국,호텔,호텔,호텔 stock market earnings investment,Marriott International Reports First Quarter 2026 Results - Investor Relations | Marriott International,https://news.google.com/rss/articles/CBMivgFBVV95cUxNWlY3R0NzWDNUMWNweFR6c0NZOUU5cnB2dzRTWDhobkprUXNpaGNybW5GbkZZSHpIcmU5UkxMb0Y4MWZtRFR0cThwQ1JjeHg5Ym50OUYtbVdCOTBmVFVxRXpod05pVE41amgxSno2S2pDenI5Q1NDb3NELXdhY2hZeFQycGRfak5VZnVHMkNpdjRrTmxQTlhaQ2FzaHlfM0lSZFhBRm1ZMWphYnpOa01Cbll1aWhDdGZuSnFNcTdR?oc=5,"Wed, 06 May 2026 07:00:00 GMT",Investor Relations | Marriott International,레저/카지노,https://news.google.com/rss/articles/CBMivgFBVV95cUxNWlY3R0NzWDNUMWNweFR6c0NZOUU5cnB2dzRTWDhobkprUXNpaGNybW5GbkZZSHpIcmU5UkxMb0Y4MWZtRFR0cThwQ1JjeHg5Ym50OUYtbVdCOTBmVFVxRXpod05pVE41amgxSno2S2pDenI5Q1NDb3NELXdhY2hZeFQycGRfak5VZnVHMkNpdjRrTmxQTlhaQ2FzaHlfM0lSZFhBRm1ZMWphYnpOa01Cbll1aWhDdGZuSnFNcTdR?oc=5,,False,403 Client Error: Forbidden for url: https://marriott.gcs-web.com/news-releases/news-release-details/marriott-international-reports-first-quarter-2026-results,True,,2026-09-13 09:06:20
미국,호텔,호텔,호텔 stock market earnings investment,"Park Hotels Q1 2026 slides: earnings rebound, outlook raised - Investing.com",https://news.google.com/rss/articles/CBMitgFBVV95cUxOTk1KWndwdFN6bGxKWmtteEw2MkFKQWtIemZtaFpoRnQ3SE5KYV9jSklVVkZZMFZDbnIyQ2tnaUlpWWF2U2NjRHZVekU5ZHBmbVdIei1KY09yNlVnSVhMN09hRWk5c0VJM2k2YTRScTZYV2lQeXRIaUFreHJaWEFyVl9YTUNXWEQ4My04YlFFLTBvQlkyUEdKWnV2VXh4U1BWNGFGSFRwNGx6ZnFzWGpUUG5UNjhadw?oc=5,"Fri, 01 May 2026 07:00:00 GMT",Investing.com,레저/카지노,https://news.google.com/rss/articles/CBMitgFBVV95cUxOTk1KWndwdFN6bGxKWmtteEw2MkFKQWtIemZtaFpoRnQ3SE5KYV9jSklVVkZZMFZDbnIyQ2tnaUlpWWF2U2NjRHZVekU5ZHBmbVdIei1KY09yNlVnSVhMN09hRWk5c0VJM2k2YTRScTZYV2lQeXRIaUFreHJaWEFyVl9YTUNXWEQ4My04YlFFLTBvQlkyUEdKWnV2VXh4U1BWNGFGSFRwNGx6ZnFzWGpUUG5UNjhadw?oc=5,,False,403 Client Error: Forbidden for url: https://www.investing.com/news/company-news/park-hotels-q1-2026-slides-earnings-rebound-outlook-raised-93CH-4653986,True,,2026-09-13 09:06:20
미국,호텔,호텔,호텔 stock market earnings investment,Choice Hotels International Reports First Quarter 2026 Results - PR Newswire,https://news.google.com/rss/articles/CBMiugFBVV95cUxOT2txbzVSa3V5ZGd5SV9vcnozT01zMlRaVXgyRERTU1FlczhuckhyZEFOeVNyc1R4UzE3Skh6dVo2NV9VbjcyRUMxOE9ZYVUteldVS3lydHlNT29RWmJ2aEpvT29WRTlSNWVHa1RSdE9haDQ2RzNHMnJhaW1pYXF4V2E0eTk1NU81amw3cFBZeE80ZmNaSDkxZmRLc3lRWGVVa0JLWlZpZGh0TEVZSlJ6QWJ5YkN5bzc3X3c?oc=5,"Thu, 30 Apr 2026 07:00:00 GMT",PR Newswire,레저/카지노,https://news.google.com/rss/articles/CBMiugFBVV95cUxOT2txbzVSa3V5ZGd5SV9vcnozT01zMlRaVXgyRERTU1FlczhuckhyZEFOeVNyc1R4UzE3Skh6dVo2NV9VbjcyRUMxOE9ZYVUteldVS3lydHlNT29RWmJ2aEpvT29WRTlSNWVHa1RSdE9haDQ2RzNHMnJhaW1pYXF4V2E0eTk1NU81amw3cFBZeE80ZmNaSDkxZmRLc3lRWGVVa0JLWlZpZGh0TEVZSlJ6QWJ5YkN5bzc3X3c?oc=5,,False,본문 수집 제한 개수를 초과했습니다.,False,,2026-09-13 09:06:20
미국,관광객,관광객,관광객 stock market earnings investment,Disney's New CEO Takes Charge Today. Here's What Investors Hope He'll Do. - Investopedia,https://news.google.com/rss/articles/CBMiuAFBVV95cUxPM1UyZnU0RVhnNlRiSGtOS0NILVVKQ2N5c0tId3h3YzRFc3luYl83Y3BWOTM1NGN5M3M5MGhaUmNVRkxrZWItVFZxSTFFQ1l5em9RYnc3M01JclNvVU5OY2kxZzlGU0pQQkd0S0ZyVmRteDlPWDFkLUZrSlJWOGZrbHNvV0wzYjRvQWFlbkZwYXMzMmpKUmZIN1ZHWDRoaG0yOEVzVGRhNkp0Sk5hQ1pvdzZuSEdrOFRX?oc=5,"Wed, 18 Mar 2026 07:00:00 GMT",Investopedia,레저/카지노,https://news.google.com/rss/articles/CBMiuAFBVV95cUxPM1UyZnU0RVhnNlRiSGtOS0NILVVKQ2N5c0tId3h3YzRFc3luYl83Y3BWOTM1NGN5M3M5MGhaUmNVRkxrZWItVFZxSTFFQ1l5em9RYnc3M01JclNvVU5OY2kxZzlGU0pQQkd0S0ZyVmRteDlPWDFkLUZrSlJWOGZrbHNvV0wzYjRvQWFlbkZwYXMzMmpKUmZIN1ZHWDRoaG0yOEVzVGRhNkp0Sk5hQ1pvdzZuSEdrOFRX?oc=5,,False,본문 수집 제한 개수를 초과했습니다.,False,,2026-09-13 09:06:20
미국,호텔,호텔,호텔 stock market earnings investment,News | Hotel stock values kick off 2026 in the black - CoStar,https://news.google.com/rss/articles/CBMijwFBVV95cUxPRG5pWGN3d191aFI0LV9BWVp2RHZfeV81SkduZjFlQ2pMclZvc0xrQ19VY250ZHVXdlNLU2hBYTlZekp5M3M3VUxUbUx6UU96VXhHbzdzMTF5UTZyZFpCZXpRYmxreFEwX2lCQlJKQVdIY2Zsck9TWHlPUm1xTFdwd3JHMlFWQklzbVVlN1Y4VQ?oc=5,"Tue, 10 Feb 2026 08:00:00 GMT",CoStar,레저/카지노,https://news.google.com/rss/articles/CBMijwFBVV95cUxPRG5pWGN3d191aFI0LV9BWVp2RHZfeV81SkduZjFlQ2pMclZvc0xrQ19VY250ZHVXdlNLU2hBYTlZekp5M3M3VUxUbUx6UU96VXhHbzdzMTF5UTZyZFpCZXpRYmxreFEwX2lCQlJKQVdIY2Zsck9TWHlPUm1xTFdwd3JHMlFWQklzbVVlN1Y4VQ?oc=5,,False,본문 수집 제한 개수를 초과했습니다.,False,,2026-09-13 09:06:20
국내,휴머노이드,휴머노이드,휴머노이드,"""풀스택 휴머노이드 택한 이유?…AI·하드웨어 동시 최적화가 중요"" - 머니투데이 - 머니투데이",https://news.google.com/rss/articles/CBMiakFVX3lxTE5KeFM5emhFbFBKd3k5bDdZVk4tM2VEWWcxQTdOZ1g5Ni1kWEdEVGtqb2w1T3JXaUt3cG5kbGljUUdzbkRGSXh6RFFiYlh4dndhT085aXpZcThlb252TjlaSXdCRWlzRTI3ZmfSAW9BVV95cUxONnVwNTJibHpyT2hja29iblNXX2MzWXR5MkRQcy1FZGtRUXJMbDhOM1Vod0h2bXQwcFAtcWxJMkR6RWJMTURsd2hPeVV3TnU1cGNKYjlYQS1VUEZ2eGxncTcxelN3a2FUcE9QZkZyZ3c?oc=5,"Sat, 12 Sep 2026 23:00:00 GMT",머니투데이,로봇/AI,https://www.mt.co.kr/future/2026/09/13/2026082615090620714,www.mt.co.kr,True,,True,,2026-09-13 09:07:11
국내,AI,AI,AI,부산시 'AI부기주무관' 행안부장관상 수상 - 뉴시스,https://news.google.com/rss/articles/CBMiYEFVX3lxTE10LUNuUXZESWZncFpJT1VPTjd4aEwya0JtZnFyTWxEQUsxOW1YbkViMnJxSTYxNVRXb2JNbWM2dnNsaG9FLWJfOE5HVG1NU0NMNjFUdWdmcEtKMDhWenhpTNIBeEFVX3lxTE9CMEh0cklSUDR6cDlYZFphcWRXdkdFd2pvRkJXcDBTX2h0WXVmcTBwNmpuQmhUdnd2VFBhNFFmNlNPT0VqWUktaGhaLVdqa3U3X2pvWUpNdkRsTU5yMHdyS0lFaDV1Q2R2TTFQYmdUa083Q2t1UVZhSw?oc=5,"Sat, 12 Sep 2026 22:45:22 GMT",뉴시스,로봇/AI,https://www.newsis.com/view/NISX20260913_0003787032,www.newsis.com,True,,True,,2026-09-13 09:07:11
국내,로봇,로봇,로봇,주먹 피하고 반격까지…스스로 사람과 싸우는 ' AI 격투 로봇' - 전자신문,https://news.google.com/rss/articles/CBMiTkFVX3lxTE9jVktYSUNNbWoxM1B5LTdBSzFQZ2hORU5TcXI0ZThkdGRjZUNNd3hUcjF2STluN1pPNE8wMVF0ZHVwNE9RRlZJRTBYM3pmUQ?oc=5,"Sat, 12 Sep 2026 21:00:00 GMT",전자신문,로봇/AI,https://www.etnews.com/20260911000189,www.etnews.com,True,,True,,2026-09-13 09:07:11
국내,자동화,자동화,자동화,"SASE OpsLab Ltd, 글로벌 SASE 자동화 사업 확대 위해 사이버보안 전문가 프랭크 버틴 CRO 선임 - koreasprint.com",https://news.google.com/rss/articles/CBMibkFVX3lxTE8xeFJaTmdTLWo5U3ZJSlBBaHNEQnZpUDlPVkxpbTNuWjFZNUYwbjhkVGZaRlFHMHhUM2xnNXE4bXZwUjBydERLXzdrcnJWMkt6c3hMYjBZRnlWTTM4N1BFOGFjWnJBWmZUUlI2WERR?oc=5,"Sat, 12 Sep 2026 15:53:00 GMT",koreasprint.com,로봇/AI,https://www.koreasprint.com/news/articleView.html?idxno=19190,www.koreasprint.com,True,,True,,2026-09-13 09:07:11
국내,AI,AI,AI,"난제 풀어버린 AI, 다급한 수학자들 집단성명…“수학계에 해악”[김현지의 with AI] - v.daum.net",https://news.google.com/rss/articles/CBMiT0FVX3lxTFBXR3NjNnRCUzhlLVFTTVpQakFENkdXOE56RGlpcGZ5RTM5QTRjcVJPd0JiU1o4eGdyd3VFSmZwaE4xbmVySmJjVEJjdDdDQmM?oc=5,"Sat, 12 Sep 2026 08:19:00 GMT",v.daum.net,로봇/AI,https://news.google.com/rss/articles/CBMiT0FVX3lxTFBXR3NjNnRCUzhlLVFTTVpQakFENkdXOE56RGlpcGZ5RTM5QTRjcVJPd0JiU1o4eGdyd3VFSmZwaE4xbmVySmJjVEJjdDdDQmM?oc=5,,False,본문 수집 제한 개수를 초과했습니다.,False,,2026-09-13 09:07:11
국내,AI,AI,AI,‘수학계 노벨상’ 필즈상 수상자 25인의 경고…“AI의 문제풀이 경쟁 우려스러워” - 경향신문,https://news.google.com/rss/articles/CBMiWkFVX3lxTE5IbjJpVlFlb0RBUVlCWUdGR25ZSk9ocHE3Zy1pSi02b0hMOGlReUxYbWU3ZXVkRHQyVEtDYkR4NkJOcnRTcWd6bUpIYVRfR3FCMzdlUnpNdzJRUdIBX0FVX3lxTE9JMTBBNEY2cnlJQklxNlo0N3Zld2dxYmFzcTVibmZ3YkVXcVJVUUQ3eG1wQ1RKSU5HUXlZbWVfUXJ6dDdXbWhvQ0pvRWt6ejB2U2xjZ2xkczg5UVc0Vnl3?oc=5,"Sat, 12 Sep 2026 06:27:00 GMT",경향신문,로봇/AI,https://news.google.com/rss/articles/CBMiWkFVX3lxTE5IbjJpVlFlb0RBUVlCWUdGR25ZSk9ocHE3Zy1pSi02b0hMOGlReUxYbWU3ZXVkRHQyVEtDYkR4NkJOcnRTcWd6bUpIYVRfR3FCMzdlUnpNdzJRUdIBX0FVX3lxTE9JMTBBNEY2cnlJQklxNlo0N3Zld2dxYmFzcTVibmZ3YkVXcVJVUUQ3eG1wQ1RKSU5HUXlZbWVfUXJ6dDdXbWhvQ0pvRWt6ejB2U2xjZ2xkczg5UVc0Vnl3?oc=5,,False,본문 수집 제한 개수를 초과했습니다.,False,,2026-09-13 09:07:11
국내,AI,AI,AI,"악마의 게임 앞에 AI도 별수 없다...'3승20패' 굴욕, 왜? - 머니투데이 - 머니투데이",https://news.google.com/rss/articles/CBMiZ0FVX3lxTFBQLVBSSERhVUdNaFF6dlN6a2dPSlQ1ZWtWcndfbEVzWUpmcXNCS3h5MHpqQXdCRnBTUXlpeDdpc2ttU1dSSmszdGllMW5yX0FBYzhxWE1kaWFNemdSbjgxYk1Ya0VqNzjSAWxBVV95cUxPeFZFLWRyM2MtNnFDSWRQUkF6bUhGWEFPa2dTTldJcXdkVzVsVXFicFBoLVlKay1FYzd5V2h2eTF1dmotNmhFOVhwSFBlSXdzYXNULTU2b1Y4WGo1Q2NxclZ1MFFUbXZScEZka3M?oc=5,"Sat, 12 Sep 2026 01:00:00 GMT",머니투데이,로봇/AI,https://news.google.com/rss/articles/CBMiZ0FVX3lxTFBQLVBSSERhVUdNaFF6dlN6a2dPSlQ1ZWtWcndfbEVzWUpmcXNCS3h5MHpqQXdCRnBTUXlpeDdpc2ttU1dSSmszdGllMW5yX0FBYzhxWE1kaWFNemdSbjgxYk1Ya0VqNzjSAWxBVV95cUxPeFZFLWRyM2MtNnFDSWRQUkF6bUhGWEFPa2dTTldJcXdkVzVsVXFicFBoLVlKay1FYzd5V2h2eTF1dmotNmhFOVhwSFBlSXdzYXNULTU2b1Y4WGo1Q2NxclZ1MFFUbXZScEZka3M?oc=5,,False,본문 수집 제한 개수를 초과했습니다.,False,,2026-09-13 09:07:11
국내,휴머노이드,휴머노이드,휴머노이드,[K-지능열전] ④ 로봇팔로 벌어 휴머노이드 가르친다···LG 피지컬 AI 생산회로 - 여성경제신문,https://news.google.com/rss/articles/CBMic0FVX3lxTE5ZSUZEdHVST2dscWp0ZzlxNEVSSjRPV1l1THNHYllzX1lkOFdseF81VWlBLTBWRWZTUU5aUVN2alJRaEUyOXNCcFVXbFhERWZ2V3JHd2dpNTdVZU50VEVXZWQxUzJJNEJWdGxFN3A5SGFBUDTSAXdBVV95cUxOaEU3YjgtbmZmWmFya2d4a29zS2hZSVBjejNUUGt5cDlCNmJ6ek9Fdlh4RFdtX1FfaERVbU81T3h0cnlFeFkyR25tLW1senhjdDBDdmZITUJ4akZMYVpzZHhRQ3lXQ0JJVDVwMW9KSDRrckJiZ1Rtcw?oc=5,"Sat, 12 Sep 2026 00:17:40 GMT",여성경제신문,로봇/AI,https://news.google.com/rss/articles/CBMic0FVX3lxTE5ZSUZEdHVST2dscWp0ZzlxNEVSSjRPV1l1THNHYllzX1lkOFdseF81VWlBLTBWRWZTUU5aUVN2alJRaEUyOXNCcFVXbFhERWZ2V3JHd2dpNTdVZU50VEVXZWQxUzJJNEJWdGxFN3A5SGFBUDTSAXdBVV95cUxOaEU3YjgtbmZmWmFya2d4a29zS2hZSVBjejNUUGt5cDlCNmJ6ek9Fdlh4RFdtX1FfaERVbU81T3h0cnlFeFkyR25tLW1senhjdDBDdmZITUJ4akZMYVpzZHhRQ3lXQ0JJVDVwMW9KSDRrckJiZ1Rtcw?oc=5,,False,본문 수집 제한 개수를 초과했습니다.,False,,2026-09-13 09:07:11
국내,로봇,로봇,로봇,앞서 가는 로봇 국가였는데…20년 동안 무슨 일이? [한국로봇]① - KBS 뉴스,https://news.google.com/rss/articles/CBMiW0FVX3lxTE1MNW44TF9sdWhOWWxjeTAxLUhFdGhFZ0RBZXQzSUgxN2JtOXhlT3BWVEtkSVZpQVp2UGNBaVF5Y29FaDQtYVJsVUg5Ymd0N19UZHFwTVpsZzNFRmM?oc=5,"Fri, 11 Sep 2026 23:02:00 GMT",KBS 뉴스,로봇/AI,https://news.google.com/rss/articles/CBMiW0FVX3lxTE1MNW44TF9sdWhOWWxjeTAxLUhFdGhFZ0RBZXQzSUgxN2JtOXhlT3BWVEtkSVZpQVp2UGNBaVF5Y29FaDQtYVJsVUg5Ymd0N19UZHFwTVpsZzNFRmM?oc=5,,False,본문 수집 제한 개수를 초과했습니다.,False,,2026-09-13 09:07:11
국내,AI,AI,AI,"""90년 수학 난제 풀었다""…AI는 88시간, 공식 인정은 최소 2년?[사이언스 PICK] - 네이트",https://news.google.com/rss/articles/CBMiU0FVX3lxTFB5QS0xWllqYXdvSkZTdkJUTGVfdUl3YVp0Tm1FRXpWV3hNM0JhZ3QzSXkwXzRiTENtOGVqVU5pa0VxOThSYy0td3FCV04xY1lKOFB3?oc=5,"Fri, 11 Sep 2026 21:01:00 GMT",네이트,로봇/AI,https://news.google.com/rss/articles/CBMiU0FVX3lxTFB5QS0xWllqYXdvSkZTdkJUTGVfdUl3YVp0Tm1FRXpWV3hNM0JhZ3QzSXkwXzRiTENtOGVqVU5pa0VxOThSYy0td3FCV04xY1lKOFB3?oc=5,,False,본문 수집 제한 개수를 초과했습니다.,False,,2026-09-13 09:07:11
국내,휴머노이드,휴머노이드,휴머노이드,"빅웨이브로보틱스, 휴머노이드·북미 진출로 상장 출사표 [로보 인사이트] - sedaily.com",https://news.google.com/rss/articles/CBMiUkFVX3lxTE1QNVBGU0JPbUh2MlZoc29fRFh0SnVtMjBUMlNFRFpaRlg1bXY3dGhWTlIwMTlNWUV5TXN6MzB5VVZ4b1cxcTlVX1dmczJ3R2x6VWfSAVNBVV95cUxQSzYxWXB2OHp1MURaU0FxTmFiSFZjREo3ZjRxMzJHX1hwd3ZaYmZvTjJjaWYtUjBlNlB4ZWFQLS1pMkZBQ3FtZlpxVTBrb2lFd1FwQQ?oc=5,"Fri, 11 Sep 2026 21:00:00 GMT",sedaily.com,로봇/AI,https://news.google.com/rss/articles/CBMiUkFVX3lxTE1QNVBGU0JPbUh2MlZoc29fRFh0SnVtMjBUMlNFRFpaRlg1bXY3dGhWTlIwMTlNWUV5TXN6MzB5VVZ4b1cxcTlVX1dmczJ3R2x6VWfSAVNBVV95cUxQSzYxWXB2OHp1MURaU0FxTmFiSFZjREo3ZjRxMzJHX1hwd3ZaYmZvTjJjaWYtUjBlNlB4ZWFQLS1pMkZBQ3FtZlpxVTBrb2lFd1FwQQ?oc=5,,False,본문 수집 제한 개수를 초과했습니다.,False,,2026-09-13 09:07:11
국내,로봇,로봇,로봇,"중국이 벌써 86% 장악…현대차 로봇, 살아남을 방법 있을까 - 주간경향",https://news.google.com/rss/articles/CBMiXkFVX3lxTE92eVJMMGNQWkxkRDJPTzAyZjd1SndqSDVRa0c4aXVUZ1V4cnVRVGRvUkV0SjdvN3daaUs1QlRfX2Nka3pJVkFhTHJ0UlRjLU1XWU5lVy1zVkM4aFpDdEE?oc=5,"Fri, 11 Sep 2026 12:31:00 GMT",주간경향,로봇/AI,https://news.google.com/rss/articles/CBMiXkFVX3lxTE92eVJMMGNQWkxkRDJPTzAyZjd1SndqSDVRa0c4aXVUZ1V4cnVRVGRvUkV0SjdvN3daaUs1QlRfX2Nka3pJVkFhTHJ0UlRjLU1XWU5lVy1zVkM4aFpDdEE?oc=5,,False,본문 수집 제한 개수를 초과했습니다.,False,,2026-09-13 09:07:11
국내,자동화,자동화,자동화,"물류 자동화 스타트업 '베크나 로보틱스', 3100만 달러 투자 유치 - 로봇신문",https://news.google.com/rss/articles/CBMibEFVX3lxTE9NaENudERubC1MLTZac2ViU2lhX0hsMVNnM0M4U0hmdnJoNEFXdS1tUVRpdGRNVEdDVHcxNXkxZ3h6RVlDaWtoUnhlaGdvZHBLLXQ2a0RlVEpncEFCb0g5c3oyWDlBVUkwckIySw?oc=5,"Fri, 11 Sep 2026 08:59:53 GMT",로봇신문,로봇/AI,https://news.google.com/rss/articles/CBMibEFVX3lxTE9NaENudERubC1MLTZac2ViU2lhX0hsMVNnM0M4U0hmdnJoNEFXdS1tUVRpdGRNVEdDVHcxNXkxZ3h6RVlDaWtoUnhlaGdvZHBLLXQ2a0RlVEpncEFCb0g5c3oyWDlBVUkwckIySw?oc=5,,False,본문 수집 제한 개수를 초과했습니다.,False,,2026-09-13 09:07:11
국내,휴머노이드,휴머노이드,휴머노이드,"빅웨이브로보틱스 29일 코스닥 상장…""휴머노이드·북미 공략"" - v.daum.net",https://news.google.com/rss/articles/CBMiT0FVX3lxTE4yVFZZeHU3bEgzNXZuaU5iZkVjekF6Z1BkS0tDN24wTTRyMFQ3bkljWFdwNkFvOUNHWTVqUTBJamJGMU10M3loNzRtbGpDZlE?oc=5,"Fri, 11 Sep 2026 07:34:45 GMT",v.daum.net,로봇/AI,https://news.google.com/rss/articles/CBMiT0FVX3lxTE4yVFZZeHU3bEgzNXZuaU5iZkVjekF6Z1BkS0tDN24wTTRyMFQ3bkljWFdwNkFvOUNHWTVqUTBJamJGMU10M3loNzRtbGpDZlE?oc=5,,False,본문 수집 제한 개수를 초과했습니다.,False,,2026-09-13 09:07:11
국내,자동화,자동화,자동화,"자율형 급여, 자동화가 아니라 책임이 핵심 - SAP News Center",https://news.google.com/rss/articles/CBMinwJBVV95cUxPNzVfaDJzWUFrR0Flbk85ODBiRFYyNklrZ2N6cE5YQWF5c0RhajN3OFpaWmEzM1N0YW5TU0dIWmhKLVBXUHVLRnNvVkRqWlNRTUJqTzRfc2lGZGtsdXJQdUwzZnNMSnkxZ0otVVJtS29IbEVaQ2VwOS1uYzZTdDNqd3dDMDhXRVdKb0Z0Mldsb0VoRlU5STd5MF9tVl9KWXNiOGdsYWwxWXRMNFBjM0lGZnRkUW9YM0xpQUQ0VTdEUjJ3YVNselpIZFMyVWZTYkhaWjVxeTRwU0xHYlZmbW9UbUxUdkhlOHFSVDRMWmpWcjM3SC1NMHI1SmEzTEEwdnE5QUJRU3JXeEt3cVFoS2JpRTJFRXlTMzROZUs4dGNlNA?oc=5,"Thu, 10 Sep 2026 16:01:30 GMT",SAP News Center,로봇/AI,https://news.google.com/rss/articles/CBMinwJBVV95cUxPNzVfaDJzWUFrR0Flbk85ODBiRFYyNklrZ2N6cE5YQWF5c0RhajN3OFpaWmEzM1N0YW5TU0dIWmhKLVBXUHVLRnNvVkRqWlNRTUJqTzRfc2lGZGtsdXJQdUwzZnNMSnkxZ0otVVJtS29IbEVaQ2VwOS1uYzZTdDNqd3dDMDhXRVdKb0Z0Mldsb0VoRlU5STd5MF9tVl9KWXNiOGdsYWwxWXRMNFBjM0lGZnRkUW9YM0xpQUQ0VTdEUjJ3YVNselpIZFMyVWZTYkhaWjVxeTRwU0xHYlZmbW9UbUxUdkhlOHFSVDRMWmpWcjM3SC1NMHI1SmEzTEEwdnE5QUJRU3JXeEt3cVFoS2JpRTJFRXlTMzROZUs4dGNlNA?oc=5,,False,본문 수집 제한 개수를 초과했습니다.,False,,2026-09-13 09:07:11
국내,로봇 정책,로봇 정책,로봇 정책,"KR, 조선해양 로봇 기술 세미나 성료 - 한국해운신문",https://news.google.com/rss/articles/CBMic0FVX3lxTE1aQXVHQWpHNy1pbjduVW9rM1UwajhiTDFRcW85OXVyR2JkZE84a2s3bVpTVFRpMjkxR2l6M09KS3VHM3pwcUdGaTJlY183eXZ0LTJETURxa1ZpWGFFZmotUFAta2dyTVJIYUpVYmhDbXZLNG8?oc=5,"Thu, 10 Sep 2026 09:03:57 GMT",한국해운신문,로봇/AI,https://news.google.com/rss/articles/CBMic0FVX3lxTE1aQXVHQWpHNy1pbjduVW9rM1UwajhiTDFRcW85OXVyR2JkZE84a2s3bVpTVFRpMjkxR2l6M09KS3VHM3pwcUdGaTJlY183eXZ0LTJETURxa1ZpWGFFZmotUFAta2dyTVJIYUpVYmhDbXZLNG8?oc=5,,False,본문 수집 제한 개수를 초과했습니다.,False,,2026-09-13 09:07:11
국내,로봇,로봇,로봇,"현대모비스, 로봇용 액추에이터 2종 처음 공개한다 - 로봇신문",https://news.google.com/rss/articles/CBMibEFVX3lxTE9yOWllSlVwR0pORTlscUg1YjdZQTVEVXk5SDJBU055Q0hkaktZaGZWSlM4X3lheFhGOHZENjhIcDJRdlhONmUxMU5YTmFIRE9BclE4eWkzMF93N2ZrTVB3QjNnOEdfcnk3V2l4dA?oc=5,"Thu, 10 Sep 2026 08:39:14 GMT",로봇신문,로봇/AI,https://news.google.com/rss/articles/CBMibEFVX3lxTE9yOWllSlVwR0pORTlscUg1YjdZQTVEVXk5SDJBU055Q0hkaktZaGZWSlM4X3lheFhGOHZENjhIcDJRdlhONmUxMU5YTmFIRE9BclE4eWkzMF93N2ZrTVB3QjNnOEdfcnk3V2l4dA?oc=5,,False,본문 수집 제한 개수를 초과했습니다.,False,,2026-09-13 09:07:11
국내,로봇 정책,로봇 정책,로봇 정책,"한국로봇산업진흥원, 부울경 SI기업 협력 네트워크·현장 간담회 개최 - 티스토리",https://news.google.com/rss/articles/CBMiS0FVX3lxTE1Rcl9lLVBTNEg3YzVxU2oyUUUzUU5oeW5QX1BMLU12NVViREJuSkdUdjBjanhwR2NHYjZIX3c5TC1aRWtMTmwzRVdQZw?oc=5,"Thu, 10 Sep 2026 07:44:18 GMT",티스토리,로봇/AI,https://news.google.com/rss/articles/CBMiS0FVX3lxTE1Rcl9lLVBTNEg3YzVxU2oyUUUzUU5oeW5QX1BMLU12NVViREJuSkdUdjBjanhwR2NHYjZIX3c5TC1aRWtMTmwzRVdQZw?oc=5,,False,본문 수집 제한 개수를 초과했습니다.,False,,2026-09-13 09:07:11
국내,자동화,자동화,자동화,"AI가 게임 만들고 플레이·오류 찾고 '재미' 예측···ETRI, 자동화 플랫폼 개발 - 헬로디디",https://news.google.com/rss/articles/CBMiakFVX3lxTE9ESk5IcWRZZHlWMURxdUJpZGw2cTc5SVJiNnlEUkhXWk4wTl81VWJXS05obDM4OTNLOThfUWs3U2VzWkVVTVFpX2poTG1FTktLTVpvRW9DSmlJUnV3RG1KWXFOczlmay0tT2c?oc=5,"Thu, 10 Sep 2026 07:20:00 GMT",헬로디디,로봇/AI,https://news.google.com/rss/articles/CBMiakFVX3lxTE9ESk5IcWRZZHlWMURxdUJpZGw2cTc5SVJiNnlEUkhXWk4wTl81VWJXS05obDM4OTNLOThfUWs3U2VzWkVVTVFpX2poTG1FTktLTVpvRW9DSmlJUnV3RG1KWXFOczlmay0tT2c?oc=5,,False,본문 수집 제한 개수를 초과했습니다.,False,,2026-09-13 09:07:11
국내,로봇,로봇,로봇,"현대모비스, 연구·개발 테크데이 개최…배터리 관리시스템·로봇 액추에이터 등 미래 부품 선보여 - 경향신문",https://news.google.com/rss/articles/CBMiWkFVX3lxTE1QMWVKOVZOZW16dTEtdXhqUkVMeS1zVTg2T3hVMFB3TXVvb09uNlA2VjVoaUR3V19DS3BFdWlQOHdDR2pFQWYzNjRCTGtoS3VlTDd2SHR0eXhqQdIBX0FVX3lxTE51VkZrX014UUx1dV83a1BlNTdtVy1ZeFJ3d2dBQ0RRSy1TWkoyRUtjd2RrZm1hUkhfVTFQQVo4V0stdlpmcFlzSVJBeENsZU1OSnNSR2FOMVl1SGF6NGU0?oc=5,"Thu, 10 Sep 2026 02:06:00 GMT",경향신문,로봇/AI,https://news.google.com/rss/articles/CBMiWkFVX3lxTE1QMWVKOVZOZW16dTEtdXhqUkVMeS1zVTg2T3hVMFB3TXVvb09uNlA2VjVoaUR3V19DS3BFdWlQOHdDR2pFQWYzNjRCTGtoS3VlTDd2SHR0eXhqQdIBX0FVX3lxTE51VkZrX014UUx1dV83a1BlNTdtVy1ZeFJ3d2dBQ0RRSy1TWkoyRUtjd2RrZm1hUkhfVTFQQVo4V0stdlpmcFlzSVJBeENsZU1OSnNSR2FOMVl1SGF6NGU0?oc=5,,False,본문 수집 제한 개수를 초과했습니다.,False,,2026-09-13 09:07:11
국내,로봇 정책,로봇 정책,로봇 정책,원익홀딩스 로봇 상용화 정책 확대에 탄력…원익로보틱스 사업 확장 여부 촉각 - CBC뉴스,https://news.google.com/rss/articles/CBMiY0FVX3lxTE9mUnZMdW9pdUk0S1NleUdqNUE3akYzc21Oa3k0bzFtUU5EVTM3MkZPWUlmRzZ2aGJMRV80OTlkeTEwLXViblE3TEFZOVJqaWlLWF95SjJobkM0Yy1hUEN3RW5Icw?oc=5,"Wed, 09 Sep 2026 00:11:37 GMT",CBC뉴스,로봇/AI,https://news.google.com/rss/articles/CBMiY0FVX3lxTE9mUnZMdW9pdUk0S1NleUdqNUE3akYzc21Oa3k0bzFtUU5EVTM3MkZPWUlmRzZ2aGJMRV80OTlkeTEwLXViblE3TEFZOVJqaWlLWF95SjJobkM0Yy1hUEN3RW5Icw?oc=5,,False,본문 수집 제한 개수를 초과했습니다.,False,,2026-09-13 09:07:11
국내,자동화,자동화,자동화,"쏟아지는 API 자동화 공격, 진짜 ‘미토스’ 쇼크는 지금부터? - 보안뉴스",https://news.google.com/rss/articles/CBMia0FVX3lxTE9Hb2JLLUpWS19fY0hvN0FvUmVzRGVsbnZRNTZ3aWhvZ3N6Slg1Z1hhQVk2SWp6bXVneDJ3WUhuY3RlQWt5WFp1bzVwMXlYdGc0VEdXbWJXNXdqd0pfY0pYM3Q0NEdKWGwxVURv?oc=5,"Wed, 09 Sep 2026 00:00:00 GMT",보안뉴스,로봇/AI,https://news.google.com/rss/articles/CBMia0FVX3lxTE9Hb2JLLUpWS19fY0hvN0FvUmVzRGVsbnZRNTZ3aWhvZ3N6Slg1Z1hhQVk2SWp6bXVneDJ3WUhuY3RlQWt5WFp1bzVwMXlYdGc0VEdXbWJXNXdqd0pfY0pYM3Q0NEdKWGwxVURv?oc=5,,False,본문 수집 제한 개수를 초과했습니다.,False,,2026-09-13 09:07:11
국내,로봇 정책,로봇 정책,로봇 정책,"""산업재해사고 AI+로봇으로 극복하되, 적정기술로 활용성 높여야"" - 헬로디디",https://news.google.com/rss/articles/CBMiakFVX3lxTE1sbFZSRHYzLWtIbzVfbzZLWERzUm13WnZ6emczbm5VZGNNRWkteHlIa0Vhd28zNlJudGQza2t5RDBIa00xc3VDdngtd29WNU80b0VkLVM1ZmxfOTE0d25UMUdvMExSdHZ5WFE?oc=5,"Tue, 08 Sep 2026 07:00:00 GMT",헬로디디,로봇/AI,https://news.google.com/rss/articles/CBMiakFVX3lxTE1sbFZSRHYzLWtIbzVfbzZLWERzUm13WnZ6emczbm5VZGNNRWkteHlIa0Vhd28zNlJudGQza2t5RDBIa00xc3VDdngtd29WNU80b0VkLVM1ZmxfOTE0d25UMUdvMExSdHZ5WFE?oc=5,,False,본문 수집 제한 개수를 초과했습니다.,False,,2026-09-13 09:07:11
국내,로봇 정책,로봇 정책,로봇 정책,사람과 로봇이 함께하는 미래도시 강남 대전환…'2026 로봇플러스 페스티벌' - 연합뉴스,https://news.google.com/rss/articles/CBMiW0FVX3lxTE1uUk5HMl91WllVeUpTNTJqOUNObzItbmlwZmtZZlV5bHNRUEdVQUdNckVUaE5JVm5pc19SVjFVMW5JanFBcXVBM2k3SFBaNlI1Nlc2YU15eENYOXc?oc=5,"Tue, 08 Sep 2026 01:43:28 GMT",연합뉴스,로봇/AI,https://news.google.com/rss/articles/CBMiW0FVX3lxTE1uUk5HMl91WllVeUpTNTJqOUNObzItbmlwZmtZZlV5bHNRUEdVQUdNckVUaE5JVm5pc19SVjFVMW5JanFBcXVBM2k3SFBaNlI1Nlc2YU15eENYOXc?oc=5,,False,본문 수집 제한 개수를 초과했습니다.,False,,2026-09-13 09:07:11
미국,AI,AI,AI stock market earnings investment,"Broadcom's AI Chip Revenue Grew 221% Last Quarter. A $1,000 Investment a Year Ago Would Be Worth This Much Today. - The Motley Fool",https://news.google.com/rss/articles/CBMijgFBVV95cUxOSkRsRlVEVnRnYWtxYlBkMGFPOWNTR3FVcmpkRnlmWE9CU212NHo1dC1BOV9ubXItelpudmFJbzdldjBsMHdwNDBUTm1kV0E4LXNWQzRGOXdibGJpZENCTWtUQmtLcy04NlFvZVliejZnMUxtcVhYY0EzMjFXbHgwcEhJYUdvVkhMSWlZVHl3?oc=5,"Sat, 12 Sep 2026 11:43:00 GMT",The Motley Fool,로봇/AI,https://www.fool.com/investing/2026/09/12/broadcom-ai-chip-revenue-grew-invest-worth/,www.fool.com,True,,True,,2026-09-13 09:07:11
미국,AI,AI,AI stock market earnings investment,Why Oracle's 'Solid' Results Aren't Giving Its Stock A Big Boost - Investor's Business Daily,https://news.google.com/rss/articles/CBMigAFBVV95cUxPTkdQbUQ4UkoxT3RXQ1pOMVRyWmlCeVF1OXZKXzQtWTVMb1JpTmNKOS1WUmFYSms0cGxsSzRobU83RDI0Z2ZlQUVFXzBUR0ZuTE9ST2ZBRVJ1b0tJTHk0N25SYUowQk5KbzZKUXZuWUJPb0xlQ05DbVdCdjNrdmtMcw?oc=5,"Fri, 11 Sep 2026 15:59:00 GMT",Investor's Business Daily,로봇/AI,https://www.investors.com/news/technology/oracle-stock-orcl-ai-q1-earnings/,www.investors.com,True,,True,,2026-09-13 09:07:11
미국,자동화,자동화,자동화 stock market earnings investment,How AI Is Impacting the World of Investing and 8 Ways You Can Use It - The Motley Fool,https://news.google.com/rss/articles/CBMirAFBVV95cUxPRFM2WEpqVGItNXlPbGZDUXVTNjQ1Ykk0bU1rNGJZTUdSTnNydlA2SHJ3ZnlVTGJFTm5RRllhdE1NcXpkcTR6WTNlZVZsN2JtN3dQRzVweWQyZm5vMWV1QjlDcl8zVG1DXy1QWHVIc08zS19ZbEt4cGRHMnBUZHNlVDRzVFdtX0tSMFNPNlRLOEd1ckx0SEV1WXZpSGIxczZwZmZLR3dRNlNjX0FE?oc=5,"Wed, 09 Sep 2026 20:55:00 GMT",The Motley Fool,로봇/AI,https://www.fool.com/investing/stock-market/market-sectors/information-technology/ai-stocks/ai-in-investing/,www.fool.com,True,,True,,2026-09-13 09:07:11
미국,AI,AI,AI stock market earnings investment,Why Stocks Are Defying Gravity and What Could Bring Them Down - nytimes.com,https://news.google.com/rss/articles/CBMiggFBVV95cUxPeVhZcEJvZ3BfMlcxazNWZFlTdUdaN0RZUk16aGh4TndmTTRFMnVrejJnbHA3eTRONzRrOXNlZ2ZrRG1sQlB0dFJqMlVPNzRNVG1PT0RvaDF4bGM0WFhrR2U5dS16VWlnNlUtb2tpWXhHdGVmTW1VdGJWR3dGVFlja0ln?oc=5,"Tue, 08 Sep 2026 09:04:14 GMT",nytimes.com,로봇/AI,https://news.google.com/rss/articles/CBMiggFBVV95cUxPeVhZcEJvZ3BfMlcxazNWZFlTdUdaN0RZUk16aGh4TndmTTRFMnVrejJnbHA3eTRONzRrOXNlZ2ZrRG1sQlB0dFJqMlVPNzRNVG1PT0RvaDF4bGM0WFhrR2U5dS16VWlnNlUtb2tpWXhHdGVmTW1VdGJWR3dGVFlja0ln?oc=5,,False,403 Client Error: Forbidden for url: https://www.nytimes.com/2026/09/08/business/stock-market-interest-rates.html,True,,2026-09-13 09:07:11
미국,AI,AI,AI stock market earnings investment,Weekly market commentary - BlackRock,https://news.google.com/rss/articles/CBMingFBVV95cUxQLWJDTjBBalYwVHVpc0VxV1BwRE1xeUt1RWlLQ1VJdnJQRXNnb3p6MnFNbjRBV0s0TnlldW4wSVIycFRQeVNISWJ3VV9wMWdjX1ZndE1Tc24tNzc0anNYWjl0SVBsRDhSa0dVTWlyVVYxX0w5b2JhTFB0Tm9Vb2FwYVZubTU1SVJlcy0zMEpXOEM4ZlhiSU1QazdVQVlldw?oc=5,"Tue, 08 Sep 2026 07:00:00 GMT",BlackRock,로봇/AI,https://news.google.com/rss/articles/CBMingFBVV95cUxQLWJDTjBBalYwVHVpc0VxV1BwRE1xeUt1RWlLQ1VJdnJQRXNnb3p6MnFNbjRBV0s0TnlldW4wSVIycFRQeVNISWJ3VV9wMWdjX1ZndE1Tc24tNzc0anNYWjl0SVBsRDhSa0dVTWlyVVYxX0w5b2JhTFB0Tm9Vb2FwYVZubTU1SVJlcy0zMEpXOEM4ZlhiSU1QazdVQVlldw?oc=5,,False,본문 수집 제한 개수를 초과했습니다.,False,,2026-09-13 09:07:11
미국,휴머노이드,휴머노이드,휴머노이드 stock market earnings investment,8 Best Robotics Stocks to Buy in 2026 and How to Invest - The Motley Fool,https://news.google.com/rss/articles/CBMinwFBVV95cUxPcmszUHNFLVJYODRkTnJuT09DLVZSV0lCRmt5TWNSWEViWVhGYWlsQmVqbmdFWnJnU2dsMHk3SGQ1bHV6ZHVwc2VFYlJvM1BaZHdRMkFfZ1paTGZ5LWNSVVRrLVJhU0tFNnRZX1pDQVVZZU54SS1neE9tLS1BM1BuWjE3VmZVLUtXVnhsTTB3VzV5czZ4WXFJNE80MGVvcTA?oc=5,"Thu, 03 Sep 2026 07:00:00 GMT",The Motley Fool,로봇/AI,https://news.google.com/rss/articles/CBMinwFBVV95cUxPcmszUHNFLVJYODRkTnJuT09DLVZSV0lCRmt5TWNSWEViWVhGYWlsQmVqbmdFWnJnU2dsMHk3SGQ1bHV6ZHVwc2VFYlJvM1BaZHdRMkFfZ1paTGZ5LWNSVVRrLVJhU0tFNnRZX1pDQVVZZU54SS1neE9tLS1BM1BuWjE3VmZVLUtXVnhsTTB3VzV5czZ4WXFJNE80MGVvcTA?oc=5,,False,본문 수집 제한 개수를 초과했습니다.,False,,2026-09-13 09:07:11
미국,휴머노이드,휴머노이드,휴머노이드 stock market earnings investment,"Goldman Sachs raises humanoid robot forecast, sees auto role - Investing.com",https://news.google.com/rss/articles/CBMivgFBVV95cUxQZ1h2Y0VmQlhRN29SWVgzNHlEc1lURUZRT1REelMzWGN6NkJ4emxvX2lXMVkyTV9XblpZZndJTzczS3Atai16a2tvcHlIWnVkZTJ0Yzhyb3k2UF9zUXlVTENDRWNGVTN6S0Z1YWx1cGN4czdYbUtBOTduMEVsb1JvSmNNdTNaYVQyNUJQMnZLZlQtdVFzMU5LbWRLdDY1VTM0ZE9FRTk0M2k3U2FMOElvdmZxZmFJaXR0UWUxcFF3?oc=5,"Mon, 31 Aug 2026 07:00:00 GMT",Investing.com,로봇/AI,https://news.google.com/rss/articles/CBMivgFBVV95cUxQZ1h2Y0VmQlhRN29SWVgzNHlEc1lURUZRT1REelMzWGN6NkJ4emxvX2lXMVkyTV9XblpZZndJTzczS3Atai16a2tvcHlIWnVkZTJ0Yzhyb3k2UF9zUXlVTENDRWNGVTN6S0Z1YWx1cGN4czdYbUtBOTduMEVsb1JvSmNNdTNaYVQyNUJQMnZLZlQtdVFzMU5LbWRLdDY1VTM0ZE9FRTk0M2k3U2FMOElvdmZxZmFJaXR0UWUxcFF3?oc=5,,False,본문 수집 제한 개수를 초과했습니다.,False,,2026-09-13 09:07:11
미국,휴머노이드,휴머노이드,휴머노이드 stock market earnings investment,The $1.7 Trillion Job Apocalypse: Why Investors Can’t Ignore Humanoid Robots - 24/7 Wall St.,https://news.google.com/rss/articles/CBMiuAFBVV95cUxPa3d4dmo2aEZ6VnVzZ0pianVUT0FwQ1hxRUUzQlh0eDFsbjE5VjBxaS0ydVJxdHRhWUxySFVhaGdKaDRFcDM0RzVCVXhBX2JNdUlYUHBvcVY5UkRLeHpBM0Q0UVhxVHdNZS1mTmhuYzdSYUU2a0IwUk9kMmRoalJRWm15ZXdpaDFPc1BmeFZZY2NyS2hGa3FUakdYMF93bDVRU3ZZc2JZY1hjbXNTSnBGbnB3QnJiaHA2?oc=5,"Sun, 23 Aug 2026 07:00:00 GMT",24/7 Wall St.,로봇/AI,https://news.google.com/rss/articles/CBMiuAFBVV95cUxPa3d4dmo2aEZ6VnVzZ0pianVUT0FwQ1hxRUUzQlh0eDFsbjE5VjBxaS0ydVJxdHRhWUxySFVhaGdKaDRFcDM0RzVCVXhBX2JNdUlYUHBvcVY5UkRLeHpBM0Q0UVhxVHdNZS1mTmhuYzdSYUU2a0IwUk9kMmRoalJRWm15ZXdpaDFPc1BmeFZZY2NyS2hGa3FUakdYMF93bDVRU3ZZc2JZY1hjbXNTSnBGbnB3QnJiaHA2?oc=5,,False,본문 수집 제한 개수를 초과했습니다.,False,,2026-09-13 09:07:11
미국,AI,AI,AI stock market earnings investment,Gains in AI company stakes juice second-quarter earnings for S&P 500 - Reuters,https://news.google.com/rss/articles/CBMiqAFBVV95cUxOdEoyTlBhdlZxOEhhZFREWWpnNDdtV0RDODN4eFFTcmV5T1RfenE3eFRHYzd0VUlrclYwN0w3YUJnWGRzSWZITEx5a2xvQkdVYmVzcHJsSGxBV2JCN2pIOVlhb19pSXVJTWVHVVRFSnVmTXlZWkMwSUFhMWRQeDAzVXY1WUVoWDliVGhJNE9vN3dJV2FyZTZqYmJZc1h3TFE5WDItZFprR1Y?oc=5,"Thu, 20 Aug 2026 07:00:00 GMT",Reuters,로봇/AI,https://news.google.com/rss/articles/CBMiqAFBVV95cUxOdEoyTlBhdlZxOEhhZFREWWpnNDdtV0RDODN4eFFTcmV5T1RfenE3eFRHYzd0VUlrclYwN0w3YUJnWGRzSWZITEx5a2xvQkdVYmVzcHJsSGxBV2JCN2pIOVlhb19pSXVJTWVHVVRFSnVmTXlZWkMwSUFhMWRQeDAzVXY1WUVoWDliVGhJNE9vN3dJV2FyZTZqYmJZc1h3TFE5WDItZFprR1Y?oc=5,,False,본문 수집 제한 개수를 초과했습니다.,False,,2026-09-13 09:07:11
미국,자동화,자동화,자동화 stock market earnings investment,Robotics 'Eyes' And 'Brains' Maker Catapults 85% As AI Checks In With Reality - Investor's Business Daily,https://news.google.com/rss/articles/CBMimgFBVV95cUxNcjR2bFVyTGhTd19RUW5TRmtfWG9JbGU5RXZJdmhmY05EV3BVR0N0UDE3c3FTMHBpaWdfN2VzX1k4ekxaT3E2UEp5WldnZmhhVVRXMWtiN2ZsNG1YaDVybVRHenFqUUxVRTVaTHppQlRGNVkwbklUTmkxVGMyYmUzREdYRmFxSHgyTC04elpmU0k1Q2FpR2Z6RDBn?oc=5,"Tue, 18 Aug 2026 07:00:00 GMT",Investor's Business Daily,로봇/AI,https://news.google.com/rss/articles/CBMimgFBVV95cUxNcjR2bFVyTGhTd19RUW5TRmtfWG9JbGU5RXZJdmhmY05EV3BVR0N0UDE3c3FTMHBpaWdfN2VzX1k4ekxaT3E2UEp5WldnZmhhVVRXMWtiN2ZsNG1YaDVybVRHenFqUUxVRTVaTHppQlRGNVkwbklUTmkxVGMyYmUzREdYRmFxSHgyTC04elpmU0k1Q2FpR2Z6RDBn?oc=5,,False,본문 수집 제한 개수를 초과했습니다.,False,,2026-09-13 09:07:11
미국,휴머노이드,휴머노이드,휴머노이드 stock market earnings investment,"A Complete Guide To Unitree Robotics’ 2026 IPO, Why It Matters For STAR Market ETF KSTR & Humanoid Robotics ETF KOID - KraneShares",https://news.google.com/rss/articles/CBMi0wFBVV95cUxOS3dYb3NzZTFhbHJGZ2pQb1NYMXBfcERxTXlsanhNa1g1aFRHREZiSUVtUkw0YTBMa0ZrVUlNLWtkYS1YMTlzRVFWQ1pHRVhmaFdSVHc3TWJKWkdYV3ZqeUpRTG5HZ25ZMWRNOWtkdElMZWxzU2RQeU5iYk9iajNrRUxHd3FZX1hXVzN5MzF1akY5bjdxNFBqT2UtODh3NHJ3WkVRLTNsbE1SX1NOTnUySFc5RnRHaU1vSTFjUWdwVGJrSFk1MThWNGRwdkJ5SVp4RjNR?oc=5,"Mon, 17 Aug 2026 07:00:00 GMT",KraneShares,로봇/AI,https://news.google.com/rss/articles/CBMi0wFBVV95cUxOS3dYb3NzZTFhbHJGZ2pQb1NYMXBfcERxTXlsanhNa1g1aFRHREZiSUVtUkw0YTBMa0ZrVUlNLWtkYS1YMTlzRVFWQ1pHRVhmaFdSVHc3TWJKWkdYV3ZqeUpRTG5HZ25ZMWRNOWtkdElMZWxzU2RQeU5iYk9iajNrRUxHd3FZX1hXVzN5MzF1akY5bjdxNFBqT2UtODh3NHJ3WkVRLTNsbE1SX1NOTnUySFc5RnRHaU1vSTFjUWdwVGJrSFk1MThWNGRwdkJ5SVp4RjNR?oc=5,,False,본문 수집 제한 개수를 초과했습니다.,False,,2026-09-13 09:07:11
미국,로봇,로봇,로봇 stock market earnings investment,Beyond Beep Boop: 5 Top Robotics Stocks to Buy Now - U.S. News Money,https://news.google.com/rss/articles/CBMiiwFBVV95cUxNWUlLMmtvOFZqci1PMmVKaUZCWWlYVEt5OHhoN1dWNHh2Tmw4UDRGalhSaVBmQlYybTZTaGFkSjNqS1BsRTVWUEJieWpnR29nVHdhcloyWEdxcTJ6RmphSUt0ZzZnb3JTUFNkUll3X2JPdTBGZWNPTTB5N0RxUlVvTEFSRVFONTN2ZkpZ?oc=5,"Wed, 17 Jun 2026 07:00:00 GMT",U.S. News Money,로봇/AI,https://news.google.com/rss/articles/CBMiiwFBVV95cUxNWUlLMmtvOFZqci1PMmVKaUZCWWlYVEt5OHhoN1dWNHh2Tmw4UDRGalhSaVBmQlYybTZTaGFkSjNqS1BsRTVWUEJieWpnR29nVHdhcloyWEdxcTJ6RmphSUt0ZzZnb3JTUFNkUll3X2JPdTBGZWNPTTB5N0RxUlVvTEFSRVFONTN2ZkpZ?oc=5,,False,본문 수집 제한 개수를 초과했습니다.,False,,2026-09-13 09:07:11
미국,휴머노이드,휴머노이드,휴머노이드 stock market earnings investment,Hyperscale Data (GPUS) Stock Looks Fully Valued After Humanoid Robot Production Starts - Yahoo Finance,https://news.google.com/rss/articles/CBMingFBVV95cUxNNG1KaUZJUm56c1plNWdpVW9oM3o2QXlRNzNtZ2ViMjFSZFdZdlNKNjJQTkZXanZ3TlR2SnYxTjNHZUFJNmVneGRxcDhMcmRzTkhBcFJGTjlzZjB5TTRKM1RMRzVsZFIwcFQ4QmVNd2ZSOUpVUVUwYW5QdTJZaHhkWFpHS1ZsMFg1R3ZTRlZ4QVJ0S1FVMjM3N3Y1anZEZw?oc=5,"Wed, 17 Jun 2026 07:00:00 GMT",Yahoo Finance,로봇/AI,https://news.google.com/rss/articles/CBMingFBVV95cUxNNG1KaUZJUm56c1plNWdpVW9oM3o2QXlRNzNtZ2ViMjFSZFdZdlNKNjJQTkZXanZ3TlR2SnYxTjNHZUFJNmVneGRxcDhMcmRzTkhBcFJGTjlzZjB5TTRKM1RMRzVsZFIwcFQ4QmVNd2ZSOUpVUVUwYW5QdTJZaHhkWFpHS1ZsMFg1R3ZTRlZ4QVJ0S1FVMjM3N3Y1anZEZw?oc=5,,False,본문 수집 제한 개수를 초과했습니다.,False,,2026-09-13 09:07:11
미국,자동화,자동화,자동화 stock market earnings investment,NKE Stock Slips Below 50-Day SMA: A Warning Sign for Investors? - Yahoo Finance,https://news.google.com/rss/articles/CBMikwFBVV95cUxQMjZOWjRNY0VsU0FGMjRLQXFoaktxeVVLSm5JVHZrQ29ZVVVBdWhDUnZpV3Fsc0p2QVM5WXNZU2Y1Qnl5VC0taUVJT3NIYjIzcF8zeHJnSlRmTkxyYXhFRFFaQjc3aUQwQ0d6QktKNnN3cmgzQzk2dnAyYU9LWnFPYkIxT211Zk9pV3otLVdHeUg4TFU?oc=5,"Wed, 03 Jun 2026 07:00:00 GMT",Yahoo Finance,로봇/AI,https://news.google.com/rss/articles/CBMikwFBVV95cUxQMjZOWjRNY0VsU0FGMjRLQXFoaktxeVVLSm5JVHZrQ29ZVVVBdWhDUnZpV3Fsc0p2QVM5WXNZU2Y1Qnl5VC0taUVJT3NIYjIzcF8zeHJnSlRmTkxyYXhFRFFaQjc3aUQwQ0d6QktKNnN3cmgzQzk2dnAyYU9LWnFPYkIxT211Zk9pV3otLVdHeUg4TFU?oc=5,,False,본문 수집 제한 개수를 초과했습니다.,False,,2026-09-13 09:07:11
미국,자동화,자동화,자동화 stock market earnings investment,AI impact on employment 2026: Labor market data and outlook - S&P Global,https://news.google.com/rss/articles/CBMilAFBVV95cUxPanRCS0pRZ0ZsS05aQUtycVpvVWk3UTlWS2xGVFBwV1FWZUtDaUpDUkM3cU92ZURCNlViVUR0YXVxYXptamVIaXI5Sy1ZWnZMMHM4RnZtSFNnZnJySk80YW5OR1Q5OEtvYVZLUy1SMi1fdWgzbVY2ckY0TFVKMU5qUGloMHdNa1E4aWdUd3hCR1FjYTli?oc=5,"Tue, 02 Jun 2026 07:00:00 GMT",S&P Global,로봇/AI,https://news.google.com/rss/articles/CBMilAFBVV95cUxPanRCS0pRZ0ZsS05aQUtycVpvVWk3UTlWS2xGVFBwV1FWZUtDaUpDUkM3cU92ZURCNlViVUR0YXVxYXptamVIaXI5Sy1ZWnZMMHM4RnZtSFNnZnJySk80YW5OR1Q5OEtvYVZLUy1SMi1fdWgzbVY2ckY0TFVKMU5qUGloMHdNa1E4aWdUd3hCR1FjYTli?oc=5,,False,본문 수집 제한 개수를 초과했습니다.,False,,2026-09-13 09:07:11
미국,자동화,자동화,자동화 stock market earnings investment,UiPath Reports First Quarter Fiscal 2027 Financial Results - Business Wire,https://news.google.com/rss/articles/CBMitgFBVV95cUxPejJJbTg3UVlKZ2lNZU4tRkEwRlBnUURob0tvWkpiVHN1bTNJTl9SaTRCcnFZN0RoanVJV1FZMnN2TGZjS2N6RFZ3VHhnUWNMY1V0aVVWREtsSDVQZ3hBQ19MMElMcFU0alRKUVROZERCT2IwLXZRVXBla3hCbGZsU0tOUGdrSjlsd0ZCV0o5ZFJQWWl0N2J2WnloNFJTRjNCNE1UdnBvbXdvUGlTZXdWa05SSW00Zw?oc=5,"Thu, 28 May 2026 07:00:00 GMT",Business Wire,로봇/AI,https://news.google.com/rss/articles/CBMitgFBVV95cUxPejJJbTg3UVlKZ2lNZU4tRkEwRlBnUURob0tvWkpiVHN1bTNJTl9SaTRCcnFZN0RoanVJV1FZMnN2TGZjS2N6RFZ3VHhnUWNMY1V0aVVWREtsSDVQZ3hBQ19MMElMcFU0alRKUVROZERCT2IwLXZRVXBla3hCbGZsU0tOUGdrSjlsd0ZCV0o5ZFJQWWl0N2J2WnloNFJTRjNCNE1UdnBvbXdvUGlTZXdWa05SSW00Zw?oc=5,,False,본문 수집 제한 개수를 초과했습니다.,False,,2026-09-13 09:07:11
미국,로봇,로봇,로봇 stock market earnings investment,5 Robotics Stocks to Watch as Physical AI Builds Momentum - Yahoo Finance,https://news.google.com/rss/articles/CBMingFBVV95cUxOVU16T2poNFYzMktZWTJlSWlmQ2ZKa1FkUWpXRmRlYlgwaG9sZjdWb0VSdndfVEFWbTFVNTRZdVJCQ0hMN3J4cUxrWDc1SVNmaXQzRkVWRENCczE5MUNZRExCNVNHekI0SUpRSnhoOFJJZlF1ZlYtUWVvTW5aR1pnVmZDU0NtRnZPNjc0VUt4cDJyOXRVekZONktnQ1pSQQ?oc=5,"Mon, 18 May 2026 07:00:00 GMT",Yahoo Finance,로봇/AI,https://news.google.com/rss/articles/CBMingFBVV95cUxOVU16T2poNFYzMktZWTJlSWlmQ2ZKa1FkUWpXRmRlYlgwaG9sZjdWb0VSdndfVEFWbTFVNTRZdVJCQ0hMN3J4cUxrWDc1SVNmaXQzRkVWRENCczE5MUNZRExCNVNHekI0SUpRSnhoOFJJZlF1ZlYtUWVvTW5aR1pnVmZDU0NtRnZPNjc0VUt4cDJyOXRVekZONktnQ1pSQQ?oc=5,,False,본문 수집 제한 개수를 초과했습니다.,False,,2026-09-13 09:07:11
미국,로봇,로봇,로봇 stock market earnings investment,Elon Musk’s $2-trillion SpaceX IPO tests how far investors will go for FOMO - Los Angeles Times,https://news.google.com/rss/articles/CBMiwAFBVV95cUxOLWdFaFBfVTBZUjZZQTZWWXJSVmVoMUt3a0NiU1dpTy1qT1pVTWtHMnY4LU5KMkhsUkJjVng4dFpwMkpGZTBrQ09xNm1UZHJoVk5sd1Vhcm45T2NaWGJzcDJSNDkyM0dZdFhTUzRScGFHTmZ4T01Fd0F4TmZkM3RUUV96akRUU1hLUU8wMmotMGIzX243dlJvTmIyRUZmNUlvYmUwcnItTTliNXRMWjhsMGpKRndBWGdGTDJxaXAwOXc?oc=5,"Mon, 18 May 2026 07:00:00 GMT",Los Angeles Times,로봇/AI,https://news.google.com/rss/articles/CBMiwAFBVV95cUxOLWdFaFBfVTBZUjZZQTZWWXJSVmVoMUt3a0NiU1dpTy1qT1pVTWtHMnY4LU5KMkhsUkJjVng4dFpwMkpGZTBrQ09xNm1UZHJoVk5sd1Vhcm45T2NaWGJzcDJSNDkyM0dZdFhTUzRScGFHTmZ4T01Fd0F4TmZkM3RUUV96akRUU1hLUU8wMmotMGIzX243dlJvTmIyRUZmNUlvYmUwcnItTTliNXRMWjhsMGpKRndBWGdGTDJxaXAwOXc?oc=5,,False,본문 수집 제한 개수를 초과했습니다.,False,,2026-09-13 09:07:11
미국,로봇,로봇,로봇 stock market earnings investment,Lattice Semiconductor Stock Is Up 150% Over the Past Year. Can LSCC Reach $170 by 2028? - TIKR.com,https://news.google.com/rss/articles/CBMirgFBVV95cUxQRUN3SWstbVN4RHZydnBnd3BJZ2ZmakFSaHN0a0ZkQWExX3JUWVVMX2d1VmpVT1pXY3hxdzRvTG0xVGJWd2MxM2J1YU55UWlVTTd5MHNTd3FKWm5rc2FPTHdYZlptdk9fd1U0bmRzcXg1NlItUHBrNUNROTFTUVhreW5aYWhWS3I1cHJteDYtb2dTOEhnRUVCNlN5U0R4dllPd05lX19UcThoODNKMXc?oc=5,"Fri, 01 May 2026 07:00:00 GMT",TIKR.com,로봇/AI,https://news.google.com/rss/articles/CBMirgFBVV95cUxQRUN3SWstbVN4RHZydnBnd3BJZ2ZmakFSaHN0a0ZkQWExX3JUWVVMX2d1VmpVT1pXY3hxdzRvTG0xVGJWd2MxM2J1YU55UWlVTTd5MHNTd3FKWm5rc2FPTHdYZlptdk9fd1U0bmRzcXg1NlItUHBrNUNROTFTUVhreW5aYWhWS3I1cHJteDYtb2dTOEhnRUVCNlN5U0R4dllPd05lX19UcThoODNKMXc?oc=5,,False,본문 수집 제한 개수를 초과했습니다.,False,,2026-09-13 09:07:11
미국,로봇,로봇,로봇 stock market earnings investment,Nvidia’s $20 Trillion Thesis Is Intact. My 2026 Allocation Isn’t - I/O Fund,https://news.google.com/rss/articles/CBMifEFVX3lxTFA1TzRtZjdKRnp5cVo2OUFlbnhfQ2RPcTB0Y09rVk04eUpWTDlTaFZMSnlXdzdYYzZtdFFtSlRTTGloSHpFblNfSnd1QWZkWFI1MWN1aVZSX01NMVRsOXd0bW4yQVNpWlpOVkZLV2dTOGpTOUdjT0tXaUVFZmI?oc=5,"Fri, 24 Apr 2026 07:00:00 GMT",I/O Fund,로봇/AI,https://news.google.com/rss/articles/CBMifEFVX3lxTFA1TzRtZjdKRnp5cVo2OUFlbnhfQ2RPcTB0Y09rVk04eUpWTDlTaFZMSnlXdzdYYzZtdFFtSlRTTGloSHpFblNfSnd1QWZkWFI1MWN1aVZSX01NMVRsOXd0bW4yQVNpWlpOVkZLV2dTOGpTOUdjT0tXaUVFZmI?oc=5,,False,본문 수집 제한 개수를 초과했습니다.,False,,2026-09-13 09:07:11
일본,AI,AI,AI 日本 株式市場 企業,【AI・半導体関連の日本株「3年後の成長予想」ランキングTOP5を分析】カブ知恵・藤井英敏氏が「1～3位よりも、4位、5位企業に投資妙味あり」と評価するワケ（マネーポストWEB） - Yahoo!ニュース,https://news.google.com/rss/articles/CBMif0FVX3lxTE84SGtuSjNhb1ZzSTNpMVlrT2wxanp6c25INm9kTFJpMjV5UVFza0tSLURpS2l5WXBWSGhlQndoWlpmTWNTWlQxMV9TdGFqVkU0Tk9hYTh5UGtIdUlsS2hFbGJLdV9xY0J4V3hIZDNNSnZRRjBSTXVIZ1FhYmJJcTg?oc=5,"Sun, 06 Sep 2026 07:15:00 GMT",Yahoo!ニュース,로봇/AI,https://news.yahoo.co.jp/articles/7ccb3992c0f2169f26c7c399e32139b48f0d05c7,news.yahoo.co.jp,True,,True,,2026-09-13 09:07:11
일본,AI,AI,AI 日本 株式市場 企業,【日本株】AI革命を支える｢AI･半導体｣関連の2銘柄！株価は乱高下しても業績成長に勢いがある｢キオクシアHD｣、AI半導体テスタの覇者｢アドバンテスト｣に注目 - ダイヤモンド・オンライン,https://news.google.com/rss/articles/CBMiU0FVX3lxTE8xSXRPT1RYNmRMalVjdmlTdHNWbkNrZ3JzYl9uUk9DdUtXZHNzeXNrbzFMQS1Md0hZRWk2TGY1UktYRHhMY09yTzV0UTFuRlZJeWVV?oc=5,"Sat, 29 Aug 2026 07:00:00 GMT",ダイヤモンド・オンライン,로봇/AI,https://diamond.jp/zai/articles/-/1072076,diamond.jp,True,,True,,2026-09-13 09:07:11
일본,AI,AI,AI 日本 株式市場 企業,AI・半導体だけではない!?株価上昇期待の好決算銘柄 - SBI証券,https://news.google.com/rss/articles/CBMif0FVX3lxTE1sSEhGdlVnWkI3bVliR2g2b1pLQm9MT2Q0MWhWNlJQajd2amZxNWY3RlhjREZCajJSSWl4R2pBeEFGYTVFelVTSFIxRVJ0U0JOWnZsVDdkVFZpNXM2cWR2LTZrUXlEdGJjamhIdW5RSWxqcXhNU05ZOTdkWHMzVDg?oc=5,"Fri, 14 Aug 2026 07:00:00 GMT",SBI証券,로봇/AI,https://go.sbisec.co.jp/media/report/dom_senryaku/dom_senryaku_260814.html,go.sbisec.co.jp,True,,True,,2026-09-13 09:07:11
일본,AI,AI,AI 日本 株式市場 企業,勝敗分かれるソフト株 「暴走AI」でセキュリティー企業は最高値 - 日本経済新聞,https://news.google.com/rss/articles/CBMibEFVX3lxTE0ycXBZcUZMcUk3NzJ2UmllRTh0SFNYOUR0aC03NjdOR0xmdUNSZUtzWUVSS0tzdm9FUFdlR2J6V3lvRkpVSjVnUEMyd1ZNNm9BUnRXYjhnOHQ4VXpLcFE1QTdnQVg0aUpfeVpCaA?oc=5,"Thu, 13 Aug 2026 07:00:00 GMT",日本経済新聞,로봇/AI,https://www.nikkei.com/article/DGXZQOGN128AP0S6A810C2000000/,www.nikkei.com,True,,True,,2026-09-13 09:07:11
일본,AI,AI,AI 日本 株式市場 企業,AI・半導体、金利上昇、防衛… 2026年後半の日本株テーマを深掘り 野村證券・大坂隼矢 - nomura.co.jp,https://news.google.com/rss/articles/CBMiX0FVX3lxTE9FcTJlMWNydnBNVDM3azJCTm1haUwzTlNmWE9pTzVoRTFlT3AxTEVDdml4NmhXSDVZV0VfMGdWeFhvX2N3TVI3RV9KWnFYVDg5MmtiOUdZSFhpN0lUMGpj?oc=5,"Wed, 12 Aug 2026 07:03:25 GMT",nomura.co.jp,로봇/AI,https://news.google.com/rss/articles/CBMiX0FVX3lxTE9FcTJlMWNydnBNVDM3azJCTm1haUwzTlNmWE9pTzVoRTFlT3AxTEVDdml4NmhXSDVZV0VfMGdWeFhvX2N3TVI3RV9KWnFYVDg5MmtiOUdZSFhpN0lUMGpj?oc=5,,False,본문 수집 제한 개수를 초과했습니다.,False,,2026-09-13 09:07:11
중동,AI,AI,AI Middle East Gulf Saudi UAE Qatar oil LNG defense energy investment,"Weapons, AI and nuclear power: Trump's Middle East formula - calcalistech.com",https://news.google.com/rss/articles/CBMiZ0FVX3lxTFAyeWxHOVU1SUIwMDZsVlJSYVJ1SWF0b1ByS0xIdEpkLTRTa0NJS0ZCQU80cUlrOGl2emhrTWtiLWJNMDNlSkpEMlRHVXRxeC1nT1NjMmhEN05md21hVEY3Mk1vaUZoY2s?oc=5,"Mon, 27 Jul 2026 07:00:00 GMT",calcalistech.com,로봇/AI,https://www.calcalistech.com/ctechnews/article/bajlcaz2p,www.calcalistech.com,True,,True,,2026-09-13 09:07:11
중동,AI,AI,AI Middle East Gulf Saudi UAE Qatar oil LNG defense energy investment,How Arab Gulf States View the Emerging Iran Deal - CSIS | Center for Strategic and International Studies,https://news.google.com/rss/articles/CBMif0FVX3lxTE91NE9wQ0o4b3ZGbXo3cG4wb1JKaWMyZzJtQThsOGV0alhfWFZKZWMwQTZYeGtLRUpRck1VZ0l4SHdtZWpyRDAtMmc3Nms1US1RU3k2MmhkM0xkNXlCNVNGVmN4amc5RUI0WXF1cmdCY3l6Mk9wbHQ0ZENsMmkwNDA?oc=5,"Tue, 26 May 2026 07:00:00 GMT",CSIS | Center for Strategic and International Studies,로봇/AI,https://www.csis.org/analysis/how-arab-gulf-states-view-emerging-iran-deal,www.csis.org,True,,True,,2026-09-13 09:07:11
중동,AI,AI,AI Middle East Gulf Saudi UAE Qatar oil LNG defense energy investment,Why the GCC is at an inflection point - EY,https://news.google.com/rss/articles/CBMinAFBVV95cUxNX0MyRU5nTUh4ZHRHZGZESktNcXZvSVF5WTdTRmJ6dV9BR1AwV19VeXJzMUZBc2RncGtya3V5TVAzZE80Rjhya2t6RG0tQ2Vmai1yekZERGNBSVRBdEYwYmJvNkF3ZFZlb1JpSi05clpXLVJLZFJHem1kVTJwYjJmNGdxVkd2eWVDczdTSVpHSzZpSndEUlJyYjhNd0g?oc=5,"Sun, 24 May 2026 21:21:49 GMT",EY,로봇/AI,https://www.ey.com/en_pk/insights/government-public-sector/why-the-gcc-is-at-an-inflection-point,www.ey.com,True,,True,,2026-09-13 09:07:11
중동,AI,AI,AI Middle East Gulf Saudi UAE Qatar oil LNG defense energy investment,The Impact of the Iran War on the Gulf’s Grand AI Plans - Middle East Institute,https://news.google.com/rss/articles/CBMiiwFBVV95cUxQbHJYdGtrUFhHUy1rNmcxNWdyZEJFbURuMDlKbXZrcC15d3MyRVhidVlPVVBCTWtWSlVJQjZuMno4RVRzay1lVTVKWDdmai12T0tCeHdIRkotam96LXdfWUpiWkNvY3pDam5WVThrRURYNHBiZjZ0Zldjc3hqZVFHRHFQQkVuT3ppV2E0?oc=5,"Fri, 22 May 2026 07:00:00 GMT",Middle East Institute,로봇/AI,https://mei.edu/publication/the-impact-of-the-iran-war-on-the-gulfs-grand-ai-plans/,mei.edu,True,,True,,2026-09-13 09:07:11
중동,AI,AI,AI Middle East Gulf Saudi UAE Qatar oil LNG defense energy investment,Iran Conflict Hits Foundations of Gulf Economies - Stimson Center,https://news.google.com/rss/articles/CBMihAFBVV95cUxONXl4UGVOQWN4bEtObEF6aHQyUUVPeWZUMFVQejJDcTE3RGpSVFBqcjRXdEc0cVBVN2xDWUNhLURMVEdaQlBMTGNXOEtMQWQxc0htS3c0bDByMUtNZkRGM2hEQlo5eGpwRGRoRnlYZTZTdERFcjFXWDhaVmVIWGJzTzlxTG4?oc=5,"Tue, 12 May 2026 07:00:00 GMT",Stimson Center,로봇/AI,https://news.google.com/rss/articles/CBMihAFBVV95cUxONXl4UGVOQWN4bEtObEF6aHQyUUVPeWZUMFVQejJDcTE3RGpSVFBqcjRXdEc0cVBVN2xDWUNhLURMVEdaQlBMTGNXOEtMQWQxc0htS3c0bDByMUtNZkRGM2hEQlo5eGpwRGRoRnlYZTZTdERFcjFXWDhaVmVIWGJzTzlxTG4?oc=5,,False,본문 수집 제한 개수를 초과했습니다.,False,,2026-09-13 09:07:11
국내,바이오,바이오,바이오,국산 첫 안구건조증 신약 탄생…삼성바이오 노사는 다시 ‘삐걱’ [바이오 주간 결산] - 팜이데일리,https://news.google.com/rss/articles/CBMibkFVX3lxTFBnWG1LZVl5Vk1sRXZxY2JHS1VDaU1kNjNaTEJoc3M1Y1p4c2lhVnowbEZUOHYyZEZOdTZ6djAyVkl2WFNJbEN6Ujg5TnVHejJXdmdIeks0OTV5eXU0dWlXSzdDYmhCSFZEb0RyOVhR?oc=5,"Sat, 12 Sep 2026 23:30:04 GMT",팜이데일리,바이오,https://pharm.edaily.co.kr/news/read?newsId=01197206645579792,pharm.edaily.co.kr,True,,True,,2026-09-13 09:08:06
국내,CDMO,CDMO,CDMO,삼성바이오로직스 '수주 가뭄'에도 추가 수주 기대 여전한 이유 - v.daum.net,https://news.google.com/rss/articles/CBMiT0FVX3lxTFA3WllrVWk5c1dURXJBdHgyV2RSa2diV283c0FscHZ1MG5jNkJmS0RNRXEzaDgwYlVCOGNVdnVEaE5sZUZfOEVsVWNxQ2lVcUk?oc=5,"Sat, 12 Sep 2026 23:02:07 GMT",v.daum.net,바이오,https://v.daum.net/v/20260913080207012,v.daum.net,True,,True,,2026-09-13 09:08:06
국내,신약,신약,신약,"""AI가 인류 멸망?""…지금은 수명 연장 '신약 개발' 도우미 - 데일리안",https://news.google.com/rss/articles/CBMi9wFBVV95cUxQQWJfeVJLbHhSZlRVSzk1Q2k3X2F5SEl6cmZvOVF2Vl9pYzFTQUp3U2ZKT0d6THRUMzBYTi1uMEtSVWhPdURYaDZEUURMZ2FqRWxFOG9lczJ4LUZUWjJveV9CYUVLTVpVUkFrajRENzg4V0NYdjN0ZUx5Umk5V0V6S2JRR1lxR1dsa0lFMlZHQnVRbDhCR0ZMV3NzV1NJQnN0Zy1ZdUJ6R01YbU5YR0xHVk84TXRheUFoOGVqVDk4T0VMamExNlJRcHdQSVh3N3hobXVibHRzTW8zN2trSU5tdG9iMFpkekUydko3WlRqczhnRkJtNXRr?oc=5,"Sat, 12 Sep 2026 20:00:00 GMT",데일리안,바이오,https://www.dailian.co.kr/news/view/1689428/AI-%EC%9D%B8%EB%A5%98-%EB%A9%B8%EB%A7%9D%EC%A7%80%EA%B8%88-%EC%88%98%EB%AA%85-%EC%97%B0%EC%9E%A5-%EC%8B%A0%EC%95%BD-2026,www.dailian.co.kr,True,,True,,2026-09-13 09:08:06
국내,임상,임상,임상,"노바티스, 신약 임상 연속 실패…차기 성장동력 흔들 - 데일리팜",https://news.google.com/rss/articles/CBMiUEFVX3lxTE5LV29qVFlUcVJteTVtNlh4Sm5xVEtQSzBGc0VweFAwa0VuWGxySGoza0lCTGRtWUdURmFtVHRWQ0tWNS1mLVNaMjI5czI3Y0tl?oc=5,"Sat, 12 Sep 2026 11:50:23 GMT",데일리팜,바이오,https://dailypharm.com/user/news/342422,dailypharm.com,True,,True,,2026-09-13 09:08:06
국내,바이오,바이오,바이오,"전북 소재 플라스바이오, 100억 규모 한·독 국제공동 R&D 과제 선정 - 뉴스1",https://news.google.com/rss/articles/CBMiVEFVX3lxTE1nM1JVUXZhTGN0bWd4eUtOeVp0TFA2QmdCQmp6RjJ5dWdOSUVkRWJSTTBtaEVyWThNOHlJU3lzcGNBMkNWSm52WlhXRkVDWWFyR2Jzc9IBWkFVX3lxTE9DMnhzMWNETC1saWtZLWN4bl9XTWx4QVhIMEZseTRPTTBuLVRsdVp1TWdzWFR0Q2xBMkUySzRseGlWVzBNdFlpNmJZZlh5VlpsT2N2UmJFdlpuZw?oc=5,"Sat, 12 Sep 2026 06:19:33 GMT",뉴스1,바이오,https://news.google.com/rss/articles/CBMiVEFVX3lxTE1nM1JVUXZhTGN0bWd4eUtOeVp0TFA2QmdCQmp6RjJ5dWdOSUVkRWJSTTBtaEVyWThNOHlJU3lzcGNBMkNWSm52WlhXRkVDWWFyR2Jzc9IBWkFVX3lxTE9DMnhzMWNETC1saWtZLWN4bl9XTWx4QVhIMEZseTRPTTBuLVRsdVp1TWdzWFR0Q2xBMkUySzRseGlWVzBNdFlpNmJZZlh5VlpsT2N2UmJFdlpuZw?oc=5,,False,본문 수집 제한 개수를 초과했습니다.,False,,2026-09-13 09:08:06
국내,CDMO,CDMO,CDMO,CDMO·제조강국 리포트 ⑦ 증설 넘어 공급망·맞춤형 제조로…K-바이오 CDMO 경쟁축 이동 - 금융경제플러스,https://news.google.com/rss/articles/CBMibEFVX3lxTE5NNVdEczd1N1lwSXpDdW1qcm5vcWhZc2p5ckFDSGNXZm92YU1DcVpmcVZaQUg5LThfYXp2RUNxU3ZzYlJLdzVITzltSXczMUxCTGpqOC12dlBYdWNwbGVuRFdFeHpzZEtLZmcxSQ?oc=5,"Sat, 12 Sep 2026 04:50:00 GMT",금융경제플러스,바이오,https://news.google.com/rss/articles/CBMibEFVX3lxTE5NNVdEczd1N1lwSXpDdW1qcm5vcWhZc2p5ckFDSGNXZm92YU1DcVpmcVZaQUg5LThfYXp2RUNxU3ZzYlJLdzVITzltSXczMUxCTGpqOC12dlBYdWNwbGVuRFdFeHpzZEtLZmcxSQ?oc=5,,False,본문 수집 제한 개수를 초과했습니다.,False,,2026-09-13 09:08:06
국내,FDA,FDA,FDA,"국산 38호 신약 '어나프라주', 美 FDA 미팅 본격화 … 3상·허가 준비 속도 - 뉴데일리",https://news.google.com/rss/articles/CBMie0FVX3lxTE5ja1Z3SXhpYmpacEpfT1pZUmJSYjdFN0FqQkZEdE5fMWtuYjVUMV9yT19TUlRVN3RLNE1fdnVXeHM3Q1d5NFRLNEthbWtuQ1VBVTZ4bUQwVmVqR0tQUWNaVWNCX3U3T19samIxdGRqeHQ5Q2JpZlQweUIwONIBgAFBVV95cUxOQldXUTlYT0Z6RmRTVGxzZVF6QUNNaHRaZU5ZVjdMaUc0V0stby1nNkNyYVUxekdUanpuRXVrLTBpX19iVktjdGdBZUtCTktyZlU5VXNCTkh5NEdBckdNXzNUcUFGSm4wcjh1dEpreUhXLVI2dnd6dE81UnVqQkM1eg?oc=5,"Sat, 12 Sep 2026 02:21:19 GMT",뉴데일리,바이오,https://news.google.com/rss/articles/CBMie0FVX3lxTE5ja1Z3SXhpYmpacEpfT1pZUmJSYjdFN0FqQkZEdE5fMWtuYjVUMV9yT19TUlRVN3RLNE1fdnVXeHM3Q1d5NFRLNEthbWtuQ1VBVTZ4bUQwVmVqR0tQUWNaVWNCX3U3T19samIxdGRqeHQ5Q2JpZlQweUIwONIBgAFBVV95cUxOQldXUTlYT0Z6RmRTVGxzZVF6QUNNaHRaZU5ZVjdMaUc0V0stby1nNkNyYVUxekdUanpuRXVrLTBpX19iVktjdGdBZUtCTktyZlU5VXNCTkh5NEdBckdNXzNUcUFGSm4wcjh1dEpreUhXLVI2dnd6dE81UnVqQkM1eg?oc=5,,False,본문 수집 제한 개수를 초과했습니다.,False,,2026-09-13 09:08:06
국내,바이오,바이오,바이오,"[바이오사이언스] K바이오, 해외신약 '선점 경쟁'…1조원 베팅도 - 연합뉴스",https://news.google.com/rss/articles/CBMiW0FVX3lxTE5sa0pKTGVLQXVoS0p3ckFFUTJpMUNOYlU1Q1FlTDhRS3B1MjVwZUZoc01yVXpvTTFtUGtwcnJDR1M3bFN0OEQ2SE4yNDB3NW9zbkVCSFJhdUY4cXfSAWBBVV95cUxNS0t5V0txS19UWTRnNVVDd01kclVicXVaMldTUUNGOWxnU0RQM3VQaDlyT2ozZ05COGZGQlktek15a0pOeVEzOEJuX3FobERFREc5VFdnb0ZjNXZYWWZkcFg?oc=5,"Sat, 12 Sep 2026 01:30:01 GMT",연합뉴스,바이오,https://news.google.com/rss/articles/CBMiW0FVX3lxTE5sa0pKTGVLQXVoS0p3ckFFUTJpMUNOYlU1Q1FlTDhRS3B1MjVwZUZoc01yVXpvTTFtUGtwcnJDR1M3bFN0OEQ2SE4yNDB3NW9zbkVCSFJhdUY4cXfSAWBBVV95cUxNS0t5V0txS19UWTRnNVVDd01kclVicXVaMldTUUNGOWxnU0RQM3VQaDlyT2ozZ05COGZGQlktek15a0pOeVEzOEJuX3FobERFREc5VFdnb0ZjNXZYWWZkcFg?oc=5,,False,본문 수집 제한 개수를 초과했습니다.,False,,2026-09-13 09:08:06
국내,바이오,바이오,바이오,"""항체만으론 부족"" 글로벌 CDMO 영토 확장…삼성바이오도 잰걸음 - 머니투데이 - 머니투데이",https://news.google.com/rss/articles/CBMiakFVX3lxTE5aN0xscUdUMDVXQUlKVllLWE5lUDc5RHdUb0laeWhCcElxaGNuWXRBX21xRU84N1V3NUkwOU9xVVpWTFZDMkJVNmI2RTJsbzVHd3YzT3Rmc1JDTVp6R2dRY0lmMHNtOC0yNmfSAW9BVV95cUxPQUhSRmg0LU1fdGhUbGlkTmRVZ3otZ3hJelZlc0o2RlZMYS1qbWhGMVRvSkNnZXk1QWVsVDl5WXN6R1l4UjloVzhud0V6WjNrNFkxWFVkQloxUlBDdURqZ0NnakRKYXdNWUZwakZxNzg?oc=5,"Sat, 12 Sep 2026 00:00:00 GMT",머니투데이,바이오,https://news.google.com/rss/articles/CBMiakFVX3lxTE5aN0xscUdUMDVXQUlKVllLWE5lUDc5RHdUb0laeWhCcElxaGNuWXRBX21xRU84N1V3NUkwOU9xVVpWTFZDMkJVNmI2RTJsbzVHd3YzT3Rmc1JDTVp6R2dRY0lmMHNtOC0yNmfSAW9BVV95cUxPQUhSRmg0LU1fdGhUbGlkTmRVZ3otZ3hJelZlc0o2RlZMYS1qbWhGMVRvSkNnZXk1QWVsVDl5WXN6R1l4UjloVzhud0V6WjNrNFkxWFVkQloxUlBDdURqZ0NnakRKYXdNWUZwakZxNzg?oc=5,,False,본문 수집 제한 개수를 초과했습니다.,False,,2026-09-13 09:08:06
국내,FDA,FDA,FDA,1960년대 美 FDA보다 못한 우리나라 식약처 - 조선일보,https://news.google.com/rss/articles/CBMihAFBVV95cUxPb05hQTlCZjlNNC1FMGY5a0xiTWZ6aDJoa05wN0FaQWVKdkJIZ0t2Z0IzZDZMVEJkRU9UMkRibmNENVZfWmgxVVJXMzA3NGZvTFFOSWR1UnByQzl1c0t1czZieVFLc3VSQUV2RnNkQ3JwYU5pa3U3dzBnNmU2ckRRYnpkdVA?oc=5,"Fri, 11 Sep 2026 15:45:29 GMT",조선일보,바이오,https://news.google.com/rss/articles/CBMihAFBVV95cUxPb05hQTlCZjlNNC1FMGY5a0xiTWZ6aDJoa05wN0FaQWVKdkJIZ0t2Z0IzZDZMVEJkRU9UMkRibmNENVZfWmgxVVJXMzA3NGZvTFFOSWR1UnByQzl1c0t1czZieVFLc3VSQUV2RnNkQ3JwYU5pa3U3dzBnNmU2ckRRYnpkdVA?oc=5,,False,본문 수집 제한 개수를 초과했습니다.,False,,2026-09-13 09:08:06
국내,FDA,FDA,FDA,"이노비오, H.C. 웨인라이트 컨퍼런스: FDA 심사 및 출시 임박 - kr.investing.com",https://news.google.com/rss/articles/CBMib0FVX3lxTE9MMDNqZk1md2dYR0N0MUg1bjZjQVVpVXpMWHM1Rl9FWjZYdXZRSi1ENXlfaFhXZGM0Y3RFNUJiSlJsNTNrV3NrX2tMVjV2R1R4c0N1LTlSbnJYYkw5Z2h0WnpUNmVnYmV4ejFySGdfdw?oc=5,"Fri, 11 Sep 2026 12:13:00 GMT",kr.investing.com,바이오,https://news.google.com/rss/articles/CBMib0FVX3lxTE9MMDNqZk1md2dYR0N0MUg1bjZjQVVpVXpMWHM1Rl9FWjZYdXZRSi1ENXlfaFhXZGM0Y3RFNUJiSlJsNTNrV3NrX2tMVjV2R1R4c0N1LTlSbnJYYkw5Z2h0WnpUNmVnYmV4ejFySGdfdw?oc=5,,False,본문 수집 제한 개수를 초과했습니다.,False,,2026-09-13 09:08:06
국내,임상,임상,임상,"SK바이오팜, 1조 신약임상 제동…""11월께 FDA 보류 해제될 것"" - 한국경제",https://news.google.com/rss/articles/CBMiWkFVX3lxTFBYSDdyVFRpUVpZN2xoS0hhMEtkNXR0clg0TG9YQS1LTjI4U1MxdDVVVldtYVNhYUhkUkFOSjFncS1Mcm0tMmhiR1hIb19fSGN6NlZwTnRYcFFLZw?oc=5,"Fri, 11 Sep 2026 09:41:10 GMT",한국경제,바이오,https://news.google.com/rss/articles/CBMiWkFVX3lxTFBYSDdyVFRpUVpZN2xoS0hhMEtkNXR0clg0TG9YQS1LTjI4U1MxdDVVVldtYVNhYUhkUkFOSjFncS1Mcm0tMmhiR1hIb19fSGN6NlZwTnRYcFFLZw?oc=5,,False,본문 수집 제한 개수를 초과했습니다.,False,,2026-09-13 09:08:06
국내,CDMO,CDMO,CDMO,"유한양행 해외 매출, 원료藥 중심 2270억···비결은 CDMO·합성기술 - 시사저널e",https://news.google.com/rss/articles/CBMidkFVX3lxTFBQTXlTTWROWVBjcWVFaEtvOUVKSTVvdk9JZHVUOWdNR0JDb0otYWxSdUdhN0pGbGlHSVJnMlVHTF9kS3gtVldnU1NLUGt1bVYyMFBWOGJFYVdIb2FxQXZRNVFUZDlBV1Yzb01YVk5rcTFlMWxhX1HSAXZBVV95cUxQUE15U01kTllQY3FlRWhLbzlFSkk1b3ZPSWR1VDlnTUdCQ29KLWFsUnVHYTdKRmxpR0lSZzJVR0xfZEt4LVZXZ1NTS1BrdW1WMjBQVjhiRWFXSG9hcUF2UTVRVGQ5QVdWM29NWFZOa3ExZTFsYV9R?oc=5,"Fri, 11 Sep 2026 08:20:06 GMT",시사저널e,바이오,https://news.google.com/rss/articles/CBMidkFVX3lxTFBQTXlTTWROWVBjcWVFaEtvOUVKSTVvdk9JZHVUOWdNR0JDb0otYWxSdUdhN0pGbGlHSVJnMlVHTF9kS3gtVldnU1NLUGt1bVYyMFBWOGJFYVdIb2FxQXZRNVFUZDlBV1Yzb01YVk5rcTFlMWxhX1HSAXZBVV95cUxQUE15U01kTllQY3FlRWhLbzlFSkk1b3ZPSWR1VDlnTUdCQ29KLWFsUnVHYTdKRmxpR0lSZzJVR0xfZEt4LVZXZ1NTS1BrdW1WMjBQVjhiRWFXSG9hcUF2UTVRVGQ5QVdWM29NWFZOa3ExZTFsYV9R?oc=5,,False,본문 수집 제한 개수를 초과했습니다.,False,,2026-09-13 09:08:06
국내,임상,임상,임상,"GC녹십자, 코로나19 mRNA 백신 임상 2상 IND 승인…연내 첫 환자 투약 - 팜이데일리",https://news.google.com/rss/articles/CBMibkFVX3lxTE5jVnptcUJ6dXdGZDJSVGlzTUMxRmZFeTF3M2QwYVgzZGdTczNEOXdHWk9tVHlDSmk3RURQMkpLUllOYnFodXp1WEplUDZLZVB6NC1zNk02c19SY0o1YVgwMHZjVHVTSWpQQXo2dzVn?oc=5,"Fri, 11 Sep 2026 05:34:02 GMT",팜이데일리,바이오,https://news.google.com/rss/articles/CBMibkFVX3lxTE5jVnptcUJ6dXdGZDJSVGlzTUMxRmZFeTF3M2QwYVgzZGdTczNEOXdHWk9tVHlDSmk3RURQMkpLUllOYnFodXp1WEplUDZLZVB6NC1zNk02c19SY0o1YVgwMHZjVHVTSWpQQXo2dzVn?oc=5,,False,본문 수집 제한 개수를 초과했습니다.,False,,2026-09-13 09:08:06
국내,신약,신약,신약,"김민석, ‘신약 로비 논란’ 김승원 후보자에 “보면 볼수록 잘된 인사” - 경향신문",https://news.google.com/rss/articles/CBMiWkFVX3lxTE5TdEJoYXU5OVlPMy1SeFA5dWZ5VWJNbzNySnNoXzlKQTl2WkF4bEhQcjZ1dDhVcjVGMF9HZVVSMGxWSFV4WHdpWnI0MmZGaUs3QnRuZ3ZNVXo3UdIBX0FVX3lxTFBUQkFjbWt1NVlqVUI3cmlpbzl1MjNWbG5YQVB5dDhLV3V2S1Vyc0FENkVGZkVMU2Y5aGcta2JNcFRoeUNqSmlmQUNkcGpHd1FCZlVHc0pZTDFRNm5FTXY0?oc=5,"Fri, 11 Sep 2026 02:10:00 GMT",경향신문,바이오,https://news.google.com/rss/articles/CBMiWkFVX3lxTE5TdEJoYXU5OVlPMy1SeFA5dWZ5VWJNbzNySnNoXzlKQTl2WkF4bEhQcjZ1dDhVcjVGMF9HZVVSMGxWSFV4WHdpWnI0MmZGaUs3QnRuZ3ZNVXo3UdIBX0FVX3lxTFBUQkFjbWt1NVlqVUI3cmlpbzl1MjNWbG5YQVB5dDhLV3V2S1Vyc0FENkVGZkVMU2Y5aGcta2JNcFRoeUNqSmlmQUNkcGpHd1FCZlVHc0pZTDFRNm5FTXY0?oc=5,,False,본문 수집 제한 개수를 초과했습니다.,False,,2026-09-13 09:08:06
국내,임상,임상,임상,“해외 2·3상 괜찮다”는 김승원 해명…인도 임상 기록은 달랐다 - 팜이데일리,https://news.google.com/rss/articles/CBMibkFVX3lxTFBMUzVIR0NPenhfWHFRQWdYbVZrcS13clFWbU82aU5tWWhlUDJZV01TVmdZVHVoQ3Q3RVhxdllKaFozTzJ4SG1vX0xMSWFLbV9qR3NJTzZGblJFeERTWkY4UHRRdjAwdEl2eGlRRHNB?oc=5,"Thu, 10 Sep 2026 22:00:07 GMT",팜이데일리,바이오,https://news.google.com/rss/articles/CBMibkFVX3lxTFBMUzVIR0NPenhfWHFRQWdYbVZrcS13clFWbU82aU5tWWhlUDJZV01TVmdZVHVoQ3Q3RVhxdllKaFozTzJ4SG1vX0xMSWFLbV9qR3NJTzZGblJFeERTWkY4UHRRdjAwdEl2eGlRRHNB?oc=5,,False,본문 수집 제한 개수를 초과했습니다.,False,,2026-09-13 09:08:06
국내,FDA,FDA,FDA,"이병환 스카이랩스 대표 ""오츠카와 美 파트너 논의…내년 FDA 승인 목표"" - 팜이데일리",https://news.google.com/rss/articles/CBMibkFVX3lxTFAxVUZsTkhvSnhaeW16Wk1Gc3JUb3hQUDVMTzNEUE85RkozVXZWU01keEZESFNKeUNEV0wyNDUtZlFFRldIZEs1dlh2dEt0WGxWaWFRZkVya0NxemNtdVJlbGhUY3JhR0pqT3lSa2NB?oc=5,"Thu, 10 Sep 2026 22:00:06 GMT",팜이데일리,바이오,https://news.google.com/rss/articles/CBMibkFVX3lxTFAxVUZsTkhvSnhaeW16Wk1Gc3JUb3hQUDVMTzNEUE85RkozVXZWU01keEZESFNKeUNEV0wyNDUtZlFFRldIZEs1dlh2dEt0WGxWaWFRZkVya0NxemNtdVJlbGhUY3JhR0pqT3lSa2NB?oc=5,,False,본문 수집 제한 개수를 초과했습니다.,False,,2026-09-13 09:08:06
국내,FDA,FDA,FDA,"SK바팜, 계약금 4억弗 딜 'Kv7 약물' ""FDA 임상보류"" - 바이오스펙테이터",https://news.google.com/rss/articles/CBMiV0FVX3lxTFB0VkZUaUtUZl83dHliM2ZfQ1QxMlEwUm5oMTc1S0pySF8yYzdoc09WalNzbFB0ay1HTUxMOEYyVUxQOHNkemNpU3o0VVZDV3ozUDlXdW8tWQ?oc=5,"Thu, 10 Sep 2026 11:51:00 GMT",바이오스펙테이터,바이오,https://news.google.com/rss/articles/CBMiV0FVX3lxTFB0VkZUaUtUZl83dHliM2ZfQ1QxMlEwUm5oMTc1S0pySF8yYzdoc09WalNzbFB0ay1HTUxMOEYyVUxQOHNkemNpU3o0VVZDV3ozUDlXdW8tWQ?oc=5,,False,본문 수집 제한 개수를 초과했습니다.,False,,2026-09-13 09:08:06
국내,CDMO,CDMO,CDMO,"삼성바이오, 3508억 CDMO 계약 또 따냈다 - 한국경제",https://news.google.com/rss/articles/CBMiWkFVX3lxTE1TOGY2RGtVNjJPRGtlVWhTR2FBd0h1cjJkTUxyV04zQUVVcmJycFBvNkZhaHNyQzZfYjdFNU53MGlpelNqNTFkUVgyMTU1ZHNVQTFsNk5JUzVmdw?oc=5,"Thu, 10 Sep 2026 08:02:15 GMT",한국경제,바이오,https://news.google.com/rss/articles/CBMiWkFVX3lxTE1TOGY2RGtVNjJPRGtlVWhTR2FBd0h1cjJkTUxyV04zQUVVcmJycFBvNkZhaHNyQzZfYjdFNU53MGlpelNqNTFkUVgyMTU1ZHNVQTFsNk5JUzVmdw?oc=5,,False,본문 수집 제한 개수를 초과했습니다.,False,,2026-09-13 09:08:06
국내,바이오,바이오,바이오,“촐싹대더니 판 다 엎었다”…삼성바이오로직스 노조 ‘2차 파업 협박’에 내부 비판 폭발 - v.daum.net,https://news.google.com/rss/articles/CBMiT0FVX3lxTE9YMkJxc19MRmdlWFNZclNkSjJNc1NYY0U2OUc2WWVlWGdnSVpjTmZCaElXaU01blZ1UFJUZHpDdzcyNTJEaEV5eHB0YXRFek0?oc=5,"Thu, 10 Sep 2026 06:25:52 GMT",v.daum.net,바이오,https://news.google.com/rss/articles/CBMiT0FVX3lxTE9YMkJxc19MRmdlWFNZclNkSjJNc1NYY0U2OUc2WWVlWGdnSVpjTmZCaElXaU01blZ1UFJUZHpDdzcyNTJEaEV5eHB0YXRFek0?oc=5,,False,본문 수집 제한 개수를 초과했습니다.,False,,2026-09-13 09:08:06
국내,신약,신약,신약,"일양약품, AI·양자컴퓨팅·mRNA 기반 혁신 신약 개발 확대 - 머니투데이 - 머니투데이",https://news.google.com/rss/articles/CBMiakFVX3lxTE5JM1dTV3FpcHN5ejlBWXMzeUMycmIweUVRSWY0T0JydmFKU0lBNWdVcEZmQlhhaVRsZW1GS2drMjY5Ym0tcEZxRmIxYVBfQjdJVS0xVm1pVUJBUWN1ZXRxMVYtbkFyRXR2YnfSAW9BVV95cUxPdThRSEZVMFRPQVRtVUJFeXFSRWdQMGk2dkMyZVZwQ2JRQ0owZjNsQ3o4NTZwMWhkZjd1ZEpfU0VEMUxuMkFlVlNtUV8xRnZwSmEtVXpWOC15cFhJS0c4eFBqMmJuSktzN2pfVWFONFE?oc=5,"Thu, 10 Sep 2026 05:48:36 GMT",머니투데이,바이오,https://news.google.com/rss/articles/CBMiakFVX3lxTE5JM1dTV3FpcHN5ejlBWXMzeUMycmIweUVRSWY0T0JydmFKU0lBNWdVcEZmQlhhaVRsZW1GS2drMjY5Ym0tcEZxRmIxYVBfQjdJVS0xVm1pVUJBUWN1ZXRxMVYtbkFyRXR2YnfSAW9BVV95cUxPdThRSEZVMFRPQVRtVUJFeXFSRWdQMGk2dkMyZVZwQ2JRQ0owZjNsQ3o4NTZwMWhkZjd1ZEpfU0VEMUxuMkFlVlNtUV8xRnZwSmEtVXpWOC15cFhJS0c4eFBqMmJuSktzN2pfVWFONFE?oc=5,,False,본문 수집 제한 개수를 초과했습니다.,False,,2026-09-13 09:08:06
국내,임상,임상,임상,"송도세브란스병원, 임상교원 108명 선 채용…2028년 준공 목표 - 후생신보",https://news.google.com/rss/articles/CBMiRkFVX3lxTE94eE4tQ2cxSHlSbUdfUE9nNE9hTmdld3lJSk13S0hrX191a0dqUTJhQkFQQ1ktZzlBU01fcGlvd2VPZ0tHWWc?oc=5,"Thu, 10 Sep 2026 00:26:00 GMT",후생신보,바이오,https://news.google.com/rss/articles/CBMiRkFVX3lxTE94eE4tQ2cxSHlSbUdfUE9nNE9hTmdld3lJSk13S0hrX191a0dqUTJhQkFQQ1ktZzlBU01fcGlvd2VPZ0tHWWc?oc=5,,False,본문 수집 제한 개수를 초과했습니다.,False,,2026-09-13 09:08:06
미국,CDMO,CDMO,CDMO stock market earnings investment,"Small Cap Stock Laurus Labs Crosses Rs 1 Lakh Crore Market Cap: Are Valuations Justified? Buy, Hold Or Sell? - Dalal Street Investment Journal",https://news.google.com/rss/articles/CBMi6AFBVV95cUxOYWN3dWZOVGJUWnp1bExBNDlsMXpncEZKakxzQ0kzTk5CYVJ0aFkzcUJQVHNfZzhnalpEQTltR21Da3NwUmdfaVlRdFhMNTZUYmRrTE9JRlF4dmtvemM1aDBBakF6NDZ0MmZHUll6LVhQWDh1U0lHMlhMSS05TGwzTnR6cGdqNmNadGpKN1lCWEdYbFFtN2h0YWVOZkFZTEkzRU1RWWtyOE5mdVVKajgzaWlydjlBckl1a2daVDQ3Zk1jTW1COUEyQUpEcmNiNG5QVkxDaTd6ZzlXREpIMFVBeFN5UURJRGty?oc=5,"Fri, 11 Sep 2026 11:49:37 GMT",Dalal Street Investment Journal,바이오,https://insights.dsij.in/dsijarticledetail/small-cap-stock-laurus-labs-crosses-rs-1-lakh-crore-market-cap-are-valuations-justified-buy-hold-or-sell-59508,insights.dsij.in,True,,True,,2026-09-13 09:08:06
미국,임상,임상,임상 stock market earnings investment,5 Best Psychedelic Stocks for 2026 and How to Invest - The Motley Fool,https://news.google.com/rss/articles/CBMikwFBVV95cUxNRXFQSzVHZ0tjdGRNNXExQjdVRWJIOWswNUNPZWFvMHM3X3pSX01PM0VEVENBSkVSOC10aTlNc29oejZqcGZkcE1QbWtWeXZxYk1DZmVCSXRya1pjRnBMbVlvNDJobzFzVTdJMDV3Wm5kMFFFakRUZm9UQnAtcERVWWlmOF82RE11T2JQYWhzV1E1YkE?oc=5,"Thu, 10 Sep 2026 18:18:00 GMT",The Motley Fool,바이오,https://www.fool.com/investing/stock-market/market-sectors/healthcare/psychedelic-stocks/,www.fool.com,True,,True,,2026-09-13 09:08:06
미국,CDMO,CDMO,CDMO stock market earnings investment,Lonza Group stock slips as investors weigh 2026 earnings outlook - ad-hoc-news.de,https://news.google.com/rss/articles/CBMixgFBVV95cUxOekpwcHIwRDJXR1g2UWtuT3BtdS1BNXYxNHYtczlSU1cyWjRDQl9jM0RIWlJ0WDExZlRaeHNpTFBwUDVwbVYxWEVMelF5UXhPZXJpaVhfSDVsb1pzVGJjZUtWVG9YOVlyOXZLWWZELV9SSmszOUowNWV5bWZjckotTEpuZ1V1YjAwLW5EbG55TmxjN2tmRXVVRDNpLTNqaUMyYThnR1FpUE9YMms4TXBOWGlQTXE2TElXb3RNX0lRemxrTHM3Q1E?oc=5,"Wed, 09 Sep 2026 12:30:47 GMT",ad-hoc-news.de,바이오,https://www.ad-hoc-news.de/boerse/news/corporate-news/lonza-group-stock-slips-as-investors-weigh-2026-earnings-outlook/70075487,www.ad-hoc-news.de,True,,True,,2026-09-13 09:08:06
미국,바이오,바이오,바이오 stock market earnings investment,"""With Interest Rates at 5%, Investors Tremble Over Melting Accounts...But Some Stocks Are Smiling [Real Life Investment]"" - 아시아경제",https://news.google.com/rss/articles/CBMiekFVX3lxTFAxaTY5dUlDZk9ZWlZibTN5XzdGMk5WWFpjWWZsTVlnUUxHZ0g0MUw0emR2T3RvLTRadjFnX2VJNGN2NW5aZHA3d1R3THRFc1hFNlJyMVVGZDRld0dVYVdVa0NVSlBPaEFPWHlGVk9iX1RxUlQwMFhNM05B?oc=5,"Tue, 08 Sep 2026 22:38:00 GMT",아시아경제,바이오,https://news.google.com/rss/articles/CBMiekFVX3lxTFAxaTY5dUlDZk9ZWlZibTN5XzdGMk5WWFpjWWZsTVlnUUxHZ0g0MUw0emR2T3RvLTRadjFnX2VJNGN2NW5aZHA3d1R3THRFc1hFNlJyMVVGZDRld0dVYVdVa0NVSlBPaEFPWHlGVk9iX1RxUlQwMFhNM05B?oc=5,,False,"HTTPSConnectionPool(host='www.asiae.co.kr', port=443): Max retries exceeded with url: /en/article/market-analysis/2026090811190137610 (Caused by ConnectTimeoutError(<HTTPSConnection(host='www.asiae.co.kr', port=443) at 0x7f920694d790>, 'Connection to www.asiae.co.kr timed out. (connect timeout=10)'))",True,,2026-09-13 09:08:06
미국,FDA,FDA,FDA stock market earnings investment,AstraZeneca stock gains on FDA breast cancer approval and analyst support - ad-hoc-news.de,https://news.google.com/rss/articles/CBMi0gFBVV95cUxQQWhYMkVmUXBrYmRNTXFjX18xcDR0R1VXOFhTSnk4SVpxTWdUbHA0bEVQZXMtU3k3ajlEN1R1blpCQ0wyTFdhWXhZR3RORnB1UGY4UkZsZ1MtQmJBTlJrYzJBUnZKN2t5b1pwSkthRUJuSHE4U0I1S1ZZdXZOZHk4clg5ajJ0ZW9SaDJGYlAycDhsUS1hM0RnXzIzU0oxMnNKcG9vTkYwWjJHdjFTSmptNXAzeGxhdEtXYTFZRDY3ZFRaRGc4eVVsdkhmbWxXeExmbnc?oc=5,"Mon, 07 Sep 2026 16:55:47 GMT",ad-hoc-news.de,바이오,https://news.google.com/rss/articles/CBMi0gFBVV95cUxQQWhYMkVmUXBrYmRNTXFjX18xcDR0R1VXOFhTSnk4SVpxTWdUbHA0bEVQZXMtU3k3ajlEN1R1blpCQ0wyTFdhWXhZR3RORnB1UGY4UkZsZ1MtQmJBTlJrYzJBUnZKN2t5b1pwSkthRUJuSHE4U0I1S1ZZdXZOZHk4clg5ajJ0ZW9SaDJGYlAycDhsUS1hM0RnXzIzU0oxMnNKcG9vTkYwWjJHdjFTSmptNXAzeGxhdEtXYTFZRDY3ZFRaRGc4eVVsdkhmbWxXeExmbnc?oc=5,,False,본문 수집 제한 개수를 초과했습니다.,False,,2026-09-13 09:08:06
미국,FDA,FDA,FDA stock market earnings investment,"Sanofi Boasts a Dividend Yield of 5.4%, Trades Below 9x Earnings, and Just Got an FDA Win. Are Income Investors Missing a Rare Opportunity? - The Motley Fool",https://news.google.com/rss/articles/CBMilwFBVV95cUxQMVpUb0tiY003eUhsOWU0NkcwMlh6dmhJYlp6S2xWVXhIdlk1NkxsU0xYbnMwS1o5dkRHNlg0dDA2VXJzWmZla1JSQmE0M3ZoN0FsanY2enBLaE1EcGdRdTc5X0hHMUlEeF9mQ3cwYUFjSDRuXzN2VmNsa0dkQUF3Q0RZQnhmN0h2R0hFYnRTZmpRMmtoRzhv?oc=5,"Wed, 26 Aug 2026 07:00:00 GMT",The Motley Fool,바이오,https://news.google.com/rss/articles/CBMilwFBVV95cUxQMVpUb0tiY003eUhsOWU0NkcwMlh6dmhJYlp6S2xWVXhIdlk1NkxsU0xYbnMwS1o5dkRHNlg0dDA2VXJzWmZla1JSQmE0M3ZoN0FsanY2enBLaE1EcGdRdTc5X0hHMUlEeF9mQ3cwYUFjSDRuXzN2VmNsa0dkQUF3Q0RZQnhmN0h2R0hFYnRTZmpRMmtoRzhv?oc=5,,False,본문 수집 제한 개수를 초과했습니다.,False,,2026-09-13 09:08:06
미국,임상,임상,임상 stock market earnings investment,Moderna Stock Rockets Higher After Positive Cancer Vaccine Trial Data - Investopedia,https://news.google.com/rss/articles/CBMiqwFBVV95cUxPQTM0dFR6b2dtV0Nwb1lQSXkwTW9MekNPMEo2UTljTGxtTC1fTE9iOWwxSmZTVTR0Ul9MWGVlN2ZEcEhFa0MzcVlxM0hvbU9wa3M1RWxkajA2cV9NU1JBZkdTUnhmSlVyR29wcjUxLW92VFVWVEpGN2RHS3B3UURlQkszOVRUanBKMGpWb1VsR3I1N21TQXFiQ2JFcGItR3hkUFl6Vm5TM1NFRFE?oc=5,"Wed, 19 Aug 2026 07:00:00 GMT",Investopedia,바이오,https://news.google.com/rss/articles/CBMiqwFBVV95cUxPQTM0dFR6b2dtV0Nwb1lQSXkwTW9MekNPMEo2UTljTGxtTC1fTE9iOWwxSmZTVTR0Ul9MWGVlN2ZEcEhFa0MzcVlxM0hvbU9wa3M1RWxkajA2cV9NU1JBZkdTUnhmSlVyR29wcjUxLW92VFVWVEpGN2RHS3B3UURlQkszOVRUanBKMGpWb1VsR3I1N21TQXFiQ2JFcGItR3hkUFl6Vm5TM1NFRFE?oc=5,,False,본문 수집 제한 개수를 초과했습니다.,False,,2026-09-13 09:08:06
미국,CDMO,CDMO,CDMO stock market earnings investment,"FUJIY Q1 Earnings Fall Y/Y on Bio CDMO Costs, Revenues Rise - The Globe and Mail",https://news.google.com/rss/articles/CBMi2gFBVV95cUxPRVEwbmJ3ak1YYjJUUnhkTGZDSk9EMk9KbHRYdjlLdEFqYloxUXhZdUFrSnZhVHlyeEdJVnRZUTZuU2h5TUxXTDhGd3dyWjMzdTkyTU1NMS1kVlNqZl9lQzR0WnZMOE9YSkVsX0dRbGR4YllZSEtRN3IwUzhCaGRUSXoyd0R2N0FwM2IyQ0NTWC1rbjBHc1FBbUR4dlBSdEtwVkdTYjBXRHUyeE5zSVlBZ3Qyd1NFZmNSb2FSZ2tGSFUxdFl4ZTBqMXNadEFPMFdjRFlCZHJQd2pEZw?oc=5,"Fri, 07 Aug 2026 07:00:00 GMT",The Globe and Mail,바이오,https://news.google.com/rss/articles/CBMi2gFBVV95cUxPRVEwbmJ3ak1YYjJUUnhkTGZDSk9EMk9KbHRYdjlLdEFqYloxUXhZdUFrSnZhVHlyeEdJVnRZUTZuU2h5TUxXTDhGd3dyWjMzdTkyTU1NMS1kVlNqZl9lQzR0WnZMOE9YSkVsX0dRbGR4YllZSEtRN3IwUzhCaGRUSXoyd0R2N0FwM2IyQ0NTWC1rbjBHc1FBbUR4dlBSdEtwVkdTYjBXRHUyeE5zSVlBZ3Qyd1NFZmNSb2FSZ2tGSFUxdFl4ZTBqMXNadEFPMFdjRFlCZHJQd2pEZw?oc=5,,False,본문 수집 제한 개수를 초과했습니다.,False,,2026-09-13 09:08:06
미국,바이오,바이오,바이오 stock market earnings investment,Korea Investment Management's ACE Japan Semiconductor ETF Tops Japan-Focused Funds with 119% One-Year Return - finance.biggo.com,https://news.google.com/rss/articles/CBMidkFVX3lxTFBjeWJ4YzVDak9FaVhTWEloRUhVZF90dWFpclR6ckJWR1ZRQnJrS2pScEhQamJxQU82Y3ZuLXdxbzhfTGdTRFd0ZmUzeDFSTzJVd3dTNjN2ZFBLVVFkMnhoeU9zS3JSSzZIekFVTk1yVkNyM0w1d1E?oc=5,"Mon, 27 Jul 2026 07:00:00 GMT",finance.biggo.com,바이오,https://news.google.com/rss/articles/CBMidkFVX3lxTFBjeWJ4YzVDak9FaVhTWEloRUhVZF90dWFpclR6ckJWR1ZRQnJrS2pScEhQamJxQU82Y3ZuLXdxbzhfTGdTRFd0ZmUzeDFSTzJVd3dTNjN2ZFBLVVFkMnhoeU9zS3JSSzZIekFVTk1yVkNyM0w1d1E?oc=5,,False,본문 수집 제한 개수를 초과했습니다.,False,,2026-09-13 09:08:06
미국,CDMO,CDMO,CDMO stock market earnings investment,Laurus Labs Q1 FY27 slides: CDMO surge drives record margins - Investing.com,https://news.google.com/rss/articles/CBMitwFBVV95cUxPcVlNLVFLUHpacGFicjhtVGkwWXlKZ1I2eFQ4TGFyQy02Y1NjQkZCUHhPVXRLN0N5UFcxeldiaUY2bjVvVVFISW1VbmIzaWZxSTBMTlVCeGQ2OWRJeWZGOXRiVFFkLUlrN3FtZjhmcEVrS083Q1FzMUdDNmNwNENxaHVDZFpycVRvYlp4MlB4eGMtVVJYU1pjYUVrX3pXVUo3d1NmVFZsMlhxUFBMSmU1eGVRNC1pUWs?oc=5,"Fri, 24 Jul 2026 07:00:00 GMT",Investing.com,바이오,https://news.google.com/rss/articles/CBMitwFBVV95cUxPcVlNLVFLUHpacGFicjhtVGkwWXlKZ1I2eFQ4TGFyQy02Y1NjQkZCUHhPVXRLN0N5UFcxeldiaUY2bjVvVVFISW1VbmIzaWZxSTBMTlVCeGQ2OWRJeWZGOXRiVFFkLUlrN3FtZjhmcEVrS083Q1FzMUdDNmNwNENxaHVDZFpycVRvYlp4MlB4eGMtVVJYU1pjYUVrX3pXVUo3d1NmVFZsMlhxUFBMSmU1eGVRNC1pUWs?oc=5,,False,본문 수집 제한 개수를 초과했습니다.,False,,2026-09-13 09:08:06
미국,FDA,FDA,FDA stock market earnings investment,Hims & Hers stock analysis: growth story meets credibility crisis ahead of FDA catalyst - Investing.com,https://news.google.com/rss/articles/CBMi4AFBVV95cUxPb1dpSlVYUUxZYV9OODZ1U29PV190c3hUNFhjQnp4V012VFFycmZhMHVfZ1F1dUVqSjc0c0NNUW5ZNzNvQkRNMTFETkFraVpGNFo5QmxqUlp2MnlqbVJYQ2J6bHBoWXBWeG5IaWU5SFV2WnNaSXVlbmJ6T1ppOWtoZXlxNzVfdG14OHRsZjBzYmFicUZqTUpRZEs4X2gzVFctTXZSaXFJRHJrdFc2NEFUTFY4SVBpaGM3cGJYQ3FidnR0ZzQ4bnFOZnFSTWFOYzdxVU9xQ0tVQ3ZEWUlTRE9kMA?oc=5,"Tue, 21 Jul 2026 07:00:00 GMT",Investing.com,바이오,https://news.google.com/rss/articles/CBMi4AFBVV95cUxPb1dpSlVYUUxZYV9OODZ1U29PV190c3hUNFhjQnp4V012VFFycmZhMHVfZ1F1dUVqSjc0c0NNUW5ZNzNvQkRNMTFETkFraVpGNFo5QmxqUlp2MnlqbVJYQ2J6bHBoWXBWeG5IaWU5SFV2WnNaSXVlbmJ6T1ppOWtoZXlxNzVfdG14OHRsZjBzYmFicUZqTUpRZEs4X2gzVFctTXZSaXFJRHJrdFc2NEFUTFY4SVBpaGM3cGJYQ3FidnR0ZzQ4bnFOZnFSTWFOYzdxVU9xQ0tVQ3ZEWUlTRE9kMA?oc=5,,False,본문 수집 제한 개수를 초과했습니다.,False,,2026-09-13 09:08:06
미국,CDMO,CDMO,CDMO stock market earnings investment,"Samsung Biologics Acquires Swiss CDMO for approximately $1.8 Billion, Making a Major Push into the Obesity Drug Market - finance.biggo.com",https://news.google.com/rss/articles/CBMidkFVX3lxTE9SbWI0dzdUdEVlanh1MDRoWFpQN2YySHZTU0hJSkxCbUdxUkxnRFlNU3M0MXZMNFU2Zlg1YUtpY2FySGktTVFkc0RFeUhNYTl4SldPeHJnVmVrdGRLTzF6eW9Rb3NYYVY1TGhqYm1NVWdjcTdfRlE?oc=5,"Tue, 21 Jul 2026 07:00:00 GMT",finance.biggo.com,바이오,https://news.google.com/rss/articles/CBMidkFVX3lxTE9SbWI0dzdUdEVlanh1MDRoWFpQN2YySHZTU0hJSkxCbUdxUkxnRFlNU3M0MXZMNFU2Zlg1YUtpY2FySGktTVFkc0RFeUhNYTl4SldPeHJnVmVrdGRLTzF6eW9Rb3NYYVY1TGhqYm1NVWdjcTdfRlE?oc=5,,False,본문 수집 제한 개수를 초과했습니다.,False,,2026-09-13 09:08:06
미국,바이오,바이오,바이오 stock market earnings investment,5 Best Biotech Stocks for 2026 and How to Invest - The Motley Fool,https://news.google.com/rss/articles/CBMijgFBVV95cUxQUzJDQTRnQ2pOU0JoUUJRT2YxYm9Qc3hIaFY4WktwR09HeDFLaVRCQ0dRRzF4RHJ1RnN3cTFVUFUyVzVjVFJjZmpuS3VCbTlpQ1RTQi1OcnhPWFZ1ZUJWTHpDN1hwbW51UGlBdUlFU3NrYzdXSWRob1Y0Q3F1QUs3c3dNcl9sNU16amtjT2lB?oc=5,"Fri, 17 Jul 2026 07:00:00 GMT",The Motley Fool,바이오,https://news.google.com/rss/articles/CBMijgFBVV95cUxQUzJDQTRnQ2pOU0JoUUJRT2YxYm9Qc3hIaFY4WktwR09HeDFLaVRCQ0dRRzF4RHJ1RnN3cTFVUFUyVzVjVFJjZmpuS3VCbTlpQ1RTQi1OcnhPWFZ1ZUJWTHpDN1hwbW51UGlBdUlFU3NrYzdXSWRob1Y0Q3F1QUs3c3dNcl9sNU16amtjT2lB?oc=5,,False,본문 수집 제한 개수를 초과했습니다.,False,,2026-09-13 09:08:06
미국,바이오,바이오,바이오 stock market earnings investment,"Biotech IPOs surge in H1 of 2026, shattering records and doubling last year’s total - BioSpace",https://news.google.com/rss/articles/CBMisgFBVV95cUxQaWVtakJJZDh3aEZFN2pMckxrUE5FRFVWQUJaV1lXbzQzQmQ0MlVqWndZOHhmdGd2bFdSNl9FZ2IyMTR0dF9BRVB5elRLZHMxRVBxcVpyc1BMRXJETm9ib29ES2V3dWJHczMyWnFZQWdRRzdTRnpnYWpSNFJWdmtNelo2ZDhhUnJMS0xoNDJ4bklSSzdFX3M2VTVzaUotUlZLbWlyTjZLV244LTRWTTd2NFNn?oc=5,"Wed, 15 Jul 2026 07:00:00 GMT",BioSpace,바이오,https://news.google.com/rss/articles/CBMisgFBVV95cUxQaWVtakJJZDh3aEZFN2pMckxrUE5FRFVWQUJaV1lXbzQzQmQ0MlVqWndZOHhmdGd2bFdSNl9FZ2IyMTR0dF9BRVB5elRLZHMxRVBxcVpyc1BMRXJETm9ib29ES2V3dWJHczMyWnFZQWdRRzdTRnpnYWpSNFJWdmtNelo2ZDhhUnJMS0xoNDJ4bklSSzdFX3M2VTVzaUotUlZLbWlyTjZLV244LTRWTTd2NFNn?oc=5,,False,본문 수집 제한 개수를 초과했습니다.,False,,2026-09-13 09:08:06
미국,바이오,바이오,바이오 stock market earnings investment,3 High Growth GLP-1 Biotech Winners to Buy in July - 24/7 Wall St.,https://news.google.com/rss/articles/CBMimgFBVV95cUxPMTJsR3VIQWFjRi1RSlpBclNUblpLOU5uZndvQTRmUzJPeGEtcWZTT1lKRWZyeU10djQ3UkF6eWFkVEtxeGhVeTduNml2aXV5SEZyODZNTjYyLUVValJqaTBNOVJCVHRaM1lLc1lZZWVfcklVekEteUFWZFRDalMzalBXTklkdXFmX1pCSGRZNlRmR3ZnaTJXcmJ3?oc=5,"Thu, 09 Jul 2026 07:00:00 GMT",24/7 Wall St.,바이오,https://news.google.com/rss/articles/CBMimgFBVV95cUxPMTJsR3VIQWFjRi1RSlpBclNUblpLOU5uZndvQTRmUzJPeGEtcWZTT1lKRWZyeU10djQ3UkF6eWFkVEtxeGhVeTduNml2aXV5SEZyODZNTjYyLUVValJqaTBNOVJCVHRaM1lLc1lZZWVfcklVekEteUFWZFRDalMzalBXTklkdXFmX1pCSGRZNlRmR3ZnaTJXcmJ3?oc=5,,False,본문 수집 제한 개수를 초과했습니다.,False,,2026-09-13 09:08:06
미국,임상,임상,임상 stock market earnings investment,Earnings call transcript: Definium’s Q1 2026 EPS miss overshadows strategic advances - Investing.com,https://news.google.com/rss/articles/CBMi1AFBVV95cUxQNGtjYXJFZ3VQaklnZ2J1NzR0MU56UlRPczJJMXJBLU9QSHF1OXFyWEtiMnJrYi1tNUhVQ05DOFA0d2VMR0szUTV1SUJOZnFnS1hqNWZxWnplX1Rnb0plUklwS1MzbF9kYW44ZnVjTXBWaXRaWXROWmcxdHJ6VEVNc3BfVjNERzV0VktIOW9CUmpwVnNteUYzYnQtNXFCaUVWcmRJeDlBMzFvWHBoTFloZkttck1QbVlHYmhTblh3SThwcTF1aUpiYTM4ZEhORkYxSEdtbw?oc=5,"Thu, 07 May 2026 07:00:00 GMT",Investing.com,바이오,https://news.google.com/rss/articles/CBMi1AFBVV95cUxQNGtjYXJFZ3VQaklnZ2J1NzR0MU56UlRPczJJMXJBLU9QSHF1OXFyWEtiMnJrYi1tNUhVQ05DOFA0d2VMR0szUTV1SUJOZnFnS1hqNWZxWnplX1Rnb0plUklwS1MzbF9kYW44ZnVjTXBWaXRaWXROWmcxdHJ6VEVNc3BfVjNERzV0VktIOW9CUmpwVnNteUYzYnQtNXFCaUVWcmRJeDlBMzFvWHBoTFloZkttck1QbVlHYmhTblh3SThwcTF1aUpiYTM4ZEhORkYxSEdtbw?oc=5,,False,본문 수집 제한 개수를 초과했습니다.,False,,2026-09-13 09:08:06
미국,임상,임상,임상 stock market earnings investment,"TransMedics Group, Inc. Q1 2026 Earnings Call Summary - Yahoo Finance",https://news.google.com/rss/articles/CBMimgFBVV95cUxOc2F5RXZNLUllY2lGWmtVT1k5MVp3SVQ1cklfWlBJMTBxcnBKMkVZQkhXdkd1ZTJSWXFKN1lvanRlUTdYeHNyWEQ3M2VjQUlnR1ZnUHRoMjBwcGpiZlUwYU9nNm43cjlMeDlKQkFRNkhmYjVBcm5FUnBIUXVkb3JtSTZKOWtQcjRnREhJOHhnbkxFOW54ajVmSU13?oc=5,"Wed, 06 May 2026 07:00:00 GMT",Yahoo Finance,바이오,https://news.google.com/rss/articles/CBMimgFBVV95cUxOc2F5RXZNLUllY2lGWmtVT1k5MVp3SVQ1cklfWlBJMTBxcnBKMkVZQkhXdkd1ZTJSWXFKN1lvanRlUTdYeHNyWEQ3M2VjQUlnR1ZnUHRoMjBwcGpiZlUwYU9nNm43cjlMeDlKQkFRNkhmYjVBcm5FUnBIUXVkb3JtSTZKOWtQcjRnREhJOHhnbkxFOW54ajVmSU13?oc=5,,False,본문 수집 제한 개수를 초과했습니다.,False,,2026-09-13 09:08:06
미국,FDA,FDA,FDA stock market earnings investment,"Eli Lilly Stock in 2026: FDA Approval, GLP-1 Momentum, and a 44% Valuation Upside - TIKR.com",https://news.google.com/rss/articles/CBMipgFBVV95cUxNMjdHcGF0cDRxa09LdmQtSzhYM3RIdVVQV0M1TjI4UlZOdlpZZmJKd196akNuY09Mc1VIRFk4MXRmSjh5UXNTNjNpdkExWFEzUWI2R1ZFdHRydWQ5Yl80azc1cEZLNGlvdFBKSnc1ZTU4WG5MRWJnMEhNdF9nWFRjM3lKY2tOOVhBVEp0bkcyTE9tcG1JaXFOcV9kV0NUOEtYV2RiR093?oc=5,"Thu, 09 Apr 2026 07:00:00 GMT",TIKR.com,바이오,https://news.google.com/rss/articles/CBMipgFBVV95cUxNMjdHcGF0cDRxa09LdmQtSzhYM3RIdVVQV0M1TjI4UlZOdlpZZmJKd196akNuY09Mc1VIRFk4MXRmSjh5UXNTNjNpdkExWFEzUWI2R1ZFdHRydWQ5Yl80azc1cEZLNGlvdFBKSnc1ZTU4WG5MRWJnMEhNdF9nWFRjM3lKY2tOOVhBVEp0bkcyTE9tcG1JaXFOcV9kV0NUOEtYV2RiR093?oc=5,,False,본문 수집 제한 개수를 초과했습니다.,False,,2026-09-13 09:08:06
미국,FDA,FDA,FDA stock market earnings investment,"Lilly gains after FDA approves weight-loss pill, sizing down investor doubts - Reuters",https://news.google.com/rss/articles/CBMi4AFBVV95cUxPaDlXYVktVjBGQV9MU1NTd3pJWkNLc1JNaUNWXzcwYUJDTExUQkRfZHJDdmxNUWs5S2J3NU1kREJ0VWE2MVlkVWZnV2JNNmFNMTFIY24wczNnZDl0YVJCZVNDalQ3c1EwRDJhUUxZUzNxMnBtdnZfS2pLQ2VjRXBJRVVlTU1RQTl0ZHJURGlVMXJERy1GejN1VEtNeUJLOGRWcU9uMk9Telh4OHY1NFBHOHNsUTZQQkRoOVVVWS04ck8xM2tOUEdxbW82aldnN2dzZ1lWYjU0S014MFd0Q1E4cA?oc=5,"Wed, 01 Apr 2026 07:00:00 GMT",Reuters,바이오,https://news.google.com/rss/articles/CBMi4AFBVV95cUxPaDlXYVktVjBGQV9MU1NTd3pJWkNLc1JNaUNWXzcwYUJDTExUQkRfZHJDdmxNUWs5S2J3NU1kREJ0VWE2MVlkVWZnV2JNNmFNMTFIY24wczNnZDl0YVJCZVNDalQ3c1EwRDJhUUxZUzNxMnBtdnZfS2pLQ2VjRXBJRVVlTU1RQTl0ZHJURGlVMXJERy1GejN1VEtNeUJLOGRWcU9uMk9Telh4OHY1NFBHOHNsUTZQQkRoOVVVWS04ck8xM2tOUEdxbW82aldnN2dzZ1lWYjU0S014MFd0Q1E4cA?oc=5,,False,본문 수집 제한 개수를 초과했습니다.,False,,2026-09-13 09:08:06
미국,임상,임상,임상 stock market earnings investment,Viking Therapeutics Stock Jumps 11% After Obesity Drug Update: Analysts See $93 Target - TIKR.com,https://news.google.com/rss/articles/CBMirgFBVV95cUxQWWlkRFZINHNKUUFzcHNRMmhvLUY4Nmg5WU5FdUlUUEZNMmhsbDNNVmhZYWZOVExnWEVreHE5bzM4TkM4Rko1VTRkcVpVenFKVmNlNEZ3MGpZeUoyY2Q2bUh2S1k4UWVDVThQX1NsdmhDTnROM1V5NWtjZ0Q1Ylh5Vi1XRUIzdllkLUdwNzEzclV0OFZOcXdzRlRJYWRVaTd0UjRpU1E3M0Vxd3NKTGc?oc=5,"Tue, 24 Feb 2026 08:00:00 GMT",TIKR.com,바이오,https://news.google.com/rss/articles/CBMirgFBVV95cUxQWWlkRFZINHNKUUFzcHNRMmhvLUY4Nmg5WU5FdUlUUEZNMmhsbDNNVmhZYWZOVExnWEVreHE5bzM4TkM4Rko1VTRkcVpVenFKVmNlNEZ3MGpZeUoyY2Q2bUh2S1k4UWVDVThQX1NsdmhDTnROM1V5NWtjZ0Q1Ylh5Vi1XRUIzdllkLUdwNzEzclV0OFZOcXdzRlRJYWRVaTd0UjRpU1E3M0Vxd3NKTGc?oc=5,,False,본문 수집 제한 개수를 초과했습니다.,False,,2026-09-13 09:08:06
일본,FDA,FDA,FDA 日本 株式市場 企業,泰合抗血栓口溶膜新薬、米FDAが実質審査入り 来年4月に結論 - BigGo ファイナンス,https://news.google.com/rss/articles/CBMidEFVX3lxTE5sMjdTRkpvZDdLZ0gwZ0JSZ1M3WmY3SG04UV82Z1BMWGZfeGhaemkzWDVCMkdwVk9Gbkprb0RRNEFSZW1HWXhaRGpMNXhOVXVDemdyNnN5T1JpRFdKcWNWak5Bb0tYMm5ETUxSSlJjV3JFc3Zv?oc=5,"Tue, 08 Sep 2026 18:34:00 GMT",BigGo ファイナンス,바이오,https://finance.biggo.jp/news/322d8d67-fd2f-47fe-b910-0f9c11324e6b,finance.biggo.jp,True,,True,,2026-09-13 09:08:06
일본,CDMO,CDMO,CDMO 日本 株式市場 企業,日本の無菌充填仕上げ受託サービス市場2026～2033年、市場規模・企業動向・分析レポートを発表 - アットプレス,https://news.google.com/rss/articles/CBMiT0FVX3lxTE9LY3FaSXhVb1RSSWx6MDJ6aUtPbHlGRlJnX0s1eURtaUNsTmdoekxJeDZJb2oyWmc0Z3EwSm16UDZVeTJGT19MTzdIV182VW8?oc=5,"Tue, 08 Sep 2026 04:00:00 GMT",アットプレス,바이오,https://www.atpress.ne.jp/news/4001472,www.atpress.ne.jp,True,,True,,2026-09-13 09:08:06
일본,CDMO,CDMO,CDMO 日本 株式市場 企業,低分子化学医薬品CDMOの世界市場（2026年～2032年）、市場規模（ヒト用医薬品、動物用医薬品）・分析レポートを発表 - Newscast.jp,https://news.google.com/rss/articles/CBMiR0FVX3lxTE42ZnVLZXJvWnRfS3Z4QzFsV2R1UG5PYk9XR1lQdW5qOW43WGJmSXNxQWwxb2s5QWs1NnlUN1VYUTNwdmJSR3Jz?oc=5,"Sun, 23 Aug 2026 07:00:00 GMT",Newscast.jp,바이오,https://newscast.jp/news/8457902,newscast.jp,True,,True,,2026-09-13 09:08:06
일본,CDMO,CDMO,CDMO 日本 株式市場 企業,生物学的製剤CDMOの世界市場（2026年～2032年）、市場規模（細胞・遺伝子治療、抗体、ワクチン、その他）・分析レポートを発表 - Newscast.jp,https://news.google.com/rss/articles/CBMiR0FVX3lxTFBOeWR4Q0hnZHdSWWZUWWJnQ0FqSG5oQWpLdUxyMXhBRlhpSXZmVXV5SFMySTQ4ZTNaS3BfZDkwbjU5aUI3N2RZ?oc=5,"Mon, 17 Aug 2026 07:00:00 GMT",Newscast.jp,바이오,https://newscast.jp/news/9477855,newscast.jp,True,,True,,2026-09-13 09:08:06
일본,FDA,FDA,FDA 日本 株式市場 企業,FDAの承認も受けたのに…「超低位株排除」危機の韓国バイオ企業、緊急事態 - ｄメニューニュース,https://news.google.com/rss/articles/CBMikAFBVV95cUxNWHlOTnNqMDlyRExWVWxYbl81MW5lQjdMX0Exd20zeTdvY193bUNhR3VvcTB5OWZQS0hZUnVRd2xOMTFQelh6N19admw0X3NOYzB3OFgyVWtxRkh3WFN3SVhOM1V1X3hLcEx2aDE5enNDcm1GcXgyTWxtM05PTmhRZ3FSOEoxY1hXX2RTb054N07SAYwBQVVfeXFMUDc2Y3l5X3gtMmlPbGR5ZGFISWFsNmhrZHJuOUZFZ1VrMmFMRGtRUVZQMWs2UE5qZHNVQkFDeWl0WnRDNjd3SWdkVkgtcUIzLTNlZ29mWkhyWnczb3o5Qk9DQm9SZnQyUDFoVTc2R0dkcmtHdGIxRHFBcUdtektaR09sVnFaZklHY3h6bjg?oc=5,"Fri, 14 Aug 2026 07:00:00 GMT",ｄメニューニュース,바이오,https://news.google.com/rss/articles/CBMikAFBVV95cUxNWHlOTnNqMDlyRExWVWxYbl81MW5lQjdMX0Exd20zeTdvY193bUNhR3VvcTB5OWZQS0hZUnVRd2xOMTFQelh6N19admw0X3NOYzB3OFgyVWtxRkh3WFN3SVhOM1V1X3hLcEx2aDE5enNDcm1GcXgyTWxtM05PTmhRZ3FSOEoxY1hXX2RTb054N07SAYwBQVVfeXFMUDc2Y3l5X3gtMmlPbGR5ZGFISWFsNmhrZHJuOUZFZ1VrMmFMRGtRUVZQMWs2UE5qZHNVQkFDeWl0WnRDNjd3SWdkVkgtcUIzLTNlZ29mWkhyWnczb3o5Qk9DQm9SZnQyUDFoVTc2R0dkcmtHdGIxRHFBcUdtektaR09sVnFaZklHY3h6bjg?oc=5,,False,본문 수집 제한 개수를 초과했습니다.,False,,2026-09-13 09:08:06
일본,FDA,FDA,FDA 日本 株式市場 企業,日本発医療スタートアップ5社、米国で臨床エビデンス創出へ ―ジェトロ、FDA承認・保険償還を見据え、研究設計からデータ検証まで一貫支援― | 2026年 - お知らせ - お知らせ・記者発表 - jetro.go.jp,https://news.google.com/rss/articles/CBMid0FVX3lxTFBycTdCRFBKaXprRktyT0Y0TEc1Vmgyb0VCT3lvb2tZQk1mWmsxcDROS0g5VmJ0VjFXRWZyOHRDUGU1QVhISHBXUlU3OGhsMmVwVV9yT3BzMUlJSVowY3lEQXJ3WkpNVXJqekpDRzQzX1FJQzltZ2Rr?oc=5,"Fri, 07 Aug 2026 07:00:00 GMT",jetro.go.jp,바이오,https://news.google.com/rss/articles/CBMid0FVX3lxTFBycTdCRFBKaXprRktyT0Y0TEc1Vmgyb0VCT3lvb2tZQk1mWmsxcDROS0g5VmJ0VjFXRWZyOHRDUGU1QVhISHBXUlU3OGhsMmVwVV9yT3BzMUlJSVowY3lEQXJ3WkpNVXJqekpDRzQzX1FJQzltZ2Rr?oc=5,,False,본문 수집 제한 개수를 초과했습니다.,False,,2026-09-13 09:08:06
일본,FDA,FDA,FDA 日本 株式市場 企業,日本新薬の株価、大幅反落 新薬候補認可にFDAが「慎重」との見方 - 日本経済新聞,https://news.google.com/rss/articles/CBMibEFVX3lxTE5BSW5uUHRORVZkZ05YRlA5amJQY0syRVRnMDBKRlZ3aFlDVlN2TEI4VjRoUGQzdDB0M3F3TXFaNGpJQk8wb0J4OEZFZEN5dHplWE5SckNlR3dwaEhGRXA1R204TjFodE43RmNFdQ?oc=5,"Tue, 28 Jul 2026 07:00:00 GMT",日本経済新聞,바이오,https://news.google.com/rss/articles/CBMibEFVX3lxTE5BSW5uUHRORVZkZ05YRlA5amJQY0syRVRnMDBKRlZ3aFlDVlN2TEI4VjRoUGQzdDB0M3F3TXFaNGpJQk8wb0J4OEZFZEN5dHplWE5SckNlR3dwaEhGRXA1R204TjFodE43RmNFdQ?oc=5,,False,본문 수집 제한 개수를 초과했습니다.,False,,2026-09-13 09:08:06
일본,FDA,FDA,FDA 日本 株式市場 企業,ベラが上昇 ＦＤＡから迅速承認を取得＝米国株個別(株探ニュース) - Yahoo!ファイナンス,https://news.google.com/rss/articles/CBMihwFBVV95cUxNYlRIOGtLeWgtejl2bXNxMFVabzBYcjlVZWlncERKUndhWGk4eDNVWVU3QnlkVnlpWnNMMnpicFg2Tmo5TTJKMmI5eGRVclBTcVR0MVlKNVRVMk9yOHc5MmExZ1JiS1BoZE1qNEFsVFZOTU41dGhNZHN5a18wbUR1YW1hUHJtaDA?oc=5,"Wed, 08 Jul 2026 07:00:00 GMT",Yahoo!ファイナンス,바이오,https://news.google.com/rss/articles/CBMihwFBVV95cUxNYlRIOGtLeWgtejl2bXNxMFVabzBYcjlVZWlncERKUndhWGk4eDNVWVU3QnlkVnlpWnNMMnpicFg2Tmo5TTJKMmI5eGRVclBTcVR0MVlKNVRVMk9yOHc5MmExZ1JiS1BoZE1qNEFsVFZOTU41dGhNZHN5a18wbUR1YW1hUHJtaDA?oc=5,,False,본문 수집 제한 개수를 초과했습니다.,False,,2026-09-13 09:08:06
일본,CDMO,CDMO,CDMO 日本 株式市場 企業,ENCell、IngeniumのNK細胞治療薬の日本向けCDMO契約を獲得…PMDA認証を足掛かりにグローバル展開を加速 - BigGo ファイナンス,https://news.google.com/rss/articles/CBMiX0FVX3lxTE1Ea2dlNGZLSjdqaUFGcDdtNGxUenNRMXRhS3AxcVBwTkotRUY1NEhaMmc4YzhkN0xhV2pWbWJuQU82bmhLemJWa29GdUpSY0s2clRIU0dpaDJPLUp1ZUtj?oc=5,"Wed, 27 May 2026 07:00:00 GMT",BigGo ファイナンス,바이오,https://news.google.com/rss/articles/CBMiX0FVX3lxTE1Ea2dlNGZLSjdqaUFGcDdtNGxUenNRMXRhS3AxcVBwTkotRUY1NEhaMmc4YzhkN0xhV2pWbWJuQU82bmhLemJWa29GdUpSY0s2clRIU0dpaDJPLUp1ZUtj?oc=5,,False,본문 수집 제한 개수를 초과했습니다.,False,,2026-09-13 09:08:06
일본,CDMO,CDMO,CDMO 日本 株式市場 企業,サイトライン／エバリュエート、CPHI Japan 2026 に出展 | Evaluate Japan 株式会社のプレスリリース - PR TIMES,https://news.google.com/rss/articles/CBMiakFVX3lxTE9LMFZjZmRhNFlvTlE1T0w3aHBwVnYtWFdKQllVcmpualQtT2JpWTR0UXM2STRyVjFMQ1pPTzZYa2lPSWk1VzY2VWNCdGRZbTBXWVYwMm0ybDR6ME5ROWhmMlctckRrNWZoR1E?oc=5,"Thu, 12 Mar 2026 07:00:00 GMT",PR TIMES,바이오,https://news.google.com/rss/articles/CBMiakFVX3lxTE9LMFZjZmRhNFlvTlE1T0w3aHBwVnYtWFdKQllVcmpualQtT2JpWTR0UXM2STRyVjFMQ1pPTzZYa2lPSWk1VzY2VWNCdGRZbTBXWVYwMm0ybDR6ME5ROWhmMlctckRrNWZoR1E?oc=5,,False,본문 수집 제한 개수를 초과했습니다.,False,,2026-09-13 09:08:06
일본,바이오,바이오,바이오 日本 株式市場 企業,日本のヘルスケア最大級VC DCIパートナーズ、韓国投資に参入か - 히트뉴스,https://news.google.com/rss/articles/CBMia0FVX3lxTE5oSkcwMjNGT0JWQjh0eU9DUTg1d0YycFMwRmIxbnRVM1Z5NjVpd3NyNGdBVGhGTnFJOE16Zy04N3dnYmNRRWUzd055Vy01V1BnUDdTNUN1WUtOWGtrcHFYU25ObEZUdk81VWlR?oc=5,"Wed, 23 Oct 2024 07:00:00 GMT",히트뉴스,바이오,https://news.google.com/rss/articles/CBMia0FVX3lxTE5oSkcwMjNGT0JWQjh0eU9DUTg1d0YycFMwRmIxbnRVM1Z5NjVpd3NyNGdBVGhGTnFJOE16Zy04N3dnYmNRRWUzd055Vy01V1BnUDdTNUN1WUtOWGtrcHFYU25ObEZUdk81VWlR?oc=5,,False,본문 수집 제한 개수를 초과했습니다.,False,,2026-09-13 09:08:06
중동,FDA,FDA,FDA Middle East Gulf Saudi UAE Qatar oil LNG defense energy investment,Middle East Crisis: Korean industries grapple with renewed oil shock - Aju Press,https://news.google.com/rss/articles/CBMiW0FVX3lxTE1qVXpRMmYtdmpmT2g3akRDVEthbXhrWGE4OFRIZmk4a05wbHpHdDJGV29PRXNjdkl5VUJxM3lfVFJPbzd0cVppSl9EOHFkeF92aU5BU2pEU2lrNTjSAVdBVV95cUxOR1Azc0tmX2ZmalF1N2YtN2RDSXdaY05wVlhvTTR4TFdpUllRVVJnSGpZek9mQUFtZ1VTUEh6ZXlSdU5SdVhDbEdrcjNLemtnQ2Q4NU5UYkE?oc=5,"Tue, 03 Mar 2026 08:00:00 GMT",Aju Press,바이오,https://www.ajupress.com/view/20260303144419091,www.ajupress.com,True,,True,,2026-09-13 09:08:06
국내,방산 수출,방산 수출,방산 수출,"[LIG D&A 50년-73] '천궁-Ⅱ', 대한민국 유도무기 수출 새 역사 쓰다 - 빅데이터뉴스",https://news.google.com/rss/articles/CBMifEFVX3lxTE1KaWFKSFZ3Q3RMbzY3RXdTRmRHX2REY1hSREd5Q2hOcXpZN2huWWNIRHdhRmhIUHRsZHEtM1ZVdzBONUNxTWdoaGFPcTJDbWRiNmRiLUR5WTlIb2ZHUFRCZDRVbGh0b1pLN0ZGVlRoY1gxMHRGUGp6cERwQ0g?oc=5,"Sat, 12 Sep 2026 23:24:16 GMT",빅데이터뉴스,방산,https://www.thebigdata.co.kr/view.php?ud=202609121652195660570d99e4c8_23,www.thebigdata.co.kr,True,,True,,2026-09-13 09:09:09
국내,무기 수주,무기 수주,무기 수주,"K-방산, 수주 다음은 인재…AI·우주·첨단무기 인력 확보전 - v.daum.net",https://news.google.com/rss/articles/CBMiT0FVX3lxTFBKN05yaWRmMGg0eWVDeTJXbU9OWTdBZEUzZWFpU2JUdmdMRzdaYTRDN1diY1htQW5jRjkyVmN0ajh2SkFrbHBpbklTNHZfZFU?oc=5,"Sat, 12 Sep 2026 22:00:00 GMT",v.daum.net,방산,https://v.daum.net/v/20260913070010352,v.daum.net,True,,True,,2026-09-13 09:09:09
국내,무기 수주,무기 수주,무기 수주,"우크라이나 실전 경험 담은 신형 드론…레드와이어, NATO 수주 - 데일리방산",https://news.google.com/rss/articles/CBMicEFVX3lxTE5SZDlqc3VPZHFUR2Z6aUZ3c09MamE3SHFDMEZ6aWFrX3g2WEVuLUtzMnpiVnpHZHdiZThzZkZuTFBjTW0wSnJhNW14bkpnYzN2R2oyVnViSjEtQzIxeUZDaFJyV2dYODFScXBBZFJEYlc?oc=5,"Sat, 12 Sep 2026 12:37:00 GMT",데일리방산,방산,https://www.dailydefense.co.kr/news/articleView.html?idxno=2017,www.dailydefense.co.kr,True,,True,,2026-09-13 09:09:09
국내,K방산,K방산,K방산,"K-방산, 미래사업 확장 '속도'…AI·우주·미사일 인재 확보전 - 데일리한국",https://news.google.com/rss/articles/CBMib0FVX3lxTE85ZnF4ZllBYVhKMFlOaVdhZERPUTFXdS1XWVpTOUUzbUtaNmxjNTNlMHVhWkowVmEyNUFoY2xlSDdIYVdlcTRVSW91SVl3THpfVlhtTXhrSWp6QUNqME5hXzhDR3NpdlRORGJtdFpaY9IBc0FVX3lxTE1WenEyem1tTlZJd29BM2hiS1hNQVlta2QzelpxS0xPN3ZXSHRkNzF3UktUeGluMWozRjRsTF9LTlhTZGtuZnJtRlF4WjZfMnZhWE5CMkhEQkJiMEY0YkRnMWx4X2FBNnZWdkViRTNDUk8yNHc?oc=5,"Sat, 12 Sep 2026 04:00:00 GMT",데일리한국,방산,https://daily.hankooki.com/news/articleView.html?idxno=1405187,daily.hankooki.com,True,,True,,2026-09-13 09:09:09
국내,방위산업,방위산업,방위산업,"17개국 방산 관계자 창원 집결… 국립창원대, K-방산 협력 확대 나서 - 녹색경제신문",https://news.google.com/rss/articles/CBMiaEFVX3lxTE5HclZQWXdiZndQVEJ4bS0xNGFQY2dBdlRRUk1IZ3ZTVFNSRWdzTUdFUlZhYVpGTm5mTHRPeTlXdWI5MFp5czQ4b1o4LXk0MHlhaHMxeGNXRUFBZ3hIVGV4SkpOeHZNN0dy?oc=5,"Sat, 12 Sep 2026 02:06:22 GMT",녹색경제신문,방산,https://news.google.com/rss/articles/CBMiaEFVX3lxTE5HclZQWXdiZndQVEJ4bS0xNGFQY2dBdlRRUk1IZ3ZTVFNSRWdzTUdFUlZhYVpGTm5mTHRPeTlXdWI5MFp5czQ4b1o4LXk0MHlhaHMxeGNXRUFBZ3hIVGV4SkpOeHZNN0dy?oc=5,,False,본문 수집 제한 개수를 초과했습니다.,False,,2026-09-13 09:09:09
국내,K방산,K방산,K방산,"K2부터 천무·FA-50까지…K방산, 폴란드서 유럽 수주전 - v.daum.net",https://news.google.com/rss/articles/CBMiRkFVX3lxTE5HVUxNeEhfSmhLbTdtQ0pmMVlhNU95NUZmOUdiUE1yRHRPbmlOMmFtbkN1ME51UDJ3enZLQ24yYzVSOFFqRnc?oc=5,"Sat, 12 Sep 2026 02:05:00 GMT",v.daum.net,방산,https://news.google.com/rss/articles/CBMiRkFVX3lxTE5HVUxNeEhfSmhLbTdtQ0pmMVlhNU95NUZmOUdiUE1yRHRPbmlOMmFtbkN1ME51UDJ3enZLQ24yYzVSOFFqRnc?oc=5,,False,본문 수집 제한 개수를 초과했습니다.,False,,2026-09-13 09:09:09
국내,방위산업,방위산업,방위산업,"폴란드 방산 기업과 손잡은 코오롱스페이스웍스, 유럽 시장 '정조준' - 글로벌경제신문",https://news.google.com/rss/articles/CBMibEFVX3lxTE5xNjFnUzlxQ1ZoM2xTUVdzWjF4M0NpTlRSbEgzLVVEb0lBd2FPaFZ0TllMdVRvTEVIXzJtZ2xMMVgtcFRveEtWMVJtTk1DZDZCSndmT1g5U0hRczE3Yk13ZWh2YXJWdXBWQ1pJaNIBcEFVX3lxTE44UTh1dUN0aThJV0xkeFpYU0M5bG9IMVgwLUFCM3J5Vl9TZklONUhBVWRGTUo1MXBPZXFYRDEwczdWcVBRc2YzeXZURDM4QWVOc0pBd0V2VDVZeThyOV9wekpnWU9mTzRtb3lQb2JaRng?oc=5,"Sat, 12 Sep 2026 01:29:53 GMT",글로벌경제신문,방산,https://news.google.com/rss/articles/CBMibEFVX3lxTE5xNjFnUzlxQ1ZoM2xTUVdzWjF4M0NpTlRSbEgzLVVEb0lBd2FPaFZ0TllMdVRvTEVIXzJtZ2xMMVgtcFRveEtWMVJtTk1DZDZCSndmT1g5U0hRczE3Yk13ZWh2YXJWdXBWQ1pJaNIBcEFVX3lxTE44UTh1dUN0aThJV0xkeFpYU0M5bG9IMVgwLUFCM3J5Vl9TZklONUhBVWRGTUo1MXBPZXFYRDEwczdWcVBRc2YzeXZURDM4QWVOc0pBd0V2VDVZeThyOV9wekpnWU9mTzRtb3lQb2JaRng?oc=5,,False,본문 수집 제한 개수를 초과했습니다.,False,,2026-09-13 09:09:09
국내,방위산업,방위산업,방위산업,유럽 車공장의 변신⋯자동차 대신 요격 미사일 만든다 - 이투데이,https://news.google.com/rss/articles/CBMiVEFVX3lxTE1ydEp4VHFFSGhkZ0IzcW56aEx5V3dqU2lmcWpRbFdBZUh6T09LdllSSTR5NlBQekktYkl3eW94Vm1FWGpyR205a1dWWjlYMl9lN0RmLQ?oc=5,"Fri, 11 Sep 2026 21:00:00 GMT",이투데이,방산,https://news.google.com/rss/articles/CBMiVEFVX3lxTE1ydEp4VHFFSGhkZ0IzcW56aEx5V3dqU2lmcWpRbFdBZUh6T09LdllSSTR5NlBQekktYkl3eW94Vm1FWGpyR205a1dWWjlYMl9lN0RmLQ?oc=5,,False,본문 수집 제한 개수를 초과했습니다.,False,,2026-09-13 09:09:09
국내,K방산,K방산,K방산,하늘 뒤덮는 ‘한국판 강철비’…세계 6개국 수출한 K방산 기대주의 정체 - mk.co.kr,https://news.google.com/rss/articles/CBMiVkFVX3lxTE5vbER0ZkJubVBmUk9XaFJiUzRpMm40NnZPX2RSandqa1JLMzRIMFY1ald2aGVqTzRtT09rNlZJbGV2bnYzTzlUWXBUSTFPcE4tM3M3d1FR?oc=5,"Fri, 11 Sep 2026 20:00:00 GMT",mk.co.kr,방산,https://news.google.com/rss/articles/CBMiVkFVX3lxTE5vbER0ZkJubVBmUk9XaFJiUzRpMm40NnZPX2RSandqa1JLMzRIMFY1ald2aGVqTzRtT09rNlZJbGV2bnYzTzlUWXBUSTFPcE4tM3M3d1FR?oc=5,,False,본문 수집 제한 개수를 초과했습니다.,False,,2026-09-13 09:09:09
국내,방위산업,방위산업,방위산업,한-핀란드 정부품질보증협정‥방위산업 품질 정부가 보장 - MBC 뉴스,https://news.google.com/rss/articles/CBMieEFVX3lxTE50RXFITkpXQjlORDROaHBteld0WWJBTGVHUmxvVU5TTGJYYmY2NTJ1cmIyZnBSV1hZdzItdG5lemxkRDIzMnVDTTBwSHNUSS1zT1N5Y2w4Vnk4TTdyNk5rOUc4TTdHT3NZM0g5UzZnNHdUSUNuVDRVZdIBeEFVX3lxTE1wVzE3aEdsSGlxZ3hTVDBSUGxudVdhVnE2V1NuVEZjcEstNjFuZWtDSi02b2RkWnB1ZUMxTFFaNVctMjBMOEtQQWlpRGhYWi1SZ0hsVzNlaVg5VWNBQzhMUGNFOGhEUU5GUFREcEVJWWkzejRycE5LWg?oc=5,"Fri, 11 Sep 2026 08:00:05 GMT",MBC 뉴스,방산,https://news.google.com/rss/articles/CBMieEFVX3lxTE50RXFITkpXQjlORDROaHBteld0WWJBTGVHUmxvVU5TTGJYYmY2NTJ1cmIyZnBSV1hZdzItdG5lemxkRDIzMnVDTTBwSHNUSS1zT1N5Y2w4Vnk4TTdyNk5rOUc4TTdHT3NZM0g5UzZnNHdUSUNuVDRVZdIBeEFVX3lxTE1wVzE3aEdsSGlxZ3hTVDBSUGxudVdhVnE2V1NuVEZjcEstNjFuZWtDSi02b2RkWnB1ZUMxTFFaNVctMjBMOEtQQWlpRGhYWi1SZ0hsVzNlaVg5VWNBQzhMUGNFOGhEUU5GUFREcEVJWWkzejRycE5LWg?oc=5,,False,본문 수집 제한 개수를 초과했습니다.,False,,2026-09-13 09:09:09
국내,국방 예산,국방 예산,국방 예산,전차 다음은 AI·드론…73조 국방예산이 바꿀 K방산 - 더쎈뉴스,https://news.google.com/rss/articles/CBMiaEFVX3lxTFBNUUQ2RTdReG1BMnhxNHZrZm5OVklVTHkzWE9PRTNMZ2M3NHV0eGlKT29RWHgxcjl3dlR1LUVybEdXbThzZnFmU21kRFJwMEtVbzFuSHdsdEpQSk5sWjRsZHdsUGE3S3dV?oc=5,"Fri, 11 Sep 2026 07:41:08 GMT",더쎈뉴스,방산,https://news.google.com/rss/articles/CBMiaEFVX3lxTFBNUUQ2RTdReG1BMnhxNHZrZm5OVklVTHkzWE9PRTNMZ2M3NHV0eGlKT29RWHgxcjl3dlR1LUVybEdXbThzZnFmU21kRFJwMEtVbzFuSHdsdEpQSk5sWjRsZHdsUGE3S3dV?oc=5,,False,본문 수집 제한 개수를 초과했습니다.,False,,2026-09-13 09:09:09
국내,방위산업,방위산업,방위산업,"코오롱스페이스웍스, 폴란드 유력 방산 기업과 사업 협력 MOU - 머니투데이 - 머니투데이",https://news.google.com/rss/articles/CBMibEFVX3lxTE1Qbm53VmI3bXVKeXdIZzZnczltZnR0dHEwRXRLZjVzQnZoOTZ3bFBHajhERWRwc00wR0RqWVVQWE1jeGJHUWZ0c1VYY3lTOFN5eUVER0FHaTNoTHdMRlE2aXBMcWlnRjFzWTl3R9IBckFVX3lxTE9LU1dZWXIxUlRMQ25PZU1Kd1NCMzE5R3dNeG0zeTR3M1dpbnIxRUNNemhac2psN0xIVW93Uk5fSjYxU0JuX3BJU1ozaDMteThzYTNwc1NQU2d1VjRXM2xMNjI2LXBHZ21KOGZlb193aE1Vdw?oc=5,"Fri, 11 Sep 2026 07:13:02 GMT",머니투데이,방산,https://news.google.com/rss/articles/CBMibEFVX3lxTE1Qbm53VmI3bXVKeXdIZzZnczltZnR0dHEwRXRLZjVzQnZoOTZ3bFBHajhERWRwc00wR0RqWVVQWE1jeGJHUWZ0c1VYY3lTOFN5eUVER0FHaTNoTHdMRlE2aXBMcWlnRjFzWTl3R9IBckFVX3lxTE9LU1dZWXIxUlRMQ25PZU1Kd1NCMzE5R3dNeG0zeTR3M1dpbnIxRUNNemhac2psN0xIVW93Uk5fSjYxU0JuX3BJU1ozaDMteThzYTNwc1NQU2d1VjRXM2xMNjI2LXBHZ21KOGZlb193aE1Vdw?oc=5,,False,본문 수집 제한 개수를 초과했습니다.,False,,2026-09-13 09:09:09
국내,국방 예산,국방 예산,국방 예산,73조 국방예산이 바꾸는 한국군과 K방산 - v.daum.net,https://news.google.com/rss/articles/CBMiRkFVX3lxTE9LZUF6RmtZZHJOa3VxYTlOZFRNNlJXeGljSGdDX19YZWM3eEo5bG9hazg1d1JJMkVMYmZPVTFtV0Q2N3Z3U3c?oc=5,"Thu, 10 Sep 2026 23:41:00 GMT",v.daum.net,방산,https://news.google.com/rss/articles/CBMiRkFVX3lxTE9LZUF6RmtZZHJOa3VxYTlOZFRNNlJXeGljSGdDX19YZWM3eEo5bG9hazg1d1JJMkVMYmZPVTFtV0Q2N3Z3U3c?oc=5,,False,본문 수집 제한 개수를 초과했습니다.,False,,2026-09-13 09:09:09
국내,방산 수출,방산 수출,방산 수출,"""라팔 격추 소문에 인기""… 中, 우즈벡에 J-10C 전투기 수출 성공하며 방산 시장 '정조준' - 글로벌이코노믹",https://news.google.com/rss/articles/CBMiiAFBVV95cUxOVlRmdk9OOUlxejVPODIzNnFtOHIzSTdUdDFjS2xHNWJyX0VkdDlUOTZDc3lXaHkweFEtYkRsYUs2NzIycE9XMXJiQ2hkeVFFSlFxRnlDMzNTM1k2RjhkRDJwMmMzOS15a2J4dTk3Y3hlLVFMOW9RMVlsLWwxX1BjMkh6VnF1WkFu?oc=5,"Thu, 10 Sep 2026 23:03:44 GMT",글로벌이코노믹,방산,https://news.google.com/rss/articles/CBMiiAFBVV95cUxOVlRmdk9OOUlxejVPODIzNnFtOHIzSTdUdDFjS2xHNWJyX0VkdDlUOTZDc3lXaHkweFEtYkRsYUs2NzIycE9XMXJiQ2hkeVFFSlFxRnlDMzNTM1k2RjhkRDJwMmMzOS15a2J4dTk3Y3hlLVFMOW9RMVlsLWwxX1BjMkh6VnF1WkFu?oc=5,,False,본문 수집 제한 개수를 초과했습니다.,False,,2026-09-13 09:09:09
국내,K방산,K방산,K방산,"K-방산, 폴란드 MSPO서 방산협력 외연 넓힌다 - 굿모닝충청",https://news.google.com/rss/articles/CBMickFVX3lxTE9DREk2SHJtay1CSEY5SmZER0Jua0F3ME52bFBxYUV0aHF6U3RIVjRVbG02ZTNlbGIwOXNTTUtZUkd4OUtlckR1NXRJVzNIQWJsUlJSVXdlZXdSbFdfWGtrV294Zjk0ZnczU0J5R2dXbWhKZw?oc=5,"Thu, 10 Sep 2026 16:32:37 GMT",굿모닝충청,방산,https://news.google.com/rss/articles/CBMickFVX3lxTE9DREk2SHJtay1CSEY5SmZER0Jua0F3ME52bFBxYUV0aHF6U3RIVjRVbG02ZTNlbGIwOXNTTUtZUkd4OUtlckR1NXRJVzNIQWJsUlJSVXdlZXdSbFdfWGtrV294Zjk0ZnczU0J5R2dXbWhKZw?oc=5,,False,본문 수집 제한 개수를 초과했습니다.,False,,2026-09-13 09:09:09
국내,방산 수출,방산 수출,방산 수출,"한화에어로, 크로아티아에 ‘천무’ 수출… 유럽 네 번째 쾌거 - 조선비즈 - Chosunbiz",https://news.google.com/rss/articles/CBMihAFBVV95cUxQN0RfV3AyZmlnbUV6cnVKSmVoQUNDcW1HSkVkT09Uano5cE11ZzVnWTV2NFkwQjhsVDBGUm5aM2FUWVpOUWRVVktVTTJWajVVQWZSdHBPWHIySEpjSG1XXzZJRGo3bHRGNVczWHhtX2NYV1ppb21IZ0UyUUM0czRPOFgxcFXSAZgBQVVfeXFMTUxWLTEwbDluSFhsUXZFQXpqTnRKWWFpWndSd1ZKN05KNV9DMjBWcWs1UllXeDVBYnhsYmRiWG1KOUNBa0xuN3RIOG4wcFNTX1N3MjVvcTNSM0xGUmw0MFlZYzBIUW4zUXo0OWdyTlBZOVR3LXdUazJtaDJvcWFPbnQybTE5YXBTdVlrTndKdTNYUXVQaDBEbVo?oc=5,"Thu, 10 Sep 2026 11:50:00 GMT",Chosunbiz,방산,https://news.google.com/rss/articles/CBMihAFBVV95cUxQN0RfV3AyZmlnbUV6cnVKSmVoQUNDcW1HSkVkT09Uano5cE11ZzVnWTV2NFkwQjhsVDBGUm5aM2FUWVpOUWRVVktVTTJWajVVQWZSdHBPWHIySEpjSG1XXzZJRGo3bHRGNVczWHhtX2NYV1ppb21IZ0UyUUM0czRPOFgxcFXSAZgBQVVfeXFMTUxWLTEwbDluSFhsUXZFQXpqTnRKWWFpWndSd1ZKN05KNV9DMjBWcWs1UllXeDVBYnhsYmRiWG1KOUNBa0xuN3RIOG4wcFNTX1N3MjVvcTNSM0xGUmw0MFlZYzBIUW4zUXo0OWdyTlBZOVR3LXdUazJtaDJvcWFPbnQybTE5YXBTdVlrTndKdTNYUXVQaDBEbVo?oc=5,,False,본문 수집 제한 개수를 초과했습니다.,False,,2026-09-13 09:09:09
국내,방산 수출,방산 수출,방산 수출,방산수출펀드 1호 이달 첫 투자 집행 - 파이낸셜뉴스,https://news.google.com/rss/articles/CBMiWkFVX3lxTE0wTVEzSGppVWg5Rkd4eW9TNkRFenNSbUUtWXl4eW5IcllZNlRHZ0c3S1BaMENTdVZrWl91Q3BtTGh4UkZTTnRyZkthbHc3TklSeDhFcjN3cnRpdw?oc=5,"Thu, 10 Sep 2026 09:27:34 GMT",파이낸셜뉴스,방산,https://news.google.com/rss/articles/CBMiWkFVX3lxTE0wTVEzSGppVWg5Rkd4eW9TNkRFenNSbUUtWXl4eW5IcllZNlRHZ0c3S1BaMENTdVZrWl91Q3BtTGh4UkZTTnRyZkthbHc3TklSeDhFcjN3cnRpdw?oc=5,,False,본문 수집 제한 개수를 초과했습니다.,False,,2026-09-13 09:09:09
국내,K방산,K방산,K방산,"방사청장, 폴란드 국제방위산업전 참석…K-방산 유럽진출 지원 - 머니투데이 - 머니투데이",https://news.google.com/rss/articles/CBMibEFVX3lxTFBtRlZPVTFucTVyU2swc2dFNi1mMC1QS0l5RXRKaUxaTEVDYjlIOVk3RHYxa3VhSWdGay1kcEctZno5dXRmQ1VheEpkQnAtS2JtQmZ5bDZnbzhYLXR5N3pvQXE3TVdFckIxTm56bNIBckFVX3lxTE81MXU1QXBDMXJxNUJnS3VDWG5iT0xHQXBXZWJ2aUlEM0p4RUV3M2tnaWRKZGNwY3VxQUlvalc4bVNEaGsxVEltSkF3U3RNVW1pV1dIR1V0cC1ZQU1tdWMwRGJtTkJua3Y5SDl4MTZpUzNrZw?oc=5,"Thu, 10 Sep 2026 05:13:04 GMT",머니투데이,방산,https://news.google.com/rss/articles/CBMibEFVX3lxTFBtRlZPVTFucTVyU2swc2dFNi1mMC1QS0l5RXRKaUxaTEVDYjlIOVk3RHYxa3VhSWdGay1kcEctZno5dXRmQ1VheEpkQnAtS2JtQmZ5bDZnbzhYLXR5N3pvQXE3TVdFckIxTm56bNIBckFVX3lxTE81MXU1QXBDMXJxNUJnS3VDWG5iT0xHQXBXZWJ2aUlEM0p4RUV3M2tnaWRKZGNwY3VxQUlvalc4bVNEaGsxVEltSkF3U3RNVW1pV1dIR1V0cC1ZQU1tdWMwRGJtTkJua3Y5SDl4MTZpUzNrZw?oc=5,,False,본문 수집 제한 개수를 초과했습니다.,False,,2026-09-13 09:09:09
국내,무기 수주,무기 수주,무기 수주,美 레이저 무기 '로커스트' 첫 해외 수출…계약 5000만달러 넘어 - 데일리방산,https://news.google.com/rss/articles/CBMicEFVX3lxTFBPNFJWd2hxRlFoczZzMHZqRTZOWmplSDFuZGc0cU5fWldENzYweGJJX0d6d3ZUWEpHcUs3X0VvYXpjVndONjh2N2xuTkNjWVpkR1duZTZpUkVSSTBGQUExWVhJY3dUTkhiLVl5LXAydkE?oc=5,"Tue, 08 Sep 2026 15:03:00 GMT",데일리방산,방산,https://news.google.com/rss/articles/CBMicEFVX3lxTFBPNFJWd2hxRlFoczZzMHZqRTZOWmplSDFuZGc0cU5fWldENzYweGJJX0d6d3ZUWEpHcUs3X0VvYXpjVndONjh2N2xuTkNjWVpkR1duZTZpUkVSSTBGQUExWVhJY3dUTkhiLVl5LXAydkE?oc=5,,False,본문 수집 제한 개수를 초과했습니다.,False,,2026-09-13 09:09:09
국내,무기 수주,무기 수주,무기 수주,LG전자 무기는 '60년 노하우 모터'…빅테크 수주 임박 - 네이트,https://news.google.com/rss/articles/CBMiU0FVX3lxTE83anVUVEo3ZGgtaHE0Y0dYOHZ5Y1VEdmlKeTBKSTRqS1BQS3hrdDA2cjhTN2laNDZQQXlOOFJvdVluRTZocW1CMWtKc0JzODFPVWVR?oc=5,"Sun, 06 Sep 2026 09:26:00 GMT",네이트,방산,https://news.google.com/rss/articles/CBMiU0FVX3lxTE83anVUVEo3ZGgtaHE0Y0dYOHZ5Y1VEdmlKeTBKSTRqS1BQS3hrdDA2cjhTN2laNDZQQXlOOFJvdVluRTZocW1CMWtKc0JzODFPVWVR?oc=5,,False,본문 수집 제한 개수를 초과했습니다.,False,,2026-09-13 09:09:09
국내,무기 수주,무기 수주,무기 수주,LG전자 무기는 '60년 노하우 모터'… 빅테크 수주 임박 - 부산파이낸셜뉴스,https://news.google.com/rss/articles/CBMiXEFVX3lxTE1sZXhTOXZLNzlBZ3ZmVjBFQTlOSzFpd09oUWxSekI4TWdteU0zTzFQbjhJTUp3M1pDOHRvckRWNWtUR2VWenkzSHEwdkl6bW1Ib2ZjUFRFNUM2NHQt?oc=5,"Sun, 06 Sep 2026 09:25:00 GMT",부산파이낸셜뉴스,방산,https://news.google.com/rss/articles/CBMiXEFVX3lxTE1sZXhTOXZLNzlBZ3ZmVjBFQTlOSzFpd09oUWxSekI4TWdteU0zTzFQbjhJTUp3M1pDOHRvckRWNWtUR2VWenkzSHEwdkl6bW1Ib2ZjUFRFNUM2NHQt?oc=5,,False,본문 수집 제한 개수를 초과했습니다.,False,,2026-09-13 09:09:09
국내,국방 예산,국방 예산,국방 예산,"국방예산 70조 원 첫 돌파, 역대 최대폭 인상 - 전체 | 카드/한컷 | 멀티미디어 - 대한민국 정책브리핑",https://news.google.com/rss/articles/CBMibkFVX3lxTE5iYlB5UlBPQnZkRkVCVThEejRBM3BJNWJ3NDlUaWVRRG5xT3B1ME9idFA4NWhUQ2xtNzhIUmlxUVVDbG5iMmVMbjZMcjRDeUlCWENGZm1rTV91b3hwTGt4M1luYTBYekJkaWZXal93?oc=5,"Fri, 04 Sep 2026 04:24:59 GMT",대한민국 정책브리핑,방산,https://news.google.com/rss/articles/CBMibkFVX3lxTE5iYlB5UlBPQnZkRkVCVThEejRBM3BJNWJ3NDlUaWVRRG5xT3B1ME9idFA4NWhUQ2xtNzhIUmlxUVVDbG5iMmVMbjZMcjRDeUlCWENGZm1rTV91b3hwTGt4M1luYTBYekJkaWZXal93?oc=5,,False,본문 수집 제한 개수를 초과했습니다.,False,,2026-09-13 09:09:09
국내,국방 예산,국방 예산,국방 예산,[2027예산] 내년 국방비 8.2% 늘어난 73조원 편성…핵잠예산 첫반영(종합) - 연합뉴스,https://news.google.com/rss/articles/CBMiW0FVX3lxTE5icHNzdDVjajh2SFVEaDZZYmN2bUxOVzhxRzI1M2xYc0RZbFRPbXhjZTFIREUtakQtejVhcmRnYkNlRnRnUmxmcFp6SEp0RWcwOEJjUXFiZjU1dFHSAWBBVV95cUxOb0xPenNtYmE3eXJnS2xYNS1VZUhDYTFkWFBoOVNlMzg5clBMdU9kaUctOGFJYWdINlBrTU9DSFFtWXotdHVub2JBS1FROWItbzF0S3RCSjVJSjdkTWJ1WW4?oc=5,"Tue, 01 Sep 2026 07:00:00 GMT",연합뉴스,방산,https://news.google.com/rss/articles/CBMiW0FVX3lxTE5icHNzdDVjajh2SFVEaDZZYmN2bUxOVzhxRzI1M2xYc0RZbFRPbXhjZTFIREUtakQtejVhcmRnYkNlRnRnUmxmcFp6SEp0RWcwOEJjUXFiZjU1dFHSAWBBVV95cUxOb0xPenNtYmE3eXJnS2xYNS1VZUhDYTFkWFBoOVNlMzg5clBMdU9kaUctOGFJYWdINlBrTU9DSFFtWXotdHVub2JBS1FROWItbzF0S3RCSjVJSjdkTWJ1WW4?oc=5,,False,본문 수집 제한 개수를 초과했습니다.,False,,2026-09-13 09:09:09
국내,국방 예산,국방 예산,국방 예산,[단독] ‘트럼프 맞춤형’ 국방예산 72조…핵잠·전작권 관련 포함 - 중앙일보,https://news.google.com/rss/articles/CBMiVkFVX3lxTFBWbVZyQU1DQm92b3pmT0R4eHppdE1LZHZ1LWVFREpIWnZ2SWNycmV2T1ZpRjJtbmZST0JwZXViLVMwYVRCVWJCSzE3UDdUcmN6cndQVi1n?oc=5,"Sun, 23 Aug 2026 07:00:00 GMT",중앙일보,방산,https://news.google.com/rss/articles/CBMiVkFVX3lxTFBWbVZyQU1DQm92b3pmT0R4eHppdE1LZHZ1LWVFREpIWnZ2SWNycmV2T1ZpRjJtbmZST0JwZXViLVMwYVRCVWJCSzE3UDdUcmN6cndQVi1n?oc=5,,False,본문 수집 제한 개수를 초과했습니다.,False,,2026-09-13 09:09:09
미국,방산 수출,defense exports,defense exports stock market earnings investment,5 Best Industrial Stocks for 2026 and How to Invest - The Motley Fool,https://news.google.com/rss/articles/CBMie0FVX3lxTE5KVXRIWmEwZkFkXy0xdzJXbXZPTkFIcndjWGZxbEx4bVlNUVF2bWZIaVp1cThOOFdOYlAzdTdOa2VDV29nMGdiOHRGVXMxcGtHYW5ISVo1WVI4MUs2TUtRNGVXZlJQUmJRU3RzRFVzVngyOV9Gd3JJeGVaVQ?oc=5,"Fri, 11 Sep 2026 21:36:00 GMT",The Motley Fool,방산,https://www.fool.com/investing/stock-market/market-sectors/industrials/,www.fool.com,True,,True,,2026-09-13 09:09:09
미국,무기 수주,defense contract arms deal,defense contract arms deal stock market earnings investment,6 Best Drone Stocks for 2026 and How to Invest - The Motley Fool,https://news.google.com/rss/articles/CBMijAFBVV95cUxNeWt5Z0s0MGJCTG1OS1FTUVM1MHFmSDl3VU54SlRzSHlka2JCb0RIQ1dBMUx0enVybDZ1ZTRQVlA4YWY5emEyT3o3am1oUjJfSVRVeV85VUJQQkRQVFVJTUI2WFdYd0JFUGFMdFFsZENlZ1FDNXppSklULTFMMmJ4ZE5RQnk2aTdfb1owTQ?oc=5,"Thu, 10 Sep 2026 04:21:00 GMT",The Motley Fool,방산,https://www.fool.com/investing/stock-market/market-sectors/industrials/drone-stocks/,www.fool.com,True,,True,,2026-09-13 09:09:09
미국,무기 수주,defense contract arms deal,defense contract arms deal stock market earnings investment,Best Defense Stocks for September 2026 - Zacks Investment Research,https://news.google.com/rss/articles/CBMicEFVX3lxTE5yRjNlaFk5UlhpMkxENnA3SmtyQm5BbVBjQ1BLek04emxCS0NuOHhJc0RfdnlPLWxCbTBUWVhINUtJeE5hc25tYXlTVlVsZlpnWEhKTUUzM096THZpLXlMMHhZeUktY2pNQ2xOSjdvblA?oc=5,"Wed, 09 Sep 2026 07:00:00 GMT",Zacks Investment Research,방산,https://www.zacks.com/featured-articles/521/best-defense-stocks,www.zacks.com,True,,True,,2026-09-13 09:09:09
미국,무기 수주,defense contract arms deal,defense contract arms deal stock market earnings investment,8 Best Defense Stocks for 2026 and How to Invest - The Motley Fool,https://news.google.com/rss/articles/CBMijwFBVV95cUxOaFRwZm5fRTRUMDJTeEVUMHJrd3U3bUJreWVIOWE1VjhSNW14UmgtMHJ5cmlleFVVZE94dkxqWHlZdV9GQlg5ZnhLLUNkQjlXVlJqTTdiWUtxb3JtczlQTUMwOTFMb0IwRDFQaXJ5bjJXa2JnMVhFQVdneS1veUFXb21IbndMQWZTNU5mRWVuVQ?oc=5,"Tue, 08 Sep 2026 19:42:00 GMT",The Motley Fool,방산,https://www.fool.com/investing/stock-market/market-sectors/industrials/defense-stocks/,www.fool.com,True,,True,,2026-09-13 09:09:09
미국,무기 수주,defense contract arms deal,defense contract arms deal stock market earnings investment,7 Best Defense Stocks to Buy Now | Investing - U.S. News Money,https://news.google.com/rss/articles/CBMif0FVX3lxTFB5NXdkOHFBUzZuVUo4TmZrb0F2Yng4VGExSlVZa3BUMzFyOU1lVl9Gc0l5SUxzUmpnbllaOTViRnZfWGxxNm00Q3RLODhCMjFRRVR4Y1pvMUVLNVE2VF9IRDdGb2JfYWh6cE4xUHg4c0hYNUdyb1ZLUk5CSWhibXc?oc=5,"Fri, 28 Aug 2026 07:00:00 GMT",U.S. News Money,방산,https://news.google.com/rss/articles/CBMif0FVX3lxTFB5NXdkOHFBUzZuVUo4TmZrb0F2Yng4VGExSlVZa3BUMzFyOU1lVl9Gc0l5SUxzUmpnbllaOTViRnZfWGxxNm00Q3RLODhCMjFRRVR4Y1pvMUVLNVE2VF9IRDdGb2JfYWh6cE4xUHg4c0hYNUdyb1ZLUk5CSWhibXc?oc=5,,False,본문 수집 제한 개수를 초과했습니다.,False,,2026-09-13 09:09:09
미국,방산 수출,defense exports,defense exports stock market earnings investment,European Stocks Defy Global Shocks with Strong Earnings Growth - Goldman Sachs,https://news.google.com/rss/articles/CBMirgFBVV95cUxPeWNWVlI0NDU5LS1NMHJZMzF1cWlGbk5fN0YyODNSWndMbnNKN0hOYUFwcUNGQzE1dWFTRnhkYW9rQ05CYlgwTHA3aVB3cGNvRWY3Y2R3eWV5OXpYVHVhQzVhWnN4aHZfdWRGTGM4d3kwcDNIVjFmdHBzV1VOaFlpM1RUSkpUNU83ZWhucXk3UnptOEVFRXFMTUpJbUpuRFRuYnpJdXNrU3EzRFJSekE?oc=5,"Thu, 20 Aug 2026 07:00:00 GMT",Goldman Sachs,방산,https://news.google.com/rss/articles/CBMirgFBVV95cUxPeWNWVlI0NDU5LS1NMHJZMzF1cWlGbk5fN0YyODNSWndMbnNKN0hOYUFwcUNGQzE1dWFTRnhkYW9rQ05CYlgwTHA3aVB3cGNvRWY3Y2R3eWV5OXpYVHVhQzVhWnN4aHZfdWRGTGM4d3kwcDNIVjFmdHBzV1VOaFlpM1RUSkpUNU83ZWhucXk3UnptOEVFRXFMTUpJbUpuRFRuYnpJdXNrU3EzRFJSekE?oc=5,,False,본문 수집 제한 개수를 초과했습니다.,False,,2026-09-13 09:09:09
미국,방산 수출,defense exports,defense exports stock market earnings investment,"European stocks ease from record highs as investors weigh earnings, Middle East risks - Reuters",https://news.google.com/rss/articles/CBMipAFBVV95cUxNcEJrelVuLWNvQVpMQ0FHVXF0aE9vZTZqcklqQUNLSHpCOGxiQkl3Tko1UVJZTHpnVUhUQ0R6RTNWc08yMXRrb2tMNUI1MWpFby1qM1RUWVllYU9NT0x6MzFzQk1tY0U2Q0lCcGhrNUVRYjJtdDVEbVFObndDeFBiVDdmTXdsQW5FV09uRl9aSzFzWVMtVTdkQkFWMFZPdjBzdk1pWA?oc=5,"Wed, 12 Aug 2026 07:00:00 GMT",Reuters,방산,https://news.google.com/rss/articles/CBMipAFBVV95cUxNcEJrelVuLWNvQVpMQ0FHVXF0aE9vZTZqcklqQUNLSHpCOGxiQkl3Tko1UVJZTHpnVUhUQ0R6RTNWc08yMXRrb2tMNUI1MWpFby1qM1RUWVllYU9NT0x6MzFzQk1tY0U2Q0lCcGhrNUVRYjJtdDVEbVFObndDeFBiVDdmTXdsQW5FV09uRl9aSzFzWVMtVTdkQkFWMFZPdjBzdk1pWA?oc=5,,False,본문 수집 제한 개수를 초과했습니다.,False,,2026-09-13 09:09:09
미국,무기 수주,defense contract arms deal,defense contract arms deal stock market earnings investment,"Defense tech investors thought the war in Iran could make them millionaires. Instead, they faced a Wall Street bloodbath - Fortune",https://news.google.com/rss/articles/CBMi5AFBVV95cUxPbHRuWmRWNnFXQmw1OG54VmNUbi10bGZsUm94SUJaNG5qRG9xdU4zX2UxUUNXWF9oSEtrVlp1TTRoZ1otMnZ6dVlzMHVsYXVSZFptX0FHd0lFckpoOVkxX25XQUc0eElfb290dHRqSGM4ajJueS1YZ1lSNndQdklHOWUzY1puMmlPM1JwUmJGaFdHQzhMS284cEpkTXpEbnUydW5EM3FjUWQ5emtTaUlPNmpQaTRocXlVcl9mbUJzMndCRi0yeGdMZDF5TUM5ZlVUakphaFA1WVpTelN3ejJ6Q25Rc0s?oc=5,"Sat, 25 Jul 2026 07:00:00 GMT",Fortune,방산,https://news.google.com/rss/articles/CBMi5AFBVV95cUxPbHRuWmRWNnFXQmw1OG54VmNUbi10bGZsUm94SUJaNG5qRG9xdU4zX2UxUUNXWF9oSEtrVlp1TTRoZ1otMnZ6dVlzMHVsYXVSZFptX0FHd0lFckpoOVkxX25XQUc0eElfb290dHRqSGM4ajJueS1YZ1lSNndQdklHOWUzY1puMmlPM1JwUmJGaFdHQzhMS284cEpkTXpEbnUydW5EM3FjUWQ5emtTaUlPNmpQaTRocXlVcl9mbUJzMndCRi0yeGdMZDF5TUM5ZlVUakphaFA1WVpTelN3ejJ6Q25Rc0s?oc=5,,False,본문 수집 제한 개수를 초과했습니다.,False,,2026-09-13 09:09:09
미국,국방 예산,국방 예산,국방 예산 stock market earnings investment,Buy the UK DIP? Defense stocks lifted by $20 billion spending boost as gilts come under fire - CNBC,https://news.google.com/rss/articles/CBMikgFBVV95cUxORVBBOEtzRW5vZWg0cDNFeXZ1NXJRS0VnNEJZbmxzMVVPNURaUFZVOGhmY2Ffc2d5cGFqNkh3Q2NOR2o3SWw2WERPanpWN3VsNGQzQ2JuVWJRaHpBMmFZR0dfbEVzYmdyUHp2dUNBakt0UkppR1BPUjdWaUpPWklfT1p6eTB6bHZrS0QtZDF6ZUdPQdIBlwFBVV95cUxNLTI4M085Y1F2eWM5MDNqdUdoSTlNRC0wSnVBeWxHVm4wSi1lR0diTEM1UWJsOVZSQlBacWhzZHJmd1pjNE56V2J4OEN0WlljVlZUT0lfbXJITTRTNHBYWTVpTlNBT0d3Ukw3UEdVV3A4VF80V0xMcFU1U0tFdmc5cFpRYm5MTm9iUGttcTVORGp4d0d0WUJF?oc=5,"Wed, 01 Jul 2026 07:00:00 GMT",CNBC,방산,https://news.google.com/rss/articles/CBMikgFBVV95cUxORVBBOEtzRW5vZWg0cDNFeXZ1NXJRS0VnNEJZbmxzMVVPNURaUFZVOGhmY2Ffc2d5cGFqNkh3Q2NOR2o3SWw2WERPanpWN3VsNGQzQ2JuVWJRaHpBMmFZR0dfbEVzYmdyUHp2dUNBakt0UkppR1BPUjdWaUpPWklfT1p6eTB6bHZrS0QtZDF6ZUdPQdIBlwFBVV95cUxNLTI4M085Y1F2eWM5MDNqdUdoSTlNRC0wSnVBeWxHVm4wSi1lR0diTEM1UWJsOVZSQlBacWhzZHJmd1pjNE56V2J4OEN0WlljVlZUT0lfbXJITTRTNHBYWTVpTlNBT0d3Ukw3UEdVV3A4VF80V0xMcFU1U0tFdmc5cFpRYm5MTm9iUGttcTVORGp4d0d0WUJF?oc=5,,False,본문 수집 제한 개수를 초과했습니다.,False,,2026-09-13 09:09:09
미국,방산 수출,defense exports,defense exports stock market earnings investment,Japanese Aerospace Stocks Investors Are Watching After China Export Controls - simplywall.st,https://news.google.com/rss/articles/CBMi0AFBVV95cUxNM0pYUWlEaXNPbDN5YnlPZDRtVkVLV1BKWi1Lb2NTMzJSbDJuUzBiS1BwWHhCVUFSclBwRTVackRFTFNyVTRZSy1PVUEzcmx4SWZHNmVqQ3FBWnZldlhsT29hbGx0Z003YVZTSUJ6UHFzaVBYNkdUbjVJQ0JjQkdqbWQwUVpHS25zV3lKR2ZXWFp2bko1T0trWE1FTGNjU0p3dmRHY0dXTGlzUllTckhiZzZjSHRDWDdIWUtrd2pEQkxQTWJBYWlqVWdpUmpQSG1D0gHWAUFVX3lxTFBMdlIzVFQzTU9HRGRUYmVIcFlka3c0a1hwZXFaZmpVWVplXzRFcDZjVVJJaDJpMXNjbDVpdnJEOUVNaHRmb25oM3h1OHBwZFQ1S21DNEp0Y2UxMmJ3M0dyUkVzUzlmSWM3ZlViWUVmamttLTB0bk9mYnZyamlES3lESFNYN0RHb0xuSzJhZngzM29BQjNrQ0ZSUk0tQy1VTG5oTXpqUnFFMkpiWVlDNHVybUFxQWZ6emFIZV9ISEp6Z2lIMXItV05lOWw0OVVSbXZER2d6WEE?oc=5,"Mon, 29 Jun 2026 07:00:00 GMT",simplywall.st,방산,https://news.google.com/rss/articles/CBMi0AFBVV95cUxNM0pYUWlEaXNPbDN5YnlPZDRtVkVLV1BKWi1Lb2NTMzJSbDJuUzBiS1BwWHhCVUFSclBwRTVackRFTFNyVTRZSy1PVUEzcmx4SWZHNmVqQ3FBWnZldlhsT29hbGx0Z003YVZTSUJ6UHFzaVBYNkdUbjVJQ0JjQkdqbWQwUVpHS25zV3lKR2ZXWFp2bko1T0trWE1FTGNjU0p3dmRHY0dXTGlzUllTckhiZzZjSHRDWDdIWUtrd2pEQkxQTWJBYWlqVWdpUmpQSG1D0gHWAUFVX3lxTFBMdlIzVFQzTU9HRGRUYmVIcFlka3c0a1hwZXFaZmpVWVplXzRFcDZjVVJJaDJpMXNjbDVpdnJEOUVNaHRmb25oM3h1OHBwZFQ1S21DNEp0Y2UxMmJ3M0dyUkVzUzlmSWM3ZlViWUVmamttLTB0bk9mYnZyamlES3lESFNYN0RHb0xuSzJhZngzM29BQjNrQ0ZSUk0tQy1VTG5oTXpqUnFFMkpiWVlDNHVybUFxQWZ6emFIZV9ISEp6Z2lIMXItV05lOWw0OVVSbXZER2d6WEE?oc=5,,False,본문 수집 제한 개수를 초과했습니다.,False,,2026-09-13 09:09:09
미국,방위산업,방위산업,방위산업 stock market earnings investment,European defense stocks slide after Morgan Stanley downgrades sector view - Investing.com,https://news.google.com/rss/articles/CBMiygFBVV95cUxNQ3BnQ1VucUVLMlNJbFhXNThDWFBuRl9FWXFpeHg3Z2RnM25TUEJLX0NFeFRISmJKQmxUbFdjRDRUeWxxM3dnd1lEYVBySVA3Rm5SVFVSd2JQYTVtMi1fSk9lRFFfMFdpc1YwQWdjZlB1ZWY5RUJ1LWVMWWdmeWZFQ1dVZFlPenIycTJWb3Q5aHZJZXpwV2dMWTJBQTYzY2hUS1RUaEV6aFZTd25HNTlDbjZKemo1dnhlNmFyZV9UX2RPUG9Zd21GWldR?oc=5,"Tue, 09 Jun 2026 07:00:00 GMT",Investing.com,방산,https://news.google.com/rss/articles/CBMiygFBVV95cUxNQ3BnQ1VucUVLMlNJbFhXNThDWFBuRl9FWXFpeHg3Z2RnM25TUEJLX0NFeFRISmJKQmxUbFdjRDRUeWxxM3dnd1lEYVBySVA3Rm5SVFVSd2JQYTVtMi1fSk9lRFFfMFdpc1YwQWdjZlB1ZWY5RUJ1LWVMWWdmeWZFQ1dVZFlPenIycTJWb3Q5aHZJZXpwV2dMWTJBQTYzY2hUS1RUaEV6aFZTd25HNTlDbjZKemo1dnhlNmFyZV9UX2RPUG9Zd21GWldR?oc=5,,False,본문 수집 제한 개수를 초과했습니다.,False,,2026-09-13 09:09:09
미국,방위산업,방위산업,방위산업 stock market earnings investment,Honeywell Aerospace investor day likely to focus on growth ahead of spin-off: BNP Paribas (HON:NASDAQ) - Seeking Alpha,https://news.google.com/rss/articles/CBMixAFBVV95cUxPU1JiSllXRThHdkNoRkQwcXdJc3drT042R3IyYVVSZlAtR3I0aWFIRDV6dWw1U093VDlmTDhYRUNhV0dpN0ZkS21XU0gya0k1MFJVZGNZWjV2VDlYcXI4U2daM3g0a0N6bHVZdWM3enFMOGE1T0o3VGlWVDlkU2pobzJ2Z1VQb1FpaFJwMnI1M2s0eXk5emJJT3JRUkZHenZzbEpRNDRhTWQ4T0FNTkcwNXNOcUZDckRpYUNTNHFBU3NaX1BR?oc=5,"Mon, 01 Jun 2026 07:00:00 GMT",Seeking Alpha,방산,https://news.google.com/rss/articles/CBMixAFBVV95cUxPU1JiSllXRThHdkNoRkQwcXdJc3drT042R3IyYVVSZlAtR3I0aWFIRDV6dWw1U093VDlmTDhYRUNhV0dpN0ZkS21XU0gya0k1MFJVZGNZWjV2VDlYcXI4U2daM3g0a0N6bHVZdWM3enFMOGE1T0o3VGlWVDlkU2pobzJ2Z1VQb1FpaFJwMnI1M2s0eXk5emJJT3JRUkZHenZzbEpRNDRhTWQ4T0FNTkcwNXNOcUZDckRpYUNTNHFBU3NaX1BR?oc=5,,False,본문 수집 제한 개수를 초과했습니다.,False,,2026-09-13 09:09:09
미국,방위산업,방위산업,방위산업 stock market earnings investment,Rare Earth Investment 2026: Best Western Supply Chain Stocks Analysis - Intellectia AI,https://news.google.com/rss/articles/CBMiZEFVX3lxTFBfMGNnRF94eHBkYm5jZjlxV21QNjBsTjltSzVTZ3Vsa3puYml0WHhNNVQ3a1pub1k0TGwzWmFMQXBMVGRJNDJtTTJYTUFERVd4RlN0VXprTEhLODkzRGJZU3BCcEs?oc=5,"Sun, 17 May 2026 07:00:00 GMT",Intellectia AI,방산,https://news.google.com/rss/articles/CBMiZEFVX3lxTFBfMGNnRF94eHBkYm5jZjlxV21QNjBsTjltSzVTZ3Vsa3puYml0WHhNNVQ3a1pub1k0TGwzWmFMQXBMVGRJNDJtTTJYTUFERVd4RlN0VXprTEhLODkzRGJZU3BCcEs?oc=5,,False,본문 수집 제한 개수를 초과했습니다.,False,,2026-09-13 09:09:09
미국,국방 예산,국방 예산,국방 예산 stock market earnings investment,Northrop Grumman Stock Down 21% Amid a $1.5 Trillion Defense Budget Proposal. Here’s What the Model Says - TIKR.com,https://news.google.com/rss/articles/CBMixAFBVV95cUxQWUZSRFRPRHZiS2VYYk5fMjhXSVNxRkhkcXZfb2c2UXk3NXVmVFVvM3VKSzlDVTBBaVMzZ2V1UHFMQ0lERUExa0xlZ0kyNGF4VFM0ZWJFLU9NbXN6NlRpZkJZTGE2UjJoWlJDUHkyVWdPSzM0TXlZODJlNnVzdEZyclhBaEFRQ3dDbzVpdk9RQmJaNG5IbEVpY2JEaHhIUm9oVEQ4NXBDZC16ZmVGNUd6OVAwdFNEeFE3UUZjOEVlcVg1a2pB?oc=5,"Fri, 15 May 2026 07:00:00 GMT",TIKR.com,방산,https://news.google.com/rss/articles/CBMixAFBVV95cUxQWUZSRFRPRHZiS2VYYk5fMjhXSVNxRkhkcXZfb2c2UXk3NXVmVFVvM3VKSzlDVTBBaVMzZ2V1UHFMQ0lERUExa0xlZ0kyNGF4VFM0ZWJFLU9NbXN6NlRpZkJZTGE2UjJoWlJDUHkyVWdPSzM0TXlZODJlNnVzdEZyclhBaEFRQ3dDbzVpdk9RQmJaNG5IbEVpY2JEaHhIUm9oVEQ4NXBDZC16ZmVGNUd6OVAwdFNEeFE3UUZjOEVlcVg1a2pB?oc=5,,False,본문 수집 제한 개수를 초과했습니다.,False,,2026-09-13 09:09:09
미국,방산 수출,defense exports,defense exports stock market earnings investment,Japan's global defense business may be on the cusp of a big breakout - CNBC,https://news.google.com/rss/articles/CBMiiwFBVV95cUxNb1BiSlMwUDBSOTRybUJUejNkRThnWlNLVGNiZ1hlVmNjVGRSZmQ0ZDVmUVZydGFZMks1SGZUbjVQUG1FeGN2ZGVjZDZvSTdBMHpUQV9BbDZuUFdFRldNWjlWcnppOUZYNnk3NldmUE1NRG9MTWdTal9oeVJzOVY4LTM2WjhnZk1YRW440gGQAUFVX3lxTFBFaVFDb0JjTE0ycmVJME8zdmViRG5PV01MTFU0YjBYNGJZb0phV3JXek81R2JRZEtaQ21ETnNCdEl6ZUNFU1lZazl0eWY4RkJTbnREY05oSzNad3FLbWl5andyV0MwbWdKcWVVVmlXZzg0T0tHbVBGT1NfUkk2QkVqenZKc0hHaFNVWF93bVpxVg?oc=5,"Wed, 13 May 2026 07:00:00 GMT",CNBC,방산,https://news.google.com/rss/articles/CBMiiwFBVV95cUxNb1BiSlMwUDBSOTRybUJUejNkRThnWlNLVGNiZ1hlVmNjVGRSZmQ0ZDVmUVZydGFZMks1SGZUbjVQUG1FeGN2ZGVjZDZvSTdBMHpUQV9BbDZuUFdFRldNWjlWcnppOUZYNnk3NldmUE1NRG9MTWdTal9oeVJzOVY4LTM2WjhnZk1YRW440gGQAUFVX3lxTFBFaVFDb0JjTE0ycmVJME8zdmViRG5PV01MTFU0YjBYNGJZb0phV3JXek81R2JRZEtaQ21ETnNCdEl6ZUNFU1lZazl0eWY4RkJTbnREY05oSzNad3FLbWl5andyV0MwbWdKcWVVVmlXZzg0T0tHbVBGT1NfUkk2QkVqenZKc0hHaFNVWF93bVpxVg?oc=5,,False,본문 수집 제한 개수를 초과했습니다.,False,,2026-09-13 09:09:09
미국,방위산업,방위산업,방위산업 stock market earnings investment,"Planet Labs Q4 2026 slides: first profitable year, backlog surges 79% - Investing.com",https://news.google.com/rss/articles/CBMiwAFBVV95cUxQTG9Jd3h0RGpmUnV2R0VzOFpJT3JkN2o3TkVDTmpKT3RaMmZYNnBqMThKby1FWGE2RHVsY1Vta1ZsTnRSSU5vMy05WHNkY3NmTGF5ZDRKTXoxNVpITF9LMDlKaFJJUEJOYjF4LVFwVEtlZ3FGSUxLT0l0Qmc5d3hsU3k3S19rZ2RucjhKSVBSM0ZfYUkwNFVJY0NkZFdDVE5aSENZaFAyUVZ5MThocHMwOEN3WC1IT1pMV3pGQi1ZZlE?oc=5,"Thu, 19 Mar 2026 07:00:00 GMT",Investing.com,방산,https://news.google.com/rss/articles/CBMiwAFBVV95cUxQTG9Jd3h0RGpmUnV2R0VzOFpJT3JkN2o3TkVDTmpKT3RaMmZYNnBqMThKby1FWGE2RHVsY1Vta1ZsTnRSSU5vMy05WHNkY3NmTGF5ZDRKTXoxNVpITF9LMDlKaFJJUEJOYjF4LVFwVEtlZ3FGSUxLT0l0Qmc5d3hsU3k3S19rZ2RucjhKSVBSM0ZfYUkwNFVJY0NkZFdDVE5aSENZaFAyUVZ5MThocHMwOEN3WC1IT1pMV3pGQi1ZZlE?oc=5,,False,본문 수집 제한 개수를 초과했습니다.,False,,2026-09-13 09:09:09
미국,국방 예산,국방 예산,국방 예산 stock market earnings investment,7 Best Defense Stocks to Buy in January 2026 (Expert Picks) - Intellectia AI,https://news.google.com/rss/articles/CBMia0FVX3lxTFBlTVhMVnpveVRaRkFETC1jQnhfejNVREl5SDNNeUVUVW9yZV9WQ1RteHRfZHBXZEEzcktwTDBoOW5xQnQ2cXR4a0FCNF90QkE4OS1XVFFaY2dlTnNaNGpBeVFkOGIxa2wzWVFz?oc=5,"Sun, 25 Jan 2026 08:00:00 GMT",Intellectia AI,방산,https://news.google.com/rss/articles/CBMia0FVX3lxTFBlTVhMVnpveVRaRkFETC1jQnhfejNVREl5SDNNeUVUVW9yZV9WQ1RteHRfZHBXZEEzcktwTDBoOW5xQnQ2cXR4a0FCNF90QkE4OS1XVFFaY2dlTnNaNGpBeVFkOGIxa2wzWVFz?oc=5,,False,본문 수집 제한 개수를 초과했습니다.,False,,2026-09-13 09:09:09
미국,국방 예산,국방 예산,국방 예산 stock market earnings investment,Trump Orders Crackdown on Defense Industry Stock Buybacks - WSJ,https://news.google.com/rss/articles/CBMiggFBVV95cUxPRTEyVENtZ1dfa2pMeVV5RnRDX1hkSG96RzEteFJiMHppOWd1ZlZFQ3VjbHJzajdYRFE1LUlLenV6bEVpYkpzQUduRld0V3NhRjJod0huWTY5VU50cW9uOVNjWFk2RmllSlh5bi1fdFgwTXFrZklUSXV2X2preHVUZlhR?oc=5,"Thu, 08 Jan 2026 08:00:00 GMT",WSJ,방산,https://news.google.com/rss/articles/CBMiggFBVV95cUxPRTEyVENtZ1dfa2pMeVV5RnRDX1hkSG96RzEteFJiMHppOWd1ZlZFQ3VjbHJzajdYRFE1LUlLenV6bEVpYkpzQUduRld0V3NhRjJod0huWTY5VU50cW9uOVNjWFk2RmllSlh5bi1fdFgwTXFrZklUSXV2X2preHVUZlhR?oc=5,,False,본문 수집 제한 개수를 초과했습니다.,False,,2026-09-13 09:09:09
미국,방위산업,방위산업,방위산업 stock market earnings investment,Warship builder TKMS makes stock market debut in latest sign of defence asset boom - Yahoo Finance UK,https://news.google.com/rss/articles/CBMiiAFBVV95cUxNRFJWYkdxR3EwMExnY3pDTnpZLTBPSU9SQ0t5R01IeGRFNk9KZFlnTldrcEU3cGhqa2hHemFFZ2tuT19VMENONWZYRE9PTkZtekFTWjl0MDFCRnlMT1ZnaUktTXlEOVpqdUdQM1VfdFlOcE52VVBLYmRnYWhwdTRYc0FDNnJzd09u?oc=5,"Mon, 20 Oct 2025 07:00:00 GMT",Yahoo Finance UK,방산,https://news.google.com/rss/articles/CBMiiAFBVV95cUxNRFJWYkdxR3EwMExnY3pDTnpZLTBPSU9SQ0t5R01IeGRFNk9KZFlnTldrcEU3cGhqa2hHemFFZ2tuT19VMENONWZYRE9PTkZtekFTWjl0MDFCRnlMT1ZnaUktTXlEOVpqdUdQM1VfdFlOcE52VVBLYmRnYWhwdTRYc0FDNnJzd09u?oc=5,,False,본문 수집 제한 개수를 초과했습니다.,False,,2026-09-13 09:09:09
일본,방산 수출,防衛 輸出,防衛 輸出 日本 株式市場 企業,先月のマーケットの振り返り（2026年８月） - smd-am.co.jp,https://news.google.com/rss/articles/CBMid0FVX3lxTE9EQ1l6eVcySkVCakF0YjI3OEZjV0x3QTUyLXpSQmx4elZtS1hXbzdob3AxeHM1RnVEOGpNdHNwb3RCQlRNb2JReUFQRUx0c2hLN1pEQjVIRHJtd2tmTTU5cWFkXzZNbFRnbE5sUU1yOS0zVEpHOEVr?oc=5,"Wed, 02 Sep 2026 07:00:00 GMT",smd-am.co.jp,방산,https://www.smd-am.co.jp/market/lastweek/monthly/2026/month260902gl/,www.smd-am.co.jp,True,,True,,2026-09-13 09:09:09
일본,방산 수출,防衛 輸出,防衛 輸出 日本 株式市場 企業,防衛関連株 本命株・出遅れ株 一覧 - kabukarin.net,https://news.google.com/rss/articles/CBMiS0FVX3lxTE1hZ2w1QmhFRjlpYzVKb2ZzSHFkUHAzRXBjdkM3MzJXLTg5MUNQTlZkejNkc09peVl0LXdnZy02cVUzSnk4eEhzaVV2bw?oc=5,"Tue, 25 Aug 2026 07:00:00 GMT",kabukarin.net,방산,https://news.google.com/rss/articles/CBMiS0FVX3lxTE1hZ2w1QmhFRjlpYzVKb2ZzSHFkUHAzRXBjdkM3MzJXLTg5MUNQTlZkejNkc09peVl0LXdnZy02cVUzSnk4eEhzaVV2bw?oc=5,,False,"HTTPSConnectionPool(host='kabukarin.net', port=443): Max retries exceeded with url: /defense/2502/ (Caused by ConnectTimeoutError(<HTTPSConnection(host='kabukarin.net', port=443) at 0x7f9207120bc0>, 'Connection to kabukarin.net timed out. (connect timeout=10)'))",True,,2026-09-13 09:09:09
일본,무기 수주,防衛 受注,防衛 受注 日本 株式市場 企業,三菱重工、事業利益65％増でも株価一服…「防衛株ブーム終了」か？市場が気づいた「限界」 - 現代ビジネス,https://news.google.com/rss/articles/CBMiWEFVX3lxTE5fRzB1NWdGTHBrZ2JPWlpBcWpCci02aGJOWEJQVHBnd1lsWjhkWVN3YUs0U1hPQllhQzFfb1hsT08xTUpJUVc4WGlKa3lqeUtXTVY3alZQMFE?oc=5,"Mon, 24 Aug 2026 07:00:00 GMT",現代ビジネス,방산,https://gendai.media/articles/-/170403?page=4,gendai.media,True,,True,,2026-09-13 09:09:09
일본,방산 수출,防衛 輸出,防衛 輸出 日本 株式市場 企業,AI・半導体だけではない!?株価上昇期待の好決算銘柄 - SBI証券,https://news.google.com/rss/articles/CBMif0FVX3lxTE1sSEhGdlVnWkI3bVliR2g2b1pLQm9MT2Q0MWhWNlJQajd2amZxNWY3RlhjREZCajJSSWl4R2pBeEFGYTVFelVTSFIxRVJ0U0JOWnZsVDdkVFZpNXM2cWR2LTZrUXlEdGJjamhIdW5RSWxqcXhNU05ZOTdkWHMzVDg?oc=5,"Fri, 14 Aug 2026 07:00:00 GMT",SBI証券,방산,https://go.sbisec.co.jp/media/report/dom_senryaku/dom_senryaku_260814.html,go.sbisec.co.jp,True,,True,,2026-09-13 09:09:09
일본,방산 수출,防衛 輸出,防衛 輸出 日本 株式市場 企業,「防衛」が１４位にランクイン、「５類型」撤廃で関連企業の商機拡大か＜注目テーマ＞ - 株探,https://news.google.com/rss/articles/CBMiYEFVX3lxTE92SzRSMkJlUUZ0UXRTVklfdHVhZWNQRFYtd0JHOV9WNVlONDRhX3Y5aS1HNVVsRTJZQnRjRC1FN3NOdkpGaTBFQV9TNUtzVDBrcmJqMnA3VWl4SVlUY0NqOQ?oc=5,"Fri, 29 May 2026 07:00:00 GMT",株探,방산,https://news.google.com/rss/articles/CBMiYEFVX3lxTE92SzRSMkJlUUZ0UXRTVklfdHVhZWNQRFYtd0JHOV9WNVlONDRhX3Y5aS1HNVVsRTJZQnRjRC1FN3NOdkpGaTBFQV9TNUtzVDBrcmJqMnA3VWl4SVlUY0NqOQ?oc=5,,False,본문 수집 제한 개수를 초과했습니다.,False,,2026-09-13 09:09:09
일본,방산 수출,防衛 輸出,防衛 輸出 日本 株式市場 企業,防衛企業の成長、投資マネーが見越す 国主導の再編を市場は期待 - 日本経済新聞,https://news.google.com/rss/articles/CBMibEFVX3lxTFBLazdhbmpvdlFrRUN5UzJhYU5saHhobFhtMGwxN2ZZdHdnRXpaU0owX0NrazFGQVdaamxRdEl4ZFBna1VCekF4dGw4SDFVWXNGT0tQWHJoMFQyTzRHS2ZELUpEV1UtQnRvSnYzVg?oc=5,"Thu, 14 May 2026 07:00:00 GMT",日本経済新聞,방산,https://news.google.com/rss/articles/CBMibEFVX3lxTFBLazdhbmpvdlFrRUN5UzJhYU5saHhobFhtMGwxN2ZZdHdnRXpaU0owX0NrazFGQVdaamxRdEl4ZFBna1VCekF4dGw4SDFVWXNGT0tQWHJoMFQyTzRHS2ZELUpEV1UtQnRvSnYzVg?oc=5,,False,본문 수집 제한 개수를 초과했습니다.,False,,2026-09-13 09:09:09
일본,무기 수주,防衛 受注,防衛 受注 日本 株式市場 企業,日経平均が一時6万円！好業績・株価上昇期待の11銘柄 - SBI証券,https://news.google.com/rss/articles/CBMif0FVX3lxTE9WdkR6MWUtZldIUHF4VFdRdHB5NE5zT1l4Nk5uVFVpSk5keTFiVkNXN1NjVV96TmlBcF9BU0tmakk3YW9IcDk4SjZjaldXMWVxTGl1WUtKTkpzSTRpWU9CTnlUdFpLVzJ2eVlXSzRUZnNzd2VkNEktdVVtTENwTG8?oc=5,"Fri, 24 Apr 2026 07:00:00 GMT",SBI証券,방산,https://news.google.com/rss/articles/CBMif0FVX3lxTE9WdkR6MWUtZldIUHF4VFdRdHB5NE5zT1l4Nk5uVFVpSk5keTFiVkNXN1NjVV96TmlBcF9BU0tmakk3YW9IcDk4SjZjaldXMWVxTGl1WUtKTkpzSTRpWU9CTnlUdFpLVzJ2eVlXSzRUZnNzd2VkNEktdVVtTENwTG8?oc=5,,False,본문 수집 제한 개수를 초과했습니다.,False,,2026-09-13 09:09:09
일본,무기 수주,防衛 受注,防衛 受注 日本 株式市場 企業,政府が防衛力強化､大口売り上げ計上を見込める銘柄とは？ - 四季報オンライン,https://news.google.com/rss/articles/CBMiV0FVX3lxTE1EUlFlcEhaUENXcklOdVZwVzdJNkY2SHVYQUtGMzJSRGZCRERmWWh1MDgxb3liX2N6Z1Q3cGxyYWpDNm5DTDVEYUJUVUV6ZFprNW9teVVJNA?oc=5,"Mon, 06 Apr 2026 07:00:00 GMT",四季報オンライン,방산,https://news.google.com/rss/articles/CBMiV0FVX3lxTE1EUlFlcEhaUENXcklOdVZwVzdJNkY2SHVYQUtGMzJSRGZCRERmWWh1MDgxb3liX2N6Z1Q3cGxyYWpDNm5DTDVEYUJUVUV6ZFprNW9teVVJNA?oc=5,,False,본문 수집 제한 개수를 초과했습니다.,False,,2026-09-13 09:09:09
일본,무기 수주,防衛 受注,防衛 受注 日本 株式市場 企業,株、防衛･半導体産業に｢下請け革命｣ 人手不足で受託側に成長期待 - 日本経済新聞,https://news.google.com/rss/articles/CBMibEFVX3lxTE96cDJUMlFSUGRta1h2a1Z0OWV6UVphZjNHZTE3TzNVMmhDeG9nSExzNjJEQ3ZXVDZWQjVKWS1wNkp5c0FXVTlHX3hYcGhzZ1AwWDNna2dmanVYbFQ3ZGNONGxNblFwal8tcHJNVw?oc=5,"Fri, 03 Apr 2026 07:00:00 GMT",日本経済新聞,방산,https://news.google.com/rss/articles/CBMibEFVX3lxTE96cDJUMlFSUGRta1h2a1Z0OWV6UVphZjNHZTE3TzNVMmhDeG9nSExzNjJEQ3ZXVDZWQjVKWS1wNkp5c0FXVTlHX3hYcGhzZ1AwWDNna2dmanVYbFQ3ZGNONGxNblFwal8tcHJNVw?oc=5,,False,본문 수집 제한 개수를 초과했습니다.,False,,2026-09-13 09:09:09
일본,무기 수주,防衛 受注,防衛 受注 日本 株式市場 企業,企業改革と国策が「追い風」日本株10銘柄――防衛装備受注増で三菱重工 株主還元で三菱UFJや三菱商事 戸松信博 - 週刊エコノミスト Online,https://news.google.com/rss/articles/CBMif0FVX3lxTE42aVlpNTdrTXoxVFh0a3NJYU1VVHVFLW5DbThRRTQ0c1h2QmhWMEY5djkyQ1ZsUmVuX0xURXUtUGIzV08yT2szTm80UVB2cHdqMHYzbHhmVndHNXdBY1VLRXFCSlQ2UUtpS3NJZlJYQml6QTlGYW5pd2Z0XzVoQ0E?oc=5,"Mon, 16 Mar 2026 07:00:00 GMT",週刊エコノミスト Online,방산,https://news.google.com/rss/articles/CBMif0FVX3lxTE42aVlpNTdrTXoxVFh0a3NJYU1VVHVFLW5DbThRRTQ0c1h2QmhWMEY5djkyQ1ZsUmVuX0xURXUtUGIzV08yT2szTm80UVB2cHdqMHYzbHhmVndHNXdBY1VLRXFCSlQ2UUtpS3NJZlJYQml6QTlGYW5pd2Z0XzVoQ0E?oc=5,,False,본문 수집 제한 개수를 초과했습니다.,False,,2026-09-13 09:09:09
중동,무기 수주,arms deal Middle East Saudi UAE,arms deal Middle East Saudi UAE Middle East Gulf Saudi UAE Qatar oil LNG defense energy investment,"Weapons, AI and nuclear power: Trump's Middle East formula - calcalistech.com",https://news.google.com/rss/articles/CBMiZ0FVX3lxTFAyeWxHOVU1SUIwMDZsVlJSYVJ1SWF0b1ByS0xIdEpkLTRTa0NJS0ZCQU80cUlrOGl2emhrTWtiLWJNMDNlSkpEMlRHVXRxeC1nT1NjMmhEN05md21hVEY3Mk1vaUZoY2s?oc=5,"Mon, 27 Jul 2026 07:00:00 GMT",calcalistech.com,방산,https://www.calcalistech.com/ctechnews/article/bajlcaz2p,www.calcalistech.com,True,,True,,2026-09-13 09:09:09
중동,무기 수주,arms deal Middle East Saudi UAE,arms deal Middle East Saudi UAE Middle East Gulf Saudi UAE Qatar oil LNG defense energy investment,The shock of Hormuz: the chokehold that changed the Gulf - نون بوست,https://news.google.com/rss/articles/CBMiS0FVX3lxTE45WDFKYnk5NmZSQ1k5alV0RnVaeFFHTDByTkprVXJ1c2M4R2U2bUhSNmVsdy1QNUV2U2xTcXZSUUVRWlY5b2dZVk5HSdIBS0FVX3lxTE45WDFKYnk5NmZSQ1k5alV0RnVaeFFHTDByTkprVXJ1c2M4R2U2bUhSNmVsdy1QNUV2U2xTcXZSUUVRWlY5b2dZVk5HSQ?oc=5,"Mon, 20 Jul 2026 07:00:00 GMT",نون بوست,방산,https://www.noonpost.com/en/379691/,www.noonpost.com,True,,True,,2026-09-13 09:09:09
중동,방산 수출,defense exports Middle East,defense exports Middle East Middle East Gulf Saudi UAE Qatar oil LNG defense energy investment,Lessons Learned by GCC States in the 2026 US-Israel-Iran War - Middle East Council on Global Affairs,https://news.google.com/rss/articles/CBMimwFBVV95cUxPSXoxeTlBNTNocndrcVp4YjlWNlNaTGxRNTQ2NXBSSDNUeU84WkJXZExBSThjTFVXc1dTc1FvbXcyNnRncUdVQUZCWXd5aW0tRjJSOEJKRFVIb21iQ3Q0VEUtcTRVdTRfVExNVmpsbDZPZ194Q2Q3WGgwRTFwZThYbHdWNWZoQklBczlCcjZrNUN1SkNfTDFmcW9Xdw?oc=5,"Tue, 14 Jul 2026 14:18:12 GMT",Middle East Council on Global Affairs,방산,https://mecouncil.org/publication/lessons-learned-by-gcc-states-in-the-2026-us-israel-iran-war/,mecouncil.org,True,,True,,2026-09-13 09:09:09
중동,방산 수출,defense exports Middle East,defense exports Middle East Middle East Gulf Saudi UAE Qatar oil LNG defense energy investment,Gulf States Rush to Reduce Hormuz Dependence After Iran War Shock - Modern Diplomacy,https://news.google.com/rss/articles/CBMipwFBVV95cUxOM1Q4bmJTTmxFTFdJN19VTG93bDIydFZERWpaNkk0TWdraHdwUVpqVlQtVWNQMWswRzdYRENvQjRCME0xR3U5N243R0NtV0VaV3lDcWd4UTZYcy1OY3RIbEJhaDczbnRuWldXRHljSWdoblE1ZG9JZjNtNXVuMGhtYy11ZTFtNGpPWnNGVU12akI5VkRYdWZJbkFBakFrVzFTREZHQm1sVQ?oc=5,"Thu, 18 Jun 2026 07:00:00 GMT",Modern Diplomacy,방산,https://moderndiplomacy.eu/2026/06/18/gulf-states-rush-to-reduce-hormuz-dependence-after-iran-war-shock/,moderndiplomacy.eu,True,,True,,2026-09-13 09:09:09
중동,방산 수출,defense exports Middle East,defense exports Middle East Middle East Gulf Saudi UAE Qatar oil LNG defense energy investment,Post-War Gulf Faces Push for Alternative Export Routes - Offshore Engineer Magazine,https://news.google.com/rss/articles/CBMilwFBVV95cUxNRzlySG9veUljZFdNdTFCX1VGdklHZFhZazllQllIMENveHpRcFZmTTQtbXBUcXNJd2FWb0Zmb3N4TlIzVnZVNUxieGZ5ckRUazJ5MGMtMHJKRE1CWTAzOTdST0pJWnJVUmNIZTR5RTY5ZXRVNUp1SDJKd0ZIcl9SazZOWER4eXB0OGY5czZtdXJYdXczamM0?oc=5,"Thu, 18 Jun 2026 07:00:00 GMT",Offshore Engineer Magazine,방산,https://news.google.com/rss/articles/CBMilwFBVV95cUxNRzlySG9veUljZFdNdTFCX1VGdklHZFhZazllQllIMENveHpRcFZmTTQtbXBUcXNJd2FWb0Zmb3N4TlIzVnZVNUxieGZ5ckRUazJ5MGMtMHJKRE1CWTAzOTdST0pJWnJVUmNIZTR5RTY5ZXRVNUp1SDJKd0ZIcl9SazZOWER4eXB0OGY5czZtdXJYdXczamM0?oc=5,,False,본문 수집 제한 개수를 초과했습니다.,False,,2026-09-13 09:09:09
중동,방산 수출,defense exports Middle East,defense exports Middle East Middle East Gulf Saudi UAE Qatar oil LNG defense energy investment,The Petrodollar Order Under Strain as the Iran War Disrupts Gulf Energy Revenues - 笹川平和財団,https://news.google.com/rss/articles/CBMiZEFVX3lxTFBodU9LM1RheDEyb25Vb216aTVoM0oxTzRHWGhWczdlSm9kTXR3NWw2a3hEaUtaeU5peHlLSFYwcmJkMm00bm84RTd6dmlwMURUQTdmSXVfWlphWWNCbzE3dERIVDg?oc=5,"Tue, 09 Jun 2026 07:00:00 GMT",笹川平和財団,방산,https://news.google.com/rss/articles/CBMiZEFVX3lxTFBodU9LM1RheDEyb25Vb216aTVoM0oxTzRHWGhWczdlSm9kTXR3NWw2a3hEaUtaeU5peHlLSFYwcmJkMm00bm84RTd6dmlwMURUQTdmSXVfWlphWWNCbzE3dERIVDg?oc=5,,False,본문 수집 제한 개수를 초과했습니다.,False,,2026-09-13 09:09:09
중동,무기 수주,arms deal Middle East Saudi UAE,arms deal Middle East Saudi UAE Middle East Gulf Saudi UAE Qatar oil LNG defense energy investment,Gulf Sovereign Wealth Funds and the Cost of Crisis Resilience - Middle East Council on Global Affairs,https://news.google.com/rss/articles/CBMinAFBVV95cUxQWEhrU05HeXREejFxYl9kUW9EdnpsRE1mWGdKSndBOU1wUXdGejF3XzFUdmRtMm9OV3FWOFJ4OFNucFFqamNCNzJ1Nk8zcnVSeVRuYm1STUpkZkpCMTVJWEMtSnB1UGNRREs0c2o3SGZWOVhjeVZxSF9ZLWdZakFjTE9WOGprcGh2M3ZqQWlmek1hNEhjQlgxT0RsS00?oc=5,"Tue, 26 May 2026 02:07:14 GMT",Middle East Council on Global Affairs,방산,https://news.google.com/rss/articles/CBMinAFBVV95cUxQWEhrU05HeXREejFxYl9kUW9EdnpsRE1mWGdKSndBOU1wUXdGejF3XzFUdmRtMm9OV3FWOFJ4OFNucFFqamNCNzJ1Nk8zcnVSeVRuYm1STUpkZkpCMTVJWEMtSnB1UGNRREs0c2o3SGZWOVhjeVZxSF9ZLWdZakFjTE9WOGprcGh2M3ZqQWlmek1hNEhjQlgxT0RsS00?oc=5,,False,본문 수집 제한 개수를 초과했습니다.,False,,2026-09-13 09:09:09
중동,무기 수주,arms deal Middle East Saudi UAE,arms deal Middle East Saudi UAE Middle East Gulf Saudi UAE Qatar oil LNG defense energy investment,Iran Conflict Hits Foundations of Gulf Economies - Stimson Center,https://news.google.com/rss/articles/CBMihAFBVV95cUxONXl4UGVOQWN4bEtObEF6aHQyUUVPeWZUMFVQejJDcTE3RGpSVFBqcjRXdEc0cVBVN2xDWUNhLURMVEdaQlBMTGNXOEtMQWQxc0htS3c0bDByMUtNZkRGM2hEQlo5eGpwRGRoRnlYZTZTdERFcjFXWDhaVmVIWGJzTzlxTG4?oc=5,"Tue, 12 May 2026 07:00:00 GMT",Stimson Center,방산,https://news.google.com/rss/articles/CBMihAFBVV95cUxONXl4UGVOQWN4bEtObEF6aHQyUUVPeWZUMFVQejJDcTE3RGpSVFBqcjRXdEc0cVBVN2xDWUNhLURMVEdaQlBMTGNXOEtMQWQxc0htS3c0bDByMUtNZkRGM2hEQlo5eGpwRGRoRnlYZTZTdERFcjFXWDhaVmVIWGJzTzlxTG4?oc=5,,False,본문 수집 제한 개수를 초과했습니다.,False,,2026-09-13 09:09:09
중동,방산 수출,defense exports Middle East,defense exports Middle East Middle East Gulf Saudi UAE Qatar oil LNG defense energy investment,Emirati Crown Prince’s Trip to China Underscores Importance of Petrodollar Dominance - fdd.org,https://news.google.com/rss/articles/CBMiwgFBVV95cUxNLUl2dThfR2Nnd24zR3ZON1JQRWdzWE9SWjFITU9MRnR1Q3ZIU0Z3MG1vc3VaOFVoN2w3blBTTFBpMTA0bjVpYy15cmZsTXhXU1hXUC1LQlRja0w2cHlaUUxCUVIyY0ZmaURidFVYNnlneEgzUGtaYklXX1FqdEZMdnowbDAzaGpLVGR5WjFUVFFIR0l6NVdBaXpVTkdSMWc0VFpCMVpGZ2JPVHBHVWwya3BzSXZla0FNbW1NNTFxNEJuUQ?oc=5,"Wed, 15 Apr 2026 07:00:00 GMT",fdd.org,방산,https://news.google.com/rss/articles/CBMiwgFBVV95cUxNLUl2dThfR2Nnd24zR3ZON1JQRWdzWE9SWjFITU9MRnR1Q3ZIU0Z3MG1vc3VaOFVoN2w3blBTTFBpMTA0bjVpYy15cmZsTXhXU1hXUC1LQlRja0w2cHlaUUxCUVIyY0ZmaURidFVYNnlneEgzUGtaYklXX1FqdEZMdnowbDAzaGpLVGR5WjFUVFFIR0l6NVdBaXpVTkdSMWc0VFpCMVpGZ2JPVHBHVWwya3BzSXZla0FNbW1NNTFxNEJuUQ?oc=5,,False,본문 수집 제한 개수를 초과했습니다.,False,,2026-09-13 09:09:09
중동,무기 수주,arms deal Middle East Saudi UAE,arms deal Middle East Saudi UAE Middle East Gulf Saudi UAE Qatar oil LNG defense energy investment,"Italy's Meloni visits Saudi Arabia, Qatar and UAE amid Gulf tensions, energy worries - Reuters",https://news.google.com/rss/articles/CBMiowFBVV95cUxPdjB6QlpZb3NTU3otMXBTWm43amtROXo0MHdINXJEaFFJc0hGU0dLbGZpM3NPSUJVTmJkbE1SeGV2TFpoZGZVVE5maTRWWFl3ZU9xTnl4QXlOeUVxVGhmNlhMQVNheWt1QXNBQVpXTGMtLTFhLV8wTVMybFdRVER6SF9zTjdwbjZkdkZyQzV4MFV1TUhxMnlJaFJaSVZNOWowcmxZ?oc=5,"Fri, 03 Apr 2026 07:00:00 GMT",Reuters,방산,https://news.google.com/rss/articles/CBMiowFBVV95cUxPdjB6QlpZb3NTU3otMXBTWm43amtROXo0MHdINXJEaFFJc0hGU0dLbGZpM3NPSUJVTmJkbE1SeGV2TFpoZGZVVE5maTRWWFl3ZU9xTnl4QXlOeUVxVGhmNlhMQVNheWt1QXNBQVpXTGMtLTFhLV8wTVMybFdRVER6SF9zTjdwbjZkdkZyQzV4MFV1TUhxMnlJaFJaSVZNOWowcmxZ?oc=5,,False,본문 수집 제한 개수를 초과했습니다.,False,,2026-09-13 09:09:09
국내,해킹,해킹,해킹,"한 화면씩 넘기며 읽는 게임 설명, 해킹 사이트 - Calgary Roughnecks",https://news.google.com/rss/articles/CBMi2gJBVV95cUxOWk9ITU12b2dGV2VJS1kxZXROTVIyX09kdlBQLXBEOGw1bFRpeFNuYTVZZEQxMk5YbVRHWTRwTnBpSDV2UHNoS1hsdzVkWGREaGhMd2ZvRk9mcDZsamd3LUZQMDgxTENDbDEtSzV3dk56amJjVERFYWJncmxXb2VsOUkwdGpvT3R5aDZ6S0dSRWx4dWNlNGU3UUFYQlZHRmNwSUFqQTZwUTIwYlpsZ2tVQmNNdzRiNjdualYwZnZZcW1JVTlLV2hCTVZ1RG5OWGthZFZjb3VNQVQ4NUpCU1Mza2gyMEtVSlEtYzBURVVpTWhnMnVxTXE5bUVVZk11a2FrYXI0cy1uX0JCS0RzYkMyUXZzRjZlZVBrTG1vU2VQUDh5RnJVOHRvWmMxMnU4MzZOSnQ1YmVES1ZDeWU5U1JnVUdMbWpKMlRTYWkxWWo3eHNUYXdfUTlfY25B?oc=5,"Sat, 12 Sep 2026 18:38:16 GMT",Calgary Roughnecks,보안,https://www.calgaryroughnecks.com/get-to-know-christian-del-bianco/?ID=%EC%8A%AC%EB%A1%AF%20%EB%A8%B8%EC%8B%A0%20%ED%99%98%EC%88%98%20%EC%9C%A8%20%EB%B2%A0%EC%8A%A4%ED%8A%B8%20%EC%98%A8%EB%9D%BC%EC%9D%B8%20%EC%B9%B4%EC%A7%80%EB%85%B8.html,www.calgaryroughnecks.com,True,,True,,2026-09-13 09:09:48
국내,보안 솔루션,보안 솔루션,보안 솔루션,"삼성전자, HW-SW 결합한 IoT용 보안 솔루션 공개 - Samsung Global Newsroom",https://news.google.com/rss/articles/CBMib0FVX3lxTE9heDBIQ0hDeWxiZmJtMVk5cXY4YkRMclc2eTF3STdNWHFnbHpSZVJYdVFMcVgtWW9VR09JTVJBaVY3SG9wU3dZcnhrNFBmZEdPbW00VHkzMW9yUUNkWVdDTVViQ0s0U2tqWjNXY2syNA?oc=5,"Sat, 12 Sep 2026 12:13:07 GMT",Samsung Global Newsroom,보안,https://news.google.com/rss/articles/CBMib0FVX3lxTE9heDBIQ0hDeWxiZmJtMVk5cXY4YkRMclc2eTF3STdNWHFnbHpSZVJYdVFMcVgtWW9VR09JTVJBaVY3SG9wU3dZcnhrNFBmZEdPbW00VHkzMW9yUUNkWVdDTVViQ0s0U2tqWjNXY2syNA?oc=5,,False,"HTTPSConnectionPool(host='news.samsung.com', port=443): Read timed out. (read timeout=10)",True,,2026-09-13 09:09:48
국내,정보보안,정보보안,정보보안,"트럼프 시대의 정보보안, “사회 전체 문제로의 인식 필요” - 보안뉴스",https://news.google.com/rss/articles/CBMiaEFVX3lxTE9Ca2dUS2g3NlUwSUF0aFBLRXoyZkppeUl3YnRCU1lXQmFiNHYxSWx5NkRKY1BPUWw4VWZXbXczZWROam5WV2F2S1JtZ0k0NkNVT1YybXpIbkpUdHhaYzdkTGtWRElKMEUx?oc=5,"Sat, 12 Sep 2026 06:31:00 GMT",보안뉴스,보안,http://www.boannews.com/news/articleView.html?idxno=64822,www.boannews.com,True,,True,,2026-09-13 09:09:48
국내,사이버보안,사이버보안,사이버보안,"러시아 지원 해커 조직, 보안 탐지 피하려 AI ‘클로드’ 악용... ""방어망 무력화"" - 보안뉴스",https://news.google.com/rss/articles/CBMia0FVX3lxTE40eXZxeHNSLWNNSFA4TUNkdzBKeURmbEJwM0pNS2Z0enY1ZGt1MDdHT2dCVWx4cEFTU29odjF4QTBUaHpmNVAzOEpUOG5RbkJsU2k1V0J0Nk1MTGxjdmVwci0yVEtra2FRbTVZ?oc=5,"Sat, 12 Sep 2026 06:00:00 GMT",보안뉴스,보안,https://www.boannews.com/news/articleView.html?idxno=145800,www.boannews.com,True,,True,,2026-09-13 09:09:48
국내,보안 솔루션,보안 솔루션,보안 솔루션,"원격근무 타고 날았다… 파수AI, 문서 보안 솔루션 수주 폭발 - 핀포인트뉴스",https://news.google.com/rss/articles/CBMid0FVX3lxTE5lRzBqSVB6RlNaYzRFeFRtZ0pKZ1hxRGZROXRKdi13UlYxYUVPSncxYzdnRUdZa3JVSU1od2FLMWNjRFB0RXVYcm5nS3IyZlRacXdPMlpmeTJnM2NLMmZEcU1HTjZRaENBd3E4MVlteFJHSHpWMi1r0gF3QVVfeXFMTmVHMGpJUHpGU1pjNEV4VG1nSkpnWHFEZlE5dEp2LXdSVjFhRU9KdzFjN2dFR1lrclVJTWh3YUsxY2NEUHRFdVhybmdLcjJmVFpxd08yWmZ5MmczY0syZkRxTUdONlFoQ0F3cTgxWW14UkdIelYyLWs?oc=5,"Sat, 12 Sep 2026 02:35:56 GMT",핀포인트뉴스,보안,https://news.google.com/rss/articles/CBMid0FVX3lxTE5lRzBqSVB6RlNaYzRFeFRtZ0pKZ1hxRGZROXRKdi13UlYxYUVPSncxYzdnRUdZa3JVSU1od2FLMWNjRFB0RXVYcm5nS3IyZlRacXdPMlpmeTJnM2NLMmZEcU1HTjZRaENBd3E4MVlteFJHSHpWMi1r0gF3QVVfeXFMTmVHMGpJUHpGU1pjNEV4VG1nSkpnWHFEZlE5dEp2LXdSVjFhRU9KdzFjN2dFR1lrclVJTWh3YUsxY2NEUHRFdVhybmdLcjJmVFpxd08yWmZ5MmczY0syZkRxTUdONlFoQ0F3cTgxWW14UkdIelYyLWs?oc=5,,False,본문 수집 제한 개수를 초과했습니다.,False,,2026-09-13 09:09:48
국내,망분리,망분리,망분리,"금융위 “AI 에이전트 결제, 신용정보법·망분리 규제 단계적 완화” - mk.co.kr",https://news.google.com/rss/articles/CBMiUkFVX3lxTE5qLWt1em16YTFDckFoSjJDSmdXdFlrQ1lDandrUXBNLWtRM2JxQmtlcEZxek1aYkg4dE03M3plelFjd1ktTTg0QUlrM05OZ0tEMkE?oc=5,"Fri, 11 Sep 2026 09:00:44 GMT",mk.co.kr,보안,https://news.google.com/rss/articles/CBMiUkFVX3lxTE5qLWt1em16YTFDckFoSjJDSmdXdFlrQ1lDandrUXBNLWtRM2JxQmtlcEZxek1aYkg4dE03M3plelFjd1ktTTg0QUlrM05OZ0tEMkE?oc=5,,False,본문 수집 제한 개수를 초과했습니다.,False,,2026-09-13 09:09:48
국내,사이버보안,사이버보안,사이버보안,"오픈AI, 美 전력회사들과 전력망 보안 논의…AI 사이버공격 대비 - v.daum.net",https://news.google.com/rss/articles/CBMiT0FVX3lxTE1mWGNKV2Y2cnFMY0lMWVJhcUYtcEpVTlc1TEMxRjNCcFBSMWhFbTkyUTZsblRwdUd4WmI0ckhENVhoMUtYNVdoa3NCOWVvZmM?oc=5,"Fri, 11 Sep 2026 01:51:53 GMT",v.daum.net,보안,https://news.google.com/rss/articles/CBMiT0FVX3lxTE1mWGNKV2Y2cnFMY0lMWVJhcUYtcEpVTlc1TEMxRjNCcFBSMWhFbTkyUTZsblRwdUd4WmI0ckhENVhoMUtYNVdoa3NCOWVvZmM?oc=5,,False,본문 수집 제한 개수를 초과했습니다.,False,,2026-09-13 09:09:48
국내,해킹,해킹,해킹,"'모두의창업' 해킹…""협력사가 만든 사이트 엉망진창"" - 디일렉",https://news.google.com/rss/articles/CBMiZkFVX3lxTFByemgtQVRaZzRIVC1kUTFMaW5XbHJrVncxMDE0VlJLMVFYS0VPT0RpbmtCUGtUZ1IzdXJkV2xIbF9RRmZpZENRQUFtWHhTQ1B4aVFTWkczcHp4a1JIbjBOZG1zWVoxQQ?oc=5,"Fri, 11 Sep 2026 01:32:49 GMT",디일렉,보안,https://news.google.com/rss/articles/CBMiZkFVX3lxTFByemgtQVRaZzRIVC1kUTFMaW5XbHJrVncxMDE0VlJLMVFYS0VPT0RpbmtCUGtUZ1IzdXJkV2xIbF9RRmZpZENRQUFtWHhTQ1B4aVFTWkczcHp4a1JIbjBOZG1zWVoxQQ?oc=5,,False,본문 수집 제한 개수를 초과했습니다.,False,,2026-09-13 09:09:48
국내,사이버보안,사이버보안,사이버보안,"[특징주] 에스투더블유, 오픈AI 사이버보안 생태계 합류에 14%↑ - newspim.com",https://news.google.com/rss/articles/CBMiXEFVX3lxTE5hV2dZY1VSWUpoajI5SjVoVm52dy16VG9xMWhFeVNwbkNvVTdKU0xUaEdUOGNKOUZTQXFPcDJpV0RkTG5zZ1hvZm1YdmplYkIwYnlrRWNHOFNvMkZt?oc=5,"Fri, 11 Sep 2026 00:54:00 GMT",newspim.com,보안,https://news.google.com/rss/articles/CBMiXEFVX3lxTE5hV2dZY1VSWUpoajI5SjVoVm52dy16VG9xMWhFeVNwbkNvVTdKU0xUaEdUOGNKOUZTQXFPcDJpV0RkTG5zZ1hvZm1YdmplYkIwYnlrRWNHOFNvMkZt?oc=5,,False,본문 수집 제한 개수를 초과했습니다.,False,,2026-09-13 09:09:48
국내,정보보안,정보보안,정보보안,"특징주, SGA솔루션즈-정보보안 테마 상승세에 7.16% ↑ - 매일경제 마켓",https://news.google.com/rss/articles/CBMiUkFVX3lxTFBXNjF4QmFNVkVyd1d6bHJRSGRNRkJRdGNnZm5SZlBLXy1WYlg2ZE5JeU5SeGRGZTJBbzFzNU9oeC1tN2ZCZ0VQeHJLZW5ZVkRkZFE?oc=5,"Fri, 11 Sep 2026 00:47:29 GMT",매일경제 마켓,보안,https://news.google.com/rss/articles/CBMiUkFVX3lxTFBXNjF4QmFNVkVyd1d6bHJRSGRNRkJRdGNnZm5SZlBLXy1WYlg2ZE5JeU5SeGRGZTJBbzFzNU9oeC1tN2ZCZ0VQeHJLZW5ZVkRkZFE?oc=5,,False,본문 수집 제한 개수를 초과했습니다.,False,,2026-09-13 09:09:48
국내,사이버보안,사이버보안,사이버보안,"젠슨 황 ""다음 AI 거대 시장은 사이버 보안"" - 연합뉴스",https://news.google.com/rss/articles/CBMiW0FVX3lxTFBtZUF1bm9zeVdNRUVPNTZXOUpJdGdWYUluSHFXU3BOa1NBek9lN3R2alBKYThEcE5faXBUem1QZkQ3bVhaMWt3dUYtMU9PNXJlNEdfUnlja1VjcXPSAWBBVV95cUxPRUQ2UHJnNlI2VW9RWmJWV3Y4Zlh1aWZSUkg3d3FKQjUyWlAzNHdqTEhrY09KV3AzSVVkdkFlQkNrY1A1SVBNOGxPQ0dJY01xQm00VUtKVTcyYWYxUWFBT2s?oc=5,"Thu, 10 Sep 2026 22:50:42 GMT",연합뉴스,보안,https://news.google.com/rss/articles/CBMiW0FVX3lxTFBtZUF1bm9zeVdNRUVPNTZXOUpJdGdWYUluSHFXU3BOa1NBek9lN3R2alBKYThEcE5faXBUem1QZkQ3bVhaMWt3dUYtMU9PNXJlNEdfUnlja1VjcXPSAWBBVV95cUxPRUQ2UHJnNlI2VW9RWmJWV3Y4Zlh1aWZSUkg3d3FKQjUyWlAzNHdqTEhrY09KV3AzSVVkdkFlQkNrY1A1SVBNOGxPQ0dJY01xQm00VUtKVTcyYWYxUWFBT2s?oc=5,,False,본문 수집 제한 개수를 초과했습니다.,False,,2026-09-13 09:09:48
국내,망분리,망분리,망분리,금융권 망분리 테스트 신청 문턱 낮췄지만 또 '대형사 우위' - v.daum.net,https://news.google.com/rss/articles/CBMiS0FVX3lxTE1KbGtaXzhPNlU3V3dBcUk4Y0ZkQ0lvcUllNTA2bUdSM2tVckRqUVJCZVVUNFBtZFU0NXBReEFjLU44ZWlDVXZMUi1mOA?oc=5,"Thu, 10 Sep 2026 07:15:00 GMT",v.daum.net,보안,https://news.google.com/rss/articles/CBMiS0FVX3lxTE1KbGtaXzhPNlU3V3dBcUk4Y0ZkQ0lvcUllNTA2bUdSM2tVckRqUVJCZVVUNFBtZFU0NXBReEFjLU44ZWlDVXZMUi1mOA?oc=5,,False,본문 수집 제한 개수를 초과했습니다.,False,,2026-09-13 09:09:48
국내,정보보안,정보보안,정보보안,"""사후적발에서 예방으로"" 국세청, 정보보안감사 역량 강화 워크숍 개최 - 한국세정신문",https://news.google.com/rss/articles/CBMiZEFVX3lxTE12M0V2dWROdmt1U1hJZHFwWDFicnFaUlNqdzdXd2lDam93QzlVMG5wNFY0UDRUNFlaOEJmeW1YWW9SNXl1OEtyVTZWcXd6MnRFazV3aGNPemUtbFFycHBUOHpRTTk?oc=5,"Thu, 10 Sep 2026 07:09:38 GMT",한국세정신문,보안,https://news.google.com/rss/articles/CBMiZEFVX3lxTE12M0V2dWROdmt1U1hJZHFwWDFicnFaUlNqdzdXd2lDam93QzlVMG5wNFY0UDRUNFlaOEJmeW1YWW9SNXl1OEtyVTZWcXd6MnRFazV3aGNPemUtbFFycHBUOHpRTTk?oc=5,,False,본문 수집 제한 개수를 초과했습니다.,False,,2026-09-13 09:09:48
국내,보안 솔루션,보안 솔루션,보안 솔루션,"에버스핀, 웹 보안 솔루션 앞세워 금융 넘어 공공·교육 시장 확대 - 헬로티",https://news.google.com/rss/articles/CBMiX0FVX3lxTFBVZXh0alk5eS1UWldkUlRxVUZWNW8tS2hiWGhBRVhsb05KcUxnVFRTZGNpN1lFRWxJMEdUbTFMMGMyN1poalpKRE9XblVXellicTlaM241Q2laSER3anZn?oc=5,"Thu, 10 Sep 2026 06:29:34 GMT",헬로티,보안,https://news.google.com/rss/articles/CBMiX0FVX3lxTFBVZXh0alk5eS1UWldkUlRxVUZWNW8tS2hiWGhBRVhsb05KcUxnVFRTZGNpN1lFRWxJMEdUbTFMMGMyN1poalpKRE9XblVXellicTlaM241Q2laSER3anZn?oc=5,,False,본문 수집 제한 개수를 초과했습니다.,False,,2026-09-13 09:09:48
국내,보안 솔루션,보안 솔루션,보안 솔루션,"ADT캡스-하나은행, 소상공인 매장에 AI CCTV 등 보안 솔루션 지원 - 디지털데일리",https://news.google.com/rss/articles/CBMiZEFVX3lxTFBTWWpCeXRrUmtpckdjZ1RtSDI4bHB5LS1mQi1acFd4allTbDN1X3B1YmJlN0VZQ0F2SEtpb3pUUDYwLXE4bmNKN1hBMFM2cTFkNEw4M3pvTllDOXRjdklLMkZDYjg?oc=5,"Thu, 10 Sep 2026 05:35:34 GMT",디지털데일리,보안,https://news.google.com/rss/articles/CBMiZEFVX3lxTFBTWWpCeXRrUmtpckdjZ1RtSDI4bHB5LS1mQi1acFd4allTbDN1X3B1YmJlN0VZQ0F2SEtpb3pUUDYwLXE4bmNKN1hBMFM2cTFkNEw4M3pvTllDOXRjdklLMkZDYjg?oc=5,,False,본문 수집 제한 개수를 초과했습니다.,False,,2026-09-13 09:09:48
국내,사이버보안,사이버보안,사이버보안,"신한증권 ""오픈AI '아스트라' 출시로 사이버보안 ETF 수혜"" - 연합뉴스",https://news.google.com/rss/articles/CBMiW0FVX3lxTE5VM2lSeFhIQWVTOTRvN3BzbzRyUjFKRFoxQUpfdncyN2ZLTVlSQWd0cmkwSUIyekF5WVRWcmxvQzZFYnVnRUtXU1B6c2UtektwWlJRdUVMcDJXa3PSAWBBVV95cUxQaGQwQWg4eGYwTzd0d3dZRFlydjl0R0Nkc0VtYTV1Nll5Y18tZUJlQ2VHemgzVW9WT1Q1ZllPaFB2b3dHbHA4dG4zVzVNTW5iV0NCV0szRXdJeWRCNlFRWTQ?oc=5,"Wed, 09 Sep 2026 23:40:07 GMT",연합뉴스,보안,https://news.google.com/rss/articles/CBMiW0FVX3lxTE5VM2lSeFhIQWVTOTRvN3BzbzRyUjFKRFoxQUpfdncyN2ZLTVlSQWd0cmkwSUIyekF5WVRWcmxvQzZFYnVnRUtXU1B6c2UtektwWlJRdUVMcDJXa3PSAWBBVV95cUxQaGQwQWg4eGYwTzd0d3dZRFlydjl0R0Nkc0VtYTV1Nll5Y18tZUJlQ2VHemgzVW9WT1Q1ZllPaFB2b3dHbHA4dG4zVzVNTW5iV0NCV0szRXdJeWRCNlFRWTQ?oc=5,,False,본문 수집 제한 개수를 초과했습니다.,False,,2026-09-13 09:09:48
국내,해킹,해킹,해킹,수천건 결제내역 해킹…금감원 '정보유출' 토스 등 PG사 검사 - 연합뉴스,https://news.google.com/rss/articles/CBMiW0FVX3lxTE50Q2VZaUk4cjlUTm95aTBYNmhXZlhxLUx0clNfWUdaalBlZ0phOGVHZm1MczhtT0E2QVVkRlBWT2VmY21KaUZ0cnp0cXYybFZpNmZuNkttT182M2fSAWBBVV95cUxPM2trQ0VrT0xBU3ZfTDdKNDdGaVRZMUtTV01VZVM5amVjdGpJMXBEeHlLS0dESXczSU5EckoycGcwLUUyV1RHcXFXbHpzMEk5WEtXNElGaTZNZVljTXV5aXQ?oc=5,"Wed, 09 Sep 2026 09:26:25 GMT",연합뉴스,보안,https://news.google.com/rss/articles/CBMiW0FVX3lxTE50Q2VZaUk4cjlUTm95aTBYNmhXZlhxLUx0clNfWUdaalBlZ0phOGVHZm1MczhtT0E2QVVkRlBWT2VmY21KaUZ0cnp0cXYybFZpNmZuNkttT182M2fSAWBBVV95cUxPM2trQ0VrT0xBU3ZfTDdKNDdGaVRZMUtTV01VZVM5amVjdGpJMXBEeHlLS0dESXczSU5EckoycGcwLUUyV1RHcXFXbHpzMEk5WEtXNElGaTZNZVljTXV5aXQ?oc=5,,False,본문 수집 제한 개수를 초과했습니다.,False,,2026-09-13 09:09:48
국내,해킹,해킹,해킹,해킹 막으려 설치했는데... 해커의 문이 된 보안 프로그램 - 조선일보,https://news.google.com/rss/articles/CBMigwFBVV95cUxOZFozUEVsenhoR0JPbnRaY1o1WTl1YkpjNEJ5dTl3aDhaWVhpRS1Jd0RZR2RiamIwbktKQTFPSm1rNWI2T2tUSHRQZmNFdk43c1JBeWY0cFdxTUNLZi1xVnJKaFVtdDFMbVZfbmFBemJnR3JKblBDeGdzNlVkWjZOLXhLaw?oc=5,"Wed, 09 Sep 2026 08:29:00 GMT",조선일보,보안,https://news.google.com/rss/articles/CBMigwFBVV95cUxOZFozUEVsenhoR0JPbnRaY1o1WTl1YkpjNEJ5dTl3aDhaWVhpRS1Jd0RZR2RiamIwbktKQTFPSm1rNWI2T2tUSHRQZmNFdk43c1JBeWY0cFdxTUNLZi1xVnJKaFVtdDFMbVZfbmFBemJnR3JKblBDeGdzNlVkWjZOLXhLaw?oc=5,,False,본문 수집 제한 개수를 초과했습니다.,False,,2026-09-13 09:09:48
국내,정보보안,정보보안,정보보안,"통신 3사, 하반기 AI·정보보안 인재 유치 가속…“AX 경쟁력 확보” - 전자신문",https://news.google.com/rss/articles/CBMiTkFVX3lxTE10TzRhcmo4dS1IeUdCNGFFWlpzWThlUllfbFcycTdmZkRual95Q0VDR2JKTWR1ZTFLQnJET3ZxN3dYTWUzaThEUUJ3Y2xpUQ?oc=5,"Wed, 09 Sep 2026 07:30:00 GMT",전자신문,보안,https://news.google.com/rss/articles/CBMiTkFVX3lxTE10TzRhcmo4dS1IeUdCNGFFWlpzWThlUllfbFcycTdmZkRual95Q0VDR2JKTWR1ZTFLQnJET3ZxN3dYTWUzaThEUUJ3Y2xpUQ?oc=5,,False,본문 수집 제한 개수를 초과했습니다.,False,,2026-09-13 09:09:48
국내,해킹,해킹,해킹,"PG사 해킹에 카드정보 '비상'…토스페이먼츠는 ""해킹 아닌 인증정보 노출"" - 비즈워치",https://news.google.com/rss/articles/CBMia0FVX3lxTE1ma2pBWkp2WkJ6dzZGVnlrb2FWc2FUcVdFYjlfQjhQVkk0R2dfT2Q2Y1czTndsc3EtVlZEZFdqemFlS01kR3lYTmRWWTZRdzNXOGlkanc4S05XczMzZTdycjFlbVNac280eTEw?oc=5,"Wed, 09 Sep 2026 06:37:03 GMT",비즈워치,보안,https://news.google.com/rss/articles/CBMia0FVX3lxTE1ma2pBWkp2WkJ6dzZGVnlrb2FWc2FUcVdFYjlfQjhQVkk0R2dfT2Q2Y1czTndsc3EtVlZEZFdqemFlS01kR3lYTmRWWTZRdzNXOGlkanc4S05XczMzZTdycjFlbVNac280eTEw?oc=5,,False,본문 수집 제한 개수를 초과했습니다.,False,,2026-09-13 09:09:48
국내,정보보안,정보보안,정보보안,경북개발공사 정보보안·개인정보보호 국제인증 3관왕 달성 - v.daum.net,https://news.google.com/rss/articles/CBMiVEFVX3lxTE92SnE1dDRYVkJ5Zk9BOS1TQlhuNnVmbjVLX0pPaHFQSFY5V21iOHBPYnVVZmZBRkJzWE5sT2tDd1kyaGJOWGRHc2NaZ0wtZjEydTFkRQ?oc=5,"Wed, 09 Sep 2026 03:21:00 GMT",v.daum.net,보안,https://news.google.com/rss/articles/CBMiVEFVX3lxTE92SnE1dDRYVkJ5Zk9BOS1TQlhuNnVmbjVLX0pPaHFQSFY5V21iOHBPYnVVZmZBRkJzWE5sT2tDd1kyaGJOWGRHc2NaZ0wtZjEydTFkRQ?oc=5,,False,본문 수집 제한 개수를 초과했습니다.,False,,2026-09-13 09:09:48
국내,망분리,망분리,망분리,핀테크도 망분리 빗장 푼다…AI 혁신 '물꼬' - 전자신문,https://news.google.com/rss/articles/CBMiTkFVX3lxTFB1RjlNampTTTlmNXpobFhrd2kxQWwzaXlKektZZGlvMmtfNmRfbUZMQnpvQ0otQjVSOHFhank3Z01NdHV5X2VsTVpRVjRndw?oc=5,"Mon, 07 Sep 2026 08:00:00 GMT",전자신문,보안,https://news.google.com/rss/articles/CBMiTkFVX3lxTFB1RjlNampTTTlmNXpobFhrd2kxQWwzaXlKektZZGlvMmtfNmRfbUZMQnpvQ0otQjVSOHFhank3Z01NdHV5X2VsTVpRVjRndw?oc=5,,False,본문 수집 제한 개수를 초과했습니다.,False,,2026-09-13 09:09:48
국내,망분리,망분리,망분리,"금융권 망분리 규제, 사무·협업용 SaaS로 첫 물꼬 텄다 - 쿠키뉴스",https://news.google.com/rss/articles/CBMiY0FVX3lxTE5tR1R2d3ltbmNWNXVTb3B0M1dEOWR4ZVFDMWY5THU5X05HU2VObUtKWERPdWczV3BrN3REejVhVXltbGV1dlVmQlVsaHdIcFNkQWZ2YmhBdEw1X0xTQzVfWDVNcw?oc=5,"Sun, 06 Sep 2026 15:28:58 GMT",쿠키뉴스,보안,https://news.google.com/rss/articles/CBMiY0FVX3lxTE5tR1R2d3ltbmNWNXVTb3B0M1dEOWR4ZVFDMWY5THU5X05HU2VObUtKWERPdWczV3BrN3REejVhVXltbGV1dlVmQlVsaHdIcFNkQWZ2YmhBdEw1X0xTQzVfWDVNcw?oc=5,,False,본문 수집 제한 개수를 초과했습니다.,False,,2026-09-13 09:09:48
국내,망분리,망분리,망분리,금융권 망분리 완화 문턱 낮춘다…2금융 포함 15곳으로 확대 - 연합인포맥스,https://news.google.com/rss/articles/CBMicEFVX3lxTE8tbkZ5REFnLWNTNGhRNkxUWm5GUldLY2otMm1zWk83cEdhdHYtdGZBX015b2d3cUZHZGhPQU1xWXlRMzNnOEtGY0hUblN5am9ZWVdscG5RRFk3N1QwTE1qaVM1cTdRcU5ZWUN4Qm5Ia03SAXRBVV95cUxNaU9aT2h4TXBGalFBUWw3OVpPZjNpdVFWMHRCVEp2VFlSeEladXE0dV91YU5VOTF5eDRJWm1aVlFUekxrSlRibDhtSDBuWDFkZnFJOTE5RURCT1B5b3NySFBYUUhsYWZIcjduOGtQLThyc1hnRQ?oc=5,"Thu, 03 Sep 2026 07:00:00 GMT",연합인포맥스,보안,https://news.google.com/rss/articles/CBMicEFVX3lxTE8tbkZ5REFnLWNTNGhRNkxUWm5GUldLY2otMm1zWk83cEdhdHYtdGZBX015b2d3cUZHZGhPQU1xWXlRMzNnOEtGY0hUblN5am9ZWVdscG5RRFk3N1QwTE1qaVM1cTdRcU5ZWUN4Qm5Ia03SAXRBVV95cUxNaU9aT2h4TXBGalFBUWw3OVpPZjNpdVFWMHRCVEp2VFlSeEladXE0dV91YU5VOTF5eDRJWm1aVlFUekxrSlRibDhtSDBuWDFkZnFJOTE5RURCT1B5b3NySFBYUUhsYWZIcjduOGtQLThyc1hnRQ?oc=5,,False,본문 수집 제한 개수를 초과했습니다.,False,,2026-09-13 09:09:48
미국,사이버보안,사이버보안,사이버보안 stock market earnings investment,7 Best-Performing Cybersecurity Stocks as of September 2026 - NerdWallet,https://news.google.com/rss/articles/CBMicEFVX3lxTE1PcnRGZ245dkZNWGJHS2ozYzMzSGxjclI3VTB2cm5UdWxIcWxXUmR0dElZTk9aRGJFWVhDX2ZIem5UTktOVU1ORjFnYWw4N1VYMjh6Vm9LbzN0cXVVRGFGeldLYkNYOThlTlpXenpDQ2Q?oc=5,"Tue, 01 Sep 2026 07:00:00 GMT",NerdWallet,보안,https://www.nerdwallet.com/investing/learn/cybersecurity-stocks,www.nerdwallet.com,True,,True,,2026-09-13 09:09:48
미국,사이버보안,사이버보안,사이버보안 stock market earnings investment,Citi Wealth CIO Warns “Infinite AI Agents” Will Accelerate Cybersecurity’s Share of Enterprise Spending - 24/7 Wall St.,https://news.google.com/rss/articles/CBMi3AFBVV95cUxPYmJMZDIwbUVmMk1oZ2J0SEFZdnZ6WGpyREthR0lVeW9aTzJ0d2JsSFEwN3JjUElpV3JSeFR5c3VNMDFPVmZuNmJDa0RGOFRJNG5qcE9FcWhJZmJqZ2FtSTRycG51SDdJeFhYc1R6VzQxZGRLdGcxRm5kUEtWTnNKdXlVV296T0JTVnpmV1JNMndMNjFkMlYyTDhGVTNLZlc4YWFMYnVjX2lKVDZXcWQyY3dnWEV5c2xnUFFhYjNmc0hFMi1PTjM3cmxBUVl0TGxiLXlOVEFsTmJ2VUlx?oc=5,"Tue, 21 Jul 2026 07:00:00 GMT",24/7 Wall St.,보안,https://247wallst.com/investing/2026/07/21/citi-wealth-cio-warns-infinite-ai-agents-will-accelerate-cybersecuritys-share-of-enterprise-spending/,247wallst.com,True,,True,,2026-09-13 09:09:48
미국,사이버보안,사이버보안,사이버보안 stock market earnings investment,Slower Q2 Results And AI Pivot Might Change The Case For Investing In IBM (IBM) - Yahoo Finance,https://news.google.com/rss/articles/CBMilgFBVV95cUxPZTNoYU1uendFNy1wX1pVR1l0aVh6ZXpDc1hxZzJta2NQTFBfeWRQVV9wMmJKeEk0VzZsUTRIMHZTZWx0cFYtT2N6azJtR205aTZ4N0xVdlVuRVdfUkxRZWxBTVFHRlBMTEl4c2JPaW1xWTlQQWQwWWxiYWRYQXV0ckhWOVd0U2puSHJ5Ynl0Q3J2QThsQXc?oc=5,"Tue, 14 Jul 2026 07:00:00 GMT",Yahoo Finance,보안,https://finance.yahoo.com/markets/stocks/articles/slower-q2-results-ai-pivot-161328934.html,finance.yahoo.com,True,,True,,2026-09-13 09:09:48
미국,사이버보안,사이버보안,사이버보안 stock market earnings investment,What smart people are saying about IBM's AI warning and SaaSpocalypse fears - Business Insider,https://news.google.com/rss/articles/CBMihwFBVV95cUxOQldpT0QtMmROMGtoTnpqR0JFUUo3T2tiai1nMENud1Y2UjFRMjFfT1pld3RndDdOUlVlVnkzZU5XQmhNZTh3Um1qU1lUMGxmRGpvVVhyeVVVa29tTVZSMHBwUWdrS2Z1cWZZS2VhRzkyT1lrRWR1RUhmc25EbWg4STJJbVkxX0E?oc=5,"Tue, 14 Jul 2026 07:00:00 GMT",Business Insider,보안,https://www.businessinsider.com/smart-people-ibm-ai-warning-saaspocalypse-2026-7,www.businessinsider.com,True,,True,,2026-09-13 09:09:48
미국,해킹,해킹,해킹 stock market earnings investment,Syndicate Ceases Operations as Rollup Market Contracts - CryptoRank,https://news.google.com/rss/articles/CBMihgFBVV95cUxPbldla20wU3ZUb1pYaUZUZ0JzOEZHYlVtTXFtbVFOVnJPWHJ4YUVqR3hIUlh2SUYxMEU5bHJlOWFfOFIwWDRZRHExazZja2MwY0tPWFJUY19CeDZ3UlVTTnZROU8yR00tR0lsalFOZTZsV1NEODRmLTlyTTltR1o5TG5MT3U3dw?oc=5,"Thu, 21 May 2026 07:00:00 GMT",CryptoRank,보안,https://news.google.com/rss/articles/CBMihgFBVV95cUxPbldla20wU3ZUb1pYaUZUZ0JzOEZHYlVtTXFtbVFOVnJPWHJ4YUVqR3hIUlh2SUYxMEU5bHJlOWFfOFIwWDRZRHExazZja2MwY0tPWFJUY19CeDZ3UlVTTnZROU8yR00tR0lsalFOZTZsV1NEODRmLTlyTTltR1o5TG5MT3U3dw?oc=5,,False,본문 수집 제한 개수를 초과했습니다.,False,,2026-09-13 09:09:48
미국,사이버보안,사이버보안,사이버보안 stock market earnings investment,7 Best Cybersecurity Stocks to Buy | Investing - U.S. News Money,https://news.google.com/rss/articles/CBMiggFBVV95cUxPYzVjcklnZ0pRMEwxSHl3cWw5VlB1S0FhSGpleW04Snhla1U1dEVyYjgtbFZQZVZRUGVTLXE3WmJ2VmtTZ0FGbWdoWTNlaFlvSWdzSEtDRm5vcno1RXpUYTVmYzdpakt2YXppWG91cm5qSC14SkNyQkJ2bHhqYUdmYktn?oc=5,"Thu, 14 May 2026 07:00:00 GMT",U.S. News Money,보안,https://news.google.com/rss/articles/CBMiggFBVV95cUxPYzVjcklnZ0pRMEwxSHl3cWw5VlB1S0FhSGpleW04Snhla1U1dEVyYjgtbFZQZVZRUGVTLXE3WmJ2VmtTZ0FGbWdoWTNlaFlvSWdzSEtDRm5vcno1RXpUYTVmYzdpakt2YXppWG91cm5qSC14SkNyQkJ2bHhqYUdmYktn?oc=5,,False,본문 수집 제한 개수를 초과했습니다.,False,,2026-09-13 09:09:48
미국,보안 솔루션,보안 솔루션,보안 솔루션 stock market earnings investment,"Down 18% In Last 12 Months, Can Zscaler Stock Deliver Strong Returns in 2026? - TIKR.com",https://news.google.com/rss/articles/CBMiqwFBVV95cUxPZzBFTDY5M1NSSHBsaFBPaC1kNTVLc1VucjRnQUxadTVfTFE1czhrLXpmLWM0TXgtTFl6M2V2cTRzYVE4SDFnVzdrbXpNbXdxWFpuMW55WklNLWZGQXhsQ0ExSGlEcVRuYUxORDNRazl6N3gzbDcxUXVuZmlLN2tiZnpfc3BKN1pkRzVKVWFPWnNCbC1KbFR4WjliYlpLU2E5bVNMVzZPT3J6WE0?oc=5,"Wed, 11 Feb 2026 08:00:00 GMT",TIKR.com,보안,https://news.google.com/rss/articles/CBMiqwFBVV95cUxPZzBFTDY5M1NSSHBsaFBPaC1kNTVLc1VucjRnQUxadTVfTFE1czhrLXpmLWM0TXgtTFl6M2V2cTRzYVE4SDFnVzdrbXpNbXdxWFpuMW55WklNLWZGQXhsQ0ExSGlEcVRuYUxORDNRazl6N3gzbDcxUXVuZmlLN2tiZnpfc3BKN1pkRzVKVWFPWnNCbC1KbFR4WjliYlpLU2E5bVNMVzZPT3J6WE0?oc=5,,False,본문 수집 제한 개수를 초과했습니다.,False,,2026-09-13 09:09:48
국내,가격 인상,가격 인상,가격 인상,"메모리값 4배 뛰었는데…애플, 아이폰 가격 지키고 매출은 시리즈 첫해 최고 달성 - 빅데이터뉴스",https://news.google.com/rss/articles/CBMifEFVX3lxTE1GMEsyRzFjc0ctOU56cTdaZEdLbGp5dkx6YkRfZVBDOGt4YW1QOHd2bUVSRGVlT1RMbmZFaDdQczVRMlVUMmJMVnlDVnFLVFZDV3FZcloxVjk4bTR4WTQzbGkwMVhNQ3VlVzZkbGVZN2xfSVpLRnd5bU4tLXU?oc=5,"Sat, 12 Sep 2026 23:24:54 GMT",빅데이터뉴스,소비재,https://www.thebigdata.co.kr/view.php?ud=2026091114184852320ecbf9426b_23,www.thebigdata.co.kr,True,,True,,2026-09-13 09:10:28
국내,내수,내수,내수,‘14억 내수’ 공식 깨진 中 가전… 로봇·B2B로 생존 지도 바꿨다 - 조선일보,https://news.google.com/rss/articles/CBMigwFBVV95cUxPckZMbDZFU1g4Rlc4dG1VdzhkNTBSa09jU1ZMRExCU29IbmZIak1KY0FrVXRsOFF3aTRNaGY0ay1QbV8wWUdwdkdXMS1VcFFBY094eFlLb3gtR3lQbmpna0pDSUdmWnZNWU5wMkhRVXBCMTl0RDcwWkdFd2tVelluWUJEaw?oc=5,"Sat, 12 Sep 2026 23:08:19 GMT",조선일보,소비재,https://www.chosun.com/economy/tech_it/2026/09/13/U4WJ3KALUJFCFKQLR63LRCEILE/,www.chosun.com,True,,True,,2026-09-13 09:10:28
국내,브랜드,브랜드,브랜드,"4500원→2000원…1세대 커피 브랜드, '저가 시장'서 2막 노린다 - v.daum.net",https://news.google.com/rss/articles/CBMiT0FVX3lxTE1ZUGdZbXlOSXNkR2NQVEZ5R0ZONVZPRmhfeDhKaEJHQk12OXJrcUJWUmVSbWVOSDgxVllzNmJ4Mzhoa1M2RjBISDdGVjVSX2s?oc=5,"Sat, 12 Sep 2026 22:31:00 GMT",v.daum.net,소비재,https://v.daum.net/v/20260913073128725,v.daum.net,True,,True,,2026-09-13 09:10:28
국내,내수,내수,내수,"내수는 '뚝' 수출은 '쑥'…K주류, '소맥'서 답 찾았다 - v.daum.net",https://news.google.com/rss/articles/CBMiT0FVX3lxTE13b294UUxiU0ZrYUxiaXl1eHE4bzBMVU5WelBNa3Nacm5QWjlpc2F2SDdMQm1QUUhlWmFGanRjaml5SXlsTFJILUs1R0dULXc?oc=5,"Sat, 12 Sep 2026 22:01:08 GMT",v.daum.net,소비재,https://v.daum.net/v/20260913070108358,v.daum.net,True,,True,,2026-09-13 09:10:28
국내,브랜드,브랜드,브랜드,"대형 건설사, '브랜드타운'으로 뭉친다...벌어지는 정비사업 양극화 - v.daum.net",https://news.google.com/rss/articles/CBMiT0FVX3lxTE00VDJSUU1kRnNxcWYxUEhBSnFya1hxVWlza0lNdmRsd19yZkdxazlza1VVbTgxeTZFNmNjR2RiRHg4aWMtSGRtZUZYQU0weTg?oc=5,"Sat, 12 Sep 2026 22:00:00 GMT",v.daum.net,소비재,https://news.google.com/rss/articles/CBMiT0FVX3lxTE00VDJSUU1kRnNxcWYxUEhBSnFya1hxVWlza0lNdmRsd19yZkdxazlza1VVbTgxeTZFNmNjR2RiRHg4aWMtSGRtZUZYQU0weTg?oc=5,,False,본문 수집 제한 개수를 초과했습니다.,False,,2026-09-13 09:10:28
국내,브랜드,브랜드,브랜드,K-뷰티 상위 톱10 생산 비중 5.7%로 감소…브랜드 늘고 수출국 다변화 - 뉴스1,https://news.google.com/rss/articles/CBMiZEFVX3lxTE93V2lMZzNpWV90aHVZYm52eFBXaTFPSnM4M0V3ZDI0X1IwNU5yaW1fOTNJZVl4M3hEUFZZMEh6dVpOUGFrazdoUDNiNW5ZcHBYaTJ3dGtuU2xZNFpfaVgxWGYzSWfSAWpBVV95cUxNUzBZUnc5Uk1pcTJ1WlZLRGF0T1hZdml4a2w5b3kxU19ERzVHbU83SW9SUngxWTJHOTdvYUtXeUpHMEg3VUlmQmFrYmhoTzFhNl9iSlhVSGFLZVBDR01hUE10bWZzNWZ5d05R?oc=5,"Sat, 12 Sep 2026 21:20:00 GMT",뉴스1,소비재,https://news.google.com/rss/articles/CBMiZEFVX3lxTE93V2lMZzNpWV90aHVZYm52eFBXaTFPSnM4M0V3ZDI0X1IwNU5yaW1fOTNJZVl4M3hEUFZZMEh6dVpOUGFrazdoUDNiNW5ZcHBYaTJ3dGtuU2xZNFpfaVgxWGYzSWfSAWpBVV95cUxNUzBZUnc5Uk1pcTJ1WlZLRGF0T1hZdml4a2w5b3kxU19ERzVHbU83SW9SUngxWTJHOTdvYUtXeUpHMEg3VUlmQmFrYmhoTzFhNl9iSlhVSGFLZVBDR01hUE10bWZzNWZ5d05R?oc=5,,False,본문 수집 제한 개수를 초과했습니다.,False,,2026-09-13 09:10:28
국내,소비재,소비재,소비재,아프리카서 한국 소비재 수출대전 최초 개최 - 데일리뉴스,https://news.google.com/rss/articles/CBMiwwJBVV95cUxPSm56bkJQUHlJRzR0YUcxbElLTmlaT0kxSTRpTEpJbGtKTGExQWdKUGVpaWFMOVBVbTNLLVFiZ0gxRDZlQUNETjJaMmFZWlJ4X3pwWVdSNE11MXpjaVFXdElVQ2VhRzh5aFJVMGhqcm0tUm5EOFdhUy13QUpPdnVqaG5heURZZ3BETTNFNnk0YV8xcVBDNVpvbkJWWElLcHBFRTNDdVpZa2Z0M2xfTTdJWElBNVEzTGtfTUE5cjBzUkRjZ2xTSElsRHZzWE1zRlBuWV9Tcm5UVHVVeS1xY3lHcFV4dEk3T0R5SHRNZUxvLTVLcEZQVTZFOXVSSkRzeHQ1TTRFM1lGdmpPLTEwcTI3LXRPQW9jVGM0T0p4WExfT2NFMk0zdTZIVTV4UDhCSGYxeGhuVWtYRmxKb1p6MjI2RG41OA?oc=5,"Sat, 12 Sep 2026 19:24:00 GMT",데일리뉴스,소비재,https://news.google.com/rss/articles/CBMiwwJBVV95cUxPSm56bkJQUHlJRzR0YUcxbElLTmlaT0kxSTRpTEpJbGtKTGExQWdKUGVpaWFMOVBVbTNLLVFiZ0gxRDZlQUNETjJaMmFZWlJ4X3pwWVdSNE11MXpjaVFXdElVQ2VhRzh5aFJVMGhqcm0tUm5EOFdhUy13QUpPdnVqaG5heURZZ3BETTNFNnk0YV8xcVBDNVpvbkJWWElLcHBFRTNDdVpZa2Z0M2xfTTdJWElBNVEzTGtfTUE5cjBzUkRjZ2xTSElsRHZzWE1zRlBuWV9Tcm5UVHVVeS1xY3lHcFV4dEk3T0R5SHRNZUxvLTVLcEZQVTZFOXVSSkRzeHQ1TTRFM1lGdmpPLTEwcTI3LXRPQW9jVGM0T0p4WExfT2NFMk0zdTZIVTV4UDhCSGYxeGhuVWtYRmxKb1p6MjI2RG41OA?oc=5,,False,본문 수집 제한 개수를 초과했습니다.,False,,2026-09-13 09:10:28
국내,소비재,소비재,소비재,올리브영·무신사·신세계백화점과 해외로…K-소비재 188개사 집중 지원 - 산학뉴스,https://news.google.com/rss/articles/CBMia0FVX3lxTE8yVnNkMEFGcDhQU3c0UWdxdTJ4eGh2emUwaTd4MlF3cjZRZkNpMmVZcmlxbUVySEVJWmFENlVsbG5mZVVqTmhpa1RpUVdlMTVtZU1OZG4yU3IyVjRXdC1LSGhkZ25MYUxuTzlr?oc=5,"Sat, 12 Sep 2026 10:35:06 GMT",산학뉴스,소비재,https://news.google.com/rss/articles/CBMia0FVX3lxTE8yVnNkMEFGcDhQU3c0UWdxdTJ4eGh2emUwaTd4MlF3cjZRZkNpMmVZcmlxbUVySEVJWmFENlVsbG5mZVVqTmhpa1RpUVdlMTVtZU1OZG4yU3IyVjRXdC1LSGhkZ25MYUxuTzlr?oc=5,,False,본문 수집 제한 개수를 초과했습니다.,False,,2026-09-13 09:10:28
국내,내수,내수,내수,"[칼럼] 수출이 끌고, 내수가 받치는 경제 - 케이에스피뉴스",https://news.google.com/rss/articles/CBMiREFVX3lxTE01RF9oZjU1Yk51Q0hBZVRNRkNGeGFIWm01MDkzaUU1dWYwbWNndDZlZ2dxQ1dFYmtpY3p0Qks2bWgwR01z?oc=5,"Sat, 12 Sep 2026 03:10:00 GMT",케이에스피뉴스,소비재,https://news.google.com/rss/articles/CBMiREFVX3lxTE01RF9oZjU1Yk51Q0hBZVRNRkNGeGFIWm01MDkzaUU1dWYwbWNndDZlZ2dxQ1dFYmtpY3p0Qks2bWgwR01z?oc=5,,False,본문 수집 제한 개수를 초과했습니다.,False,,2026-09-13 09:10:28
국내,브랜드,브랜드,브랜드,'매장서 씻고 경복궁 달린다'…북촌 점령한 러닝 브랜드 [강윤지의 유통체크인] - 네이트,https://news.google.com/rss/articles/CBMiU0FVX3lxTFBubEM1cHdza0FydnZYUDV0OXB0Z0tsSFNLWWNmcXMxMkZZaHQtX2ZRbHloNjNnNGFIYU5wZ05JR0JfSWFFZjBHcnl6RjBFUHRFUktV?oc=5,"Fri, 11 Sep 2026 23:01:00 GMT",네이트,소비재,https://news.google.com/rss/articles/CBMiU0FVX3lxTFBubEM1cHdza0FydnZYUDV0OXB0Z0tsSFNLWWNmcXMxMkZZaHQtX2ZRbHloNjNnNGFIYU5wZ05JR0JfSWFFZjBHcnl6RjBFUHRFUktV?oc=5,,False,본문 수집 제한 개수를 초과했습니다.,False,,2026-09-13 09:10:28
국내,소비 회복,소비 회복,소비 회복,"“경기 회복 흐름이라는데”…소비·물가에 중동전쟁까지, 곳곳 불안 신호 - mk.co.kr",https://news.google.com/rss/articles/CBMiVEFVX3lxTE1SMkdYdkRXUTg3amxPamgydFF4eXpTbGE4QjQzRXlFVzJzQjRkZDNHR1pPMHdURkxBRDh5cl9lcVJjQ2k3VkdqN3pvN2ZaazBGWXBWNw?oc=5,"Fri, 11 Sep 2026 02:09:40 GMT",mk.co.kr,소비재,https://news.google.com/rss/articles/CBMiVEFVX3lxTE1SMkdYdkRXUTg3amxPamgydFF4eXpTbGE4QjQzRXlFVzJzQjRkZDNHR1pPMHdURkxBRDh5cl9lcVJjQ2k3VkdqN3pvN2ZaazBGWXBWNw?oc=5,,False,본문 수집 제한 개수를 초과했습니다.,False,,2026-09-13 09:10:28
국내,가격 인상,가격 인상,가격 인상,"中 AI 칩 제조사, 'HBM 비용 급증'에 제품 가격 줄줄이 인상 - 더구루",https://news.google.com/rss/articles/CBMiXkFVX3lxTE9scHJDQmY0UGFYYlpaNm11OWZYNTBPSmVSSU41SFBIWmJ5dUJkcmVTVEtCMWxlVHhYanNmZmctNVdIYWlTbE1LQjVrNUwzcHZTWkdkd1hsTGZLQU9jNHc?oc=5,"Fri, 11 Sep 2026 01:24:37 GMT",더구루,소비재,https://news.google.com/rss/articles/CBMiXkFVX3lxTE9scHJDQmY0UGFYYlpaNm11OWZYNTBPSmVSSU41SFBIWmJ5dUJkcmVTVEtCMWxlVHhYanNmZmctNVdIYWlTbE1LQjVrNUwzcHZTWkdkd1hsTGZLQU9jNHc?oc=5,,False,본문 수집 제한 개수를 초과했습니다.,False,,2026-09-13 09:10:28
국내,브랜드,브랜드,브랜드,"사생활 논란 김수현, 스위스 시계 브랜드와 5억 7000만원대 계약금 소송 최종 승소 - 스포츠경향",https://news.google.com/rss/articles/CBMiXkFVX3lxTE9kSGgwWmhaUUt1SzRlc1AwZ3JjeXBZc2MyTzJPUjlocUdiVGVmdWI0dU5vTzU2U1pJM1V2Uml3OXZfa3VJaHNWNlM4TTNDdzdtWVFxTEVBbEZjb25RS0HSAWNBVV95cUxNWTFMZFd5LVFWRC03X01yamxGazU2a0p1ek9yUHBmaU1DWVRmM0ZlOHEzcVNkbDlsR240bUUwelBOZGR5OGp1Mk9TOENndnRxMU5PRDlFejNTUlhCa3UzMjdKeTg?oc=5,"Fri, 11 Sep 2026 01:10:00 GMT",스포츠경향,소비재,https://news.google.com/rss/articles/CBMiXkFVX3lxTE9kSGgwWmhaUUt1SzRlc1AwZ3JjeXBZc2MyTzJPUjlocUdiVGVmdWI0dU5vTzU2U1pJM1V2Uml3OXZfa3VJaHNWNlM4TTNDdzdtWVFxTEVBbEZjb25RS0HSAWNBVV95cUxNWTFMZFd5LVFWRC03X01yamxGazU2a0p1ek9yUHBmaU1DWVRmM0ZlOHEzcVNkbDlsR240bUUwelBOZGR5OGp1Mk9TOENndnRxMU5PRDlFejNTUlhCa3UzMjdKeTg?oc=5,,False,본문 수집 제한 개수를 초과했습니다.,False,,2026-09-13 09:10:28
국내,내수,내수,내수,"정부 ""견조한 경기회복 흐름 이어져""…수출 호조·내수 개선 - newspim.com",https://news.google.com/rss/articles/CBMiXEFVX3lxTE5YTGpKUXlqWlRzdnllWEV5Y1Zma3JGa1ViLXVqeDhtbE5heFB4QkFQb1QxZ0JpV0ZtYTBPZjlWQWZrTjNJbUppVF9sSjNVbU9HRDdLVTllQkFIUVg4?oc=5,"Fri, 11 Sep 2026 01:00:00 GMT",newspim.com,소비재,https://news.google.com/rss/articles/CBMiXEFVX3lxTE5YTGpKUXlqWlRzdnllWEV5Y1Zma3JGa1ViLXVqeDhtbE5heFB4QkFQb1QxZ0JpV0ZtYTBPZjlWQWZrTjNJbUppVF9sSjNVbU9HRDdLVTllQkFIUVg4?oc=5,,False,본문 수집 제한 개수를 초과했습니다.,False,,2026-09-13 09:10:28
국내,소비재,소비재,소비재,"중국 소비재 브랜드의 한국 상륙, 새로운 경쟁의 시작 - kpmg.com",https://news.google.com/rss/articles/CBMicEFVX3lxTE5tbkR3bHhDczB2QTRVTVNmZHVPMV9qRTRNNFNldncxMlR1ZWV3WTFsQzd4WlBtUmJ4QWdsU2h4dWF2SkJNYmt2S1haMHpHU2xOSm0ySXl1U1dPRFhaUVhCcXhobmNyaE1qMkZEZ3hza3o?oc=5,"Fri, 11 Sep 2026 00:43:41 GMT",kpmg.com,소비재,https://news.google.com/rss/articles/CBMicEFVX3lxTE5tbkR3bHhDczB2QTRVTVNmZHVPMV9qRTRNNFNldncxMlR1ZWV3WTFsQzd4WlBtUmJ4QWdsU2h4dWF2SkJNYmt2S1haMHpHU2xOSm0ySXl1U1dPRFhaUVhCcXhobmNyaE1qMkZEZ3hza3o?oc=5,,False,본문 수집 제한 개수를 초과했습니다.,False,,2026-09-13 09:10:28
국내,소비 회복,소비 회복,소비 회복,"대구시, 소상공인 금융 부담 낮추고 소비 회복 지원 - 중도일보",https://news.google.com/rss/articles/CBMibEFVX3lxTE9BMzdJaFRDbmlJQ2lRWkRoeUJTVkFGemR5dFBzNE5scVVJOWR6MlFEQ0Q4XzBzS3NkUDhWTTJzRkNNd3dkb09tUmttTXN6SmlDcUdIRHRCS1JtekwyeC1tQ1QyTjVzZXlGcEF0Wg?oc=5,"Thu, 10 Sep 2026 07:41:40 GMT",중도일보,소비재,https://news.google.com/rss/articles/CBMibEFVX3lxTE9BMzdJaFRDbmlJQ2lRWkRoeUJTVkFGemR5dFBzNE5scVVJOWR6MlFEQ0Q4XzBzS3NkUDhWTTJzRkNNd3dkb09tUmttTXN6SmlDcUdIRHRCS1JtekwyeC1tQ1QyTjVzZXlGcEF0Wg?oc=5,,False,본문 수집 제한 개수를 초과했습니다.,False,,2026-09-13 09:10:28
국내,가격 인상,가격 인상,가격 인상,스마트폰 가격 올해 평균 15% 올라…메모리 가격 인상 직격탄 - 글로벌이코노믹,https://news.google.com/rss/articles/CBMihgFBVV95cUxPUzh4bFhVZHF3Y0l2RzM0OEhHYURFeC1oRVlLV0t4WEFrdmFwQURpQWpKY0xucFoyMHA3dm1hWGdZcmpRRVh6T1hOWmVKRnhDNG95VDVjUFpUSmpUNmM4SnFJaXdHcGxzaHRlM1hfWnRYNElwSnphQVpSTlFMdXI0TF8yelFiQQ?oc=5,"Thu, 10 Sep 2026 05:48:00 GMT",글로벌이코노믹,소비재,https://news.google.com/rss/articles/CBMihgFBVV95cUxPUzh4bFhVZHF3Y0l2RzM0OEhHYURFeC1oRVlLV0t4WEFrdmFwQURpQWpKY0xucFoyMHA3dm1hWGdZcmpRRVh6T1hOWmVKRnhDNG95VDVjUFpUSmpUNmM4SnFJaXdHcGxzaHRlM1hfWnRYNElwSnphQVpSTlFMdXI0TF8yelFiQQ?oc=5,,False,본문 수집 제한 개수를 초과했습니다.,False,,2026-09-13 09:10:28
국내,소비재,소비재,소비재,"수출상담·팝업 한자리에…중진공, K-소비재 中企 800여 곳 모집 - 서울경제TV",https://news.google.com/rss/articles/CBMiZEFVX3lxTFBXZVlIN3gtVHFUNjdDSXp1VFQ2VUVrNF9iQXlUb3d4TF9kcVk5a1hCcGpKS19NaVNtWThwNUI0UDBrRDRHZVhsaURtX1dGaEZYdE5GNFEwYTBlOEhWcWVHLVdHQkE?oc=5,"Thu, 10 Sep 2026 02:58:38 GMT",서울경제TV,소비재,https://news.google.com/rss/articles/CBMiZEFVX3lxTFBXZVlIN3gtVHFUNjdDSXp1VFQ2VUVrNF9iQXlUb3d4TF9kcVk5a1hCcGpKS19NaVNtWThwNUI0UDBrRDRHZVhsaURtX1dGaEZYdE5GNFEwYTBlOEhWcWVHLVdHQkE?oc=5,,False,본문 수집 제한 개수를 초과했습니다.,False,,2026-09-13 09:10:28
국내,가격 인상,가격 인상,가격 인상,"“신작 나왔는데 구형이 16만원 올랐다”…불문율 깬 애플, 아이폰17 ‘기습 인상’ - 동아일보",https://news.google.com/rss/articles/CBMidkFVX3lxTE1NYXU3UTNyWnAwQ0RCaHpFMEp4d0I5ckNUeWdDY3BTX001RHhZOVRhbzhidkFJMW5RZ3B5cGRlQ3BRdm5XRDlvbXp2WmoyOVVVSjRFRWhhVHR4TXhMRFZQTTdiN01DYTVQY1VJTlRUREFxNUxFVkHSAWZBVV95cUxPajVYWktjSmFXcmVKT2tJVXBIdHhaVmg1aHAwWkNCN2VoR3Jtc1Izc09zTFdIc3pXdnE2ZXUyNEJYV3o4cFhCVmRMLUd2VWNwTGkwV2RJcU9fS1VVRWxVYkNQNFJYVXc?oc=5,"Thu, 10 Sep 2026 01:05:00 GMT",동아일보,소비재,https://news.google.com/rss/articles/CBMidkFVX3lxTE1NYXU3UTNyWnAwQ0RCaHpFMEp4d0I5ckNUeWdDY3BTX001RHhZOVRhbzhidkFJMW5RZ3B5cGRlQ3BRdm5XRDlvbXp2WmoyOVVVSjRFRWhhVHR4TXhMRFZQTTdiN01DYTVQY1VJTlRUREFxNUxFVkHSAWZBVV95cUxPajVYWktjSmFXcmVKT2tJVXBIdHhaVmg1aHAwWkNCN2VoR3Jtc1Izc09zTFdIc3pXdnE2ZXUyNEJYV3o4cFhCVmRMLUd2VWNwTGkwV2RJcU9fS1VVRWxVYkNQNFJYVXc?oc=5,,False,본문 수집 제한 개수를 초과했습니다.,False,,2026-09-13 09:10:28
국내,가격 인상,가격 인상,가격 인상,아이폰 가격 전부 올랐다…2년 된 아이폰16까지 인상 - 지디넷코리아,https://news.google.com/rss/articles/CBMiVkFVX3lxTE51b2MzS18yN0gwXzFJT1NRZGdNeFFhLWJhRFJmdVhhZFFuVTZKUnlab2lCc0pjSlpDT1cxQ0JuaTF2ZXZwLWlheXRFZWZYSUpGVF8wYTFB?oc=5,"Wed, 09 Sep 2026 23:44:59 GMT",지디넷코리아,소비재,https://news.google.com/rss/articles/CBMiVkFVX3lxTE51b2MzS18yN0gwXzFJT1NRZGdNeFFhLWJhRFJmdVhhZFFuVTZKUnlab2lCc0pjSlpDT1cxQ0JuaTF2ZXZwLWlheXRFZWZYSUpGVF8wYTFB?oc=5,,False,본문 수집 제한 개수를 초과했습니다.,False,,2026-09-13 09:10:28
국내,소비 회복,소비 회복,소비 회복,기술료·판가 인상·소비 회복…실적주 투자 기회 4배까지 살리려면 - 아시아경제,https://news.google.com/rss/articles/CBMiYEFVX3lxTE11bFpYc2doZ1ZvOU9wXzd4alRFeVhDazNzWXI0T1RJM3NMQ2hIelZkdUN0b0lTcHI2YVNBVEVLcEhaYVhNNHhHNmRzZlVQdHNrRjFMOFhvZXc4OXZIY0JIUw?oc=5,"Wed, 09 Sep 2026 04:32:00 GMT",아시아경제,소비재,https://news.google.com/rss/articles/CBMiYEFVX3lxTE11bFpYc2doZ1ZvOU9wXzd4alRFeVhDazNzWXI0T1RJM3NMQ2hIelZkdUN0b0lTcHI2YVNBVEVLcEhaYVhNNHhHNmRzZlVQdHNrRjFMOFhvZXc4OXZIY0JIUw?oc=5,,False,본문 수집 제한 개수를 초과했습니다.,False,,2026-09-13 09:10:28
국내,내수,내수,내수,8월 취업자 18.4만 명 증가...청년 고용한파 지속·내수도 위축 - YTN,https://news.google.com/rss/articles/CBMiXkFVX3lxTE55QXVDSXZUZlU2am14VUVXek9Ra0s4ek95MFVIY1ltQmJBSy1jYnpFRDg5VUE3c2NHMV9BMzNESURJbXUwQ2tSdUN1Y2VBS1NkVkFhcUplRks1QUx6Wnc?oc=5,"Wed, 09 Sep 2026 01:47:00 GMT",YTN,소비재,https://news.google.com/rss/articles/CBMiXkFVX3lxTE55QXVDSXZUZlU2am14VUVXek9Ra0s4ek95MFVIY1ltQmJBSy1jYnpFRDg5VUE3c2NHMV9BMzNESURJbXUwQ2tSdUN1Y2VBS1NkVkFhcUplRks1QUx6Wnc?oc=5,,False,본문 수집 제한 개수를 초과했습니다.,False,,2026-09-13 09:10:28
국내,소비재,소비재,소비재,"중기부, 글로벌 일류 지원 'K-소비재' 기업 188곳 선정 - 지디넷코리아",https://news.google.com/rss/articles/CBMiVkFVX3lxTE5wMGl2NkpTakJzbTFxQkZZSzdmVldzX3VWZFpIVTctU0xaekV2MXlHSGJDU1ZNZ3ZXQnB3Y3A3c3IzLUg5Ny1qOUtURXZWVDNvZmhHcWNB?oc=5,"Tue, 08 Sep 2026 14:09:58 GMT",지디넷코리아,소비재,https://news.google.com/rss/articles/CBMiVkFVX3lxTE5wMGl2NkpTakJzbTFxQkZZSzdmVldzX3VWZFpIVTctU0xaekV2MXlHSGJDU1ZNZ3ZXQnB3Y3A3c3IzLUg5Ny1qOUtURXZWVDNvZmhHcWNB?oc=5,,False,본문 수집 제한 개수를 초과했습니다.,False,,2026-09-13 09:10:28
국내,소비 회복,소비 회복,소비 회복,반도체 수출 호조에 소비 회복까지…2분기 GDP 0.6% 성장 - 산경투데이,https://news.google.com/rss/articles/CBMicEFVX3lxTE96TFR1Nk9ZQjlEVG5RcFZxelhaYV9mSl9tQUtGRi1HZzVDeXJYbTRNZXBiemRHTFVjYXRLQmphNGNzZFBEcnhJZGFJRGUzNXZtbnlXbm1xYTBhc0ZFY1A1U0gxUWdrNTAxdGNMUlBtUWHSAXRBVV95cUxPWHhYNVRscmJZVXpUZHBDQm9LMWMtRWpuX2dTUkJ3cjFpeGY1ckVyMTBFN1ZWVXcydC1hN1hrdjRZblBsR09HTnZtSDZKMVNDdkF3Q3hoVnp1Q0RUdzNxcTUtR0p4aWlSdFVSMWRxLU5qNy1CcQ?oc=5,"Tue, 08 Sep 2026 00:40:38 GMT",산경투데이,소비재,https://news.google.com/rss/articles/CBMicEFVX3lxTE96TFR1Nk9ZQjlEVG5RcFZxelhaYV9mSl9tQUtGRi1HZzVDeXJYbTRNZXBiemRHTFVjYXRLQmphNGNzZFBEcnhJZGFJRGUzNXZtbnlXbm1xYTBhc0ZFY1A1U0gxUWdrNTAxdGNMUlBtUWHSAXRBVV95cUxPWHhYNVRscmJZVXpUZHBDQm9LMWMtRWpuX2dTUkJ3cjFpeGY1ckVyMTBFN1ZWVXcydC1hN1hrdjRZblBsR09HTnZtSDZKMVNDdkF3Q3hoVnp1Q0RUdzNxcTUtR0p4aWlSdFVSMWRxLU5qNy1CcQ?oc=5,,False,본문 수집 제한 개수를 초과했습니다.,False,,2026-09-13 09:10:28
국내,소비 회복,소비 회복,소비 회복,“AI투자 중심 경기 개선”…소비 회복은 여전히 완만 - v.daum.net,https://news.google.com/rss/articles/CBMiVEFVX3lxTFB6MlpCUVRDZ3J1R3c3QndDZ2p3STI0LVBfT29LQ0hEdlotTlBIT3Yxcm1lSEw1bk9pN1BqbXFkTUh4VlByV1RGUlFJMDJEa0ZxUTg0Zw?oc=5,"Mon, 07 Sep 2026 03:17:10 GMT",v.daum.net,소비재,https://news.google.com/rss/articles/CBMiVEFVX3lxTFB6MlpCUVRDZ3J1R3c3QndDZ2p3STI0LVBfT29LQ0hEdlotTlBIT3Yxcm1lSEw1bk9pN1BqbXFkTUh4VlByV1RGUlFJMDJEa0ZxUTg0Zw?oc=5,,False,본문 수집 제한 개수를 초과했습니다.,False,,2026-09-13 09:10:28
미국,소비재,소비재,소비재 stock market earnings investment,7 Dividend Stocks to Buy and Hold Forever | Investing - U.S. News Money,https://news.google.com/rss/articles/CBMiiwFBVV95cUxOb1ZhT00ybWF0ODg1WnQ2dVpVWFdncTRLcXgxcnpuVkQ1RUl0R1c4b1lGMk9SaGNmRkltRUEyTkxJN0d5OG1vLTV6aDRnWS1nVG1yYkdXUnk1N3JsNGh3Wkc1SnhETHk0RnlNTy1DWWRMcXpBTzBiQ2FDMHduUmozcTZubkFreVJfeWhn?oc=5,"Thu, 03 Sep 2026 07:00:00 GMT",U.S. News Money,소비재,https://news.google.com/rss/articles/CBMiiwFBVV95cUxOb1ZhT00ybWF0ODg1WnQ2dVpVWFdncTRLcXgxcnpuVkQ1RUl0R1c4b1lGMk9SaGNmRkltRUEyTkxJN0d5OG1vLTV6aDRnWS1nVG1yYkdXUnk1N3JsNGh3Wkc1SnhETHk0RnlNTy1DWWRMcXpBTzBiQ2FDMHduUmozcTZubkFreVJfeWhn?oc=5,,False,"HTTPSConnectionPool(host='money.usnews.com', port=443): Read timed out. (read timeout=10)",True,,2026-09-13 09:10:28
미국,가격 인상,가격 인상,가격 인상 stock market earnings investment,"Microsoft is Consolidating and Will Be More Expensive Soon, So I Keep Buying - 24/7 Wall St.",https://news.google.com/rss/articles/CBMiuwFBVV95cUxQOGplWlZpbmpPVWFYaEpxQVp2b0xXMEJZR19TNUpJZU9abEhuLXNqbjlnRlhVYTJwdEkwRmtQSkxQcndQdEJlQUZSS3BsT25KNHAyN1c0MjdiZlBDSENQZG5RazRZNGREOWMxZHBtVC1JZFpncnozMFN5UXlGODByZDZsMGRXUVJITDFSdVZ6T1QzcGRaeHNpV0RxMEpRX1E3YnBseXpkUXE1T194dHlGcUpqWEtJQmg5Y3BV?oc=5,"Tue, 18 Aug 2026 07:00:00 GMT",24/7 Wall St.,소비재,https://247wallst.com/investing/2026/08/18/microsoft-is-consolidating-and-will-be-more-expensive-soon-so-i-keep-buying/,247wallst.com,True,,True,,2026-09-13 09:10:28
미국,브랜드,브랜드,브랜드 stock market earnings investment,Earnings call transcript: Installed Building Products tops Q2 2026 estimates - Investing.com,https://news.google.com/rss/articles/CBMiywFBVV95cUxOOHhjVk1BOElfMUdfYk5LN2tnQ0lqemdOM2thdVZ1dlppNWRSamk5cXIxSG91bkNFSnA5aHljRm95UDc4QzdxYWhTYV9WbzJwRFI4VEF4Zk12S1lWdkJSVXdxY08tdUo0NHV0a3c3VThaYzZkZ2pZSkg1bmU5QkhncjdISExBdGpBcjVvNnozVHFfUWZ6d2xrRTZvN2w3U2U3c3ZTUk50T1U2VEpWelZ0SFlxRE44QlhXOC1XVWtCRV9RTEcxRlZhb2tPUQ?oc=5,"Thu, 06 Aug 2026 07:00:00 GMT",Investing.com,소비재,https://news.google.com/rss/articles/CBMiywFBVV95cUxOOHhjVk1BOElfMUdfYk5LN2tnQ0lqemdOM2thdVZ1dlppNWRSamk5cXIxSG91bkNFSnA5aHljRm95UDc4QzdxYWhTYV9WbzJwRFI4VEF4Zk12S1lWdkJSVXdxY08tdUo0NHV0a3c3VThaYzZkZ2pZSkg1bmU5QkhncjdISExBdGpBcjVvNnozVHFfUWZ6d2xrRTZvN2w3U2U3c3ZTUk50T1U2VEpWelZ0SFlxRE44QlhXOC1XVWtCRV9RTEcxRlZhb2tPUQ?oc=5,,False,403 Client Error: Forbidden for url: https://www.investing.com/news/transcripts/earnings-call-transcript-installed-building-products-tops-q2-2026-estimates-93CH-4843195,True,,2026-09-13 09:10:28
미국,브랜드,브랜드,브랜드 stock market earnings investment,"PVH Corp.: Better Brand Execution, But The Earnings Bridge Is Still Messy (NYSE:PVH) - Seeking Alpha",https://news.google.com/rss/articles/CBMiowFBVV95cUxQZ0RMdHl0Rzg1cGtkV245N1ZIQUFIbEVXN1QtbHF5WDVmbVZmbDNkVjladUZyaEl5MVdRUDhkMGtRaDlLRWhzWXkzenk3cXR4V2pJb1d0aVowejhVR3FVd0JTcFpydHdBaFY3c0VSRW01MzM1ZjVkMTV5VmFhcU5GaGtjUndFRVdzRGxZMTlZbVdJSUFadmFNSFB6WGVLaDViMmc0?oc=5,"Mon, 06 Jul 2026 07:00:00 GMT",Seeking Alpha,소비재,https://news.google.com/rss/articles/CBMiowFBVV95cUxQZ0RMdHl0Rzg1cGtkV245N1ZIQUFIbEVXN1QtbHF5WDVmbVZmbDNkVjladUZyaEl5MVdRUDhkMGtRaDlLRWhzWXkzenk3cXR4V2pJb1d0aVowejhVR3FVd0JTcFpydHdBaFY3c0VSRW01MzM1ZjVkMTV5VmFhcU5GaGtjUndFRVdzRGxZMTlZbVdJSUFadmFNSFB6WGVLaDViMmc0?oc=5,,False,403 Client Error: Forbidden for url: https://seekingalpha.com/article/4920183-pvh-stock-better-brand-execution-earnings-bridge-still-messy,True,,2026-09-13 09:10:28
미국,소비재,소비재,소비재 stock market earnings investment,Stock Market Forecast For Next Six Months: Why More Gains May Lie Ahead - Investor's Business Daily,https://news.google.com/rss/articles/CBMijAFBVV95cUxNeTFDTVlOLU9tckVpTGRXVDVPZV82elNENmpvN2pQSkpISk1iQmJoZXg0QzFCb0Zhb1ByNVR2eGhLSDZWU2thRVcydG9GTTZyY2tOOXZTdENHTW5ac3N0VERtVkZUdG1HbVV1aFVHcS1kdWtuLUN4S1MtSmlSQ0w3Mk5rbHl0bjJ2ZE5VeA?oc=5,"Wed, 01 Jul 2026 07:00:00 GMT",Investor's Business Daily,소비재,https://news.google.com/rss/articles/CBMijAFBVV95cUxNeTFDTVlOLU9tckVpTGRXVDVPZV82elNENmpvN2pQSkpISk1iQmJoZXg0QzFCb0Zhb1ByNVR2eGhLSDZWU2thRVcydG9GTTZyY2tOOXZTdENHTW5ac3N0VERtVkZUdG1HbVV1aFVHcS1kdWtuLUN4S1MtSmlSQ0w3Mk5rbHl0bjJ2ZE5VeA?oc=5,,False,본문 수집 제한 개수를 초과했습니다.,False,,2026-09-13 09:10:28
미국,가격 인상,가격 인상,가격 인상 stock market earnings investment,European shares close lower as investors weigh Middle East risks - Reuters,https://news.google.com/rss/articles/CBMiogFBVV95cUxPY2hvOS1vOFRTaWs0UXc1VEl3NVo2U2UzTXJPZTJzRElFdWFCOHNkcW5yVFdjQmxhMmc0QUw5c1VRREFTdVQ2TGk2b1VWcU16ODlSdVNNX3RMLWJnRXJvbHdVOXV1dnV2YTRlUEJnNGN0aktQSTZtMlhPc3ppbkkyWTlWbXNIRmVZYXN0NXFUMUdmQWctTkU2UjRrc1dLdmJwNEE?oc=5,"Tue, 09 Jun 2026 07:00:00 GMT",Reuters,소비재,https://news.google.com/rss/articles/CBMiogFBVV95cUxPY2hvOS1vOFRTaWs0UXc1VEl3NVo2U2UzTXJPZTJzRElFdWFCOHNkcW5yVFdjQmxhMmc0QUw5c1VRREFTdVQ2TGk2b1VWcU16ODlSdVNNX3RMLWJnRXJvbHdVOXV1dnV2YTRlUEJnNGN0aktQSTZtMlhPc3ppbkkyWTlWbXNIRmVZYXN0NXFUMUdmQWctTkU2UjRrc1dLdmJwNEE?oc=5,,False,본문 수집 제한 개수를 초과했습니다.,False,,2026-09-13 09:10:28
미국,소비재,소비재,소비재 stock market earnings investment,"3 Absurdly Cheap Stocks to Buy With $1,000 While the Market Is This Nervous - Yahoo Finance",https://news.google.com/rss/articles/CBMilwFBVV95cUxNX1R6emdkTUhWanpKX0ZKLWZCdldTdWp3TGFMb2FTTmRhVmRVVWR1MVc1SUNJa1pqLWJ0RjVLel9NVUcwUTd5clpuSURTenEyYW5VdnFDWlIyakU4dXVyREJyVU0zcEduckRxSlctTEhUZzcyV2tKZlVJOVI4bDMyZTZhaVBGXzExVVV4UHFXZG5CNVo0Yi1z?oc=5,"Fri, 05 Jun 2026 07:00:00 GMT",Yahoo Finance,소비재,https://news.google.com/rss/articles/CBMilwFBVV95cUxNX1R6emdkTUhWanpKX0ZKLWZCdldTdWp3TGFMb2FTTmRhVmRVVWR1MVc1SUNJa1pqLWJ0RjVLel9NVUcwUTd5clpuSURTenEyYW5VdnFDWlIyakU4dXVyREJyVU0zcEduckRxSlctTEhUZzcyV2tKZlVJOVI4bDMyZTZhaVBGXzExVVV4UHFXZG5CNVo0Yi1z?oc=5,,False,본문 수집 제한 개수를 초과했습니다.,False,,2026-09-13 09:10:28
미국,소비재,소비재,소비재 stock market earnings investment,Coca Cola Stock Will Hit a New All-Time High On This Date - 24/7 Wall St.,https://news.google.com/rss/articles/CBMiowFBVV95cUxQM3diVmdmMEVaLXNBc01JaE1jaFM1cHpGSnI0Ri1NM3E0RmRMb2hCcF9wNVZmQnpYcTB6cjlMdFhkTExwUGhhb1BrY2N0WGNFUE1IUUN6T1JxcnJjUllEdmx2Slh2bEo3T0VpWWhSUWt0cFBaakJBTXNpQUJKbFh6NWYtT1ZOR3haVFozcTc1NF9MQXE4ZTNLNHFUR2RiYXF2THk0?oc=5,"Mon, 01 Jun 2026 07:00:00 GMT",24/7 Wall St.,소비재,https://news.google.com/rss/articles/CBMiowFBVV95cUxQM3diVmdmMEVaLXNBc01JaE1jaFM1cHpGSnI0Ri1NM3E0RmRMb2hCcF9wNVZmQnpYcTB6cjlMdFhkTExwUGhhb1BrY2N0WGNFUE1IUUN6T1JxcnJjUllEdmx2Slh2bEo3T0VpWWhSUWt0cFBaakJBTXNpQUJKbFh6NWYtT1ZOR3haVFozcTc1NF9MQXE4ZTNLNHFUR2RiYXF2THk0?oc=5,,False,본문 수집 제한 개수를 초과했습니다.,False,,2026-09-13 09:10:28
미국,가격 인상,가격 인상,가격 인상 stock market earnings investment,"UBS Tripled Its Micron Target to $1,625. Here’s What the Data Actually Shows - TIKR.com",https://news.google.com/rss/articles/CBMinwFBVV95cUxPbDBxb04wWHlhODlzUTh3ZTF4V2hHWE82QVBBSEl2VktyTmIwcnIxc3lDMjJtdzF1dGZiVTIyOVRHWEMxRTRZVDBDT0gtRDA4RU4wRXpsTTBjRUdSWFF0akE2OUpvNURRNE94eDZ1TDBfQkI4SzhiS1BoRzR4SUZoU3FxSUdiTjBYRlJGQk1STGk2LTQwRDhzZ3UxM3hDRzQ?oc=5,"Wed, 27 May 2026 07:00:00 GMT",TIKR.com,소비재,https://news.google.com/rss/articles/CBMinwFBVV95cUxPbDBxb04wWHlhODlzUTh3ZTF4V2hHWE82QVBBSEl2VktyTmIwcnIxc3lDMjJtdzF1dGZiVTIyOVRHWEMxRTRZVDBDT0gtRDA4RU4wRXpsTTBjRUdSWFF0akE2OUpvNURRNE94eDZ1TDBfQkI4SzhiS1BoRzR4SUZoU3FxSUdiTjBYRlJGQk1STGk2LTQwRDhzZ3UxM3hDRzQ?oc=5,,False,본문 수집 제한 개수를 초과했습니다.,False,,2026-09-13 09:10:28
미국,가격 인상,가격 인상,가격 인상 stock market earnings investment,How Intel Stock Could Be the Biggest Winner from AMD’s Explosive Earnings Win - Barchart.com,https://news.google.com/rss/articles/CBMivAFBVV95cUxQamJ3dWJKel9haDZNRXdjdWtRenVjSkViQWRldXhzdklUR3RES1plazBZTGtQX2tMSlFjSEo4WUdKdFZSU014MVRNT202OTJKajVGZ2xqbnVLQ0VHS09ucTAyNmJOWDhvRG5EdGduVkNFM3E0ODZubjRTZHlwUnlQTkgxZzJ4NkQtS1R4Rmoza1NxWncta19GUGM5ZU00d2pxYUw2REFlV1ZmMTRvZWtPbDF0QVdqZXlYUjR2bw?oc=5,"Fri, 08 May 2026 07:00:00 GMT",Barchart.com,소비재,https://news.google.com/rss/articles/CBMivAFBVV95cUxQamJ3dWJKel9haDZNRXdjdWtRenVjSkViQWRldXhzdklUR3RES1plazBZTGtQX2tMSlFjSEo4WUdKdFZSU014MVRNT202OTJKajVGZ2xqbnVLQ0VHS09ucTAyNmJOWDhvRG5EdGduVkNFM3E0ODZubjRTZHlwUnlQTkgxZzJ4NkQtS1R4Rmoza1NxWncta19GUGM5ZU00d2pxYUw2REFlV1ZmMTRvZWtPbDF0QVdqZXlYUjR2bw?oc=5,,False,본문 수집 제한 개수를 초과했습니다.,False,,2026-09-13 09:10:28
미국,가격 인상,가격 인상,가격 인상 stock market earnings investment,"Is Coca-Cola a Buy, Hold, or Sell After Its Q1 2026 Earnings Report? - Yahoo Finance",https://news.google.com/rss/articles/CBMikgFBVV95cUxNUTRuUHR3Y2Fib2doZVpHYjZBU2FWVGJQbjRSb2dLMVA5bm5vck5XQ0IzcE1VTUVDTnlzbmcxbTc1RU1PNG9jNGRJTHY5RzNBMWsxdWJJZjc2WHRWbEdjX3ctSWRNbUxqWWxpV2hSU0xVcTdQYldxeU10UFFpUUsyQmhqWTV5VE9KZW10U1FhN1JjQQ?oc=5,"Fri, 01 May 2026 07:00:00 GMT",Yahoo Finance,소비재,https://news.google.com/rss/articles/CBMikgFBVV95cUxNUTRuUHR3Y2Fib2doZVpHYjZBU2FWVGJQbjRSb2dLMVA5bm5vck5XQ0IzcE1VTUVDTnlzbmcxbTc1RU1PNG9jNGRJTHY5RzNBMWsxdWJJZjc2WHRWbEdjX3ctSWRNbUxqWWxpV2hSU0xVcTdQYldxeU10UFFpUUsyQmhqWTV5VE9KZW10U1FhN1JjQQ?oc=5,,False,본문 수집 제한 개수를 초과했습니다.,False,,2026-09-13 09:10:28
미국,브랜드,브랜드,브랜드 stock market earnings investment,"L’Oréal fragrance and hair boost Q1 growth, outpacing global beauty market. - Personal Care Insights",https://news.google.com/rss/articles/CBMidkFVX3lxTE9ORVYtY21zam1qcjBKcGQ2OFd1andZeXh5R0Y0ekJ1OUR3XzB4cHkxNmp3alloYlgzSWxmUkdjZjVjRDJuYk9EREI0QXQxUHdTRnpsdXo1UzdmUWVqOTdsenlIYWFNQ0lfZ19CYkNVLVpRSVdZOGc?oc=5,"Thu, 23 Apr 2026 07:00:00 GMT",Personal Care Insights,소비재,https://news.google.com/rss/articles/CBMidkFVX3lxTE9ORVYtY21zam1qcjBKcGQ2OFd1andZeXh5R0Y0ekJ1OUR3XzB4cHkxNmp3alloYlgzSWxmUkdjZjVjRDJuYk9EREI0QXQxUHdTRnpsdXo1UzdmUWVqOTdsenlIYWFNQ0lfZ19CYkNVLVpRSVdZOGc?oc=5,,False,본문 수집 제한 개수를 초과했습니다.,False,,2026-09-13 09:10:28
미국,브랜드,브랜드,브랜드 stock market earnings investment,Top Wide-Moat Stocks to Buy for Long-Term Wealth and Stability - Yahoo Finance,https://news.google.com/rss/articles/CBMikwFBVV95cUxQd19lM0Y0MWhJOGhUQUU5aHgwWDJSMkRaWjI5WDliZVEyT3c2R3RmMFVSclFrdzFjVHFzM1pqNEpnR28zN3ltQjlBQnJkNzdBQmx3c3hBR1dJWG80RENBOEJCcUNNN3JDSUtpcllXWVcxWHRjcnAzeVI0M3prY004bVRUbm1GcXEwU0s5WHRVVXN0Q3M?oc=5,"Tue, 14 Apr 2026 07:00:00 GMT",Yahoo Finance,소비재,https://news.google.com/rss/articles/CBMikwFBVV95cUxQd19lM0Y0MWhJOGhUQUU5aHgwWDJSMkRaWjI5WDliZVEyT3c2R3RmMFVSclFrdzFjVHFzM1pqNEpnR28zN3ltQjlBQnJkNzdBQmx3c3hBR1dJWG80RENBOEJCcUNNN3JDSUtpcllXWVcxWHRjcnAzeVI0M3prY004bVRUbm1GcXEwU0s5WHRVVXN0Q3M?oc=5,,False,본문 수집 제한 개수를 초과했습니다.,False,,2026-09-13 09:10:28
미국,브랜드,브랜드,브랜드 stock market earnings investment,"Down 47% In Last 12 Months, Can PayPal Stock Recover in 2026? - TIKR.com",https://news.google.com/rss/articles/CBMisAFBVV95cUxNa3pHRVYxRnJDUGxrZGxDV2tPWEpxcGhmMXp1TnBiWVRoRmpIQzBOS3N5RlFIZE5mazM4Rmh4NWVDcjYxMXVKdjk0aWhwYU5nbFZSU2VBSmc5S1BLMER3WDV1Ri1EMmtUWi1ieGZ6Rll5cFRoRHhYZHBjUS1XcTdrTHR6WnlVbmtMUHdMNXVrRHh2Nk92czVHc2lvOHZCLWViTVhYZ0FsNUFlaHlOTnZoZg?oc=5,"Thu, 12 Feb 2026 08:00:00 GMT",TIKR.com,소비재,https://news.google.com/rss/articles/CBMisAFBVV95cUxNa3pHRVYxRnJDUGxrZGxDV2tPWEpxcGhmMXp1TnBiWVRoRmpIQzBOS3N5RlFIZE5mazM4Rmh4NWVDcjYxMXVKdjk0aWhwYU5nbFZSU2VBSmc5S1BLMER3WDV1Ri1EMmtUWi1ieGZ6Rll5cFRoRHhYZHBjUS1XcTdrTHR6WnlVbmtMUHdMNXVrRHh2Nk92czVHc2lvOHZCLWViTVhYZ0FsNUFlaHlOTnZoZg?oc=5,,False,본문 수집 제한 개수를 초과했습니다.,False,,2026-09-13 09:10:28
미국,소비재,소비재,소비재 stock market earnings investment,"At an 11-Year Low with a 4.9% Dividend Yield, Is This Value Stock a No-Brainer Buy for Passive Income in 2026? - The Motley Fool",https://news.google.com/rss/articles/CBMimAFBVV95cUxOaFpaOTRxdXFoVTRaQUM1YmdQZmdyM3JWMGVkdGk5QmF6NjhBUkVzM0dObTdkVnRHR19BTEpNR1o0ZkNDOUFBekxOc0dnelBiSUxLcTN0dGh6dHVLckVLVEliQ1Y0UUNGLS0xWEZwOVVmemFzNzVnU0gyelhZNGZnTjJUT0Jkb3dEVkU3SVhOMFpsT0hrVjBFQQ?oc=5,"Sun, 11 Jan 2026 08:00:00 GMT",The Motley Fool,소비재,https://news.google.com/rss/articles/CBMimAFBVV95cUxOaFpaOTRxdXFoVTRaQUM1YmdQZmdyM3JWMGVkdGk5QmF6NjhBUkVzM0dObTdkVnRHR19BTEpNR1o0ZkNDOUFBekxOc0dnelBiSUxLcTN0dGh6dHVLckVLVEliQ1Y0UUNGLS0xWEZwOVVmemFzNzVnU0gyelhZNGZnTjJUT0Jkb3dEVkU3SVhOMFpsT0hrVjBFQQ?oc=5,,False,본문 수집 제한 개수를 초과했습니다.,False,,2026-09-13 09:10:28
국내,K푸드,K푸드,K푸드,"""김치·라면 다음은?""...프랑스 파리 홀린 '넥스트 K-푸드' - YTN",https://news.google.com/rss/articles/CBMiXkFVX3lxTE05dzZvVDVHT2p5UVF5b2hVNWl6eHZSYlFxUzRxak1BXzhZZ0xiLWR1QlRyTmtqS3g4dHJrcHVrdnYyYTlXdXh6SzJEN0Y4UXJDTS1qN3pfblVPS3Itb2c?oc=5,"Sat, 12 Sep 2026 16:44:00 GMT",YTN,식품,https://www.ytn.co.kr/_ln/0104_202609130424339809,www.ytn.co.kr,True,,True,,2026-09-13 09:10:59
국내,식품,식품,식품,"당뇨병 예방에 좋은 식품 5… ""공복혈당 낮추고 인슐린 저항성 개선"" - 하이닥",https://news.google.com/rss/articles/CBMiakFVX3lxTFBsTlVmaHZfdGoxOXNGSmdsS2lGMk5mVURwdHNXYlJxdVpQeGlmd3RFWWRtTUJtQnBXTFhodm9BWmZOdDhMeDBMbUE5WVh0VTR5dmo0ajhTNHNyT1V4RzJjMGVsc3M0cnQ1NlE?oc=5,"Sat, 12 Sep 2026 08:00:00 GMT",하이닥,식품,https://news.hidoc.co.kr/news/articleView.html?idxno=67299,news.hidoc.co.kr,True,,True,,2026-09-13 09:10:59
국내,K푸드,K푸드,K푸드,"인천푸드테크협회, 인천시에 ‘K-푸드테크 글로벌 영토 확장 육성 지원센터’ 신설 공식 제안 - ppss.kr",https://news.google.com/rss/articles/CBMiZEFVX3lxTE04YjlzaUkzenhRVzhKOTNiNDVHTTBBbXVfcTMyQTV5alFSSDh3RVRuNkJaSkZJeERSa1kweFNrekpSeFpSNzZlU0JacnQyMHpHVDFDS2tISzh6QXVNV1pBNVhpa2Y?oc=5,"Sat, 12 Sep 2026 04:35:00 GMT",ppss.kr,식품,https://www.ppss.kr/news/articleView.html?idxno=310291,www.ppss.kr,True,,True,,2026-09-13 09:10:59
국내,식품,식품,식품,“햄보다 첨가물 더 많다?”…우리가 자주 먹는 편의점 단골 식품 2가지 - 경향신문,https://news.google.com/rss/articles/CBMiWkFVX3lxTE43clN0TVRBeFUwUG5TdFNmLXdCTHlNQXRiNmtwS1FBaWZCaEI3dFBZQmtQMkZNWWY3aVU5OXR2Wk5POFRwNm5Yc0Vnd1dyclp5a2NpTy1aeVFZQdIBX0FVX3lxTE5Ka25uN3lNc3I4UWhFQUlwdlVzVFk4OThTY1N4N0RPYWZScl8tcW0tbDNkdm5VeV95cXJ2NGo0V2R2aWh6ZGZ3cV9fdUVTcXdwMmpGWlpnS2JZMXdDYnNB?oc=5,"Sat, 12 Sep 2026 03:00:00 GMT",경향신문,식품,https://www.khan.co.kr/article/202609121200001,www.khan.co.kr,True,,True,,2026-09-13 09:10:59
국내,식품,식품,식품,두부·두유·장류 등 수입콩 식품 줄줄이 ‘GMO’…소비자는 깜깜 - 농민신문,https://news.google.com/rss/articles/CBMiWkFVX3lxTE1SaDJaVDJ2R2dhNG5QWExabnQ4UGFscW13Q2FtNE01UnQ2TzZreHNkQlZUMkJjaHQxQVc4UzNoSkh2SFBxQ2E1bHpCdDZXUURqZGJSamJxY1V6dw?oc=5,"Sat, 12 Sep 2026 02:00:00 GMT",농민신문,식품,https://news.google.com/rss/articles/CBMiWkFVX3lxTE1SaDJaVDJ2R2dhNG5QWExabnQ4UGFscW13Q2FtNE01UnQ2TzZreHNkQlZUMkJjaHQxQVc4UzNoSkh2SFBxQ2E1bHpCdDZXUURqZGJSamJxY1V6dw?oc=5,,False,본문 수집 제한 개수를 초과했습니다.,False,,2026-09-13 09:10:59
국내,식품,식품,식품,"""400원 홍삼 믿으시겠어요?"" 초가성비 건강식품으로 시장 흔든 한국 기업 - 조선일보",https://news.google.com/rss/articles/CBMiiwFBVV95cUxQSFZXT0tDZEswVWRfdEpmLWdkZmxiNFFiaDFuLXlvU0Naa3MxZE85TVI2VmRjREl2MGVrR09vWmF2RlJ6ZFhWVGJFdWY2MUVFVF9GX0RqdFB2WjJTRUc0cW5VRlVMNlJHRUxHZEFvOTBKZDU1RHQ5RHQ0b001UFY0SnpmSjdLU2xfZDFn?oc=5,"Fri, 11 Sep 2026 21:40:00 GMT",조선일보,식품,https://news.google.com/rss/articles/CBMiiwFBVV95cUxQSFZXT0tDZEswVWRfdEpmLWdkZmxiNFFiaDFuLXlvU0Naa3MxZE85TVI2VmRjREl2MGVrR09vWmF2RlJ6ZFhWVGJFdWY2MUVFVF9GX0RqdFB2WjJTRUc0cW5VRlVMNlJHRUxHZEFvOTBKZDU1RHQ5RHQ0b001UFY0SnpmSjdLU2xfZDFn?oc=5,,False,본문 수집 제한 개수를 초과했습니다.,False,,2026-09-13 09:10:59
국내,라면 수출,라면 수출,라면 수출,"“라면은 되는데, 라볶이는 안되나요?”… 中 수출 ‘패스트트랙’에 식품업계 관심 - 조선비즈 - Chosunbiz",https://news.google.com/rss/articles/CBMihgFBVV95cUxPXy1PLXdnQmNBU0N3ci14Vk1wY19Da2ZNTE50UW5Sb2RlcnBhNWFIa0VTZExNemxfTUswXzE1eVNSaE5qUFRKTVRjd0VJTnlaazF0VWNWeDJYRDh1YmJVX1NPRmtJVmRkaHB6TWFQMEJqRk9WXzhrdFNFNTBuZGJWRzlpRWc4Z9IBmgFBVV95cUxOOUgzMHZmamtHbFVFTGdDQXNLQ1ByYzREczViMHlUWlpNVFVZcDdRbXhZZFkxOGJ4MnlscEZLajF6eURDYkZJWXB6RG1DNkRCODdTcHpBWk9vVkFOLWZ5SlYyWEpFblgxa1U0X2R5VmEtdVVmalVnN0NRU3N6a1lkNVZsSzJnaVRrTWhMbGdjNmlpblR5eDJfSml3?oc=5,"Fri, 11 Sep 2026 09:08:00 GMT",Chosunbiz,식품,https://news.google.com/rss/articles/CBMihgFBVV95cUxPXy1PLXdnQmNBU0N3ci14Vk1wY19Da2ZNTE50UW5Sb2RlcnBhNWFIa0VTZExNemxfTUswXzE1eVNSaE5qUFRKTVRjd0VJTnlaazF0VWNWeDJYRDh1YmJVX1NPRmtJVmRkaHB6TWFQMEJqRk9WXzhrdFNFNTBuZGJWRzlpRWc4Z9IBmgFBVV95cUxOOUgzMHZmamtHbFVFTGdDQXNLQ1ByYzREczViMHlUWlpNVFVZcDdRbXhZZFkxOGJ4MnlscEZLajF6eURDYkZJWXB6RG1DNkRCODdTcHpBWk9vVkFOLWZ5SlYyWEpFblgxa1U0X2R5VmEtdVVmalVnN0NRU3N6a1lkNVZsSzJnaVRrTWhMbGdjNmlpblR5eDJfSml3?oc=5,,False,본문 수집 제한 개수를 초과했습니다.,False,,2026-09-13 09:10:59
국내,식품,식품,식품,식품 정보 음성·수어로 안내…'모두누리 식품표시' 서비스 제공 - 대한민국 정책브리핑,https://news.google.com/rss/articles/CBMibEFVX3lxTFBYbVA0aTFrTG91RkZJSVNVTG9MSFIxS2Ftc2Q0UVJscXQtQVJjR3F1dGpXeGEwVVJCTnpBblBCQ1JXaVRSdGJlbkQ3UE5UNWxSZllmOUxaZGdncXE4bnN4Z0NGNnFVVkwzajVIZQ?oc=5,"Fri, 11 Sep 2026 08:18:10 GMT",대한민국 정책브리핑,식품,https://news.google.com/rss/articles/CBMibEFVX3lxTFBYbVA0aTFrTG91RkZJSVNVTG9MSFIxS2Ftc2Q0UVJscXQtQVJjR3F1dGpXeGEwVVJCTnpBblBCQ1JXaVRSdGJlbkQ3UE5UNWxSZllmOUxaZGdncXE4bnN4Z0NGNnFVVkwzajVIZQ?oc=5,,False,본문 수집 제한 개수를 초과했습니다.,False,,2026-09-13 09:10:59
국내,곡물가,곡물가,곡물가,러시아·우크라 흑해 항만 공격에 세계 곡물가 가파른 상승 - 뉴스1,https://news.google.com/rss/articles/CBMiU0FVX3lxTE1vZkdOem9Ha0pPcjJYZzFpeWJxU2x5QUgxSy1pR2lZQWdqUDhicEttN1hZSFNWRWZFUkRQMTR6MnhUQlRiVE1NdElRUGRtRy1pdkJj0gFYQVVfeXFMUE9wRXRUZlF3empUMjdWeDdfQlFnVzV3MnNaa2Y1NVNzSlc0bkNtZ3pvbnBSdERtOXBtWTJhNFd3ZVpWWDQwNjhnRXJteDBNN0VkTWt6ZnFYYQ?oc=5,"Fri, 11 Sep 2026 08:09:53 GMT",뉴스1,식품,https://news.google.com/rss/articles/CBMiU0FVX3lxTE1vZkdOem9Ha0pPcjJYZzFpeWJxU2x5QUgxSy1pR2lZQWdqUDhicEttN1hZSFNWRWZFUkRQMTR6MnhUQlRiVE1NdElRUGRtRy1pdkJj0gFYQVVfeXFMUE9wRXRUZlF3empUMjdWeDdfQlFnVzV3MnNaa2Y1NVNzSlc0bkNtZ3pvbnBSdERtOXBtWTJhNFd3ZVpWWDQwNjhnRXJteDBNN0VkTWt6ZnFYYQ?oc=5,,False,본문 수집 제한 개수를 초과했습니다.,False,,2026-09-13 09:10:59
국내,K푸드,K푸드,K푸드,"식품산업협회, 식품기업 실질적 ESG 이행 지원 통해 K-푸드 경쟁력 강화 나선다 - 식품음료신문",https://news.google.com/rss/articles/CBMib0FVX3lxTE5fWHAxUXN0dzFheFphdldtUHdiMjJfSEs4SzN4Qmc3bVlQSmhFZERUSTBTLW9xb2VFOW0yLTBNQ1kyY0EwRTgzcWtXNkV3RnVMVjljenB4S2dxWVZpUWdxT2QxeklSNDQyZDVHbk1NRQ?oc=5,"Fri, 11 Sep 2026 04:46:27 GMT",식품음료신문,식품,https://news.google.com/rss/articles/CBMib0FVX3lxTE5fWHAxUXN0dzFheFphdldtUHdiMjJfSEs4SzN4Qmc3bVlQSmhFZERUSTBTLW9xb2VFOW0yLTBNQ1kyY0EwRTgzcWtXNkV3RnVMVjljenB4S2dxWVZpUWdxT2QxeklSNDQyZDVHbk1NRQ?oc=5,,False,본문 수집 제한 개수를 초과했습니다.,False,,2026-09-13 09:10:59
국내,K푸드,K푸드,K푸드,"조리기능장에게 한식 배운다…송파구, K푸드 쿠킹 클래스 개최 - 머니투데이 - 머니투데이",https://news.google.com/rss/articles/CBMiakFVX3lxTE9XdnYybEZqRkFnSHJacURkX0JWUzdIZ3ZwMWpFdEwxN01OZU94LUZ1VDRTNnU0WUlTbHk1OGc3U3lIZ3ZPaUlKM3ZySEZXVm1UY0dEVVhBUGF6VUxYaFhqVXJnd250bDNCR0HSAW9BVV95cUxQaVl2bU5iaDZtNDJMWUpCTFQyTl80SjlfM1FvSE8yNHhGWGt6ZmcwYmVJRk1TS1ZsRTdzTng0VHhvUXFQMFpHT0htU3BJand6V3hvUjgtYzZGZmtkNkdicXV1eHc2MTEwWm4ySUxhN0k?oc=5,"Fri, 11 Sep 2026 02:04:30 GMT",머니투데이,식품,https://news.google.com/rss/articles/CBMiakFVX3lxTE9XdnYybEZqRkFnSHJacURkX0JWUzdIZ3ZwMWpFdEwxN01OZU94LUZ1VDRTNnU0WUlTbHk1OGc3U3lIZ3ZPaUlKM3ZySEZXVm1UY0dEVVhBUGF6VUxYaFhqVXJnd250bDNCR0HSAW9BVV95cUxQaVl2bU5iaDZtNDJMWUpCTFQyTl80SjlfM1FvSE8yNHhGWGt6ZmcwYmVJRk1TS1ZsRTdzTng0VHhvUXFQMFpHT0htU3BJand6V3hvUjgtYzZGZmtkNkdicXV1eHc2MTEwWm4ySUxhN0k?oc=5,,False,본문 수집 제한 개수를 초과했습니다.,False,,2026-09-13 09:10:59
국내,원가 부담,원가 부담,원가 부담,중동 전쟁에 원가 부담 커진 네슬레…가격 올리고 제품도 줄인다 - 지디넷코리아,https://news.google.com/rss/articles/CBMiVkFVX3lxTE5vbF91bEQ3OU5KclFIbzRMQkFMS3NJa0J1WS1EcVpqemRFTmhucFJqMHZ6VzZKaVVFa0pZNWFBRm5yUkEtZ0RqZkNiMTJFa3E1d0J1YUFR?oc=5,"Thu, 10 Sep 2026 23:58:17 GMT",지디넷코리아,식품,https://news.google.com/rss/articles/CBMiVkFVX3lxTE5vbF91bEQ3OU5KclFIbzRMQkFMS3NJa0J1WS1EcVpqemRFTmhucFJqMHZ6VzZKaVVFa0pZNWFBRm5yUkEtZ0RqZkNiMTJFa3E1d0J1YUFR?oc=5,,False,본문 수집 제한 개수를 초과했습니다.,False,,2026-09-13 09:10:59
국내,원가 부담,원가 부담,원가 부담,식품업계 원가부담 4년만에 최고 - v.daum.net,https://news.google.com/rss/articles/CBMiS0FVX3lxTFBtbEFxUXl5cGR2OTdSYU5mSnhzMUNlT0tLQUhNdmF1TkJVS19YS29kUjJ0Y0pWOGVvcFFiMjdQUlRYZE5PeE9xbGVmRQ?oc=5,"Thu, 10 Sep 2026 09:33:00 GMT",v.daum.net,식품,https://news.google.com/rss/articles/CBMiS0FVX3lxTFBtbEFxUXl5cGR2OTdSYU5mSnhzMUNlT0tLQUhNdmF1TkJVS19YS29kUjJ0Y0pWOGVvcFFiMjdQUlRYZE5PeE9xbGVmRQ?oc=5,,False,본문 수집 제한 개수를 초과했습니다.,False,,2026-09-13 09:10:59
국내,라면 수출,라면 수출,라면 수출,파나마 매운 해물라면 가격 및 무역 데이터 | 마켓 오버뷰 2026 - Tridge,https://news.google.com/rss/articles/CBMidEFVX3lxTE1DbHFjWC1OWW9WZEEtZ0xVcTNIWnR0b2VLNmhCSl9DVTFOZmVyQURjSVh2eGJhb1dBdDk1b2pXa0RpcWp2N0pSeTdMRUI3WXBOVk4yQmw4aksydlQ5elRVU1NXYXY3b1dlajVXa3A1WmpJZFFr?oc=5,"Thu, 10 Sep 2026 08:41:43 GMT",Tridge,식품,https://news.google.com/rss/articles/CBMidEFVX3lxTE1DbHFjWC1OWW9WZEEtZ0xVcTNIWnR0b2VLNmhCSl9DVTFOZmVyQURjSVh2eGJhb1dBdDk1b2pXa0RpcWp2N0pSeTdMRUI3WXBOVk4yQmw4aksydlQ5elRVU1NXYXY3b1dlajVXa3A1WmpJZFFr?oc=5,,False,본문 수집 제한 개수를 초과했습니다.,False,,2026-09-13 09:10:59
국내,원가 부담,원가 부담,원가 부담,"니켈, 공급과잉에도 추가 하락 제한…생산원가 부담 커져 - 철강금속신문",https://news.google.com/rss/articles/CBMiakFVX3lxTE1qcFRsUzdfT1hKZ20wRFFCc2FEdXl0UkRoaHAtZFpMVDFzQzVpOEd3WERQbUNmRVNXZVhqZms3REFPenRSTk9mQVl4cW95eTA5S0dvSEFNbFRXNFc4RVBDVlFLbEVMMnRPM3c?oc=5,"Thu, 10 Sep 2026 07:57:00 GMT",철강금속신문,식품,https://news.google.com/rss/articles/CBMiakFVX3lxTE1qcFRsUzdfT1hKZ20wRFFCc2FEdXl0UkRoaHAtZFpMVDFzQzVpOEd3WERQbUNmRVNXZVhqZms3REFPenRSTk9mQVl4cW95eTA5S0dvSEFNbFRXNFc4RVBDVlFLbEVMMnRPM3c?oc=5,,False,본문 수집 제한 개수를 초과했습니다.,False,,2026-09-13 09:10:59
국내,원가 부담,원가 부담,원가 부담,AI가 끌어올린 구리값…도내 中企 원가 부담 - 중부매일,https://news.google.com/rss/articles/CBMiakFVX3lxTE1NcmxjRWdkODhpZF9NN2tQbXZyX0VJdlB0V3Z4cUlpQmVrVURja2s5Q3MyaUFrS0pjSUxOd1JpcnNUR0d5QTNfVzNkLXZxbF85cnZnRXpqQm1VbnZCc3l3Rjd6RHFQQkJHSUHSAW5BVV95cUxQRHQ5UWhnWEVpc2pSVTBBMzVKQ1ZQYThCZEdFWUVfUWRuU3F6djdtbm1IOEU1WXR5ZzJfdXdtODBLVzdyYzBWVTJHMkh2MEdiX1FGdHV3UGtzTGUyOGxUTnduei02dS1GU2JZanQtZw?oc=5,"Thu, 10 Sep 2026 06:38:31 GMT",중부매일,식품,https://news.google.com/rss/articles/CBMiakFVX3lxTE1NcmxjRWdkODhpZF9NN2tQbXZyX0VJdlB0V3Z4cUlpQmVrVURja2s5Q3MyaUFrS0pjSUxOd1JpcnNUR0d5QTNfVzNkLXZxbF85cnZnRXpqQm1VbnZCc3l3Rjd6RHFQQkJHSUHSAW5BVV95cUxQRHQ5UWhnWEVpc2pSVTBBMzVKQ1ZQYThCZEdFWUVfUWRuU3F6djdtbm1IOEU1WXR5ZzJfdXdtODBLVzdyYzBWVTJHMkh2MEdiX1FGdHV3UGtzTGUyOGxUTnduei02dS1GU2JZanQtZw?oc=5,,False,본문 수집 제한 개수를 초과했습니다.,False,,2026-09-13 09:10:59
국내,원가 부담,원가 부담,원가 부담,"동국제강, 17일부 H형강 5만 원 인상...원가 부담·시장 정상화 ‘초점’ - 스틸데일리",https://news.google.com/rss/articles/CBMicEFVX3lxTE1odHRlck1hbHhWOXJyYk5IUHdLOUFQZDNKZFp1Wkw5SUdjMlBpNEJ3UU5ZQWF5Mks4VE44NTdNYlluZWdjWWFZalFXV25ONVdZdzZGeDVDX2ZmTWkteTFEZ2pvT21nWEZQUklMYzZ1bzLSAXRBVV95cUxNeXBHSFBSelFqbWRkLVozZ3dINVNRT1BaMWkxTzlQMkd2el9aLXRSZmtPdThUMHcxRFMtUDVCTURoYlllelc3NlY2dUd5VmNWblNfNHRyd1B4bHhNdHAwdHYxeVN1ckw0RWF6VnFNbl9yaG4tOA?oc=5,"Thu, 10 Sep 2026 03:30:00 GMT",스틸데일리,식품,https://news.google.com/rss/articles/CBMicEFVX3lxTE1odHRlck1hbHhWOXJyYk5IUHdLOUFQZDNKZFp1Wkw5SUdjMlBpNEJ3UU5ZQWF5Mks4VE44NTdNYlluZWdjWWFZalFXV25ONVdZdzZGeDVDX2ZmTWkteTFEZ2pvT21nWEZQUklMYzZ1bzLSAXRBVV95cUxNeXBHSFBSelFqbWRkLVozZ3dINVNRT1BaMWkxTzlQMkd2el9aLXRSZmtPdThUMHcxRFMtUDVCTURoYlllelc3NlY2dUd5VmNWblNfNHRyd1B4bHhNdHAwdHYxeVN1ckw0RWF6VnFNbl9yaG4tOA?oc=5,,False,본문 수집 제한 개수를 초과했습니다.,False,,2026-09-13 09:10:59
국내,K푸드,K푸드,K푸드,융프라우 마라톤에 K-푸드 떴다…유럽 달리기족 겨냥 건강식품 홍보 - 한국영농신문,https://news.google.com/rss/articles/CBMibkFVX3lxTE53WmF0THdlNHlqVm1fNEtZRklmakE0QTI3YW1RLU5icTg0TV9ncVY5a0Vjc0lkN2ZzYkJpeFE2RVR2UEtTZHpaZ0U1WlR3Q1FfYUhkcG5LRTBFSE1uTlltb2lWdks4Y2FPR0J3bERR?oc=5,"Thu, 10 Sep 2026 01:33:12 GMT",한국영농신문,식품,https://news.google.com/rss/articles/CBMibkFVX3lxTE53WmF0THdlNHlqVm1fNEtZRklmakE0QTI3YW1RLU5icTg0TV9ncVY5a0Vjc0lkN2ZzYkJpeFE2RVR2UEtTZHpaZ0U1WlR3Q1FfYUhkcG5LRTBFSE1uTlltb2lWdks4Y2FPR0J3bERR?oc=5,,False,본문 수집 제한 개수를 초과했습니다.,False,,2026-09-13 09:10:59
국내,라면 수출,라면 수출,라면 수출,K-푸드 중동 수출 확대…작년 라면 22% 증가 - 중소기업신문,https://news.google.com/rss/articles/CBMibkFVX3lxTE1BU0ZNRXI0SWZMUTlCLXFsZzZaVS1wS1hDR2FPc3ZLaUdoSi1aejFxbG4zR1ZjWWlwVDJiVlRISGJNdk5sMEhObHNoWU1sT1lCUThsQjhwVGg4eEZaZkE0OEU2czhOX3RmVG5hQUlR?oc=5,"Wed, 09 Sep 2026 01:34:59 GMT",중소기업신문,식품,https://news.google.com/rss/articles/CBMibkFVX3lxTE1BU0ZNRXI0SWZMUTlCLXFsZzZaVS1wS1hDR2FPc3ZLaUdoSi1aejFxbG4zR1ZjWWlwVDJiVlRISGJNdk5sMEhObHNoWU1sT1lCUThsQjhwVGg4eEZaZkE0OEU2czhOX3RmVG5hQUlR?oc=5,,False,본문 수집 제한 개수를 초과했습니다.,False,,2026-09-13 09:10:59
국내,라면 수출,라면 수출,라면 수출,K-푸드 중동 진출 확대…지난해 라면 수출 22% 증가 - 서울경제TV,https://news.google.com/rss/articles/CBMiZEFVX3lxTE5MYWhfVGE1NGNVZ0JsV05KQTQ2UzhHX1pTblJqYkE0cHh5X18zcjB5eV9xcjJZSWxhd25qS2hBUjg1R3VaMnBneEtQMS11VElRQUNsT1VNSXJNY1NoemdGVGZ6TVM?oc=5,"Wed, 09 Sep 2026 00:01:51 GMT",서울경제TV,식품,https://news.google.com/rss/articles/CBMiZEFVX3lxTE5MYWhfVGE1NGNVZ0JsV05KQTQ2UzhHX1pTblJqYkE0cHh5X18zcjB5eV9xcjJZSWxhd25qS2hBUjg1R3VaMnBneEtQMS11VElRQUNsT1VNSXJNY1NoemdGVGZ6TVM?oc=5,,False,본문 수집 제한 개수를 초과했습니다.,False,,2026-09-13 09:10:59
국내,라면 수출,라면 수출,라면 수출,"""K-푸드 수출 늘어나는 중동…지난해 라면 수출 22% 증가"" - v.daum.net",https://news.google.com/rss/articles/CBMiVEFVX3lxTFB1Tld5SEIxMjhNb1F3ZkJFTHY0QW85c3lSTjBDR01qNFBpOGh3Sm1sdmhzaEJaVVBQMHN6anFaR2syMkctZ0xmV0xQSDVRN0tlQ0tMeg?oc=5,"Tue, 08 Sep 2026 21:02:02 GMT",v.daum.net,식품,https://news.google.com/rss/articles/CBMiVEFVX3lxTFB1Tld5SEIxMjhNb1F3ZkJFTHY0QW85c3lSTjBDR01qNFBpOGh3Sm1sdmhzaEJaVVBQMHN6anFaR2syMkctZ0xmV0xQSDVRN0tlQ0tMeg?oc=5,,False,본문 수집 제한 개수를 초과했습니다.,False,,2026-09-13 09:10:59
국내,곡물가,곡물가,곡물가,환율 내렸지만 국제곡물가 급등···‘멀어진’ 사료가격 인하 - 한국농어민신문,https://news.google.com/rss/articles/CBMibEFVX3lxTFBwWTVVUUQ4MjA0TXF3SklSSWZId1V2ZXdjTUVoOE9TeFNBWW1NbDlxazdnU2dyX09BenBEVnVoQVQxMzN3bHFENkJtRm0zZTJUZm04WXJJQXI2YTh5LWp2eDRKSXQ0LXBJYU00RQ?oc=5,"Thu, 03 Sep 2026 08:13:48 GMT",한국농어민신문,식품,https://news.google.com/rss/articles/CBMibEFVX3lxTFBwWTVVUUQ4MjA0TXF3SklSSWZId1V2ZXdjTUVoOE9TeFNBWW1NbDlxazdnU2dyX09BenBEVnVoQVQxMzN3bHFENkJtRm0zZTJUZm04WXJJQXI2YTh5LWp2eDRKSXQ0LXBJYU00RQ?oc=5,,False,본문 수집 제한 개수를 초과했습니다.,False,,2026-09-13 09:10:59
국내,곡물가,곡물가,곡물가,내년 곡물가 폭등하나?...'트리플악재'에 美·유럽 곡물생산 '위기' - newstree.kr,https://news.google.com/rss/articles/CBMiXEFVX3lxTE5zeVo4bWxZeF9NQmNFcFJDWEo4bnFWNDljR3FNRFhnMUU2c2x4ZnpyTkRCRWRjMkM0SFhGNFFnb2VXMzdmel9WdGFjUU5Odm1XaUtOM0pUYVFPaDJ0?oc=5,"Tue, 25 Aug 2026 07:00:00 GMT",newstree.kr,식품,https://news.google.com/rss/articles/CBMiXEFVX3lxTE5zeVo4bWxZeF9NQmNFcFJDWEo4bnFWNDljR3FNRFhnMUU2c2x4ZnpyTkRCRWRjMkM0SFhGNFFnb2VXMzdmel9WdGFjUU5Odm1XaUtOM0pUYVFPaDJ0?oc=5,,False,본문 수집 제한 개수를 초과했습니다.,False,,2026-09-13 09:10:59
국내,곡물가,곡물가,곡물가,유럽 기록적 가뭄에 각국 원전 '스톱'...국제 곡물가 2년 만에 최고치 - YTN,https://news.google.com/rss/articles/CBMiXkFVX3lxTE9tOGNkU1A3MWVYQTdSOXBIZkdVYnBWOVFNTEJTZW1kbl94ekNudi1qdTUwOWJfZXlMMlhmeWVnYVhLcUFCbVRVd0owWWZneEFmcFc2b2c5b1ZqbS04X2c?oc=5,"Sat, 22 Aug 2026 07:00:00 GMT",YTN,식품,https://news.google.com/rss/articles/CBMiXkFVX3lxTE9tOGNkU1A3MWVYQTdSOXBIZkdVYnBWOVFNTEJTZW1kbl94ekNudi1qdTUwOWJfZXlMMlhmeWVnYVhLcUFCbVRVd0owWWZneEFmcFc2b2c5b1ZqbS04X2c?oc=5,,False,본문 수집 제한 개수를 초과했습니다.,False,,2026-09-13 09:10:59
국내,곡물가,곡물가,곡물가,北 시장 곡물가 소폭 하락…그래도 여전히 역대 최고 수준 - 데일리NK,https://news.google.com/rss/articles/CBMiS0FVX3lxTE93Q19fX2p6Xy1iOG9nb0tEc3A5alNJd3J2UVctODYtQkpKZHpXaW45U3BKT3Fkb0ZjalRpaUltRGxYWlFxS0dvX1RaMA?oc=5,"Thu, 25 Jun 2026 07:00:00 GMT",데일리NK,식품,https://news.google.com/rss/articles/CBMiS0FVX3lxTE93Q19fX2p6Xy1iOG9nb0tEc3A5alNJd3J2UVctODYtQkpKZHpXaW45U3BKT3Fkb0ZjalRpaUltRGxYWlFxS0dvX1RaMA?oc=5,,False,본문 수집 제한 개수를 초과했습니다.,False,,2026-09-13 09:10:59
미국,식품,식품,식품 stock market earnings investment,7 Best Food Stocks for 2026 and How to Invest - The Motley Fool,https://news.google.com/rss/articles/CBMikgFBVV95cUxQU1l2OHp3dl90Q25xSlpxQUZTeUo1eldWWWtNelFFRDJSY2YtM3NHWVBWRm1BY2xGOGdxZVFUYXRweFJTZWU3V1lBQXpaTWVFSkctOHlCa2RGamhsMjkwR0ZrR2Zlb1Z4bUhsaW9LdVdZaUp5QUFrWTJyOWlrRi1XZHNYSjNpOWZaVmw4QTNzQjV6QQ?oc=5,"Fri, 31 Jul 2026 07:00:00 GMT",The Motley Fool,식품,https://www.fool.com/investing/stock-market/market-sectors/consumer-staples/food-stocks/,www.fool.com,True,,True,,2026-09-13 09:10:59
미국,원가 부담,원가 부담,원가 부담 stock market earnings investment,Earnings call transcript: LG Display posts first-half profit in five years in Q2 2026 - Investing.com,https://news.google.com/rss/articles/CBMi1gFBVV95cUxQcHhaenVGNDJtOXhiV2otMktkbk9NR1Bkc1paa29GSS15WGxMeE15TWxBd1VzQ0RobjJ0QjdCNHJnSjB1ZnROeXIzV0ZZeDNBRmVzZFJpa2lacEdEQ2FEWmhhRXZWWGZ0Q3NJUGNQTXRxaTk1WFRSU0V0dHBfVVBnanlTZ3AxRGRUZ05pcmRVYlZ6Z0NrRXJkenFUZUE0M3lPSndkQVlOTVBWUjh2UW1aZDB0U290Tjl6WkowOGZBZGxybUdWZ29KZlVzQXQ3Nks3b0d6TTZR?oc=5,"Tue, 21 Jul 2026 07:00:00 GMT",Investing.com,식품,https://news.google.com/rss/articles/CBMi1gFBVV95cUxQcHhaenVGNDJtOXhiV2otMktkbk9NR1Bkc1paa29GSS15WGxMeE15TWxBd1VzQ0RobjJ0QjdCNHJnSjB1ZnROeXIzV0ZZeDNBRmVzZFJpa2lacEdEQ2FEWmhhRXZWWGZ0Q3NJUGNQTXRxaTk1WFRSU0V0dHBfVVBnanlTZ3AxRGRUZ05pcmRVYlZ6Z0NrRXJkenFUZUE0M3lPSndkQVlOTVBWUjh2UW1aZDB0U290Tjl6WkowOGZBZGxybUdWZ29KZlVzQXQ3Nks3b0d6TTZR?oc=5,,False,403 Client Error: Forbidden for url: https://www.investing.com/news/transcripts/earnings-call-transcript-lg-display-posts-firsthalf-profit-in-five-years-in-q2-2026-93CH-4804566,True,,2026-09-13 09:10:59
미국,식품,식품,식품 stock market earnings investment,Tyson Foods Reports Second Quarter 2026 Results - Tyson Foods,https://news.google.com/rss/articles/CBMiogFBVV95cUxOTzA3dmFhOWEyQ01aSE9TWllveGt0MENKZllMbmpnX0xudVdyeEFNWUxvYXAyX29LZGVxWndram1sNi1KM0xseHRyTTRvdGYySkJFQTNYdldyY2NPRGRxVGhFS0hqSEFCSTAwckE2T1pGNFhMblRfVWVoQXBXVHhxaXZJaVhCenlCTloteXI5bmt5Sno1VERNcDVsVDlyQjBYOXc?oc=5,"Mon, 04 May 2026 07:00:00 GMT",Tyson Foods,식품,https://www.tysonfoods.com/news/news-releases/2026/5/tyson-foods-reports-second-quarter-2026-results,www.tysonfoods.com,True,,True,,2026-09-13 09:10:59
미국,식품,식품,식품 stock market earnings investment,"Growth Stock: What It Is, Examples, vs. Value Stock - Investopedia",https://news.google.com/rss/articles/CBMiYkFVX3lxTE13RE14TmFkblEwNlo4WjR3d0lfTTAwZXVueVQ0b1dkWHBGaXVFQkRiY3dfdGp1bTVNR3BlaDIxX0pZbGFQS1dxM19CelJpUlZHaFBIVXlFNk1pa1BDYlMtR0ln?oc=5,"Sun, 26 Mar 2017 07:52:19 GMT",Investopedia,식품,https://www.investopedia.com/terms/g/growthstock.asp,www.investopedia.com,True,,True,,2026-09-13 09:10:59
미국,식품,식품,식품 stock market earnings investment,"What Is a Value Stock? Examples, Pros and Cons Explained - Investopedia",https://news.google.com/rss/articles/CBMiYEFVX3lxTE0xM2Y0Z20tNlJtR29vOG9GOW9oYmxPbXBUMkxsLWRyQUpJTWdCeFRJRmJOWEZWREI1RjZKQ2RWY19PenNqNk5Wd0lUOXViejloX1RHQzQ1MURJX1JqVEpJag?oc=5,"Sat, 25 Mar 2017 23:38:58 GMT",Investopedia,식품,https://news.google.com/rss/articles/CBMiYEFVX3lxTE0xM2Y0Z20tNlJtR29vOG9GOW9oYmxPbXBUMkxsLWRyQUpJTWdCeFRJRmJOWEZWREI1RjZKQ2RWY19PenNqNk5Wd0lUOXViejloX1RHQzQ1MURJX1JqVEpJag?oc=5,,False,본문 수집 제한 개수를 초과했습니다.,False,,2026-09-13 09:10:59
국내,K팝,K팝,K팝,"앤팀→니쥬, 韓 활동 넓히는 일본 현지화 K팝 그룹 [N초점] - v.daum.net",https://news.google.com/rss/articles/CBMiT0FVX3lxTE1KTVR3ZXZJSHQzSW5NbFFwYlltMGl4NFFwQ0o0MFh4cDQzSVBLSzZOM2x3emZVS2twOWRBSVlnNWdiSEhycktHalQ5ZV8wdVk?oc=5,"Sat, 12 Sep 2026 23:45:00 GMT",v.daum.net,엔터/미디어,https://v.daum.net/v/20260913084531492,v.daum.net,True,,True,,2026-09-13 09:11:34
국내,엔터,엔터,엔터,방시혁 28억 상여금…주가 폭락에도 엔터 오너들 수십억 보수 - 한겨레,https://news.google.com/rss/articles/CBMickFVX3lxTE56XzFOS2J3cVBVd0RYby1IeE1UMThLcFF4ZzRKVThtOTVhdk5mMVQtZU9yT0QxVjZyeXhDN1BQaWZsa0l0UWlaOFRYMnpGRE1BdFljYnI0VHVpT0VHcmpQT1RQLVEyVGd4MUUxSTh1QjN6QQ?oc=5,"Sat, 12 Sep 2026 23:40:00 GMT",한겨레,엔터/미디어,https://www.hani.co.kr/arti/culture/culture_general/1277463.html,www.hani.co.kr,True,,True,,2026-09-13 09:11:34
국내,콘서트,콘서트,콘서트,"‘시크+차분’ 깊어진 눈빛…정승환, 단콘 포스터 추가 공개 - mk.co.kr",https://news.google.com/rss/articles/CBMiU0FVX3lxTE1zcjNMM2pMSTZRdk1PVzdaZl9PMUM1NmJmbFBEN1JGeVhURUlzS1pDX3p5OEh1RXpHZlluUUZpTmVISnZJSGRQTEY3aElsZFRNejNj?oc=5,"Sat, 12 Sep 2026 23:05:38 GMT",mk.co.kr,엔터/미디어,https://www.mk.co.kr/news/musics/12151227,www.mk.co.kr,True,,True,,2026-09-13 09:11:34
국내,콘서트,콘서트,콘서트,"사유원, 제1회 사야국제음악제...실내악에 콘서트 오페라까지 - newspim.com",https://news.google.com/rss/articles/CBMiXEFVX3lxTE9CSVhueDhvb1U1eU4zcGRKaVhnamlQdUVwa19taXlaSi1ncnl3Ulo3X0NtVkswMm01NHhGU3RWMXluQlZJLWdOSlAzOWVMQV93VDhIM3B0bDVwZVpO?oc=5,"Sat, 12 Sep 2026 22:37:00 GMT",newspim.com,엔터/미디어,https://www.newspim.com/news/view/20260913000006,www.newspim.com,True,,True,,2026-09-13 09:11:34
국내,콘텐츠,콘텐츠,콘텐츠,AI 인재 230여 명 배출...경기 'AI 콘텐츠 캠퍼스' - YTN,https://news.google.com/rss/articles/CBMiXkFVX3lxTE00UkhweDd2Z2taODBCT3NXTWNmeXNmMllCczFweU9feUctbmpoR2FsOGlfeElyVk9tWXZNMFh1R2RuUlpQNVdPcG9jVlBjN0wxakpwQXpUbHRCbnFSQUE?oc=5,"Sat, 12 Sep 2026 19:55:00 GMT",YTN,엔터/미디어,https://news.google.com/rss/articles/CBMiXkFVX3lxTE00UkhweDd2Z2taODBCT3NXTWNmeXNmMllCczFweU9feUctbmpoR2FsOGlfeElyVk9tWXZNMFh1R2RuUlpQNVdPcG9jVlBjN0wxakpwQXpUbHRCbnFSQUE?oc=5,,False,본문 수집 제한 개수를 초과했습니다.,False,,2026-09-13 09:11:34
국내,엔터,엔터,엔터,‘노동형 팬덤’ 가고 ‘음악의 공간화’로…음반 한계 넘는 엔터업계 [가요 뷰] - 데일리안,https://news.google.com/rss/articles/CBMiowJBVV95cUxNWFVpYWx5TjBiREt1S19pRHFrcUVwdnJjWFQwV0Nfd1BnTkxib1ZtQ285dm93d2YwYnBhT2NLRVBZTE1OcjJOQ1FrbkgzZGFMQmxXWG9VZ0dVODBNOEdFWTZvUDhpYUs0NDRyRFBkUE5Mako1ZXpjTG5jRDlsOUVDWjhqVzBPUVRVOFdOWlZVVTZwZUJVU3Q5SWFwUGdTLXk3MEpSaFN2RW14MEh6cjZMX3lTQlpId2VyMUJYLVNkcmw0RUlzc3QtTDQyNzJUSDhNMjJfaTBkQWlETFNXRXNNWUlBV3h2dUFZWFhtTjdKQmdJSzhpUnUzSWQxTWFjZDFuNHI0VFlLUkhEUDhuOUdWYVo5SXJTVVJxbGo5eklvRUxST0E?oc=5,"Sat, 12 Sep 2026 15:20:00 GMT",데일리안,엔터/미디어,https://news.google.com/rss/articles/CBMiowJBVV95cUxNWFVpYWx5TjBiREt1S19pRHFrcUVwdnJjWFQwV0Nfd1BnTkxib1ZtQ285dm93d2YwYnBhT2NLRVBZTE1OcjJOQ1FrbkgzZGFMQmxXWG9VZ0dVODBNOEdFWTZvUDhpYUs0NDRyRFBkUE5Mako1ZXpjTG5jRDlsOUVDWjhqVzBPUVRVOFdOWlZVVTZwZUJVU3Q5SWFwUGdTLXk3MEpSaFN2RW14MEh6cjZMX3lTQlpId2VyMUJYLVNkcmw0RUlzc3QtTDQyNzJUSDhNMjJfaTBkQWlETFNXRXNNWUlBV3h2dUFZWFhtTjdKQmdJSzhpUnUzSWQxTWFjZDFuNHI0VFlLUkhEUDhuOUdWYVo5SXJTVVJxbGo5eklvRUxST0E?oc=5,,False,본문 수집 제한 개수를 초과했습니다.,False,,2026-09-13 09:11:34
국내,콘텐츠,콘텐츠,콘텐츠,[알림] 연합뉴스 콘텐츠 저작권 고지 - 연합뉴스,https://news.google.com/rss/articles/CBMiW0FVX3lxTE16eWxlNTJKSU9qbVNDMkM2anpjd3QzYkJJd1dBcEpnclFseTdPdmhqZjg2Q0ljUmQ2Y3dwWWRmeldlRjdxaUN3TXYxQVhFNldPb1ZuN3Rpd0tOOGPSAWBBVV95cUxPT29tanRFNnYtc000aUhlNVhvQTRaci13SkpGd1Z5dWJsM1RaYUljY3hyUi1kR3hBWldPaFNDbDBkZ0JNV3BWenZGa3FUelFXaW50Mkl2cm5RM3hfdkQ2RXo?oc=5,"Sat, 12 Sep 2026 15:00:01 GMT",연합뉴스,엔터/미디어,https://news.google.com/rss/articles/CBMiW0FVX3lxTE16eWxlNTJKSU9qbVNDMkM2anpjd3QzYkJJd1dBcEpnclFseTdPdmhqZjg2Q0ljUmQ2Y3dwWWRmeldlRjdxaUN3TXYxQVhFNldPb1ZuN3Rpd0tOOGPSAWBBVV95cUxPT29tanRFNnYtc000aUhlNVhvQTRaci13SkpGd1Z5dWJsM1RaYUljY3hyUi1kR3hBWldPaFNDbDBkZ0JNV3BWenZGa3FUelFXaW50Mkl2cm5RM3hfdkQ2RXo?oc=5,,False,본문 수집 제한 개수를 초과했습니다.,False,,2026-09-13 09:11:34
국내,K팝,K팝,K팝,세계적인 팝스타 음악이 뮤지컬로…‘헬스키친’이 보여준 K-팝의 가능성 - KBS 뉴스,https://news.google.com/rss/articles/CBMiW0FVX3lxTE1tQXhCZWN6RDAtNzZUcVFCRUoyZGJ6b2ZwaWtNN1ZDNzlZRk5nV3ZQSDN6Y3V3TldCa0ozR0pheE5mU2xNc2ZWSDIwOEdiY3ZnLUZaUFEzZjJ4OVk?oc=5,"Sat, 12 Sep 2026 12:19:00 GMT",KBS 뉴스,엔터/미디어,https://news.google.com/rss/articles/CBMiW0FVX3lxTE1tQXhCZWN6RDAtNzZUcVFCRUoyZGJ6b2ZwaWtNN1ZDNzlZRk5nV3ZQSDN6Y3V3TldCa0ozR0pheE5mU2xNc2ZWSDIwOEdiY3ZnLUZaUFEzZjJ4OVk?oc=5,,False,본문 수집 제한 개수를 초과했습니다.,False,,2026-09-13 09:11:34
국내,콘서트,콘서트,콘서트,"정승환, 데뷔 10주년 콘서트 연다…‘발라드 좋아하세요?’ - 스포츠동아",https://news.google.com/rss/articles/CBMibkFVX3lxTE83WU54ckN6aXNkSlhOQTJZSzFaaWZmc29RdXBob2VOVzVJNmU0Z045OGZzTlFBMVdXNmVLcmg4T0lURG5nMlVrYURVOHhLcnI5QnU5eUs3V1Z0QVJJVzJBNDU4T05aWlVidE1MX2Vn?oc=5,"Sat, 12 Sep 2026 09:43:29 GMT",스포츠동아,엔터/미디어,https://news.google.com/rss/articles/CBMibkFVX3lxTE83WU54ckN6aXNkSlhOQTJZSzFaaWZmc29RdXBob2VOVzVJNmU0Z045OGZzTlFBMVdXNmVLcmg4T0lURG5nMlVrYURVOHhLcnI5QnU5eUs3V1Z0QVJJVzJBNDU4T05aWlVidE1MX2Vn?oc=5,,False,본문 수집 제한 개수를 초과했습니다.,False,,2026-09-13 09:11:34
국내,엔터,엔터,엔터,엔터주 반 토막 났는데···방시혁 등 오너들은 수십억대 상여금 받아 갔다 - 경향신문,https://news.google.com/rss/articles/CBMiWkFVX3lxTFB3c3BiRFJ4SlpjNU5EYTc4REh0Tm54T3RoRGlJdGwtancwczlVYl9fR1dRSnBLMmg0NktiVHItQW56c2RKTHh6TTg5MzktR1M0Q19LY09BNlFid9IBX0FVX3lxTFBrcmlOT2xPZU9kaThfajU3SXhBaDRJTWlFRDRFX0NwS0JIelBmN1hhdUpsNnFjRHhSckVDQ3BXTEJSdGJFNlMtTk1Mb2VEU2lhaTlsOVFRTFlZbVFBVUhz?oc=5,"Sat, 12 Sep 2026 05:45:00 GMT",경향신문,엔터/미디어,https://news.google.com/rss/articles/CBMiWkFVX3lxTFB3c3BiRFJ4SlpjNU5EYTc4REh0Tm54T3RoRGlJdGwtancwczlVYl9fR1dRSnBLMmg0NktiVHItQW56c2RKTHh6TTg5MzktR1M0Q19LY09BNlFid9IBX0FVX3lxTFBrcmlOT2xPZU9kaThfajU3SXhBaDRJTWlFRDRFX0NwS0JIelBmN1hhdUpsNnFjRHhSckVDQ3BXTEJSdGJFNlMtTk1Mb2VEU2lhaTlsOVFRTFlZbVFBVUhz?oc=5,,False,본문 수집 제한 개수를 초과했습니다.,False,,2026-09-13 09:11:34
국내,콘서트,콘서트,콘서트,"‘정통 발라더’ 정승환, 단독콘서트 개최 - v.daum.net",https://news.google.com/rss/articles/CBMiT0FVX3lxTE5mUnRkQWkzclFoUWVvMTM2NXh3WXVFdEpyMW91Vy1najhWSVhkMEN4NndnMExmTlhTSkZRTmxuR19QRkZnOVJiY1FFYmdnR0U?oc=5,"Sat, 12 Sep 2026 05:40:07 GMT",v.daum.net,엔터/미디어,https://news.google.com/rss/articles/CBMiT0FVX3lxTE5mUnRkQWkzclFoUWVvMTM2NXh3WXVFdEpyMW91Vy1najhWSVhkMEN4NndnMExmTlhTSkZRTmxuR19QRkZnOVJiY1FFYmdnR0U?oc=5,,False,본문 수집 제한 개수를 초과했습니다.,False,,2026-09-13 09:11:34
국내,음반,음반,음반,"르세라핌, 신보 발매 첫날에 음반차트 1위 직행…이번에도 뜨겁다 - 동아일보",https://news.google.com/rss/articles/CBMiZkFVX3lxTE9qUXBURVVvYmZLRk9qeUFVdVRDNnYxX1J1QjhibTJ5WFcwazJ0eF9aS1JBWkZBT2h4NnJORXFieUZmN1d2aWpwZlQ2UW5JMzY2cDNTWEIwNjNxU0hoNWpGSHdPd3ZYd9IBZkFVX3lxTE9qUXBURVVvYmZLRk9qeUFVdVRDNnYxX1J1QjhibTJ5WFcwazJ0eF9aS1JBWkZBT2h4NnJORXFieUZmN1d2aWpwZlQ2UW5JMzY2cDNTWEIwNjNxU0hoNWpGSHdPd3ZYdw?oc=5,"Sat, 12 Sep 2026 03:59:13 GMT",동아일보,엔터/미디어,https://news.google.com/rss/articles/CBMiZkFVX3lxTE9qUXBURVVvYmZLRk9qeUFVdVRDNnYxX1J1QjhibTJ5WFcwazJ0eF9aS1JBWkZBT2h4NnJORXFieUZmN1d2aWpwZlQ2UW5JMzY2cDNTWEIwNjNxU0hoNWpGSHdPd3ZYd9IBZkFVX3lxTE9qUXBURVVvYmZLRk9qeUFVdVRDNnYxX1J1QjhibTJ5WFcwazJ0eF9aS1JBWkZBT2h4NnJORXFieUZmN1d2aWpwZlQ2UW5JMzY2cDNTWEIwNjNxU0hoNWpGSHdPd3ZYdw?oc=5,,False,본문 수집 제한 개수를 초과했습니다.,False,,2026-09-13 09:11:34
국내,콘텐츠,콘텐츠,콘텐츠,"제주미래고 콘텐츠 인재, 배움에서 제주 취업까지 잇는다 - v.daum.net",https://news.google.com/rss/articles/CBMiT0FVX3lxTE9oR0ZCVjRPY2YxRFYtRnhzanAwZUZxWm93M0tVOGNUWG1HREg5R2RYeVJEdzJVNGNQdVkyRktNTHl2U3c3Q2h5MnF4MDFOTUE?oc=5,"Sat, 12 Sep 2026 02:29:28 GMT",v.daum.net,엔터/미디어,https://news.google.com/rss/articles/CBMiT0FVX3lxTE9oR0ZCVjRPY2YxRFYtRnhzanAwZUZxWm93M0tVOGNUWG1HREg5R2RYeVJEdzJVNGNQdVkyRktNTHl2U3c3Q2h5MnF4MDFOTUE?oc=5,,False,본문 수집 제한 개수를 초과했습니다.,False,,2026-09-13 09:11:34
국내,콘서트,콘서트,콘서트,김재중·김준수 압도적 티켓파워 'JX 콘서트' 전석 매진 - v.daum.net,https://news.google.com/rss/articles/CBMiT0FVX3lxTE5PUVl6N1lrMUVyV3ZOYUwydEtpZ2RLREZyOHdPblB0VXNNbWZVMEpoMmJRLUtoLVZUNTZaM19vR0ZXRFRzLWJKMmM1clE0eFE?oc=5,"Sat, 12 Sep 2026 00:47:16 GMT",v.daum.net,엔터/미디어,https://news.google.com/rss/articles/CBMiT0FVX3lxTE5PUVl6N1lrMUVyV3ZOYUwydEtpZ2RLREZyOHdPblB0VXNNbWZVMEpoMmJRLUtoLVZUNTZaM19vR0ZXRFRzLWJKMmM1clE0eFE?oc=5,,False,본문 수집 제한 개수를 초과했습니다.,False,,2026-09-13 09:11:34
국내,K팝,K팝,K팝,"BTS 정국, ‘5억 스트리밍’ 6곡 찍었다…K팝 솔로 최초·최다 - 스포츠동아",https://news.google.com/rss/articles/CBMibkFVX3lxTFBkbmw5WThpUVEzMElUOHFDZW1BenhaeTh1NTQyZ3h1UDVQWi14QU5SSm4wZDVMelFoYXhjTmhQenBuY3BmOGxkWHFKTFZxWXhfTHQ5M0RLOFlycEpXbzVKQ3IyREh6Y2UzTXZMQlhB?oc=5,"Fri, 11 Sep 2026 23:01:41 GMT",스포츠동아,엔터/미디어,https://news.google.com/rss/articles/CBMibkFVX3lxTFBkbmw5WThpUVEzMElUOHFDZW1BenhaeTh1NTQyZ3h1UDVQWi14QU5SSm4wZDVMelFoYXhjTmhQenBuY3BmOGxkWHFKTFZxWXhfTHQ5M0RLOFlycEpXbzVKQ3IyREh6Y2UzTXZMQlhB?oc=5,,False,본문 수집 제한 개수를 초과했습니다.,False,,2026-09-13 09:11:34
국내,음반,음반,음반,“TV 출연 없이 음반 50만 장”…‘이십세기 힛트쏭’ 고막 라디오스타 1위는? 김동률-이승훈-김성호-김수희 등 - 톱스타뉴스,https://news.google.com/rss/articles/CBMickFVX3lxTE1JMFM4bXB0ZkwycTJadEpDSDRNdll6bWNOQWc0emJBME9ZcVZFVU9DZGdRN1JHUVAzcThsRVVhOWREalVMZDRZZ3dTSWVvX0RQWFJVbnhBTFVCNFhyaFQwd1VrRDVRUV9QSkpQbTBmS3hKZw?oc=5,"Fri, 11 Sep 2026 20:55:36 GMT",톱스타뉴스,엔터/미디어,https://news.google.com/rss/articles/CBMickFVX3lxTE1JMFM4bXB0ZkwycTJadEpDSDRNdll6bWNOQWc0emJBME9ZcVZFVU9DZGdRN1JHUVAzcThsRVVhOWREalVMZDRZZ3dTSWVvX0RQWFJVbnhBTFVCNFhyaFQwd1VrRDVRUV9QSkpQbTBmS3hKZw?oc=5,,False,본문 수집 제한 개수를 초과했습니다.,False,,2026-09-13 09:11:34
국내,콘텐츠,콘텐츠,콘텐츠,성인콘텐츠 온리팬스에 6억불 쓴다…전국 1위는 어디? - 미주중앙일보,https://news.google.com/rss/articles/CBMiYkFVX3lxTE40bF9na3hSM1E5S0VYWVJ6MUxwb0pHUHJILUNhZlp3YlpleWN5LTJkVjVFYzVfMzZyV3NyRlEtUlRpdGhmNE45X3l0dUU3Yks3UTVkM01lNUNUV2tXVjU3N0Rn?oc=5,"Fri, 11 Sep 2026 16:29:00 GMT",미주중앙일보,엔터/미디어,https://news.google.com/rss/articles/CBMiYkFVX3lxTE40bF9na3hSM1E5S0VYWVJ6MUxwb0pHUHJILUNhZlp3YlpleWN5LTJkVjVFYzVfMzZyV3NyRlEtUlRpdGhmNE45X3l0dUU3Yks3UTVkM01lNUNUV2tXVjU3N0Rn?oc=5,,False,본문 수집 제한 개수를 초과했습니다.,False,,2026-09-13 09:11:34
국내,콘텐츠,콘텐츠,콘텐츠,"티빙, 콘텐츠별 24시간 대화 가능한 이용자 참여형 커뮤니티 '팬톡' 출시 - 비즈니스포스트",https://news.google.com/rss/articles/CBMic0FVX3lxTE84ZkJ0Qko0NVd0MnpSWnFWTmhPRlFRUTVRQTVOSDJDdnlESl9FVWttelAzTk5wSDVEVmJrWXEyYl90VUpFVmJXM19xRk9YVjIyU1gwSFNKTllYNEpWYmRFa2k1WUxTNXQ0bHlmSGRvdDNRb28?oc=5,"Fri, 11 Sep 2026 06:36:19 GMT",비즈니스포스트,엔터/미디어,https://news.google.com/rss/articles/CBMic0FVX3lxTE84ZkJ0Qko0NVd0MnpSWnFWTmhPRlFRUTVRQTVOSDJDdnlESl9FVWttelAzTk5wSDVEVmJrWXEyYl90VUpFVmJXM19xRk9YVjIyU1gwSFNKTllYNEpWYmRFa2k1WUxTNXQ0bHlmSGRvdDNRb28?oc=5,,False,본문 수집 제한 개수를 초과했습니다.,False,,2026-09-13 09:11:34
국내,K팝,K팝,K팝,'K팝 3.0' 자본보다 서사가 앞서는 시대…리센느가 보여준 시간의 힘 - CBC뉴스,https://news.google.com/rss/articles/CBMiaEFVX3lxTE1zQnczUjVYVHE1eGt1YkNhTWlteDhjN29TUjVaVmk0WlZUbHYyUXRsVFJZREVQYnk2UFJTWHhmUkhxZng3aFhWMGh6UXM1LWJ3aTJoUEVzMDRyMDY3Ny02dkltdEtJdDJo?oc=5,"Fri, 11 Sep 2026 05:05:00 GMT",CBC뉴스,엔터/미디어,https://news.google.com/rss/articles/CBMiaEFVX3lxTE1zQnczUjVYVHE1eGt1YkNhTWlteDhjN29TUjVaVmk0WlZUbHYyUXRsVFJZREVQYnk2UFJTWHhmUkhxZng3aFhWMGh6UXM1LWJ3aTJoUEVzMDRyMDY3Ny02dkltdEtJdDJo?oc=5,,False,본문 수집 제한 개수를 초과했습니다.,False,,2026-09-13 09:11:34
국내,엔터,엔터,엔터,"[스포츠엔터] '다음주 소집인데...' 부상 날벼락 김도영, 오늘 퇴원 - 연합뉴스",https://news.google.com/rss/articles/CBMiYEFVX3lxTE1OMTgzWTVMM0ZVcWRIMDVzSWZKQWVOVGxvM0p0MjZRLUVDX0tPRjI4TTFXRHdva3BHNl9vZGloMmIwaTBSLUk2eUlram83YjBOU0VvcmVLSURTbmtVNWN1Y9IBYEFVX3lxTE1OMTgzWTVMM0ZVcWRIMDVzSWZKQWVOVGxvM0p0MjZRLUVDX0tPRjI4TTFXRHdva3BHNl9vZGloMmIwaTBSLUk2eUlram83YjBOU0VvcmVLSURTbmtVNWN1Yw?oc=5,"Fri, 11 Sep 2026 04:36:11 GMT",연합뉴스,엔터/미디어,https://news.google.com/rss/articles/CBMiYEFVX3lxTE1OMTgzWTVMM0ZVcWRIMDVzSWZKQWVOVGxvM0p0MjZRLUVDX0tPRjI4TTFXRHdva3BHNl9vZGloMmIwaTBSLUk2eUlram83YjBOU0VvcmVLSURTbmtVNWN1Y9IBYEFVX3lxTE1OMTgzWTVMM0ZVcWRIMDVzSWZKQWVOVGxvM0p0MjZRLUVDX0tPRjI4TTFXRHdva3BHNl9vZGloMmIwaTBSLUk2eUlram83YjBOU0VvcmVLSURTbmtVNWN1Yw?oc=5,,False,본문 수집 제한 개수를 초과했습니다.,False,,2026-09-13 09:11:34
국내,K팝,K팝,K팝,"스트레이 키즈 방찬, K팝 아이돌 최다 저작권의 위엄…이 또한 현재 진행형 역사 [RE스타] - 일간스포츠",https://news.google.com/rss/articles/CBMiW0FVX3lxTE13aFFuWHRENmUzNmVSTFNtdU1iZEtTZTZlVERoMUJUTnJ4SmJoRnNPcXJ6V1VaTlN0UDlmWnNDNG5aUGJOWXlNOVZ5bGFIeVl0U1NsMTNYamFTSmc?oc=5,"Thu, 10 Sep 2026 23:37:00 GMT",일간스포츠,엔터/미디어,https://news.google.com/rss/articles/CBMiW0FVX3lxTE13aFFuWHRENmUzNmVSTFNtdU1iZEtTZTZlVERoMUJUTnJ4SmJoRnNPcXJ6V1VaTlN0UDlmWnNDNG5aUGJOWXlNOVZ5bGFIeVl0U1NsMTNYamFTSmc?oc=5,,False,본문 수집 제한 개수를 초과했습니다.,False,,2026-09-13 09:11:34
국내,음반,음반,음반,"엔하이픈 출신 에반, 솔로 음반 50만장 팔았다…하프 밀리언셀러 등극 - v.daum.net",https://news.google.com/rss/articles/CBMiT0FVX3lxTE1hYWt1NC1IVXc3UjNWRnFoLW5lUFZqSkp5dU4xenpXWEQ0ZTVUQ1oyUVk4VXVpWmptM1d0Z3czWW5vdjZFUDZhbEJILVVIeFE?oc=5,"Thu, 10 Sep 2026 09:08:40 GMT",v.daum.net,엔터/미디어,https://news.google.com/rss/articles/CBMiT0FVX3lxTE1hYWt1NC1IVXc3UjNWRnFoLW5lUFZqSkp5dU4xenpXWEQ0ZTVUQ1oyUVk4VXVpWmptM1d0Z3czWW5vdjZFUDZhbEJILVVIeFE?oc=5,,False,본문 수집 제한 개수를 초과했습니다.,False,,2026-09-13 09:11:34
국내,엔터,엔터,엔터,"[센터엔터] 돈스파이크, 출소 후 근황…바닷가 새 식당 홍보 外 - 연합뉴스TV",https://news.google.com/rss/articles/CBMiZ0FVX3lxTE1IeU9oTkZFYkM0Ym16eWJGQmU2UWg4S0VkSVYyR0wwUm5JZ2F0SE01ZHVUS1BTU2hCblpJd09zUFA3RUZ2QXVtbVVFR2Z4UFF4Z19lTXFTdmk2UTRWVnZzTEdBeWpzQ0E?oc=5,"Thu, 10 Sep 2026 04:43:00 GMT",연합뉴스TV,엔터/미디어,https://news.google.com/rss/articles/CBMiZ0FVX3lxTE1IeU9oTkZFYkM0Ym16eWJGQmU2UWg4S0VkSVYyR0wwUm5JZ2F0SE01ZHVUS1BTU2hCblpJd09zUFA3RUZ2QXVtbVVFR2Z4UFF4Z19lTXFTdmk2UTRWVnZzTEdBeWpzQ0E?oc=5,,False,본문 수집 제한 개수를 초과했습니다.,False,,2026-09-13 09:11:34
국내,음반,음반,음반,"김혜경 여사, 화사 만났다…`한지 케이스` 음반 선물받아 - imaeil.com",https://news.google.com/rss/articles/CBMiYkFVX3lxTE55QmM4Tm5Vdy14S2lhQy1TVHZiV29iZzNMdnd6clZZM0xtY2JOLTBOTXVoemcwUXBrSi1vb0kwbklNcmxPTnl2UmV6Q2k1LUozR1N4YkM4QTVlMW4xUFd0WmpB?oc=5,"Wed, 09 Sep 2026 02:04:18 GMT",imaeil.com,엔터/미디어,https://news.google.com/rss/articles/CBMiYkFVX3lxTE55QmM4Tm5Vdy14S2lhQy1TVHZiV29iZzNMdnd6clZZM0xtY2JOLTBOTXVoemcwUXBrSi1vb0kwbklNcmxPTnl2UmV6Q2k1LUozR1N4YkM4QTVlMW4xUFd0WmpB?oc=5,,False,본문 수집 제한 개수를 초과했습니다.,False,,2026-09-13 09:11:34
미국,콘텐츠,콘텐츠,콘텐츠 stock market earnings investment,New Lens on Value: Thailand’s M&A Market Evolves - Bangkok Post,https://news.google.com/rss/articles/CBMimAFBVV95cUxOZm44a0xDQUVvQkU3MkMxTC1RUnctc2dMS0YtdDlYTDNpS0RZaWpnQnRKcDJXZXBMZWdlT3ROSE5jZlNqWThrMXhXV0IwWklRSlFrcmN6OE43ckFZb3Z6RER0MHVGUXp6NFh0Tm5TMUROdGs2TXNsWEdoZl9BZldjLVdiLUVZQ216SjVuZm90NHhXYlZTdENGTw?oc=5,"Thu, 18 Jun 2026 07:00:00 GMT",Bangkok Post,엔터/미디어,https://www.bangkokpost.com/thailand/pr/3272329/new-lens-on-value-thailands-ma-market-evolves,www.bangkokpost.com,True,,True,,2026-09-13 09:11:34
미국,음반,음반,음반 stock market earnings investment,"HPE stock soars on record backlog, booming AI server business - Yahoo Finance",https://news.google.com/rss/articles/CBMiuAFBVV95cUxQM3E5aVAtTVVUdkdOVDFfU1NKWWNWWGE3VXdHUHFCN2ZpN1ZDZ200WktUZXpsRnJzcHhqQ2xJM2JxTlpKNnpESXU2TGZfR3BiWlgybXFvREdZa0k1RGVwZ2M5RU04MkZid3RHdTVKS1ctbkpvaGNiQkxIN1ZWNXpaazJfREc2Y3B0emdnVGg4MmxrNktFOEU0RXczWGkwblRIMHk2ZGRxWWs5b012MnpIMDM3RU9oSlpa?oc=5,"Tue, 02 Jun 2026 07:00:00 GMT",Yahoo Finance,엔터/미디어,https://finance.yahoo.com/markets/article/hpe-stock-soars-on-record-backlog-booming-ai-server-business-022931504.html,finance.yahoo.com,True,,True,,2026-09-13 09:11:34
미국,콘텐츠,콘텐츠,콘텐츠 stock market earnings investment,Adobe Partners With Hollywood Players On Generative AI - Investor's Business Daily,https://news.google.com/rss/articles/CBMimwFBVV95cUxNTExSWXpvenp0UHNucG8teHU0d0htRll4dWNpM21XekhoRmhFbHdMd2xTNHJQNjN5aHNDa1dBZHBRR2ZCYnFhd2NtbmpHa1ZaUTNwSDY5c1RnNHNDV0tTd2c0SlB4elViX0xfd25NMDJWeTlZNWo4bEJORVEtOFFMc1RDQ1o2WGZhTzM0S08zYW50TW1WOUVOZUJJbw?oc=5,"Thu, 22 Jan 2026 08:00:00 GMT",Investor's Business Daily,엔터/미디어,https://www.investors.com/news/technology/adobe-stock-adbe-ai-software-firm-partners-hollywood/,www.investors.com,True,,True,,2026-09-13 09:11:34
미국,K팝,K팝,K팝 stock market earnings investment,‘K-Pop Demon Hunters’ Help Fire up Noodles Maker’s Shares - WSJ,https://news.google.com/rss/articles/CBMinwFBVV95cUxOOFRCUmxBZ2FTSElWSWhoN05lMFo4OFFLcUF1Q2laTktVdXV2ek82Q3lyaDM5MW0zYjg5WUlJQkkzVURKZmdaNUNfdlJkZDNNR0VmNThEdDMzSkNLZVg0NlI5ak1HZllxNXo5TW5jVjU5YnNFVUdvS3pxdVRwRXB0T0VZZXBNdlhBWjM0SWlOUDdrSTZLR1lLdUVodWxjVlE?oc=5,"Thu, 28 Aug 2025 07:00:00 GMT",WSJ,엔터/미디어,https://news.google.com/rss/articles/CBMinwFBVV95cUxOOFRCUmxBZ2FTSElWSWhoN05lMFo4OFFLcUF1Q2laTktVdXV2ek82Q3lyaDM5MW0zYjg5WUlJQkkzVURKZmdaNUNfdlJkZDNNR0VmNThEdDMzSkNLZVg0NlI5ak1HZllxNXo5TW5jVjU5YnNFVUdvS3pxdVRwRXB0T0VZZXBNdlhBWjM0SWlOUDdrSTZLR1lLdUVodWxjVlE?oc=5,,False,401 Client Error: HTTP Forbidden for url: https://www.wsj.com/finance/stocks/k-pop-demon-hunters-help-fire-up-noodles-makers-shares-a7585866,True,,2026-09-13 09:11:34
미국,K팝,K팝,K팝 stock market earnings investment,"K-pop Events Market Size, Share, Growth | Forecast, 2031 - Allied Market Research",https://news.google.com/rss/articles/CBMicEFVX3lxTE0xSUdKbFkyLXFQQmxhLVJwUWw5YUdtallJekQ1N1hSVmtqNFg1WDE4eXNuWklaa19NcDFJTDNtUTB5R19zbGctNUs2aEtJWjRDeG14cVlXYmVSRkZNOEFwTHVxMlhBMHVRTUJpeXlKX3o?oc=5,"Mon, 13 Mar 2023 15:24:28 GMT",Allied Market Research,엔터/미디어,https://news.google.com/rss/articles/CBMicEFVX3lxTE0xSUdKbFkyLXFQQmxhLVJwUWw5YUdtallJekQ1N1hSVmtqNFg1WDE4eXNuWklaa19NcDFJTDNtUTB5R19zbGctNUs2aEtJWjRDeG14cVlXYmVSRkZNOEFwTHVxMlhBMHVRTUJpeXlKX3o?oc=5,,False,본문 수집 제한 개수를 초과했습니다.,False,,2026-09-13 09:11:34
일본,엔터,엔터,엔터 日本 株式市場 企業,"크릿벤처스, 日 IP 엔터테인먼트 기업 ‘클링크’에 시드 투자 진행 - 벤처스퀘어",https://news.google.com/rss/articles/CBMiT0FVX3lxTE9xamo3THlfMmtaWlc2M3lYb1k2WFRhMGVJRjNnd3FubWpZbkRuWmhQbl8wVTJ5RUVrbjVpTXpLZmJEMFk4VkFTMlRobXVXSXM?oc=5,"Tue, 06 Jan 2026 14:03:57 GMT",벤처스퀘어,엔터/미디어,https://www.venturesquare.net/1003656/,www.venturesquare.net,True,,True,,2026-09-13 09:11:34
국내,물류,물류,물류,인천항만공사 ‘국민소통 오픈랩’ 선광종합물류 체험 프로그램 운영 - 중부일보,https://news.google.com/rss/articles/CBMibkFVX3lxTE9nWXM5VW5Pa2pDY2k3YmR4QjZCcmxQNGNUVXE1czd2ZkN2OVhWYi1sSjNVTk0wejlsamhKMy1PMWpvVWd1cEFrY2xSa0NuQ3VoZEJ2VTduQV9KZ0FVVXpSSVNtdnprUHYyWjVwRzln?oc=5,"Sat, 12 Sep 2026 23:36:09 GMT",중부일보,운송/항공,http://www.joongboo.com/news/articleView.html?idxno=363736494,www.joongboo.com,True,,True,,2026-09-13 09:12:02
국내,물류,물류,물류,“컨테이너는 어떻게 움직일까”…국민이 직접 들어간 인천항 물류현장 - 브릿지경제,https://news.google.com/rss/articles/CBMiWkFVX3lxTE1uaHNUek85dkRmNmZWc2Z2aDIycngwdExvRlRBblJLVG5ieklSc0hPWjlLVVBld2RORHFNVFYtV3dpUmJlUjk3dVVHQmpucjR3VTdwUmZsNXpYZw?oc=5,"Sat, 12 Sep 2026 23:35:00 GMT",브릿지경제,운송/항공,https://www.viva100.com/article/20260913500056,www.viva100.com,True,,True,,2026-09-13 09:12:02
국내,항공,항공,항공,"‘이스탄불의 인연’ 터키항공, 리버풀 메인 파트너 된다 - 뉴시스",https://news.google.com/rss/articles/CBMiYEFVX3lxTE92SzZSeC1CWXRqMjdTbTFfTXdfVEljbmotbkJJcmpGY2NjeWRoUkVpenU3MkVpRHp2U2ZHdTNuZk1FNWNXWlpRSVF3WUV3MjZvWjYtSkQyWmxneEtJNW1SetIBeEFVX3lxTE9tTjl4WTUwMnhSaFI3MDRoZF9FZUhIaWVsTFpBYVhmZk5fTUhwNTRkQno5dENwaHZDaGZfcXcyZUt1V21RcjJjcjJCWHo3SFJZblBieU9YUW4zSmViSG1tUnpYeTFtYXpVZ2hwdk9UdWlEU1JoQ3RGUQ?oc=5,"Sat, 12 Sep 2026 22:00:00 GMT",뉴시스,운송/항공,https://www.newsis.com/view/NISX20260912_0003786933,www.newsis.com,True,,True,,2026-09-13 09:12:02
국내,항공,항공,항공,9·11 테러 당일 대한항공기도 격추될 뻔했다 - 미주중앙일보,https://news.google.com/rss/articles/CBMiYkFVX3lxTE1zcEFnOFpsRDhScTJEb1ppTHdiR05vcFl1cnJZRE9YdWd0Z25XTk5CNlMyVVVWSnhRSldmLVktWVBJdnlrWXFFRHl4Z2VZbXE2VTc1eFFYTWFUZU14MXpQZkZR?oc=5,"Sat, 12 Sep 2026 16:08:00 GMT",미주중앙일보,운송/항공,https://www.koreadaily.com/article/20260912090824783,www.koreadaily.com,True,,True,,2026-09-13 09:12:02
국내,항공,항공,항공,"수원시의회 제주항공 참사 추모 조례 부결…유족 ""재추진해야"" - v.daum.net",https://news.google.com/rss/articles/CBMiT0FVX3lxTE5uR1VOR20zMjZiOTNDVG5rM042LTJtSFU0X2JBUDZ6NVRBX0ZZVjdwNGRTcFlJODVqdWtweFRZQ1Boc2lIYnAwYmFPTEVyclk?oc=5,"Sat, 12 Sep 2026 10:06:00 GMT",v.daum.net,운송/항공,https://news.google.com/rss/articles/CBMiT0FVX3lxTE5uR1VOR20zMjZiOTNDVG5rM042LTJtSFU0X2JBUDZ6NVRBX0ZZVjdwNGRTcFlJODVqdWtweFRZQ1Boc2lIYnAwYmFPTEVyclk?oc=5,,False,본문 수집 제한 개수를 초과했습니다.,False,,2026-09-13 09:12:02
국내,물류,물류,물류,안양우편물류센터서 불…박스 15개 태우고 자체 진화 - 경기일보,https://news.google.com/rss/articles/CBMiW0FVX3lxTE1sSFZEU1VaMTFRMHdvZ0VWUUh5OG1MM1l3LWZWak12U080TmJXdnltT0ZoSG5FX3lsQlpNb2J1ZkpSVEw2LTlkWlpmRV9qSnd6eVpnSHdmdHZOeUE?oc=5,"Sat, 12 Sep 2026 09:12:39 GMT",경기일보,운송/항공,https://news.google.com/rss/articles/CBMiW0FVX3lxTE1sSFZEU1VaMTFRMHdvZ0VWUUh5OG1MM1l3LWZWak12U080TmJXdnltT0ZoSG5FX3lsQlpNb2J1ZkpSVEw2LTlkWlpmRV9qSnd6eVpnSHdmdHZOeUE?oc=5,,False,본문 수집 제한 개수를 초과했습니다.,False,,2026-09-13 09:12:02
국내,해운,해운,해운,미·이란 전쟁發 국제유가 영향은 그렇다 쳐도 기후 위기에 글로벌 해운 운임 들썩?! - 글로벌경제신문,https://news.google.com/rss/articles/CBMibEFVX3lxTFBNVzJ3S3RVeV9ScnpQd2M2OUZjdlB1eEhpZ0VkWk1tYy1BTlJRRzFuZE41bjh0TG5NMXhiX1R3Smw4bXM1b2MyRzhUYWlJOWVrQVd5V0VKdzNqSXhOenNKeXYwNkluREZuc0JTOdIBcEFVX3lxTE40Y00ybThlSjlKRG80T2gtbUdjbTZJdUV2dExSNUNHaHNyai1IQ1hRSXdocnhacjMyR3VCMGZDWEpqbTU3STE0U1pCdFA5ck56d0VXaDlsTWdkYlVGS2ExQlN3NjN6ZGFOTGxleEQ4ejM?oc=5,"Sat, 12 Sep 2026 06:44:17 GMT",글로벌경제신문,운송/항공,https://news.google.com/rss/articles/CBMibEFVX3lxTFBNVzJ3S3RVeV9ScnpQd2M2OUZjdlB1eEhpZ0VkWk1tYy1BTlJRRzFuZE41bjh0TG5NMXhiX1R3Smw4bXM1b2MyRzhUYWlJOWVrQVd5V0VKdzNqSXhOenNKeXYwNkluREZuc0JTOdIBcEFVX3lxTE40Y00ybThlSjlKRG80T2gtbUdjbTZJdUV2dExSNUNHaHNyai1IQ1hRSXdocnhacjMyR3VCMGZDWEpqbTU3STE0U1pCdFA5ck56d0VXaDlsTWdkYlVGS2ExQlN3NjN6ZGFOTGxleEQ4ejM?oc=5,,False,본문 수집 제한 개수를 초과했습니다.,False,,2026-09-13 09:12:02
국내,운임,운임,운임,호르무즈·홍해 불안에 유조선 운임 최고치…中노선 배럴당 11.5달러 - v.daum.net,https://news.google.com/rss/articles/CBMiT0FVX3lxTE13NXNxODQzOGxlcklBSDQ1TWFjcUYtTXRVUnllcnhlTUcwaXBxeGZZX1lOYVAzTE9ZY29XQ18ybkN5NWZBbmpDbmpjTUdwYm8?oc=5,"Sat, 12 Sep 2026 03:28:44 GMT",v.daum.net,운송/항공,https://news.google.com/rss/articles/CBMiT0FVX3lxTE13NXNxODQzOGxlcklBSDQ1TWFjcUYtTXRVUnllcnhlTUcwaXBxeGZZX1lOYVAzTE9ZY29XQ18ybkN5NWZBbmpDbmpjTUdwYm8?oc=5,,False,본문 수집 제한 개수를 초과했습니다.,False,,2026-09-13 09:12:02
국내,항공,항공,항공,델타 이어 일본항공…한진가의 백기사들 - 한국경제,https://news.google.com/rss/articles/CBMiWkFVX3lxTE5RZk9VbFRIS3VoQzJNQ1dnX0JfbzU3NFZSVkpSRTc5ZWRBcGoxQ3lMQVZMZDlrMGQzWGNVd2FPZlNhY1djczhtcGFQZ0lsT245Xzhhd29vOTJIZw?oc=5,"Sat, 12 Sep 2026 03:00:04 GMT",한국경제,운송/항공,https://news.google.com/rss/articles/CBMiWkFVX3lxTE5RZk9VbFRIS3VoQzJNQ1dnX0JfbzU3NFZSVkpSRTc5ZWRBcGoxQ3lMQVZMZDlrMGQzWGNVd2FPZlNhY1djczhtcGFQZ0lsT245Xzhhd29vOTJIZw?oc=5,,False,본문 수집 제한 개수를 초과했습니다.,False,,2026-09-13 09:12:02
국내,운임,운임,운임,"추석 울릉도 귀성객 여객 운임 최대 30% 할인…""23~28일"" - 뉴시스",https://news.google.com/rss/articles/CBMiYEFVX3lxTE92SU41QmNzY21lZ29OeThrSlZ4VU93Q3p2ZFl0ZUd2SkIwYXlyQXVpNlA4TWtDb3FQNnNSamp6SGxoWkJDZDhGRGRiV0Z4U2NuQjdOaVIxTkZYSWlmcGw5bdIBeEFVX3lxTE1kaTB6Mm1lUjZUNFFUeFNUQzYyZzVHNk5hTURTWVlDSFVVUkFaUG83TmpEUHhTVUM3U2hLSGh2Nm9fX1Noc21rclZsWVJYWUJlWUE3T3dIbDg3Nk5MRGxyZENxaUFmWlFGUXMwR3Q4NnF4dloyTWZaeg?oc=5,"Sat, 12 Sep 2026 01:35:48 GMT",뉴시스,운송/항공,https://news.google.com/rss/articles/CBMiYEFVX3lxTE92SU41QmNzY21lZ29OeThrSlZ4VU93Q3p2ZFl0ZUd2SkIwYXlyQXVpNlA4TWtDb3FQNnNSamp6SGxoWkJDZDhGRGRiV0Z4U2NuQjdOaVIxTkZYSWlmcGw5bdIBeEFVX3lxTE1kaTB6Mm1lUjZUNFFUeFNUQzYyZzVHNk5hTURTWVlDSFVVUkFaUG83TmpEUHhTVUM3U2hLSGh2Nm9fX1Noc21rclZsWVJYWUJlWUE3T3dIbDg3Nk5MRGxyZENxaUFmWlFGUXMwR3Q4NnF4dloyTWZaeg?oc=5,,False,본문 수집 제한 개수를 초과했습니다.,False,,2026-09-13 09:12:02
국내,여객 수요,여객 수요,여객 수요,"새 격전지 된 중국…LCC, 노선·여객 확보전 치열 - 미디어펜",https://news.google.com/rss/articles/CBMiWEFVX3lxTE53YnFULUNCeGN2TDFQSUZ1Z1NVYndkNkR0c2hLbWEzQ1hEM2tpLUZhRGp0UG9kVEJFQWh6OUJ3RmRpRkhXR3FqOVByZGpUOWwtMWp3YXh2SUPSAVhBVV95cUxOd2JxVC1DQnhjdkwxUElGdWdTVWJ3ZDZEdHNoS21hM0NYRDNraS1GYURqdFBvZFRCRUFoejlCd0ZkaUZIV0dxajlQcmRqVDlsLTFqd2F4dklD?oc=5,"Sat, 12 Sep 2026 00:57:48 GMT",미디어펜,운송/항공,https://news.google.com/rss/articles/CBMiWEFVX3lxTE53YnFULUNCeGN2TDFQSUZ1Z1NVYndkNkR0c2hLbWEzQ1hEM2tpLUZhRGp0UG9kVEJFQWh6OUJ3RmRpRkhXR3FqOVByZGpUOWwtMWp3YXh2SUPSAVhBVV95cUxOd2JxVC1DQnhjdkwxUElGdWdTVWJ3ZDZEdHNoS21hM0NYRDNraS1GYURqdFBvZFRCRUFoejlCd0ZkaUZIV0dxajlQcmRqVDlsLTFqd2F4dklD?oc=5,,False,본문 수집 제한 개수를 초과했습니다.,False,,2026-09-13 09:12:02
국내,항공,항공,항공,"인천국제공항, 아시아나 이동 후 4곳 재배치…트리니티항공 2027년 라운지 오픈 - 경기일보",https://news.google.com/rss/articles/CBMiW0FVX3lxTE1OZFViVnJ4SHUxUTk5b3VhSXNFTjlUVGRRVV9aUVh0UVMzdG5EaHNYUzlHTUFFV2E2c1FrLWZSaUp0d1FULUtCdjlnSWc5VHlOMVVZMlh3bDlIdEE?oc=5,"Sat, 12 Sep 2026 00:54:16 GMT",경기일보,운송/항공,https://news.google.com/rss/articles/CBMiW0FVX3lxTE1OZFViVnJ4SHUxUTk5b3VhSXNFTjlUVGRRVV9aUVh0UVMzdG5EaHNYUzlHTUFFV2E2c1FrLWZSaUp0d1FULUtCdjlnSWc5VHlOMVVZMlh3bDlIdEE?oc=5,,False,본문 수집 제한 개수를 초과했습니다.,False,,2026-09-13 09:12:02
국내,물류,물류,물류,깔창에 숨기고 창밖에 던지고…전자기기 빼돌린 물류센터 직원 - 연합뉴스,https://news.google.com/rss/articles/CBMiW0FVX3lxTE93X0NOYnJzOVFsQVNmQjh4ZU5ZcjVnNlV3c1E3aXJmTW42ZnpodVZpdEkwS2NSaFhfLUhMTVpoTTZXNjRmekNhODJnOEFNREFjeU5neFNHQXhyRDjSAWBBVV95cUxPY3RXV3Z1RWgwTzJrU290aElQcDV1aWdkNnhiajVjZFM4WDJyTjhDZ2VIc3FsN2MwaDdzOG9nZzdaekxQV3hDTVA4blg1NVE1MHJPbHRtQTNxekxNZTZTeG4?oc=5,"Fri, 11 Sep 2026 23:03:01 GMT",연합뉴스,운송/항공,https://news.google.com/rss/articles/CBMiW0FVX3lxTE93X0NOYnJzOVFsQVNmQjh4ZU5ZcjVnNlV3c1E3aXJmTW42ZnpodVZpdEkwS2NSaFhfLUhMTVpoTTZXNjRmekNhODJnOEFNREFjeU5neFNHQXhyRDjSAWBBVV95cUxPY3RXV3Z1RWgwTzJrU290aElQcDV1aWdkNnhiajVjZFM4WDJyTjhDZ2VIc3FsN2MwaDdzOG9nZzdaekxQV3hDTVA4blg1NVE1MHJPbHRtQTNxekxNZTZTeG4?oc=5,,False,본문 수집 제한 개수를 초과했습니다.,False,,2026-09-13 09:12:02
국내,운임,운임,운임,"발틱 건화물 운임지수, 1주여 만에 최저치 기록 - kr.investing.com",https://news.google.com/rss/articles/CBMidkFVX3lxTFAxMWZndEp3dVVhd25RTTNhV1E3aFNiV1dKVGJnWDd6VTU5VzJRblBtWmpEc1dsT2ItN1RiejVQaXUxS3Utd281WHpmT2lIVnpKOGFUUHJ4SGhtQUFoV3BWVndTN01QdWRldTJFeWpXUGJGdTQ4QkE?oc=5,"Fri, 11 Sep 2026 13:10:00 GMT",kr.investing.com,운송/항공,https://news.google.com/rss/articles/CBMidkFVX3lxTFAxMWZndEp3dVVhd25RTTNhV1E3aFNiV1dKVGJnWDd6VTU5VzJRblBtWmpEc1dsT2ItN1RiejVQaXUxS3Utd281WHpmT2lIVnpKOGFUUHJ4SGhtQUFoV3BWVndTN01QdWRldTJFeWpXUGJGdTQ4QkE?oc=5,,False,본문 수집 제한 개수를 초과했습니다.,False,,2026-09-13 09:12:02
국내,해운,해운,해운,파나마 가뭄 심화·중동 정세 불안…글로벌 해운 운임 7주 연속↑ - 동아일보,https://news.google.com/rss/articles/CBMidkFVX3lxTE8zN1dGYmsxYVIxQ1A3SWxpMno5N1ZZN1VoV1cwNlFQYnVVMkFDdndwNnVncHhTak5LTTJ2SXNZcHRfLXQ3a3ZSLUR3Q2NkSlVPWm9jaVZOTHZhOFRhWGl0ZHNncE55ZDhPeHc1RWptVW41Qk9HZlHSAWZBVV95cUxOQlIxRHJmZ3J1TzgzLVA3dXhfSnI1MThiVGtYeFVsYUdkNDhiaVVmNmthV1lGNEFzT1VJRDhzcGNkb0tyV2pyVVZUWUF5eWQ1cmpSYjJTb185dTMydmpJa1dVUExNLXc?oc=5,"Fri, 11 Sep 2026 07:49:16 GMT",동아일보,운송/항공,https://news.google.com/rss/articles/CBMidkFVX3lxTE8zN1dGYmsxYVIxQ1A3SWxpMno5N1ZZN1VoV1cwNlFQYnVVMkFDdndwNnVncHhTak5LTTJ2SXNZcHRfLXQ3a3ZSLUR3Q2NkSlVPWm9jaVZOTHZhOFRhWGl0ZHNncE55ZDhPeHc1RWptVW41Qk9HZlHSAWZBVV95cUxOQlIxRHJmZ3J1TzgzLVA3dXhfSnI1MThiVGtYeFVsYUdkNDhiaVVmNmthV1lGNEFzT1VJRDhzcGNkb0tyV2pyVVZUWUF5eWQ1cmpSYjJTb185dTMydmpJa1dVUExNLXc?oc=5,,False,본문 수집 제한 개수를 초과했습니다.,False,,2026-09-13 09:12:02
국내,해운,해운,해운,"8년간 17.5조원…해진공, K-해운 재건 ‘마중물’ 제대로 했다 - 데일리안",https://news.google.com/rss/articles/CBMi7gFBVV95cUxNTEZUVGcwcHRvMGNXaHk3OG4ySjlLcDVjTldFRTZ0Z3hrT29SVTZBaW1DNzhwX0x3TS1xYVFyQ2dJOG9vVlhER2o1T0dFWW11akdzNkVueTVFRnJwZUlUaFJ5amxLeWlZY08xeUh5cEw5NV9COXdVUEh5eU5BQUQwOFljdlVLVXdteG95d25DR1JZb2RFekFMVXJHQ3JTY0d3UnJ3c2FnbERCVlNmTVFyNFNYc3MwVkhYcmczSHRub2JIWTNHMk9FYnlXQUJMbFhWMkRtaDZvOW03SDFMY2NySDF1QTR2bnFyQWcwSWlR?oc=5,"Fri, 11 Sep 2026 01:30:00 GMT",데일리안,운송/항공,https://news.google.com/rss/articles/CBMi7gFBVV95cUxNTEZUVGcwcHRvMGNXaHk3OG4ySjlLcDVjTldFRTZ0Z3hrT29SVTZBaW1DNzhwX0x3TS1xYVFyQ2dJOG9vVlhER2o1T0dFWW11akdzNkVueTVFRnJwZUlUaFJ5amxLeWlZY08xeUh5cEw5NV9COXdVUEh5eU5BQUQwOFljdlVLVXdteG95d25DR1JZb2RFekFMVXJHQ3JTY0d3UnJ3c2FnbERCVlNmTVFyNFNYc3MwVkhYcmczSHRub2JIWTNHMk9FYnlXQUJMbFhWMkRtaDZvOW03SDFMY2NySDF1QTR2bnFyQWcwSWlR?oc=5,,False,본문 수집 제한 개수를 초과했습니다.,False,,2026-09-13 09:12:02
국내,해운,해운,해운,[특징주] 중동 긴장감에 해상 운임 오른다…해운株 강세 - 조선비즈 - Chosunbiz,https://news.google.com/rss/articles/CBMiiAFBVV95cUxQRFZYSXlRTDdHRGQ1NXludWZ5Z2dyajdSYS1fTkx4akJOOWhMNjV3TExIRGszWWxaWXdYb2NQS3VhazA5TVVMN2NDVktZdTVLNkxPY1pPSkdVVkVLVkQyM1hRZnFUaUE4Ym9wZWpiR2tCYl9JaEVsY19YVzd3OVQ3ekJwMFo5NkxD0gGcAUFVX3lxTE9qVW9MZmdLcXExcHFjd2dyYWtHNjctLWF4cVlRRWF5S0QtaHZoUmF3dHo3TEtUVm5Qdmk3d0lRMWY5M2ZUS1huVHNZN3JHRVE0OGVvd2RickNSVEtWb2hUa1RkSWgtTy1falFpWnliMWgxdmU1SjM2ZlhnQUdBOVZuaHVaYjMtQUpMQkxOZHpfTEliYXZBNUhvMWVtVw?oc=5,"Fri, 11 Sep 2026 00:18:00 GMT",Chosunbiz,운송/항공,https://news.google.com/rss/articles/CBMiiAFBVV95cUxQRFZYSXlRTDdHRGQ1NXludWZ5Z2dyajdSYS1fTkx4akJOOWhMNjV3TExIRGszWWxaWXdYb2NQS3VhazA5TVVMN2NDVktZdTVLNkxPY1pPSkdVVkVLVkQyM1hRZnFUaUE4Ym9wZWpiR2tCYl9JaEVsY19YVzd3OVQ3ekJwMFo5NkxD0gGcAUFVX3lxTE9qVW9MZmdLcXExcHFjd2dyYWtHNjctLWF4cVlRRWF5S0QtaHZoUmF3dHo3TEtUVm5Qdmk3d0lRMWY5M2ZUS1huVHNZN3JHRVE0OGVvd2RickNSVEtWb2hUa1RkSWgtTy1falFpWnliMWgxdmU1SjM2ZlhnQUdBOVZuaHVaYjMtQUpMQkxOZHpfTEliYXZBNUhvMWVtVw?oc=5,,False,본문 수집 제한 개수를 초과했습니다.,False,,2026-09-13 09:12:02
국내,해운,해운,해운,우동3구역-해운정사 맞소송전… 6년 만에 갈등 재격화 - 부산일보,https://news.google.com/rss/articles/CBMidEFVX3lxTE9vd0drdGFCaGZpNk9HVjFkN1pRZVdWVWYwME9ob21OdjdscUdXZFpONnRmSkRpODNmUEJrZzlyQ21YYzlrZDZQeUMtcXdGYU03dUdkY2oyUHZWWEt5MGtVaUdHYzVHNkNFMDR5Q2xqaUZHVjJu?oc=5,"Thu, 10 Sep 2026 09:19:55 GMT",부산일보,운송/항공,https://news.google.com/rss/articles/CBMidEFVX3lxTE9vd0drdGFCaGZpNk9HVjFkN1pRZVdWVWYwME9ob21OdjdscUdXZFpONnRmSkRpODNmUEJrZzlyQ21YYzlrZDZQeUMtcXdGYU03dUdkY2oyUHZWWEt5MGtVaUdHYzVHNkNFMDR5Q2xqaUZHVjJu?oc=5,,False,본문 수집 제한 개수를 초과했습니다.,False,,2026-09-13 09:12:02
국내,물류,물류,물류,"[단독] 카카오, 커머스 물류 조직 신설…'새벽배송' 경쟁 참전 예고 - 전자신문",https://news.google.com/rss/articles/CBMiTkFVX3lxTE92UmF0SjFpd2MzWE9rSzhXUTdVUGFwS3UzVWN3ZTlJbENxc1c4MEh4MTN3bm1lUlVTaXk0UmNDRE9MVF9hUHRNT0pZNnBEUQ?oc=5,"Thu, 10 Sep 2026 07:00:00 GMT",전자신문,운송/항공,https://news.google.com/rss/articles/CBMiTkFVX3lxTE92UmF0SjFpd2MzWE9rSzhXUTdVUGFwS3UzVWN3ZTlJbENxc1c4MEh4MTN3bm1lUlVTaXk0UmNDRE9MVF9hUHRNT0pZNnBEUQ?oc=5,,False,본문 수집 제한 개수를 초과했습니다.,False,,2026-09-13 09:12:02
국내,여객 수요,여객 수요,여객 수요,"""좌석 줄여달라"" 대한항공 요구에 기각 의견...공정위 ""수요위축 없어"" - 머니투데이 - 머니투데이",https://news.google.com/rss/articles/CBMibEFVX3lxTE1LanVtU0VrYWN6REVKa1FMMVFjeUtqRnhwYXFEUzcxR2l4NVBtNlJXVHYtS0xUbnlFaGdVOHRHeWJmdEdIanR4bWlwVW5KNUxWZnRqVEJUSk9qcHhsQzdZNUVlNmhlYzJOY0pzQdIBckFVX3lxTE4tOUJuZ3p0NHZyajRwODI0QXpHMExjV1VHMXpvQ2RMbHhfWHhWZk9xY0tRcVBCRFZnUWI4cXlNMEJndnZLOEMyYlU5MHdEUWp1RUhCQXB0RnJwR1hZOUVzNlczVzdobkhBYmhvMDgzakdWQQ?oc=5,"Thu, 10 Sep 2026 03:00:00 GMT",머니투데이,운송/항공,https://news.google.com/rss/articles/CBMibEFVX3lxTE1LanVtU0VrYWN6REVKa1FMMVFjeUtqRnhwYXFEUzcxR2l4NVBtNlJXVHYtS0xUbnlFaGdVOHRHeWJmdEdIanR4bWlwVW5KNUxWZnRqVEJUSk9qcHhsQzdZNUVlNmhlYzJOY0pzQdIBckFVX3lxTE4tOUJuZ3p0NHZyajRwODI0QXpHMExjV1VHMXpvQ2RMbHhfWHhWZk9xY0tRcVBCRFZnUWI4cXlNMEJndnZLOEMyYlU5MHdEUWp1RUhCQXB0RnJwR1hZOUVzNlczVzdobkhBYmhvMDgzakdWQQ?oc=5,,False,본문 수집 제한 개수를 초과했습니다.,False,,2026-09-13 09:12:02
국내,운임,운임,운임,'타시도민 운임 지원 중단'에 8월 인천 여객선 이용객 17%↓ - 연합뉴스,https://news.google.com/rss/articles/CBMiW0FVX3lxTFB3Z1hMNF9lUGJkU0xGRmlVWHpjVjFacjBqcDZwYmI0SzRMMURqOEhTTFNtUElHMng4RHVla0hnNUVOLV9xeXZ0YmNWT0tSV1VPcjBNcGxMc2xxeTTSAWBBVV95cUxQcGhEYVNOMDlxaWNoUGJxcmM3dl9sSjBWT2pFQUxuUzFacURWVnRYMzZxVnhlSy01WXZWZ1FKV1lvdm0wRXFNbWJPSml1bW1QVVNxYXVBQ25IWFp2c2ZwQVk?oc=5,"Wed, 09 Sep 2026 04:08:00 GMT",연합뉴스,운송/항공,https://news.google.com/rss/articles/CBMiW0FVX3lxTFB3Z1hMNF9lUGJkU0xGRmlVWHpjVjFacjBqcDZwYmI0SzRMMURqOEhTTFNtUElHMng4RHVla0hnNUVOLV9xeXZ0YmNWT0tSV1VPcjBNcGxMc2xxeTTSAWBBVV95cUxQcGhEYVNOMDlxaWNoUGJxcmM3dl9sSjBWT2pFQUxuUzFacURWVnRYMzZxVnhlSy01WXZWZ1FKV1lvdm0wRXFNbWJPSml1bW1QVVNxYXVBQ25IWFp2c2ZwQVk?oc=5,,False,본문 수집 제한 개수를 초과했습니다.,False,,2026-09-13 09:12:02
국내,여객 수요,여객 수요,여객 수요,여객 부진해도 화물이 살린다…대한항공에 증권가 ‘러브콜’ - 매일경제 마켓,https://news.google.com/rss/articles/CBMiUkFVX3lxTE9wM0UtWjNZMVhxVmI2SElPLXpmcjJ2NkxLM1FZeFRiNmtvQVNVcHZzTnRaTnJoSGxXbW4zSUhaeXdjYV9ZSTJreDhEaWRVNHFFSVE?oc=5,"Tue, 08 Sep 2026 00:31:52 GMT",매일경제 마켓,운송/항공,https://news.google.com/rss/articles/CBMiUkFVX3lxTE9wM0UtWjNZMVhxVmI2SElPLXpmcjJ2NkxLM1FZeFRiNmtvQVNVcHZzTnRaTnJoSGxXbW4zSUhaeXdjYV9ZSTJreDhEaWRVNHFFSVE?oc=5,,False,본문 수집 제한 개수를 초과했습니다.,False,,2026-09-13 09:12:02
국내,여객 수요,여객 수요,여객 수요,"중국 여객 회복에 공급 늘리는 제주항공, 구이린 노선 확대 - 비즈트리뷴",https://news.google.com/rss/articles/CBMicEFVX3lxTE9JNHVmTy1ta01WaXljRENvSTRnRUlWcWtOcUZIdVh5NXQzcnR6Z284NFZMSWgtZ3ZwNmp5cEM0bTYtX0M3OUdPalliTXliMmNDTGx2REpLb3Bnb2F3Zkd5UmMtcDluRWFHdXN2am5HZHg?oc=5,"Mon, 07 Sep 2026 08:53:39 GMT",비즈트리뷴,운송/항공,https://news.google.com/rss/articles/CBMicEFVX3lxTE9JNHVmTy1ta01WaXljRENvSTRnRUlWcWtOcUZIdVh5NXQzcnR6Z284NFZMSWgtZ3ZwNmp5cEM0bTYtX0M3OUdPalliTXliMmNDTGx2REpLb3Bnb2F3Zkd5UmMtcDluRWFHdXN2am5HZHg?oc=5,,False,본문 수집 제한 개수를 초과했습니다.,False,,2026-09-13 09:12:02
국내,여객 수요,여객 수요,여객 수요,"대한항공·아시아나, 가을 여객 수요 잡는다…제주 특별기·고베 신규 취항 - 팝콘뉴스",https://news.google.com/rss/articles/CBMibkFVX3lxTE9OSFVGUG80YlBlR2tfdDBNbGphMHlpMnZFWkhkUDhLdDA5YnN2ZC1jdDcwSzM5cEJzZVVQSExrX3J1NXRKUDVHZnZHQkxNYjk5Zzd1bjZsMndwSUZnRFcwQ1ZhNTV5dktxak5HdFF30gFyQVVfeXFMUG9rLXg5dTJqeFJ1MVVkZlJWYXpvSDUwR0NwMmd5V29CNTc2TGQxWEZjYmV4ZEktcTFoM3dzY196dmVDU3dLN1dXdmt6ZzdDcU9jdldOdmU0cWlybllYeThIWld4Sl95Qjhfb3pvWkV6MEZR?oc=5,"Tue, 01 Sep 2026 07:57:14 GMT",팝콘뉴스,운송/항공,https://news.google.com/rss/articles/CBMibkFVX3lxTE9OSFVGUG80YlBlR2tfdDBNbGphMHlpMnZFWkhkUDhLdDA5YnN2ZC1jdDcwSzM5cEJzZVVQSExrX3J1NXRKUDVHZnZHQkxNYjk5Zzd1bjZsMndwSUZnRFcwQ1ZhNTV5dktxak5HdFF30gFyQVVfeXFMUG9rLXg5dTJqeFJ1MVVkZlJWYXpvSDUwR0NwMmd5V29CNTc2TGQxWEZjYmV4ZEktcTFoM3dzY196dmVDU3dLN1dXdmt6ZzdDcU9jdldOdmU0cWlybllYeThIWld4Sl95Qjhfb3pvWkV6MEZR?oc=5,,False,본문 수집 제한 개수를 초과했습니다.,False,,2026-09-13 09:12:02
미국,물류,물류,물류 stock market earnings investment,5 Best Artificial Intelligence (AI) ETFs to Buy in 2026 - The Motley Fool,https://news.google.com/rss/articles/CBMiogFBVV95cUxQYzA2Wld0QkFFTkVjZGlIQ3JfdklNNS1SeUVIb21TMFlFZTc4ejB1UWZqN3FLT2FlWVhEeW5QOFM1STZCM0kxRE9lcERjRTY4ZjlDZFNLaVNiSDVZMDhMdjEwbUQ2WG9XeUZ5M2hBeENWaENUbE5tTE1tU2tBS0x5TV9Gak8wVUlMTmlqRl85SkQzSnJmMGd0T1JaelpWS3lvVWc?oc=5,"Thu, 06 Aug 2026 07:00:00 GMT",The Motley Fool,운송/항공,https://www.fool.com/investing/stock-market/market-sectors/information-technology/ai-stocks/ai-etfs/,www.fool.com,True,,True,,2026-09-13 09:12:02
미국,항공,항공,항공 stock market earnings investment,Joby Aviation's Next Earnings Report on Aug. 5 Could Send the Stock Plummeting. Here's Why. - The Motley Fool,https://news.google.com/rss/articles/CBMixAFBVV95cUxON1dGMkpPcjY3ZGZxWGY3ZmxMSDhkM1ZpR2xsRHlUTXBtRDNpcFp3YmdqVjAwQ0FDaHp1dWkwUDkwSGhRYk8wOWh3Q183bC1LemlGbm5BYm9ZRzdKaDJTSDlOT0J4WU5DMWlPR2VYOUpwV0s2WUZjVkN1OTNwdDhmV0FpU2xsQnRTZGJNcG5oM2pOWk5HN2EzUWZQdnhocjVPZjJGajZwMEdHc3U0RUhnaGVLaEpyY1JXMjFVSTIydWdUYlBK?oc=5,"Mon, 03 Aug 2026 07:00:00 GMT",The Motley Fool,운송/항공,https://www.fool.com/investing/2026/08/03/joby-aviations-next-earnings-report-on-aug-5-could-send-the-stock-soaring-heres-why/,www.fool.com,True,,True,,2026-09-13 09:12:02
미국,항공,항공,항공 stock market earnings investment,"American Airlines or Lockheed Martin: Wall Street Expects One to Soar on Earnings, One to Stumble - Yahoo Finance",https://news.google.com/rss/articles/CBMipgFBVV95cUxNZ2gyR1F6Y0pGSmxCYzltc0JUclllenJkR2ZoMUFHWmpjQlpxRVJ2Ym5GUWttOElXM1QtbjRmMldHM0d3dk5nY29NSWJxS2c0dGhLVE9Sdi1Pb2xRLXUyM0Rrbjg0TGlFVDR3cXJ6RFlUMVVFdlZuNzI1aTRqWGNxRTItRS1qN1owbE13Y2tYZWY2NGFrUXJRTnNrUUpBV3dCNFB1ZEp3?oc=5,"Wed, 22 Jul 2026 07:00:00 GMT",Yahoo Finance,운송/항공,https://finance.yahoo.com/markets/stocks/articles/american-airlines-lockheed-martin-wall-111039162.html,finance.yahoo.com,True,,True,,2026-09-13 09:12:02
미국,항공,항공,항공 stock market earnings investment,Southwest Airlines: The Ascent Could Continue Amid Sub-$70 Oil (NYSE:LUV) - Seeking Alpha,https://news.google.com/rss/articles/CBMiowFBVV95cUxOdnA1NGJ5YlFRdDZLeWo1N2hKcmdlZ0daaEtyZjFEUC1sTUVlMmU3cXhtT19wdGVzOU5YNDJBVzFWRDBmam4tUjFGZ2NZVVpuY3ZFLUotX3djbU9qRVEwZHE0QUtTSFVjLWM3TDk1Q1FEaDRhSmUyWFFzM2MyVGpiTHl5TWYyTmRVR3BycDItLXFKeU9aU2VFWGYyVGhWRHRHQ0I0?oc=5,"Mon, 06 Jul 2026 07:00:00 GMT",Seeking Alpha,운송/항공,https://news.google.com/rss/articles/CBMiowFBVV95cUxOdnA1NGJ5YlFRdDZLeWo1N2hKcmdlZ0daaEtyZjFEUC1sTUVlMmU3cXhtT19wdGVzOU5YNDJBVzFWRDBmam4tUjFGZ2NZVVpuY3ZFLUotX3djbU9qRVEwZHE0QUtTSFVjLWM3TDk1Q1FEaDRhSmUyWFFzM2MyVGpiTHl5TWYyTmRVR3BycDItLXFKeU9aU2VFWGYyVGhWRHRHQ0I0?oc=5,,False,403 Client Error: Forbidden for url: https://seekingalpha.com/article/4920052-southwest-airlines-the-ascent-could-continue-amid-sub-70-oil,True,,2026-09-13 09:12:02
미국,항공,항공,항공 stock market earnings investment,Howmet Aerospace Outpaces Aerospace & Defense Peers in 2026 - The Globe and Mail,https://news.google.com/rss/articles/CBMi2AFBVV95cUxOZVpuemRWcHl4dzc2d0V3ZDA4UFg0NWVUdGtBVVZyQlI4VXRrUXFZNTVSeElUeUFLUlZ3cUtxS1pOQlFaUHZrd21qVldLUG5NRC1aak5yRnZBVFN0WDl5MVpVaGpsSURiZDVpenVjaVVIUmFYY2QzZXJ5cUctOWRTUHhKeS02YUU1cHlYMW9TTERxNF9tUmt6YkdNNTYtaXpvRG45dnN1QXluNnBEY0M4UWpCOEdTYWxMTlFCVExIR09rSWl6X01IZGx4eTJDSDNwOXQtODBINXQ?oc=5,"Tue, 19 May 2026 07:00:00 GMT",The Globe and Mail,운송/항공,https://news.google.com/rss/articles/CBMi2AFBVV95cUxOZVpuemRWcHl4dzc2d0V3ZDA4UFg0NWVUdGtBVVZyQlI4VXRrUXFZNTVSeElUeUFLUlZ3cUtxS1pOQlFaUHZrd21qVldLUG5NRC1aak5yRnZBVFN0WDl5MVpVaGpsSURiZDVpenVjaVVIUmFYY2QzZXJ5cUctOWRTUHhKeS02YUU1cHlYMW9TTERxNF9tUmt6YkdNNTYtaXpvRG45dnN1QXluNnBEY0M4UWpCOEdTYWxMTlFCVExIR09rSWl6X01IZGx4eTJDSDNwOXQtODBINXQ?oc=5,,False,본문 수집 제한 개수를 초과했습니다.,False,,2026-09-13 09:12:02
미국,물류,물류,물류 stock market earnings investment,What Tecnoglass (TGLS)'s Earnings Update and Florida Reincorporation Plan Means For Shareholders - Yahoo Finance,https://news.google.com/rss/articles/CBMiswFBVV95cUxNOU5hdHQta1FLTl84ZFFIYVFWem1hM2VUNHd5SWdONnY0UmhjVVlWd2tLU2RMMjd1UGRMU2Q1VzZOOWZSSkpHT3lLSEJDVTEzZjl2dmNSc0QySDFuTHZGbl9Pb0E2WjE1TzJKUWg4bEh6eG9kaTlXRUFqTGRfVTh3ZFJqZGxUQkJ1M3BUdUEtWHp1ZVpTMGpud1N3OTMzOVBqWEZfeUNJdHRiQi1Lc0RReW53NA?oc=5,"Wed, 06 May 2026 07:00:00 GMT",Yahoo Finance,운송/항공,https://news.google.com/rss/articles/CBMiswFBVV95cUxNOU5hdHQta1FLTl84ZFFIYVFWem1hM2VUNHd5SWdONnY0UmhjVVlWd2tLU2RMMjd1UGRMU2Q1VzZOOWZSSkpHT3lLSEJDVTEzZjl2dmNSc0QySDFuTHZGbl9Pb0E2WjE1TzJKUWg4bEh6eG9kaTlXRUFqTGRfVTh3ZFJqZGxUQkJ1M3BUdUEtWHp1ZVpTMGpud1N3OTMzOVBqWEZfeUNJdHRiQi1Lc0RReW53NA?oc=5,,False,본문 수집 제한 개수를 초과했습니다.,False,,2026-09-13 09:12:02
미국,물류,물류,물류 stock market earnings investment,"DoorDash, Inc. Q1 2026 Earnings Call Summary - Yahoo Finance",https://news.google.com/rss/articles/CBMimgFBVV95cUxNT2pEdWxnODBWR3lEejdDY2hYeWZERzgyb25ubVNFREI2U3dDQllyd1FSN3JQXzdyRjljaG0xQ2hjLW1LanVyR2Y5NWt0ak9qcXVJYU9HSWo1OHpBZHFOV0tucnozSkVBLVBXUzFzb1lHMGV2cGIyTE84ZjgwekhIRU1KWDBxWDIyOVFQWUFXWmhfMzhEbDBNeDZB?oc=5,"Wed, 06 May 2026 07:00:00 GMT",Yahoo Finance,운송/항공,https://news.google.com/rss/articles/CBMimgFBVV95cUxNT2pEdWxnODBWR3lEejdDY2hYeWZERzgyb25ubVNFREI2U3dDQllyd1FSN3JQXzdyRjljaG0xQ2hjLW1LanVyR2Y5NWt0ak9qcXVJYU9HSWo1OHpBZHFOV0tucnozSkVBLVBXUzFzb1lHMGV2cGIyTE84ZjgwekhIRU1KWDBxWDIyOVFQWUFXWmhfMzhEbDBNeDZB?oc=5,,False,본문 수집 제한 개수를 초과했습니다.,False,,2026-09-13 09:12:02
미국,항공,항공,항공 stock market earnings investment,"RTX, Northrop, GE Aerospace Beat Views, But Stocks Diverge. Pentagon Details Budget Request. - Investor's Business Daily",https://news.google.com/rss/articles/CBMi7AFBVV95cUxQM2VmU1lOQUtVUzN2dWtUMGFBMzdJX1U2OVJxSFVjVFFRZjg1QTU5Ri0xa0dYMVgzbGg2UHVpaXkzSl9TQ3lwa0ZrYVJLaXVqMm8yVGRwWHpBRllYQlk1UDcyV05JV21ObFVvbzZsWHZxWHVUOTBIZXdXR3NMaFh4QW5JajVZN3FoenJQWFdQc3BQbGlHTjJ1bVk5azJrRl94MHN2ZVh4T0NxdVJ5bnFCSlFCNHZKQ1kydGtfRDVlN3FnTUpKYkthXzROSnluS1NxYkd4RGVVeE03a0tibGk5SURiX0xhTmRxNnlZYQ?oc=5,"Tue, 21 Apr 2026 07:00:00 GMT",Investor's Business Daily,운송/항공,https://news.google.com/rss/articles/CBMi7AFBVV95cUxQM2VmU1lOQUtVUzN2dWtUMGFBMzdJX1U2OVJxSFVjVFFRZjg1QTU5Ri0xa0dYMVgzbGg2UHVpaXkzSl9TQ3lwa0ZrYVJLaXVqMm8yVGRwWHpBRllYQlk1UDcyV05JV21ObFVvbzZsWHZxWHVUOTBIZXdXR3NMaFh4QW5JajVZN3FoenJQWFdQc3BQbGlHTjJ1bVk5azJrRl94MHN2ZVh4T0NxdVJ5bnFCSlFCNHZKQ1kydGtfRDVlN3FnTUpKYkthXzROSnluS1NxYkd4RGVVeE03a0tibGk5SURiX0xhTmRxNnlZYQ?oc=5,,False,본문 수집 제한 개수를 초과했습니다.,False,,2026-09-13 09:12:02
미국,물류,물류,물류 stock market earnings investment,"Sea shares tumble as high costs, slower annual GMV growth forecast bite - Reuters",https://news.google.com/rss/articles/CBMivwFBVV95cUxQZ1NHcFdOSlVUMXdGZ21TaUlUUENickR3ZndqaG15RkNSWkxwNkprcmducVdWZzUySmkyY3MyQnBlZDExbEFsTWtzN19PenZxR2JWQXJHbThRUWRnMnpXdVAteDB5STdLcWhIQVp4XzVhcVNGQldtUTBWM2dYbTgyRmZYYV9FeEdNRjRBbkZISUdHeFkwVGFReEZuS09RdlBwMjZIMXNiUXBPTTFuSkswbTcwOGpteDhaVm1lMEd6QQ?oc=5,"Tue, 03 Mar 2026 08:00:00 GMT",Reuters,운송/항공,https://news.google.com/rss/articles/CBMivwFBVV95cUxQZ1NHcFdOSlVUMXdGZ21TaUlUUENickR3ZndqaG15RkNSWkxwNkprcmducVdWZzUySmkyY3MyQnBlZDExbEFsTWtzN19PenZxR2JWQXJHbThRUWRnMnpXdVAteDB5STdLcWhIQVp4XzVhcVNGQldtUTBWM2dYbTgyRmZYYV9FeEdNRjRBbkZISUdHeFkwVGFReEZuS09RdlBwMjZIMXNiUXBPTTFuSkswbTcwOGpteDhaVm1lMEd6QQ?oc=5,,False,본문 수집 제한 개수를 초과했습니다.,False,,2026-09-13 09:12:02
미국,물류,물류,물류 stock market earnings investment,Market Outlook: AI scare trade fuels volatility as investors turn defensive - BNN Bloomberg,https://news.google.com/rss/articles/CBMi1gFBVV95cUxPbkVoUGlMSHpIa0hzTTFHdG82aHZmWi03Q0lNeVNvTW1idkFoOWNHMnNfTWNfNTRMbS1aaUdCNXE5VHBqVjloVzI0ZmV5WE1DQnFjN3pOYVBndFNXZW9JaDF5UVg0TFhyMFozUTZxMFpxdDBqd1ZGenpLbE9SejhjSUFFdW9XYzZ6Wko2UVMzSW5tWWlySTFISlVFb2h6U3o5WDNKUE1ydUlHQzlWYVFZZ2U2SHdvZHFPQW5LbDdndTJGZnEwUU1lcmdDX1o3UHNDNzhIN0Nn?oc=5,"Thu, 19 Feb 2026 08:00:00 GMT",BNN Bloomberg,운송/항공,https://news.google.com/rss/articles/CBMi1gFBVV95cUxPbkVoUGlMSHpIa0hzTTFHdG82aHZmWi03Q0lNeVNvTW1idkFoOWNHMnNfTWNfNTRMbS1aaUdCNXE5VHBqVjloVzI0ZmV5WE1DQnFjN3pOYVBndFNXZW9JaDF5UVg0TFhyMFozUTZxMFpxdDBqd1ZGenpLbE9SejhjSUFFdW9XYzZ6Wko2UVMzSW5tWWlySTFISlVFb2h6U3o5WDNKUE1ydUlHQzlWYVFZZ2U2SHdvZHFPQW5LbDdndTJGZnEwUU1lcmdDX1o3UHNDNzhIN0Nn?oc=5,,False,본문 수집 제한 개수를 초과했습니다.,False,,2026-09-13 09:12:02
국내,원전,원전,원전,한빛원전 1·2호기 사고관리계획서 ‘재검토’ 예정 - KBS 뉴스,https://news.google.com/rss/articles/CBMiZkFVX3lxTFBtdmxWVUZQQ2ZxSGxqOEpPNmpQNnJGOWRrenhvclVGZHZuWU55VGZIakRYS0pvdVhrdHVGRFltREx0dGRLbmRhbzZJQ2hMdml2X3c2MmxRdkh6bFZkZm1NVEtvTnpZdw?oc=5,"Sat, 12 Sep 2026 12:56:00 GMT",KBS 뉴스,원전/에너지,https://news.kbs.co.kr/news/pc/view/view.do?ncd=8661950,news.kbs.co.kr,True,,True,,2026-09-13 09:12:55
국내,에너지 정책,에너지 정책,에너지 정책,"제주, 기후테크와 에너지 산업 연계 모색 - v.daum.net",https://news.google.com/rss/articles/CBMiT0FVX3lxTE5jeGZEcjdmQUI1UTRZVTA3SDFCMGZCQmRHeHZ0b3JRN05nN1QwMmVnUjR3YlJaSG5nR3N4aWhIRThyTDZhQ3BJVUFDS3JpT3M?oc=5,"Sat, 12 Sep 2026 08:23:00 GMT",v.daum.net,원전/에너지,https://v.daum.net/v/20260912172356329,v.daum.net,True,,True,,2026-09-13 09:12:55
국내,에너지 정책,에너지 정책,에너지 정책,"먼저 가본 제주 에너지정책, 기후테크 산업 연계 모색 - 뉴스제주",https://news.google.com/rss/articles/CBMia0FVX3lxTE0wRDFMODlWTEtTVE9VSmM5NnZHYVZxWXU0cDlTNk9jZVU2MHZSOXVleUNSVmtXbzBTeS02RHFsR0czNlJ6eWRHWE41UzM2WHluU3lHWFdmaTYwLUQ5S0xLcnl6NU83VVFJS1BF?oc=5,"Sat, 12 Sep 2026 07:47:03 GMT",뉴스제주,원전/에너지,https://www.newsjeju.net/news/articleView.html?idxno=425785,www.newsjeju.net,True,,True,,2026-09-13 09:12:55
국내,SMR,SMR,SMR,"경남도, 4조 6990억 투입…경남을 세계 최고 'SMR 생산거점'으로 키운다 - 네이트",https://news.google.com/rss/articles/CBMiU0FVX3lxTE9QWTR1dDdoRzN0RkFrVFRtRG5mTnhGNkNyR0VYV2ZMcFktTW1pMkprZmxheHYtMGExTzNzMXRYQkE1alhoT0Vsa2dVZDBEdkhtR1pn?oc=5,"Sat, 12 Sep 2026 07:20:00 GMT",네이트,원전/에너지,https://news.nate.com/view/20260912n08840,news.nate.com,True,,True,,2026-09-13 09:12:55
국내,에너지 정책,에너지 정책,에너지 정책,"먼저 가본 제주 에너지정책, 기후테크 산업 연계 모색 - 컬처제주",https://news.google.com/rss/articles/CBMia0FVX3lxTE9qSUdoUkt0dWZJcm51Z0pwR05fNi02Z09QNUFfN0RJWG85VmxCWHpsZWg4SUVST2FINHgtVFp4VkZmYm9hQUR4UFgzOV9jYU1vNlRBdEdIRzFpR1VNb3p0VWhWR2JjV0N3czlZ?oc=5,"Sat, 12 Sep 2026 06:23:00 GMT",컬처제주,원전/에너지,https://news.google.com/rss/articles/CBMia0FVX3lxTE9qSUdoUkt0dWZJcm51Z0pwR05fNi02Z09QNUFfN0RJWG85VmxCWHpsZWg4SUVST2FINHgtVFp4VkZmYm9hQUR4UFgzOV9jYU1vNlRBdEdIRzFpR1VNb3p0VWhWR2JjV0N3czlZ?oc=5,,False,본문 수집 제한 개수를 초과했습니다.,False,,2026-09-13 09:12:55
국내,원자력,원자력,원자력,"원전 짓고 고치고 연료까지…한수원, 해외사업 '전 주기'로 넓힌다 - 녹색경제신문",https://news.google.com/rss/articles/CBMiaEFVX3lxTE05VkFBV2xFQUpQRTFfSXEwNGFYR1hYdjlXUndmRmVucnJXRTVTMS03akhidjBOVktpbjJycWhpU1RPa1hDRlRVYzVEQm03VU5zLU1Tc05qRUd6S3dhLUI0YVRmTkExM2gy?oc=5,"Sat, 12 Sep 2026 02:06:17 GMT",녹색경제신문,원전/에너지,https://news.google.com/rss/articles/CBMiaEFVX3lxTE05VkFBV2xFQUpQRTFfSXEwNGFYR1hYdjlXUndmRmVucnJXRTVTMS03akhidjBOVktpbjJycWhpU1RPa1hDRlRVYzVEQm03VU5zLU1Tc05qRUd6S3dhLUI0YVRmTkExM2gy?oc=5,,False,본문 수집 제한 개수를 초과했습니다.,False,,2026-09-13 09:12:55
국내,원전,원전,원전,美에너지 투자에 들썩인 원전株…‘진짜 수혜주’ 가릴 조건은[종목e슈] - edaily.co.kr,https://news.google.com/rss/articles/CBMigAFBVV95cUxNWGRtdThRTW16aU5TcWx4WWZneTBxNHE5QkFtazNkNndXTnFyUkVBbnBJam9pM1J5NVJjaVMxWlk1N2tIQnpQWk11SnRYLW95QV9hQzNxb21nSG5LcGlzZS01djdQTWxPeUVQRGE5UUNXaloydzl2eS1OWU02Q3JlQQ?oc=5,"Fri, 11 Sep 2026 23:00:07 GMT",edaily.co.kr,원전/에너지,https://news.google.com/rss/articles/CBMigAFBVV95cUxNWGRtdThRTW16aU5TcWx4WWZneTBxNHE5QkFtazNkNndXTnFyUkVBbnBJam9pM1J5NVJjaVMxWlk1N2tIQnpQWk11SnRYLW95QV9hQzNxb21nSG5LcGlzZS01djdQTWxPeUVQRGE5UUNXaloydzl2eS1OWU02Q3JlQQ?oc=5,,False,본문 수집 제한 개수를 초과했습니다.,False,,2026-09-13 09:12:55
국내,원자력,원자력,원자력,대전시의회에 웬 원자력안전특위?…방사성폐기물 저장량 '전국 2위' - 연합뉴스,https://news.google.com/rss/articles/CBMiW0FVX3lxTE1UNW9XTFIzaWpoWDRYdW9VaFVrWTRpSy1nMWlja0JQeFE0WDllQnRJS09JZUVKcjB4Z0pHNUpaMDFMYWJsUlUtR0VUcFZrUjF0WmRTMmFYUW5WVjTSAWBBVV95cUxQWldCaV9fVW9ZQ0Y3RmdUdlFvV3pKaThuYUdhZnB4OFQtRUVndVhBNDRULXkxUVBHRm50eFdVMDFFUmtlNE1KMXF5dkpVWVRhV0VzY3J0LTlNSDdoNlpjLWU?oc=5,"Fri, 11 Sep 2026 22:00:08 GMT",연합뉴스,원전/에너지,https://news.google.com/rss/articles/CBMiW0FVX3lxTE1UNW9XTFIzaWpoWDRYdW9VaFVrWTRpSy1nMWlja0JQeFE0WDllQnRJS09JZUVKcjB4Z0pHNUpaMDFMYWJsUlUtR0VUcFZrUjF0WmRTMmFYUW5WVjTSAWBBVV95cUxQWldCaV9fVW9ZQ0Y3RmdUdlFvV3pKaThuYUdhZnB4OFQtRUVndVhBNDRULXkxUVBHRm50eFdVMDFFUmtlNE1KMXF5dkpVWVRhV0VzY3J0LTlNSDdoNlpjLWU?oc=5,,False,본문 수집 제한 개수를 초과했습니다.,False,,2026-09-13 09:12:55
국내,원전,원전,원전,[단독] 원자력 발전소에 ‘만취 노동자’…사흘 새 2명 적발 - JTBC,https://news.google.com/rss/articles/CBMiVEFVX3lxTE1lcFYxWWFQWk9fcVozZGZpU1pmeWZuMHd6RmN5bXM4X3BqVWV1OVVGX0tfT1FzRjhIaEFBQnFlV0xtV1I0cWZCUlVtVHA0eWRHUlRycA?oc=5,"Fri, 11 Sep 2026 11:27:00 GMT",JTBC,원전/에너지,https://news.google.com/rss/articles/CBMiVEFVX3lxTE1lcFYxWWFQWk9fcVozZGZpU1pmeWZuMHd6RmN5bXM4X3BqVWV1OVVGX0tfT1FzRjhIaEFBQnFlV0xtV1I0cWZCUlVtVHA0eWRHUlRycA?oc=5,,False,본문 수집 제한 개수를 초과했습니다.,False,,2026-09-13 09:12:55
국내,원자력,원자력,원자력,제 2026-14 회 원자력안전위원회 개최 - 서울Pn,https://news.google.com/rss/articles/CBMiYkFVX3lxTFBxSEJsd1Z5eC00RE0wWkVvZGE0N2EyVXk0UXlyMFVyY2o1NklfRlJMUUIxaWg2dDFUbTJDVzRzcTdPYnpzeEZMTldva1lmaGQ1WnB0Q25YeWVaemlid1FGYkxR?oc=5,"Fri, 11 Sep 2026 10:11:35 GMT",서울Pn,원전/에너지,https://news.google.com/rss/articles/CBMiYkFVX3lxTFBxSEJsd1Z5eC00RE0wWkVvZGE0N2EyVXk0UXlyMFVyY2o1NklfRlJMUUIxaWg2dDFUbTJDVzRzcTdPYnpzeEZMTldva1lmaGQ1WnB0Q25YeWVaemlid1FGYkxR?oc=5,,False,본문 수집 제한 개수를 초과했습니다.,False,,2026-09-13 09:12:55
국내,SMR,SMR,SMR,"""소형 원자로 개발 속도 내 2035년 상용화""... 내년 상세설계 착수 - 한국일보",https://news.google.com/rss/articles/CBMibkFVX3lxTE84MTJDRUNqQmpFM1dzeGlSY3JTVWZjdFg5UFBnXzZERXduUm8wY3k4THU5XzhKQlZ3LVZhOGwwemlLUVZ5V0hFM3IxV3B1SUVPZUdZMFRiMDJ3cVE1RmJjT1pxVWlCSVRlaTZqRFRn0gFzQVVfeXFMT09kY0gyZzZXNDFsdXVJSDMtay1OZjVoOHNQdEJIaDgzSVNIcmpRRTZKTzNMRWZXVEIyUGI3QzFjbmlWMGlUekdKQ3hnbzR0N1UyVjA5SWowX2VJZkxReEZiYmRVVlJpdl90Z1M2MEpuWHp2QQ?oc=5,"Fri, 11 Sep 2026 09:00:00 GMT",한국일보,원전/에너지,https://news.google.com/rss/articles/CBMibkFVX3lxTE84MTJDRUNqQmpFM1dzeGlSY3JTVWZjdFg5UFBnXzZERXduUm8wY3k4THU5XzhKQlZ3LVZhOGwwemlLUVZ5V0hFM3IxV3B1SUVPZUdZMFRiMDJ3cVE1RmJjT1pxVWlCSVRlaTZqRFRn0gFzQVVfeXFMT09kY0gyZzZXNDFsdXVJSDMtay1OZjVoOHNQdEJIaDgzSVNIcmpRRTZKTzNMRWZXVEIyUGI3QzFjbmlWMGlUekdKQ3hnbzR0N1UyVjA5SWowX2VJZkxReEZiYmRVVlJpdl90Z1M2MEpuWHp2QQ?oc=5,,False,본문 수집 제한 개수를 초과했습니다.,False,,2026-09-13 09:12:55
국내,SMR,SMR,SMR,"한전기술·포스코이앤씨, SMR·고온가스로 맞손…HyREX까지 확대 - ER 이코노믹리뷰",https://news.google.com/rss/articles/CBMibEFVX3lxTE45Ri1SS2ZaNDFHd3NzU25ZXzNibVQxZm0xcFB5THdURjBzWVl1UGJ5bV9KdEtnWkk3UEtPamNqMldzSHA5ZmRjMlktWm1LVXVPX3BMXzV2S2NQRThDcU9rVTJtdjZkdzRBM29DNA?oc=5,"Fri, 11 Sep 2026 07:51:24 GMT",ER 이코노믹리뷰,원전/에너지,https://news.google.com/rss/articles/CBMibEFVX3lxTE45Ri1SS2ZaNDFHd3NzU25ZXzNibVQxZm0xcFB5THdURjBzWVl1UGJ5bV9KdEtnWkk3UEtPamNqMldzSHA5ZmRjMlktWm1LVXVPX3BMXzV2S2NQRThDcU9rVTJtdjZkdzRBM29DNA?oc=5,,False,본문 수집 제한 개수를 초과했습니다.,False,,2026-09-13 09:12:55
국내,전력 수요,전력 수요,전력 수요,"MS, 데이터센터 용량 3배로 확대…뉴욕주 최대전력 수요와 맞먹어 - 조선일보",https://news.google.com/rss/articles/CBMigwFBVV95cUxPMEwtNDNzeHprbnlfbUlYUFFXeGg2ODlhNUhkSmRmQ19kdFIxYUtlc0NyeEMwOGNNc2h6c3o0TENHSk5jWjQ3LVZOS2JmOUJiQ1ozckxsbWh2SlBvdk9XaU9zVUJYeEI4MUVVM1N2UUxTVW5CZ2RITWFuYnA5OXN6dUNGOA?oc=5,"Fri, 11 Sep 2026 06:50:00 GMT",조선일보,원전/에너지,https://news.google.com/rss/articles/CBMigwFBVV95cUxPMEwtNDNzeHprbnlfbUlYUFFXeGg2ODlhNUhkSmRmQ19kdFIxYUtlc0NyeEMwOGNNc2h6c3o0TENHSk5jWjQ3LVZOS2JmOUJiQ1ozckxsbWh2SlBvdk9XaU9zVUJYeEI4MUVVM1N2UUxTVW5CZ2RITWFuYnA5OXN6dUNGOA?oc=5,,False,본문 수집 제한 개수를 초과했습니다.,False,,2026-09-13 09:12:55
국내,원전,원전,원전,"한빛 2호기, 40년 설계수명 만료에 가동 정지…“계속운전 신중해야” - 경향신문",https://news.google.com/rss/articles/CBMiWkFVX3lxTE9zY2M0Y3l0TGtzM1F6czJGMThzRktuUGlHX2ZpNkhScVdYNG43bTNyWDBBVHJxbFBKUjZXcGxxaWZfYmlfYTlnUXpIVEpiNTU0NlVpejlMZEVLd9IBX0FVX3lxTE9fTFhwZVY5Y3dlN0owTHo2aFlWcDlRWEhULTc4aC1SZjFEWlJzN0VpbHVGc01wT2lVWjFKUVFQaWt6eV9ub2RKNTZhTUZ5NnhxdEh6WjhSZW91NGJxZFZV?oc=5,"Fri, 11 Sep 2026 04:14:00 GMT",경향신문,원전/에너지,https://news.google.com/rss/articles/CBMiWkFVX3lxTE9zY2M0Y3l0TGtzM1F6czJGMThzRktuUGlHX2ZpNkhScVdYNG43bTNyWDBBVHJxbFBKUjZXcGxxaWZfYmlfYTlnUXpIVEpiNTU0NlVpejlMZEVLd9IBX0FVX3lxTE9fTFhwZVY5Y3dlN0owTHo2aFlWcDlRWEhULTc4aC1SZjFEWlJzN0VpbHVGc01wT2lVWjFKUVFQaWt6eV9ub2RKNTZhTUZ5NnhxdEh6WjhSZW91NGJxZFZV?oc=5,,False,본문 수집 제한 개수를 초과했습니다.,False,,2026-09-13 09:12:55
국내,전력 수요,전력 수요,전력 수요,AI시대 전력수요 담당 ‘SMR 특별법’ 시행…2035년 상용화 목표 - 쿠키뉴스,https://news.google.com/rss/articles/CBMiY0FVX3lxTFB5bWQ5QW5sOUk0LTI4SVgwYUs0RkczUkpZMVEtb25IWDA0cUNfcERzWWNFVnBGS2FtTzN3SnRvSEhXNG55eDJiMDJocGRib1pIOHhYalFGY0NDdVJ3SnVMam80VQ?oc=5,"Fri, 11 Sep 2026 03:09:07 GMT",쿠키뉴스,원전/에너지,https://news.google.com/rss/articles/CBMiY0FVX3lxTFB5bWQ5QW5sOUk0LTI4SVgwYUs0RkczUkpZMVEtb25IWDA0cUNfcERzWWNFVnBGS2FtTzN3SnRvSEhXNG55eDJiMDJocGRib1pIOHhYalFGY0NDdVJ3SnVMam80VQ?oc=5,,False,본문 수집 제한 개수를 초과했습니다.,False,,2026-09-13 09:12:55
국내,SMR,SMR,SMR,SMR 개발부터 상용화까지 속도낸다…특별법 오늘 시행 - 연합뉴스,https://news.google.com/rss/articles/CBMiW0FVX3lxTE1NWXdNOV8xTW13bUZyZVk0cFo2SUNBa1N5SGpMbkVUQkxjRWNnaExKdFQ0dUJyVEk0R21FcGJUNzNhV2hXcENOUlZSRTFsZjk0YWhRM0YwY3hMdTjSAWBBVV95cUxNclBSbUljS1FFQUh3WGdoZWZMaURpZ21kME9qUVE0WUl6eHRyQ1VHeUctSHZramlBSzU2ejRsUGxQbVdpcGROd1BLQTd5Q0hnOXprZzdmcF9rcEtCZ0Q3TC0?oc=5,"Fri, 11 Sep 2026 01:21:35 GMT",연합뉴스,원전/에너지,https://news.google.com/rss/articles/CBMiW0FVX3lxTE1NWXdNOV8xTW13bUZyZVk0cFo2SUNBa1N5SGpMbkVUQkxjRWNnaExKdFQ0dUJyVEk0R21FcGJUNzNhV2hXcENOUlZSRTFsZjk0YWhRM0YwY3hMdTjSAWBBVV95cUxNclBSbUljS1FFQUh3WGdoZWZMaURpZ21kME9qUVE0WUl6eHRyQ1VHeUctSHZramlBSzU2ejRsUGxQbVdpcGROd1BLQTd5Q0hnOXprZzdmcF9rcEtCZ0Q3TC0?oc=5,,False,본문 수집 제한 개수를 초과했습니다.,False,,2026-09-13 09:12:55
국내,원전,원전,원전,"구글, ‘원전 강국’ 핀란드에 20조원 AI 투자 - 조선일보",https://news.google.com/rss/articles/CBMigwFBVV95cUxNSlMyUDVkaDhNYUFtLVIxRHpVZVlRVm84ZER6cF80ZGR2TjJIRDgyQl9LT0E4aUl1anM4T0lHc0RwcnItYkVnZWR5aEx6Z1dOeGswcmhMdzN3QWNFX1VhbTFUTVVFLXVpVmVXcWxUZ1dwN0lKSzNzbExuZmNzYnFlSzRDYw?oc=5,"Thu, 10 Sep 2026 15:34:00 GMT",조선일보,원전/에너지,https://news.google.com/rss/articles/CBMigwFBVV95cUxNSlMyUDVkaDhNYUFtLVIxRHpVZVlRVm84ZER6cF80ZGR2TjJIRDgyQl9LT0E4aUl1anM4T0lHc0RwcnItYkVnZWR5aEx6Z1dOeGswcmhMdzN3QWNFX1VhbTFUTVVFLXVpVmVXcWxUZ1dwN0lKSzNzbExuZmNzYnFlSzRDYw?oc=5,,False,본문 수집 제한 개수를 초과했습니다.,False,,2026-09-13 09:12:55
국내,전력 수요,전력 수요,전력 수요,"HD현대중공업, ‘AI 전력 수요 대응’ 육상 발전엔진·SMR에 1조원 투자 - 경향신문",https://news.google.com/rss/articles/CBMiWkFVX3lxTE1TbEE2cTZvRDFtUUJDS1EzeXVtb0UxaVlsN013UDIzZTNVVUU3aVNxaDYxeG14NjdnRjA1WVBSYnFyVW9CYVNmMEZLRDZBbk1id0l3RnM5SDM4d9IBX0FVX3lxTE0zX2Z4eDFfVzBXNFRsejNmRm53RkNZSHdsTUZvQ3Izd3ZPVnRWQXF2aGh4cENjQTlRd0dqcVVjdXBobkdrakF0MGlYaDA2QTlTV09FbWl3RVB3QTliSTFj?oc=5,"Thu, 10 Sep 2026 11:09:00 GMT",경향신문,원전/에너지,https://news.google.com/rss/articles/CBMiWkFVX3lxTE1TbEE2cTZvRDFtUUJDS1EzeXVtb0UxaVlsN013UDIzZTNVVUU3aVNxaDYxeG14NjdnRjA1WVBSYnFyVW9CYVNmMEZLRDZBbk1id0l3RnM5SDM4d9IBX0FVX3lxTE0zX2Z4eDFfVzBXNFRsejNmRm53RkNZSHdsTUZvQ3Izd3ZPVnRWQXF2aGh4cENjQTlRd0dqcVVjdXBobkdrakF0MGlYaDA2QTlTV09FbWl3RVB3QTliSTFj?oc=5,,False,본문 수집 제한 개수를 초과했습니다.,False,,2026-09-13 09:12:55
국내,SMR,SMR,SMR,"경남, SMR 제조거점 육성…원천기술 확보도(종합) - 국제신문",https://news.google.com/rss/articles/CBMijgFBVV95cUxPS1o2ZEZvcnZBMGs5Yi1tYmJ3SEk1N3NFVFg5aU5zM0FiNEVVc0duejE1SFY2Z2R4UTFpWE5qaHBXQkcxTFc5UXZtNWo2ZFBLRklJQUVnNmFQVEZhNGwxQTlfLWxkSzBVRDBDX1F5UVR5Ym9aT2RKaXdSZ041SVJPN0JPQ0hLaUQ2aVMzS0NR?oc=5,"Thu, 10 Sep 2026 10:37:00 GMT",국제신문,원전/에너지,https://news.google.com/rss/articles/CBMijgFBVV95cUxPS1o2ZEZvcnZBMGs5Yi1tYmJ3SEk1N3NFVFg5aU5zM0FiNEVVc0duejE1SFY2Z2R4UTFpWE5qaHBXQkcxTFc5UXZtNWo2ZFBLRklJQUVnNmFQVEZhNGwxQTlfLWxkSzBVRDBDX1F5UVR5Ym9aT2RKaXdSZ041SVJPN0JPQ0hLaUQ2aVMzS0NR?oc=5,,False,본문 수집 제한 개수를 초과했습니다.,False,,2026-09-13 09:12:55
국내,전력 수요,전력 수요,전력 수요,"HD현대중공업, 엔진·SMR에 1조 투자…AI 전력 수요 정조준 - 아시아경제",https://news.google.com/rss/articles/CBMiYkFVX3lxTFBGZW1yRlRWc1F3ZHNURHhSOURESHNObEhXUjBSY2xUa1p1SWRkUndpOEhhSUlBcEZqdVNuRTZyaHRSY3dJaEJQOTJKOWZrRzdsOURWYUJCZW55LTFzT1NfWTF3?oc=5,"Thu, 10 Sep 2026 05:25:09 GMT",아시아경제,원전/에너지,https://news.google.com/rss/articles/CBMiYkFVX3lxTFBGZW1yRlRWc1F3ZHNURHhSOURESHNObEhXUjBSY2xUa1p1SWRkUndpOEhhSUlBcEZqdVNuRTZyaHRSY3dJaEJQOTJKOWZrRzdsOURWYUJCZW55LTFzT1NfWTF3?oc=5,,False,본문 수집 제한 개수를 초과했습니다.,False,,2026-09-13 09:12:55
국내,전력 수요,전력 수요,전력 수요,추석 전력수요 47.3GW 전망…전력수급 안정화 대책 운영 - v.daum.net,https://news.google.com/rss/articles/CBMiT0FVX3lxTE1zbG05cC1HYkNrXzd6WDdIZ2ZkWTNEWEJrNEs5Ul9ZZ1d2S1had015el9sUHVZMXp5S0plYXB1UzA0d0w0RHkwd2RQV3pwZzg?oc=5,"Thu, 10 Sep 2026 01:03:00 GMT",v.daum.net,원전/에너지,https://news.google.com/rss/articles/CBMiT0FVX3lxTE1zbG05cC1HYkNrXzd6WDdIZ2ZkWTNEWEJrNEs5Ul9ZZ1d2S1had015el9sUHVZMXp5S0plYXB1UzA0d0w0RHkwd2RQV3pwZzg?oc=5,,False,본문 수집 제한 개수를 초과했습니다.,False,,2026-09-13 09:12:55
국내,에너지 정책,에너지 정책,에너지 정책,"[특별기고] 갈짓자 행보 에너지정책, 일보전진 이보후퇴인가 - ekn.kr",https://news.google.com/rss/articles/CBMiW0FVX3lxTE9ieGF1Y19fMmZHRGpSU0g4ZjFoaVRpc0pYTkxPZHlBZ1h4Y1NFVjhGM3Y1VnJSODl5ajg0Z2d5aXZpQnUxVHpWcXVZNmZHR3IyaUVNRmxRcWQzRDA?oc=5,"Mon, 31 Aug 2026 01:58:32 GMT",ekn.kr,원전/에너지,https://news.google.com/rss/articles/CBMiW0FVX3lxTE9ieGF1Y19fMmZHRGpSU0g4ZjFoaVRpc0pYTkxPZHlBZ1h4Y1NFVjhGM3Y1VnJSODl5ajg0Z2d5aXZpQnUxVHpWcXVZNmZHR3IyaUVNRmxRcWQzRDA?oc=5,,False,본문 수집 제한 개수를 초과했습니다.,False,,2026-09-13 09:12:55
국내,에너지 정책,에너지 정책,에너지 정책,[프로필] 이원주 靑 메가프로젝트 보좌관…'에너지 전문 관료' - 연합뉴스,https://news.google.com/rss/articles/CBMiW0FVX3lxTE1MeHAxWU9iN25YY3BhTXFRWG5pRWdyMUdORUFPRzRvem5yZ1V5Rmw5WFVGQTB3dXZJZlpmdHA3X3E4dDB4NUJjM18xV3VwVHRtOXRoWGdzbUVFR1HSAWBBVV95cUxQQVk2MGU1QXFIRmk4Tk5wLW5KamRoN1B1ZUFtRjNJWnJQUF9UZnk1Q1B0NHh2c2JGOVBNNVZpMGhNZEF6bU41NXNudGpwblkyODVQZ2UwenNrcHZ6WkJFNjY?oc=5,"Sun, 30 Aug 2026 07:00:00 GMT",연합뉴스,원전/에너지,https://news.google.com/rss/articles/CBMiW0FVX3lxTE1MeHAxWU9iN25YY3BhTXFRWG5pRWdyMUdORUFPRzRvem5yZ1V5Rmw5WFVGQTB3dXZJZlpmdHA3X3E4dDB4NUJjM18xV3VwVHRtOXRoWGdzbUVFR1HSAWBBVV95cUxQQVk2MGU1QXFIRmk4Tk5wLW5KamRoN1B1ZUFtRjNJWnJQUF9UZnk1Q1B0NHh2c2JGOVBNNVZpMGhNZEF6bU41NXNudGpwblkyODVQZ2UwenNrcHZ6WkJFNjY?oc=5,,False,본문 수집 제한 개수를 초과했습니다.,False,,2026-09-13 09:12:55
미국,SMR,SMR,SMR stock market earnings investment,Best Nuclear Energy Stocks for 2026 and How to Invest - The Motley Fool,https://news.google.com/rss/articles/CBMif0FVX3lxTE81bnNyMVpOaHZTMDhmRUpTX3BvNkZsYjlObU9oSnNhMHRXRUlCR21HMGQ2Rm5yMjc3TUozckdtZ3lRNmo5UmRqODI1WFA5aEFxVGdMT3RvdzZSeVZONVl3d1VSTVNiN0w5dE9IeVBydUJ2RncwcldKUXRjbWcyMGs?oc=5,"Thu, 10 Sep 2026 16:13:00 GMT",The Motley Fool,원전/에너지,https://www.fool.com/investing/stock-market/market-sectors/energy/nuclear/,www.fool.com,True,,True,,2026-09-13 09:12:55
미국,에너지 정책,에너지 정책,에너지 정책 stock market earnings investment,Weekly market commentary - BlackRock,https://news.google.com/rss/articles/CBMingFBVV95cUxQLWJDTjBBalYwVHVpc0VxV1BwRE1xeUt1RWlLQ1VJdnJQRXNnb3p6MnFNbjRBV0s0TnlldW4wSVIycFRQeVNISWJ3VV9wMWdjX1ZndE1Tc24tNzc0anNYWjl0SVBsRDhSa0dVTWlyVVYxX0w5b2JhTFB0Tm9Vb2FwYVZubTU1SVJlcy0zMEpXOEM4ZlhiSU1QazdVQVlldw?oc=5,"Tue, 08 Sep 2026 07:00:00 GMT",BlackRock,원전/에너지,https://www.blackrock.com/us/individual/insights/blackrock-investment-institute/weekly-commentary,www.blackrock.com,True,,True,,2026-09-13 09:12:55
미국,에너지 정책,에너지 정책,에너지 정책 stock market earnings investment,Stock Market Under the Trump Administration: What is Driving Markets in 2026? - U.S. Bank,https://news.google.com/rss/articles/CBMingFBVV95cUxPcUowVHR1VXAzd0Zfamw1MkVSejFsRGo1bkdGdHhjNVBZVFdwU3VpcE5neGJOeWl6RmdQVkFsYlcxNEVTRGg3WHNYSGR1d1BpTjV4T2NqdWdER3ZtQ0RVbU40WTcyRXRaTEM5bFZteVlYNE5EYkM1M1BaR0lYTGlUeFlTeDhVMzRaWFFqZEZhcGc3RFJoZy1qZy1mTGViQQ?oc=5,"Fri, 04 Sep 2026 07:00:00 GMT",U.S. Bank,원전/에너지,https://www.usbank.com/investing/financial-perspectives/market-news/stock-market-under-trump.html,www.usbank.com,True,,True,,2026-09-13 09:12:55
미국,SMR,SMR,SMR stock market earnings investment,"NuScale Power Drops 4.6% After Investors Weigh $4 Billion Valuation Against $75,000 Quarterly Revenue - TechStock²",https://news.google.com/rss/articles/CBMipgFBVV95cUxPc2E4ZHpzRmloYjFPMkFWa2szbzVCNTAzVUNGUUxnSnZaSUpzTWNPMHdhY1hpU3RjOENYU1lqeVk3VzlKeU5udk1la1F4UTQ5cjRrQnBZdURBWEg5TkcwS0lia1pZaGFwNWU4NGh0YXBlRWZtM3VjOXpDenBaMnRZQXkxbUExQ1FjRDMwYmY4eEtxTGZyU0hnZ2pSVGRWcURGOXJCVXhB?oc=5,"Sun, 30 Aug 2026 07:00:00 GMT",TechStock²,원전/에너지,https://ts2.tech/en/nuscale-power-stock-falls-4-6-as-4-billion-valuation-meets-75000-quarterly-revenue/,ts2.tech,True,,True,,2026-09-13 09:12:55
미국,SMR,SMR,SMR stock market earnings investment,"NuScale Power Stock Collapsed, And It Is Now Closer To Commercialization - Seeking Alpha",https://news.google.com/rss/articles/CBMimAFBVV95cUxNWHdiWWpETGlYWEZTVUctSE1faXFDYWtCYTRaVnhMSDEwNHNBZm9VWmJGTDYwTTFSMnJXSXhNUzkzVVliazc3RGg1TTY3UzgxTzJHWWxqc1VqTldndEg4RThwVnFVb0hVbkEyMkRlZm1FYVczeExrOEZOVEtnTTdlS1ZFU25FSmc5TjNhU05lMlFQZ3lOUWpDZA?oc=5,"Sat, 22 Aug 2026 07:00:00 GMT",Seeking Alpha,원전/에너지,https://news.google.com/rss/articles/CBMimAFBVV95cUxNWHdiWWpETGlYWEZTVUctSE1faXFDYWtCYTRaVnhMSDEwNHNBZm9VWmJGTDYwTTFSMnJXSXhNUzkzVVliazc3RGg1TTY3UzgxTzJHWWxqc1VqTldndEg4RThwVnFVb0hVbkEyMkRlZm1FYVczeExrOEZOVEtnTTdlS1ZFU25FSmc5TjNhU05lMlFQZ3lOUWpDZA?oc=5,,False,본문 수집 제한 개수를 초과했습니다.,False,,2026-09-13 09:12:55
미국,SMR,SMR,SMR stock market earnings investment,"NuScale Power Falls 6% With Q2 Revenue Drop to $75,000 and a New $750M Share Sale - 24/7 Wall St.",https://news.google.com/rss/articles/CBMivgFBVV95cUxORndkd0ZPOVUzbEdWbENPVnRxSXVxWVNXYmtXQWFvN1JyNGxtcDBzcUJuN0Rrb2dHNUJlWnRfLWZzVklnbkNSeTFCcmpNdHRhbE9pR3BsNHNRUmVxOU5XeVI2SmdlT09tcUtiZzNqbFlWY2lrOUJjenRzcXQyOHFNX0cwRGZ6Q3dRNHZxU0c2ZXJKdjU1ck9CNFV0MFRwX1psbnV4aG03YTNVdTFzVFhQaTV4LVp2LWM1XzRsbUlB?oc=5,"Tue, 18 Aug 2026 07:00:00 GMT",24/7 Wall St.,원전/에너지,https://news.google.com/rss/articles/CBMivgFBVV95cUxORndkd0ZPOVUzbEdWbENPVnRxSXVxWVNXYmtXQWFvN1JyNGxtcDBzcUJuN0Rrb2dHNUJlWnRfLWZzVklnbkNSeTFCcmpNdHRhbE9pR3BsNHNRUmVxOU5XeVI2SmdlT09tcUtiZzNqbFlWY2lrOUJjenRzcXQyOHFNX0cwRGZ6Q3dRNHZxU0c2ZXJKdjU1ck9CNFV0MFRwX1psbnV4aG03YTNVdTFzVFhQaTV4LVp2LWM1XzRsbUlB?oc=5,,False,본문 수집 제한 개수를 초과했습니다.,False,,2026-09-13 09:12:55
미국,원자력,원자력,원자력 stock market earnings investment,3 Nuclear Energy Stocks Powering the AI Boom in August - 24/7 Wall St.,https://news.google.com/rss/articles/CBMinwFBVV95cUxPRUE5ZU8yTTd2cHdwdGZJNTBoVFRXTmRuT2FGdWZjX2UyYUJsd01HVjZ6RFdJV19KOTB3S2hfbVJuNm5vdW9Jb0lEQ2pyZUVmWnp4NlBuanhpenZMVV9abV9CT2dCeEhRenBURmswX3JVdVVWUzRJMlJZNjRhdktrZWtSXzhzd2hOeDFjZG1QU25SMk5CV1hrR0VfRlBGQ1E?oc=5,"Fri, 07 Aug 2026 07:00:00 GMT",24/7 Wall St.,원전/에너지,https://news.google.com/rss/articles/CBMinwFBVV95cUxPRUE5ZU8yTTd2cHdwdGZJNTBoVFRXTmRuT2FGdWZjX2UyYUJsd01HVjZ6RFdJV19KOTB3S2hfbVJuNm5vdW9Jb0lEQ2pyZUVmWnp4NlBuanhpenZMVV9abV9CT2dCeEhRenBURmswX3JVdVVWUzRJMlJZNjRhdktrZWtSXzhzd2hOeDFjZG1QU25SMk5CV1hrR0VfRlBGQ1E?oc=5,,False,본문 수집 제한 개수를 초과했습니다.,False,,2026-09-13 09:12:55
미국,전력 수요,전력 수요,전력 수요 stock market earnings investment,Bloom Energy (BE) Rose on AI Data Center Power Demand - Yahoo Finance,https://news.google.com/rss/articles/CBMikwFBVV95cUxQd2pkampGd0NXUDc4aTlJSjcySXVXckJNUkV5S1dBUU42bUNybG5xbzljQmVzV0Z2YXV5X0xOeTV0YTFzQ1BTMnl4eHY1UU12MjVvcEk2dFBIeWVTWUZiSmNoNkVBcU1QeEZnUVBWOWRpZ05tUGZjUG9fQXBIZEUzNVRTMU5ybnl1ZE9Pb19Xc3RKUzA?oc=5,"Tue, 28 Jul 2026 07:00:00 GMT",Yahoo Finance,원전/에너지,https://news.google.com/rss/articles/CBMikwFBVV95cUxQd2pkampGd0NXUDc4aTlJSjcySXVXckJNUkV5S1dBUU42bUNybG5xbzljQmVzV0Z2YXV5X0xOeTV0YTFzQ1BTMnl4eHY1UU12MjVvcEk2dFBIeWVTWUZiSmNoNkVBcU1QeEZnUVBWOWRpZ05tUGZjUG9fQXBIZEUzNVRTMU5ybnl1ZE9Pb19Xc3RKUzA?oc=5,,False,본문 수집 제한 개수를 초과했습니다.,False,,2026-09-13 09:12:55
미국,SMR,SMR,SMR stock market earnings investment,Is SMR Stock Worth Buying After Its 2026 Valuation Reset? - Yahoo Finance,https://news.google.com/rss/articles/CBMilwFBVV95cUxOaFZSSVZGOHBkdUhkX0o0RVlTV0gweGhWYmY2TUFpWnR0RHlpWXNHeHl2Mm5VNXhKdmVLOUZ0S2ZrblpjZkVMbm5WRU82RDRTYjFqU19HUjRZVGpZZFBqb21aY2R5X0hSa2RBMEFDV19fQV85ME9PREFwNlFFbVZDYjFWX21scnVtUDdoVzZuVHNiYnFFZ0tF?oc=5,"Fri, 24 Jul 2026 07:00:00 GMT",Yahoo Finance,원전/에너지,https://news.google.com/rss/articles/CBMilwFBVV95cUxOaFZSSVZGOHBkdUhkX0o0RVlTV0gweGhWYmY2TUFpWnR0RHlpWXNHeHl2Mm5VNXhKdmVLOUZ0S2ZrblpjZkVMbm5WRU82RDRTYjFqU19HUjRZVGpZZFBqb21aY2R5X0hSa2RBMEFDV19fQV85ME9PREFwNlFFbVZDYjFWX21scnVtUDdoVzZuVHNiYnFFZ0tF?oc=5,,False,본문 수집 제한 개수를 초과했습니다.,False,,2026-09-13 09:12:55
미국,원자력,원자력,원자력 stock market earnings investment,Prediction: This Stock Could Become a Leader in Advanced Nuclear Energy - 24/7 Wall St.,https://news.google.com/rss/articles/CBMitAFBVV95cUxNNDl3SWw1X1hIdEdyVW56aHE4WlNSVFJGNWFYcjViM19HaTZSRERVWWYtUE1nQ0tmZDdwVzhCRlN5alAzeVhFOWRjSFdRSmRjR25kZnJyWHdkdHlpcGVTbnduYkNBOHNMVHI4c2Z0aE9sUHJrZFl6Z0ZsaUY3VUlDZnVoX0FPaVdIaW1LQ25uaTFSU2wzaDRHOTJMNmFDWDZnekxqV0ViZ3FhLWRVWW01Uk50WUQ?oc=5,"Wed, 22 Jul 2026 07:00:00 GMT",24/7 Wall St.,원전/에너지,https://news.google.com/rss/articles/CBMitAFBVV95cUxNNDl3SWw1X1hIdEdyVW56aHE4WlNSVFJGNWFYcjViM19HaTZSRERVWWYtUE1nQ0tmZDdwVzhCRlN5alAzeVhFOWRjSFdRSmRjR25kZnJyWHdkdHlpcGVTbnduYkNBOHNMVHI4c2Z0aE9sUHJrZFl6Z0ZsaUY3VUlDZnVoX0FPaVdIaW1LQ25uaTFSU2wzaDRHOTJMNmFDWDZnekxqV0ViZ3FhLWRVWW01Uk50WUQ?oc=5,,False,본문 수집 제한 개수를 초과했습니다.,False,,2026-09-13 09:12:55
미국,에너지 정책,에너지 정책,에너지 정책 stock market earnings investment,Market Know-How 3Q 2026: The Geo Paradigm - Goldman Sachs Asset Management,https://news.google.com/rss/articles/CBMic0FVX3lxTE56QlRSLUFNR0lra0dabzgxMTJwWkZRZzh4YnpLUFVncm0xSkZWN0pkaUpjdGY1MGtrVnJpR2gxQVkzNFhCMHJTcXItZk5KQUhBRkdZS0x5VzNMTXp3OEptRWxrWjBTTUdNZk83NVh3VlZRSU0?oc=5,"Mon, 06 Jul 2026 07:00:00 GMT",Goldman Sachs Asset Management,원전/에너지,https://news.google.com/rss/articles/CBMic0FVX3lxTE56QlRSLUFNR0lra0dabzgxMTJwWkZRZzh4YnpLUFVncm0xSkZWN0pkaUpjdGY1MGtrVnJpR2gxQVkzNFhCMHJTcXItZk5KQUhBRkdZS0x5VzNMTXp3OEptRWxrWjBTTUdNZk83NVh3VlZRSU0?oc=5,,False,본문 수집 제한 개수를 초과했습니다.,False,,2026-09-13 09:12:55
미국,원자력,원자력,원자력 stock market earnings investment,Bloom Energy (BE) Faces Fresh AI Data Center Power Competition From Gas And Nuclear - Yahoo Finance,https://news.google.com/rss/articles/CBMijAFBVV95cUxNRDg1QXg1LXViTUlreWJuU0M1UHYxOTJ4WEk3bHZtR1RpU3ZjdDNjdWtaWlhZanVYTnIyWV9Ld3dPNDU0TWxydTdCNHlyVUxLeEl3N2lMYV9TalVwakhGQ2ZyenBvRnZKUHlQT1BKVEs5SEg1ZThEWWpERVNrZThldmdacUZ1TDhaNDM0ag?oc=5,"Wed, 24 Jun 2026 07:00:00 GMT",Yahoo Finance,원전/에너지,https://news.google.com/rss/articles/CBMijAFBVV95cUxNRDg1QXg1LXViTUlreWJuU0M1UHYxOTJ4WEk3bHZtR1RpU3ZjdDNjdWtaWlhZanVYTnIyWV9Ld3dPNDU0TWxydTdCNHlyVUxLeEl3N2lMYV9TalVwakhGQ2ZyenBvRnZKUHlQT1BKVEs5SEg1ZThEWWpERVNrZThldmdacUZ1TDhaNDM0ag?oc=5,,False,본문 수집 제한 개수를 초과했습니다.,False,,2026-09-13 09:12:55
미국,전력 수요,전력 수요,전력 수요 stock market earnings investment,AI Needs Power: 5 Dividend Stocks Quietly Funding the Datacenter Boom - 24/7 Wall St.,https://news.google.com/rss/articles/CBMisgFBVV95cUxQeTBOQTRabVpjZnZLWXVNd191VGpWUUN3blBmazlVQTdIYmlONW5hbFNVQk9wSTBoQTN2NEZkcUVPb1lVYy1uUFlPUTdkNHh3TVlMNXlxUFQ1WEYzbzVIcWdYWG16MnZNTnFPSzZaaWpYNjRrVmNqVGpvVF9aX0s4M2hHTTJ3cnJselg1djRzTEo1Y2VYNGhDTFBwbjQ2b210Vl9DcUNUcnZXcTdxUTVKUF93?oc=5,"Mon, 08 Jun 2026 07:00:00 GMT",24/7 Wall St.,원전/에너지,https://news.google.com/rss/articles/CBMisgFBVV95cUxQeTBOQTRabVpjZnZLWXVNd191VGpWUUN3blBmazlVQTdIYmlONW5hbFNVQk9wSTBoQTN2NEZkcUVPb1lVYy1uUFlPUTdkNHh3TVlMNXlxUFQ1WEYzbzVIcWdYWG16MnZNTnFPSzZaaWpYNjRrVmNqVGpvVF9aX0s4M2hHTTJ3cnJselg1djRzTEo1Y2VYNGhDTFBwbjQ2b210Vl9DcUNUcnZXcTdxUTVKUF93?oc=5,,False,본문 수집 제한 개수를 초과했습니다.,False,,2026-09-13 09:12:55
미국,전력 수요,전력 수요,전력 수요 stock market earnings investment,"GE Vernova (GEV) Crushes Estimates in the First Quarter, Raises 2026 Guidance - Yahoo Finance",https://news.google.com/rss/articles/CBMingFBVV95cUxPa19HS2dMZzBqOFNUSF9PMWpVNUx4Zy1pM1ViZEdISkFyS0hyU0FuN2Fpc29ia0JQZHA4Zk5FNld5em5RUmFwcXp2RUwzR0J5V1ozNmpBVEVWQTU2RU5pZE9SOE9XdEdITGdoQk5EZ01FX0Q1aTNCZDROeHFEZlhoUjRzQU5lZ2JpaGtGWDQzSjMzSVdjeGs5T1BabGRQZw?oc=5,"Mon, 18 May 2026 07:00:00 GMT",Yahoo Finance,원전/에너지,https://news.google.com/rss/articles/CBMingFBVV95cUxPa19HS2dMZzBqOFNUSF9PMWpVNUx4Zy1pM1ViZEdISkFyS0hyU0FuN2Fpc29ia0JQZHA4Zk5FNld5em5RUmFwcXp2RUwzR0J5V1ozNmpBVEVWQTU2RU5pZE9SOE9XdEdITGdoQk5EZ01FX0Q1aTNCZDROeHFEZlhoUjRzQU5lZ2JpaGtGWDQzSjMzSVdjeGs5T1BabGRQZw?oc=5,,False,본문 수집 제한 개수를 초과했습니다.,False,,2026-09-13 09:12:55
미국,원자력,원자력,원자력 stock market earnings investment,"Constellation Energy Just Became the Largest Private Power Producer in the World, Here Is What That Means for Investors - TIKR.com",https://news.google.com/rss/articles/CBMi3AFBVV95cUxOU2wzcFpqQkVodVhlQ0JRaEVNNmVnT21FYTNBMnZDXzI3NUgtQ2tBRF94ZXY3TFdyMXBxckU2eGFMS1BzX3drbjY2dl9WekpNSHc1M1hCbm1xbVBMVWtmUnA4NmdDenFsd2hzRE43b3ZmNVd6T2lrQkNIZlZhWUtaVjZ4Zlh3bWZURl9ENnMxc3J1WWdDNHZmeUZXX3ZnWUVPSFdwZDJaYVE0RFFmWHdvOEJSX1oxeEowSVNZTTRVckRSNS1IU3JjdUxmYlhxeURPWFdoaDF2STl0eUEt?oc=5,"Fri, 08 May 2026 07:00:00 GMT",TIKR.com,원전/에너지,https://news.google.com/rss/articles/CBMi3AFBVV95cUxOU2wzcFpqQkVodVhlQ0JRaEVNNmVnT21FYTNBMnZDXzI3NUgtQ2tBRF94ZXY3TFdyMXBxckU2eGFMS1BzX3drbjY2dl9WekpNSHc1M1hCbm1xbVBMVWtmUnA4NmdDenFsd2hzRE43b3ZmNVd6T2lrQkNIZlZhWUtaVjZ4Zlh3bWZURl9ENnMxc3J1WWdDNHZmeUZXX3ZnWUVPSFdwZDJaYVE0RFFmWHdvOEJSX1oxeEowSVNZTTRVckRSNS1IU3JjdUxmYlhxeURPWFdoaDF2STl0eUEt?oc=5,,False,본문 수집 제한 개수를 초과했습니다.,False,,2026-09-13 09:12:55
미국,원자력,원자력,원자력 stock market earnings investment,Agnico Eagle Mines Limited Q1 2026 Earnings Call Summary - Yahoo Finance,https://news.google.com/rss/articles/CBMioAFBVV95cUxQTnQ5b0dzd3AtVDdha0JrR2VBU21xQm1hc1NId1JqSlByREkwYk9NdTRoQ2FQSjltMm5IR3NnNWExMUVKZC1aVFRiNVBwcV9OZHdnUG1ZT1RSMldwdXBLSFpRLWJnTy1peDhIN2ktQnA0S0NvT2FGeDhIcmhQVm5FX19pLXVjZ0ZKNV9ZR0ZHUDBzTWtuelVydnFQSFBBOWZo?oc=5,"Fri, 01 May 2026 07:00:00 GMT",Yahoo Finance,원전/에너지,https://news.google.com/rss/articles/CBMioAFBVV95cUxQTnQ5b0dzd3AtVDdha0JrR2VBU21xQm1hc1NId1JqSlByREkwYk9NdTRoQ2FQSjltMm5IR3NnNWExMUVKZC1aVFRiNVBwcV9OZHdnUG1ZT1RSMldwdXBLSFpRLWJnTy1peDhIN2ktQnA0S0NvT2FGeDhIcmhQVm5FX19pLXVjZ0ZKNV9ZR0ZHUDBzTWtuelVydnFQSFBBOWZo?oc=5,,False,본문 수집 제한 개수를 초과했습니다.,False,,2026-09-13 09:12:55
미국,전력 수요,전력 수요,전력 수요 stock market earnings investment,GE Vernova lifts 2026 outlook as AI boom fuels power equipment demand By Reuters - Investing.com,https://news.google.com/rss/articles/CBMiuwFBVV95cUxQbUpFMWdLZGhVb0JHUVlzZndSUERzWU5YRjR6R1NROE0wTjRObDIwNGlMVTRWV0hOSGxFQzFrUG5OdmFnS2h5U3RBRVBNa1pqM1RqX3QzTVM5WmYybWlkWXJSYm9nY3NXQVhnRUxLWnlOZTU2bVA3SGRoamc4VHFtbjY3ZUhfQzhnQUtIaGkwZXk5clZRZzViM3FIeFplSFFhNWlpZl9kSDItWkI0akYteV9mZ1VYYWhDYi00?oc=5,"Wed, 22 Apr 2026 07:00:00 GMT",Investing.com,원전/에너지,https://news.google.com/rss/articles/CBMiuwFBVV95cUxQbUpFMWdLZGhVb0JHUVlzZndSUERzWU5YRjR6R1NROE0wTjRObDIwNGlMVTRWV0hOSGxFQzFrUG5OdmFnS2h5U3RBRVBNa1pqM1RqX3QzTVM5WmYybWlkWXJSYm9nY3NXQVhnRUxLWnlOZTU2bVA3SGRoamc4VHFtbjY3ZUhfQzhnQUtIaGkwZXk5clZRZzViM3FIeFplSFFhNWlpZl9kSDItWkI0akYteV9mZ1VYYWhDYi00?oc=5,,False,본문 수집 제한 개수를 초과했습니다.,False,,2026-09-13 09:12:55
미국,전력 수요,전력 수요,전력 수요 stock market earnings investment,Cameco in 3 Years: What the Energy Supercycle Could Mean for This Stock - The Motley Fool,https://news.google.com/rss/articles/CBMimAFBVV95cUxOcjE2cmZ0WXU3MmJwVlk4eWtHYWlfY2xBRnJ2bkJNNFE0b1pyMWxQdmlZZzlaOTl3UVVjb1p5bFduLVNfc25MeXpaSzN3T2lDOWd5Zkp4bW1GX2Vuc2hNeUx0M3hpdEVFNHAybDFhWVpLcXE5d1RHS2xNWEEzRVNhaV9xOUNXN09yTFU3S0ZyUXhPeUdfMkVXdw?oc=5,"Mon, 13 Apr 2026 07:00:00 GMT",The Motley Fool,원전/에너지,https://news.google.com/rss/articles/CBMimAFBVV95cUxOcjE2cmZ0WXU3MmJwVlk4eWtHYWlfY2xBRnJ2bkJNNFE0b1pyMWxQdmlZZzlaOTl3UVVjb1p5bFduLVNfc25MeXpaSzN3T2lDOWd5Zkp4bW1GX2Vuc2hNeUx0M3hpdEVFNHAybDFhWVpLcXE5d1RHS2xNWEEzRVNhaV9xOUNXN09yTFU3S0ZyUXhPeUdfMkVXdw?oc=5,,False,본문 수집 제한 개수를 초과했습니다.,False,,2026-09-13 09:12:55
미국,에너지 정책,에너지 정책,에너지 정책 stock market earnings investment,Daily: Stick to an investment plan amid uncertainty - UBS,https://news.google.com/rss/articles/CBMivwFBVV95cUxQaHo4SmJTNHhndll3N0thakZtTGgzVUg4NDV0SFBxamFkWGVFUUtQak84cE05X0QyOXdvUkQ5TG1saWhVTHdZaEg4Tk1ZNnVVWHFJOXE5MnQ2NWZYY0g5Y2szcUZ4QXVhVUx2X0d3WW5COWFMeDBOZzBBQzJzRjlhZGkyWTNhelVjZHA2MS1Bc0ZYbG83a1N0SWhPS05hcW5PbWxzdGowdDB5azhzaXRZN1VUT3lTZzR0ckF4dnhxZw?oc=5,"Fri, 27 Mar 2026 07:00:00 GMT",UBS,원전/에너지,https://news.google.com/rss/articles/CBMivwFBVV95cUxQaHo4SmJTNHhndll3N0thakZtTGgzVUg4NDV0SFBxamFkWGVFUUtQak84cE05X0QyOXdvUkQ5TG1saWhVTHdZaEg4Tk1ZNnVVWHFJOXE5MnQ2NWZYY0g5Y2szcUZ4QXVhVUx2X0d3WW5COWFMeDBOZzBBQzJzRjlhZGkyWTNhelVjZHA2MS1Bc0ZYbG83a1N0SWhPS05hcW5PbWxzdGowdDB5azhzaXRZN1VUT3lTZzR0ckF4dnhxZw?oc=5,,False,본문 수집 제한 개수를 초과했습니다.,False,,2026-09-13 09:12:55
미국,에너지 정책,에너지 정책,에너지 정책 stock market earnings investment,Paying for Their Profits: How Ratepayers Foot the Bill for Soaring Utility Profits - Energy and Policy Institute,https://news.google.com/rss/articles/CBMiX0FVX3lxTFAzeHkyeU04aFl4Y0dZUWRqcWxTLU1NN01FQ2V0cWVSeHVfS0VNa19CeEFqZ0Mwakk4X201aWVCRWFnSHQ2bGRmclhkbEVWak9wSHZIWWZ4QW1MeG1fZnhj?oc=5,"Thu, 12 Mar 2026 07:00:00 GMT",Energy and Policy Institute,원전/에너지,https://news.google.com/rss/articles/CBMiX0FVX3lxTFAzeHkyeU04aFl4Y0dZUWRqcWxTLU1NN01FQ2V0cWVSeHVfS0VNa19CeEFqZ0Mwakk4X201aWVCRWFnSHQ2bGRmclhkbEVWak9wSHZIWWZ4QW1MeG1fZnhj?oc=5,,False,본문 수집 제한 개수를 초과했습니다.,False,,2026-09-13 09:12:55
미국,원전,원전,원전 stock market earnings investment,The 3 Best Nuclear Energy Stocks to Buy for 2026 - Yahoo Finance,https://news.google.com/rss/articles/CBMif0FVX3lxTFA2VFp5NGQtV3hkc1NnekZJN2p4ZkpjemIzWEwtZmMyZFZkWUtQVWRDWUFsNS1hTE5RTkRWdVdkZ3VLS2VHVjl1NW14NDhTV3F0bkpWMGRJeGxlU0lfNVhLOWdaRk1NSGxycHJ2LW1CUnZ3MWVuODFsWENQcE5YVFE?oc=5,"Thu, 08 Jan 2026 08:00:00 GMT",Yahoo Finance,원전/에너지,https://news.google.com/rss/articles/CBMif0FVX3lxTFA2VFp5NGQtV3hkc1NnekZJN2p4ZkpjemIzWEwtZmMyZFZkWUtQVWRDWUFsNS1hTE5RTkRWdVdkZ3VLS2VHVjl1NW14NDhTV3F0bkpWMGRJeGxlU0lfNVhLOWdaRk1NSGxycHJ2LW1CUnZ3MWVuODFsWENQcE5YVFE?oc=5,,False,본문 수집 제한 개수를 초과했습니다.,False,,2026-09-13 09:12:55
일본,SMR,SMR,SMR 日本 株式市場 企業,ニュースケール・パワー【SMR】：株価・株式情報 - Yahoo!ファイナンス,https://news.google.com/rss/articles/CBMiTkFVX3lxTE5GRWxWZHdYSjVRTUlKQlBzSmY4eDMyY2Z0RExjSUNNTDVHdmdSRmlwTFBRVkw5TkZqWFpoS1BxTEVGbTFzUGNqalR4elc4Zw?oc=5,"Sat, 12 Sep 2026 17:47:44 GMT",Yahoo!ファイナンス,원전/에너지,https://finance.yahoo.co.jp/quote/SMR,finance.yahoo.co.jp,True,,True,,2026-09-13 09:12:55
일본,SMR,SMR,SMR 日本 株式市場 企業,「SMR（小型モジュール炉）」関連銘柄を紹介！ AIによる電力需要の増大を背景に、日米両政府や大手ITが開発を進める“次世代原子炉”関連の中小型株に注目 - ダイヤモンド・オンライン,https://news.google.com/rss/articles/CBMiU0FVX3lxTE9tYmlEeDdYUnl6R0h3Xy1rcnBnbHdKZHpYbGJ5V3RYR0lIeXJzWkp0MzhSZ1JIZmpGYUV0cTlnc3dsdU9BcWdIc2diNnhfNk9hTHBZ?oc=5,"Fri, 19 Jun 2026 07:00:00 GMT",ダイヤモンド・オンライン,원전/에너지,https://diamond.jp/zai/articles/-/1068973,diamond.jp,True,,True,,2026-09-13 09:12:55
일본,SMR,SMR,SMR 日本 株式市場 企業,日本の650億ドル規模の原子力投資、米国のSMR関連株を急騰させる - BigGo ファイナンス,https://news.google.com/rss/articles/CBMiX0FVX3lxTFBXWTJNVHpLcmt1ZzhGMllTS0txRDl4Q3gtekxub05CcHRaT1pia2ZVdFY2TDlISlZWd2pzZ3RYMFRIUXhEVVdfUkRaWHp2ZDA3Rm85UVJEdFRhczk3V2RR?oc=5,"Mon, 15 Jun 2026 07:00:00 GMT",BigGo ファイナンス,원전/에너지,https://finance.biggo.jp/news/LEHjzJ4BDB8U4LcZqZ86,finance.biggo.jp,True,,True,,2026-09-13 09:12:55
일본,SMR,SMR,SMR 日本 株式市場 企業,【日本株】AI時代の電力需要をどう満たすか。「GX2.0」で再評価される原子力・SMR関連銘柄 - マネクリ,https://news.google.com/rss/articles/CBMiVEFVX3lxTE9JaWVWNXp3bGdOODNEYTZFRVhOOWRreC13NkU4TWoxcXFkeTB6bEc3SHcwNXFTWHBUTVYtbGJoeFZXX2FybVRLdkd5aDFDNDhGTDRfaNIBV0FVX3lxTE1XblpERGJQazR6Y2xmZXFNT0lGX29OMnNtZlZER3lvUVU2MkFJRXQ1YzJUYzRwWXBxYkJxazZrejNUaDN5VmhOMGdVWnctYl9MSWZxNk1QWQ?oc=5,"Wed, 18 Mar 2026 07:00:00 GMT",マネクリ,원전/에너지,https://media.monex.co.jp/articles/-/28997,media.monex.co.jp,True,,True,,2026-09-13 09:12:55
일본,SMR,SMR,SMR 日本 株式市場 企業,対米投資「第2弾」？ 三菱重工など次世代原子炉「SMR」関連株/日経平均続伸【今日の注目株＆日本株市場見通し】「デイリーZAi」2月19日号 - ダイヤモンド・オンライン,https://news.google.com/rss/articles/CBMiU0FVX3lxTE1qQ2tZMkRpcS1kcEQyT29KaHhOWWN5RG9PLUJJQXVUc19paWw4aUpQa05ueWxBTWNzWG1qanNZS211N0t2QVhzUVY5cGdnSmhkYlVn?oc=5,"Thu, 19 Feb 2026 10:10:48 GMT",ダイヤモンド・オンライン,원전/에너지,https://news.google.com/rss/articles/CBMiU0FVX3lxTE1qQ2tZMkRpcS1kcEQyT29KaHhOWWN5RG9PLUJJQXVUc19paWw4aUpQa05ueWxBTWNzWG1qanNZS211N0t2QVhzUVY5cGdnSmhkYlVn?oc=5,,False,본문 수집 제한 개수를 초과했습니다.,False,,2026-09-13 09:12:55
중동,SMR,SMR nuclear Middle East,SMR nuclear Middle East Middle East Gulf Saudi UAE Qatar oil LNG defense energy investment,Saudi Arabia’s Nuclear Turn: Power Beyond Electricity - Arab Center Washington DC,https://news.google.com/rss/articles/CBMijwFBVV95cUxQS0QwdnVVOGFzaTBfdGNmai0ybXNOb0RCcVlHWFVWVUZqSkY3cWRpT01hUUtsWHdkOWxuYjNwRUVMR0JnTHlqZU9OSnRWSGxuRHR0Zlc3MktvcDJYck5JNVRUNXNDdkRIbHBiaWlIN3VkbTlMNml6Um84S1hWQkJhb2JRaGFqaFRreHFQc2h3Zw?oc=5,"Thu, 27 Aug 2026 19:02:53 GMT",Arab Center Washington DC,원전/에너지,https://arabcenterdc.org/resource/saudi-arabias-nuclear-turn-power-beyond-electricity/,arabcenterdc.org,True,,True,,2026-09-13 09:12:55
중동,원전,nuclear power Saudi UAE,nuclear power Saudi UAE Middle East Gulf Saudi UAE Qatar oil LNG defense energy investment,"Weapons, AI and nuclear power: Trump's Middle East formula - calcalistech.com",https://news.google.com/rss/articles/CBMiZ0FVX3lxTFAyeWxHOVU1SUIwMDZsVlJSYVJ1SWF0b1ByS0xIdEpkLTRTa0NJS0ZCQU80cUlrOGl2emhrTWtiLWJNMDNlSkpEMlRHVXRxeC1nT1NjMmhEN05md21hVEY3Mk1vaUZoY2s?oc=5,"Mon, 27 Jul 2026 07:00:00 GMT",calcalistech.com,원전/에너지,https://www.calcalistech.com/ctechnews/article/bajlcaz2p,www.calcalistech.com,True,,True,,2026-09-13 09:12:55
중동,원전,nuclear power Saudi UAE,nuclear power Saudi UAE Middle East Gulf Saudi UAE Qatar oil LNG defense energy investment,Iran Conflict Hits Foundations of Gulf Economies - Stimson Center,https://news.google.com/rss/articles/CBMihAFBVV95cUxONXl4UGVOQWN4bEtObEF6aHQyUUVPeWZUMFVQejJDcTE3RGpSVFBqcjRXdEc0cVBVN2xDWUNhLURMVEdaQlBMTGNXOEtMQWQxc0htS3c0bDByMUtNZkRGM2hEQlo5eGpwRGRoRnlYZTZTdERFcjFXWDhaVmVIWGJzTzlxTG4?oc=5,"Tue, 12 May 2026 07:00:00 GMT",Stimson Center,원전/에너지,https://www.stimson.org/2026/iran-conflict-hits-foundations-of-gulf-economies/,www.stimson.org,True,,True,,2026-09-13 09:12:55
중동,원전,nuclear power Saudi UAE,nuclear power Saudi UAE Middle East Gulf Saudi UAE Qatar oil LNG defense energy investment,Qatar’s Strategic Balancing Amid Escalation and Disruption - Middle East Council on Global Affairs,https://news.google.com/rss/articles/CBMilwFBVV95cUxPdlVPWE5iOVJEN2ZSNkxGUjhlMVE0WDRhSjZaU2JIMzhudWJRQ1p5WTJXMDJ5YXMzZHY2bkw1U0JKTUZ4XzJLaGkxWDZOVHJJX3MtMF9qLWFnRFlNV3FxcE84QjhWTDd1cUxPUlFDd2lmWk5VQWJnVWxodU9QOHY5MTJ4TTBqVzBOYUdZLU1rNzI5WEt0Z0hr?oc=5,"Mon, 04 May 2026 10:31:17 GMT",Middle East Council on Global Affairs,원전/에너지,https://mecouncil.org/publication/qatars-strategic-balancing-amid-escalation-and-disruption/,mecouncil.org,True,,True,,2026-09-13 09:12:55
중동,원전,nuclear power Saudi UAE,nuclear power Saudi UAE Middle East Gulf Saudi UAE Qatar oil LNG defense energy investment,Here’s A List Of Gulf Energy Infrastructure Damaged In Iran War - gCaptain,https://news.google.com/rss/articles/CBMijAFBVV95cUxPSjgtRGdydDNncm9NX3F3OFlpZW5PMTJlNFM3d1VRUnd0azJqVm9pSWdYcTgtNXBNbzVYcDJuZTRoSGo4TkJsd0VISmNXUzBUMGM4QTJ1YjAzdGlUNUF2R0hGOHktSjNJZENnQzVoQWJNM18yUXlVdmUtU2J6Wl9zRG12UVkxZm9YNXNaOA?oc=5,"Sat, 11 Apr 2026 07:00:00 GMT",gCaptain,원전/에너지,https://news.google.com/rss/articles/CBMijAFBVV95cUxPSjgtRGdydDNncm9NX3F3OFlpZW5PMTJlNFM3d1VRUnd0azJqVm9pSWdYcTgtNXBNbzVYcDJuZTRoSGo4TkJsd0VISmNXUzBUMGM4QTJ1YjAzdGlUNUF2R0hGOHktSjNJZENnQzVoQWJNM18yUXlVdmUtU2J6Wl9zRG12UVkxZm9YNXNaOA?oc=5,,False,본문 수집 제한 개수를 초과했습니다.,False,,2026-09-13 09:12:55
중동,원전,nuclear power Saudi UAE,nuclear power Saudi UAE Middle East Gulf Saudi UAE Qatar oil LNG defense energy investment,Here’s a List of Gulf Energy Infrastructure Damaged in Iran War - EnergyNow.com,https://news.google.com/rss/articles/CBMimwFBVV95cUxNQlM1bDVLeU5NUC1WRGZEY3YzX2twOTJROEczM2QwX3YwbTNTQzh0aWhOS0V5RV96ZGx1TGJOYjE0UkZVUFVJYWIzNWtYQXJ0VmdSWWc2ZXBEcVlHWTZUM0dDcE5TS1JWWkJ6c0RuWHQxZEJDT0ZDd2hFbU9IY1lKVmhKQXlVQ09hd0R1XzRhRkZwajVpOTNsZWo2WQ?oc=5,"Mon, 06 Apr 2026 17:59:45 GMT",EnergyNow.com,원전/에너지,https://news.google.com/rss/articles/CBMimwFBVV95cUxNQlM1bDVLeU5NUC1WRGZEY3YzX2twOTJROEczM2QwX3YwbTNTQzh0aWhOS0V5RV96ZGx1TGJOYjE0UkZVUFVJYWIzNWtYQXJ0VmdSWWc2ZXBEcVlHWTZUM0dDcE5TS1JWWkJ6c0RuWHQxZEJDT0ZDd2hFbU9IY1lKVmhKQXlVQ09hd0R1XzRhRkZwajVpOTNsZWo2WQ?oc=5,,False,본문 수집 제한 개수를 초과했습니다.,False,,2026-09-13 09:12:55
중동,SMR,SMR nuclear Middle East,SMR nuclear Middle East Middle East Gulf Saudi UAE Qatar oil LNG defense energy investment,What Happens If Gulf Producers Deploy ‘Nuclear Option’ To End Middle East War? - Yahoo Finance,https://news.google.com/rss/articles/CBMiiwFBVV95cUxQQW1ZUE9nMUJfTFhZSUlYTGF5NkFaOS1nWk5DUW00dzlJVjR5OTRUUm1Dd2tMc3hPT29wYUJGZnhqQzdiaXlRTXZJdWNwTWxpOGc1WnMySVUwS09xRkF4V0lDTHMtcXVLLVgzT0Zyd1BLOFhEZEJaNlR1cEN6VG04TG9XcnQ5dlJQT0Fr?oc=5,"Mon, 16 Mar 2026 07:00:00 GMT",Yahoo Finance,원전/에너지,https://news.google.com/rss/articles/CBMiiwFBVV95cUxQQW1ZUE9nMUJfTFhZSUlYTGF5NkFaOS1nWk5DUW00dzlJVjR5OTRUUm1Dd2tMc3hPT29wYUJGZnhqQzdiaXlRTXZJdWNwTWxpOGc1WnMySVUwS09xRkF4V0lDTHMtcXVLLVgzT0Zyd1BLOFhEZEJaNlR1cEN6VG04TG9XcnQ5dlJQT0Fr?oc=5,,False,본문 수집 제한 개수를 초과했습니다.,False,,2026-09-13 09:12:55
중동,SMR,SMR nuclear Middle East,SMR nuclear Middle East Middle East Gulf Saudi UAE Qatar oil LNG defense energy investment,Middle East oil and gas: Six strategic themes from 2025 and what to watch in 2026 - Rystad Energy,https://news.google.com/rss/articles/CBMiugFBVV95cUxPQzhqeGVHamw3ZUs2M2JvOVhscHJLWmtfTWNRTFJYaXprdmVUVkxyTURzN1Vtdm1XRFZha3VJNE9rUlZuRHdNclVGNFhmQkVDaXBLZ0dpZDQwaXZCMFgzVUExZFN4dGFoVnRyM0tWUGpUWWxEejhGS3djdW5HNmFrX0FaMVZoTWc3V0JIbUV0bk9rTk0wLXNVRDUyZlAzSmN2YUVCVVA1UG9yb29jeXhRdml6TXdRNk93QWc?oc=5,"Tue, 06 Jan 2026 08:00:00 GMT",Rystad Energy,원전/에너지,https://news.google.com/rss/articles/CBMiugFBVV95cUxPQzhqeGVHamw3ZUs2M2JvOVhscHJLWmtfTWNRTFJYaXprdmVUVkxyTURzN1Vtdm1XRFZha3VJNE9rUlZuRHdNclVGNFhmQkVDaXBLZ0dpZDQwaXZCMFgzVUExZFN4dGFoVnRyM0tWUGpUWWxEejhGS3djdW5HNmFrX0FaMVZoTWc3V0JIbUV0bk9rTk0wLXNVRDUyZlAzSmN2YUVCVVA1UG9yb29jeXhRdml6TXdRNk93QWc?oc=5,,False,본문 수집 제한 개수를 초과했습니다.,False,,2026-09-13 09:12:55
중동,SMR,SMR nuclear Middle East,SMR nuclear Middle East Middle East Gulf Saudi UAE Qatar oil LNG defense energy investment,"MENA Energy Recap, Q1-2025: Tariffs and Sanctions Loom Large as Trump Returns - Middle East Institute",https://news.google.com/rss/articles/CBMinAFBVV95cUxPeFRKc1F5dG1XQzBrbnFKYmxlQ1FjQ1NXakhQd0V3UW50Mm9aRHVtMk9XVlo4TGNKS0hRN1pjSmlER3N6Z1BWMThvcFpYT3k3djBhdDhBeUNVVEZ4UWdWMDhBQ3B1ajIteS1FdUdmdWhsMFBMSkhadjY3bVI5bmYxMmRxSXNnX0NtNGRzUHhUc0lURVl5TktxYm5uNHQ?oc=5,"Tue, 15 Apr 2025 07:00:00 GMT",Middle East Institute,원전/에너지,https://news.google.com/rss/articles/CBMinAFBVV95cUxPeFRKc1F5dG1XQzBrbnFKYmxlQ1FjQ1NXakhQd0V3UW50Mm9aRHVtMk9XVlo4TGNKS0hRN1pjSmlER3N6Z1BWMThvcFpYT3k3djBhdDhBeUNVVEZ4UWdWMDhBQ3B1ajIteS1FdUdmdWhsMFBMSkhadjY3bVI5bmYxMmRxSXNnX0NtNGRzUHhUc0lURVl5TktxYm5uNHQ?oc=5,,False,본문 수집 제한 개수를 초과했습니다.,False,,2026-09-13 09:12:55
중동,SMR,SMR nuclear Middle East,SMR nuclear Middle East Middle East Gulf Saudi UAE Qatar oil LNG defense energy investment,An energy and sustainability road map for the Middle East - Atlantic Council,https://news.google.com/rss/articles/CBMiwAFBVV95cUxQbEZYSHhyeDM2bFFPRVV4Y0JULWliUU5nMF9nQXViZkhPR1lnazNaX2hTR2VPNkF5OG9jOHA1bmhvclBQQkwzQ3pnYmpTbHRHWWJQR1dRZk80dGR5NW5EX2Z3alpDZEdYR0hVVS1ERXBCeHJEa0syUTg2bVhOMjdHeUNON0RueGZ2U2FfWHRkbXVtZmJYWUpjNkx1WGpUS21MY3ZVR3JpcV9VTXlSWVB1ZWRHMVpxVWsyNDlURE96bHo?oc=5,"Fri, 22 Nov 2024 08:00:00 GMT",Atlantic Council,원전/에너지,https://news.google.com/rss/articles/CBMiwAFBVV95cUxQbEZYSHhyeDM2bFFPRVV4Y0JULWliUU5nMF9nQXViZkhPR1lnazNaX2hTR2VPNkF5OG9jOHA1bmhvclBQQkwzQ3pnYmpTbHRHWWJQR1dRZk80dGR5NW5EX2Z3alpDZEdYR0hVVS1ERXBCeHJEa0syUTg2bVhOMjdHeUNON0RueGZ2U2FfWHRkbXVtZmJYWUpjNkx1WGpUS21MY3ZVR3JpcV9VTXlSWVB1ZWRHMVpxVWsyNDlURE96bHo?oc=5,,False,본문 수집 제한 개수를 초과했습니다.,False,,2026-09-13 09:12:55
국내,편의점,편의점,편의점,"점포 줄이기 끝냈다...편의점 빅4, '똘똘한 점포' 늘린다 - 머니투데이 - 머니투데이",https://news.google.com/rss/articles/CBMiakFVX3lxTFBIVGUyb1UzbUx5WFZJR3lTam1sTXNienppaFZieGZkNFd6Xy1GT01kSkpHd0xRbzAyOV8wc0RQVWFoZkRYZlI1MnNXYmFKbV85WU5EVDdhR3lYRkt5MjJJNFNHTUd6MFRRT0HSAW9BVV95cUxQUERPVXU4UFlDd1RJUklkN1pEVlZkUGNfZmVhbDVQb3ltZ0N2blpRN2lJVTJ6QV9yRDRtUGNNR2xNMFloblIxWjQyYWhNY0RvVVFldkNXcTBma2I1cnFSZTdJcnBZRWJVcF9hTnBORzA?oc=5,"Sun, 13 Sep 2026 00:00:00 GMT",머니투데이,유통,https://www.mt.co.kr/living/2026/09/13/2026090714511271630,www.mt.co.kr,True,,True,,2026-09-13 09:13:26
국내,편의점,편의점,편의점,"매출 2배, 객단가도 ‘껑충’… 편의점 5만개 포화 뚫은 ‘특화 매장’ 매직 - v.daum.net",https://news.google.com/rss/articles/CBMiT0FVX3lxTFBxQ2ZGT3lQWnZhWWJRRmk0WElQQWF6NlYyeXhZcXdzUFZTT3NMNUoxbHZfbGJYQkxsN3BNT0V5bXFYcEV1SFhHM0tKSGpRY28?oc=5,"Sat, 12 Sep 2026 23:42:00 GMT",v.daum.net,유통,https://v.daum.net/v/20260913084207453,v.daum.net,True,,True,,2026-09-13 09:13:26
국내,백화점,백화점,백화점,"신세계 의정부점, 키즈관 재단장…백화점 최대 뉴발란스키즈 매장 연다 - v.daum.net",https://news.google.com/rss/articles/CBMiT0FVX3lxTE1jVEVBWUowZFQ5aE9fdWRDUnMxNVo5TnhTbjJkd1BaUXBiRTAyQnYwYmU0VlMyeVlBSGdzekJLX2pRX1cyNEE4YzQ1T0E0aFU?oc=5,"Sat, 12 Sep 2026 23:40:00 GMT",v.daum.net,유통,https://v.daum.net/v/20260913084037432,v.daum.net,True,,True,,2026-09-13 09:13:26
국내,백화점,백화점,백화점,"백화점 추석선물도 AI가 추천해준다…""AI부터 QR 주문까지"" - 뉴스1",https://news.google.com/rss/articles/CBMiX0FVX3lxTE5sdUNaQ3F3MkpLTWg4YUlOdHNjZXZFLWVjcGFEQ0pwNF9obFFWc3Naakw4YlhPcUtzRXBBdklvcFU1cXJxck1JMHhKeTRSTDdJYm1KaF94ZXhNRWlzOU9R0gFkQVVfeXFMTUhUTF9LSWtQYTNUc3lyVnRCTWpnaDBDZXhXeGF5NC04d0llTzlMQVlyUjhSMW1VRzBLYURfNkRBUHJBalRiUF95ZkZBV19JYm9rQ3dGYU9OQTc3NmMyVTlTRVZpTA?oc=5,"Sat, 12 Sep 2026 23:30:00 GMT",뉴스1,유통,https://news.google.com/rss/articles/CBMiX0FVX3lxTE5sdUNaQ3F3MkpLTWg4YUlOdHNjZXZFLWVjcGFEQ0pwNF9obFFWc3Naakw4YlhPcUtzRXBBdklvcFU1cXJxck1JMHhKeTRSTDdJYm1KaF94ZXhNRWlzOU9R0gFkQVVfeXFMTUhUTF9LSWtQYTNUc3lyVnRCTWpnaDBDZXhXeGF5NC04d0llTzlMQVlyUjhSMW1VRzBLYURfNkRBUHJBalRiUF95ZkZBV19JYm9rQ3dGYU9OQTc3NmMyVTlTRVZpTA?oc=5,,False,403 Client Error: Forbidden for url: https://www.news1.kr/local/daegu-gyeongbuk/6287652,True,,2026-09-13 09:13:26
국내,편의점,편의점,편의점,"'천편일률' 벗어던진 편의점…특화매장, 일반점 매출의 '2배' - v.daum.net",https://news.google.com/rss/articles/CBMiT0FVX3lxTE0zWDZhS3pjSE5sSHNQRWpac2ozdmdlUTQtS1FSZVh4MF9JY2VpRERRcnNudThoWDZhVklyUm8yOWQtMmtGOEhSR2NaYzZtaU0?oc=5,"Sat, 12 Sep 2026 22:13:02 GMT",v.daum.net,유통,https://news.google.com/rss/articles/CBMiT0FVX3lxTE0zWDZhS3pjSE5sSHNQRWpac2ozdmdlUTQtS1FSZVh4MF9JY2VpRERRcnNudThoWDZhVklyUm8yOWQtMmtGOEhSR2NaYzZtaU0?oc=5,,False,본문 수집 제한 개수를 초과했습니다.,False,,2026-09-13 09:13:26
국내,백화점,백화점,백화점,시장도 백화점도 없는데…세종서 어떻게 살아요? [100투더세종-7] - 세계일보,https://news.google.com/rss/articles/CBMiWEFVX3lxTE9PWHVSYXVVclhSUzRUQWtCRnRLaVNYVGZTdGpVb2g0cXloSWhfelpORkRob2gzLXg1Z2xBenlEZEhGam96UE81cm80R1g0VGhhdV9FRHhaUk_SAVRBVV95cUxQUGlTTFFYa0Vta1lXQkphRWk4QWhnTUdPeFh3dXVLVDNHQ0ozRkxTZGk4RDRvdGxNdG1nemtXMFh4UUtBM2EzZ2laaUludkhhNWtEbzI?oc=5,"Sat, 12 Sep 2026 21:00:00 GMT",세계일보,유통,https://news.google.com/rss/articles/CBMiWEFVX3lxTE9PWHVSYXVVclhSUzRUQWtCRnRLaVNYVGZTdGpVb2g0cXloSWhfelpORkRob2gzLXg1Z2xBenlEZEhGam96UE81cm80R1g0VGhhdV9FRHhaUk_SAVRBVV95cUxQUGlTTFFYa0Vta1lXQkphRWk4QWhnTUdPeFh3dXVLVDNHQ0ozRkxTZGk4RDRvdGxNdG1nemtXMFh4UUtBM2EzZ2laaUludkhhNWtEbzI?oc=5,,False,본문 수집 제한 개수를 초과했습니다.,False,,2026-09-13 09:13:26
국내,유통,유통,유통,"농식품부 송미령 장관, 추석 성수품 공급·유통 점검 - v.daum.net",https://news.google.com/rss/articles/CBMiT0FVX3lxTE5FbWo0VmFEbkdTX1doZnBfU2VNcjl1Z1FveEY5and4Q3ZDRFNSTmtfakU2STJBYnk4V2pYbDZEbkxvT0pubU53eDduVHVYclE?oc=5,"Sat, 12 Sep 2026 08:45:00 GMT",v.daum.net,유통,https://news.google.com/rss/articles/CBMiT0FVX3lxTE5FbWo0VmFEbkdTX1doZnBfU2VNcjl1Z1FveEY5and4Q3ZDRFNSTmtfakU2STJBYnk4V2pYbDZEbkxvT0pubU53eDduVHVYclE?oc=5,,False,본문 수집 제한 개수를 초과했습니다.,False,,2026-09-13 09:13:26
국내,유통,유통,유통,"송미령 장관, 안성 산지유통센터 방문⋯추석 성수품 수급 현장 점검 - 브릿지경제",https://news.google.com/rss/articles/CBMiWkFVX3lxTE83Nk1lNHl1WFlaejlXODVCXzVCX3htOVRkQkdLUXdLS0xlWFhaY2ZJNWd1UkdvTkd4V0hNLUxJU00xaWZLbDBPZk1iUEZJYjhSNFpMclFEZUJEUQ?oc=5,"Sat, 12 Sep 2026 08:29:00 GMT",브릿지경제,유통,https://news.google.com/rss/articles/CBMiWkFVX3lxTE83Nk1lNHl1WFlaejlXODVCXzVCX3htOVRkQkdLUXdLS0xlWFhaY2ZJNWd1UkdvTkd4V0hNLUxJU00xaWZLbDBPZk1iUEZJYjhSNFpMclFEZUJEUQ?oc=5,,False,본문 수집 제한 개수를 초과했습니다.,False,,2026-09-13 09:13:26
국내,유통,유통,유통,"농식품부 송미령 장관, 추석 성수품 공급·유통 점검 - 연합뉴스",https://news.google.com/rss/articles/CBMiW0FVX3lxTFBRUUEwLUlJNGZNMTlJLXNkN2tVUmw4OUp1V3YtSVdzc3pueVFfbWxqckVlQ2VBWU9Hc1FpVWc5WXpUMFNzdmJEMmNhUDRGQkNMVDVyRDczbUpQTFHSAWBBVV95cUxPNEFMV05kS0x6YjZ6Tlp5cEZaOXltcTNhTEV2VlE2R2lBaEhlNEtsMEt4UmxKN1JtWFk2VVl3aEpEWERHelRkRGFCaHhINWlWT3VqVTMySlFGQnFxRnVQWTA?oc=5,"Sat, 12 Sep 2026 07:30:00 GMT",연합뉴스,유통,https://news.google.com/rss/articles/CBMiW0FVX3lxTFBRUUEwLUlJNGZNMTlJLXNkN2tVUmw4OUp1V3YtSVdzc3pueVFfbWxqckVlQ2VBWU9Hc1FpVWc5WXpUMFNzdmJEMmNhUDRGQkNMVDVyRDczbUpQTFHSAWBBVV95cUxPNEFMV05kS0x6YjZ6Tlp5cEZaOXltcTNhTEV2VlE2R2lBaEhlNEtsMEt4UmxKN1JtWFk2VVl3aEpEWERHelRkRGFCaHhINWlWT3VqVTMySlFGQnFxRnVQWTA?oc=5,,False,본문 수집 제한 개수를 초과했습니다.,False,,2026-09-13 09:13:26
국내,편의점,편의점,편의점,"""한국 오면 꼭 사야해"" 올영도 다이소도 아닌 이곳 꼭 간다…외국인이 바꾼 '돈 버는 공식'[주末머니] - 아시아경제",https://news.google.com/rss/articles/CBMiYEFVX3lxTE1zUWVLWjlYQ1g2aUR0N0pxUHBETF9haG1rTVRBZUcya0lxNlNaRng2eHlNQlFNTHJsUDhweEFZSjBIUnpvanhTaHRMbTlHUWR6Zjg5NVJONkpILXBMOUxLSQ?oc=5,"Sat, 12 Sep 2026 05:00:00 GMT",아시아경제,유통,https://news.google.com/rss/articles/CBMiYEFVX3lxTE1zUWVLWjlYQ1g2aUR0N0pxUHBETF9haG1rTVRBZUcya0lxNlNaRng2eHlNQlFNTHJsUDhweEFZSjBIUnpvanhTaHRMbTlHUWR6Zjg5NVJONkpILXBMOUxLSQ?oc=5,,False,본문 수집 제한 개수를 초과했습니다.,False,,2026-09-13 09:13:26
국내,소비 회복,소비 회복,소비 회복,내수 회복 기대에 유통株 들썩… 청담글로벌·한화갤러리아 모처럼 함박웃음 - 핀포인트뉴스,https://news.google.com/rss/articles/CBMic0FVX3lxTFA0RV9RYTNUaUg3b3RCV3RtTWo0QkZrcUs0c1F5SFdkajEyT2JMVTB4aDYyZmVfWUM2WTNNc0lpT1BoTGxFMU1WWmRHVFFfZnVoNzdpcXR1SUwtVExEaWxDTU5CRXdEazZiMnVJc2didTFqbUXSAXdBVV95cUxNeE5DcndTVEczYnoxanNLOFpEVkFWeEFVd3pfazc2aDlQT0hVMmhPUjZ2RkJHRHBCSlN4VVV3b0RJM2FNT29MSExrREw5R0g4SkdWbmdwdTF0STVYSEVxejJ0bV9rUE9pc0xVNkZFdVdFTzhiNWNlWQ?oc=5,"Sat, 12 Sep 2026 04:46:23 GMT",핀포인트뉴스,유통,https://news.google.com/rss/articles/CBMic0FVX3lxTFA0RV9RYTNUaUg3b3RCV3RtTWo0QkZrcUs0c1F5SFdkajEyT2JMVTB4aDYyZmVfWUM2WTNNc0lpT1BoTGxFMU1WWmRHVFFfZnVoNzdpcXR1SUwtVExEaWxDTU5CRXdEazZiMnVJc2didTFqbUXSAXdBVV95cUxNeE5DcndTVEczYnoxanNLOFpEVkFWeEFVd3pfazc2aDlQT0hVMmhPUjZ2RkJHRHBCSlN4VVV3b0RJM2FNT29MSExrREw5R0g4SkdWbmdwdTF0STVYSEVxejJ0bV9rUE9pc0xVNkZFdVdFTzhiNWNlWQ?oc=5,,False,본문 수집 제한 개수를 초과했습니다.,False,,2026-09-13 09:13:26
국내,백화점,백화점,백화점,갈비·화장품 싸게 사고 팝업도 즐기고…추석 앞둔 유통가 할인전 - 조선일보,https://news.google.com/rss/articles/CBMiigFBVV95cUxPOHhZVkhERGlzVEdZUVVQSVdkeWthZzRHR04xSGRjUUt4YmhwbjRDNTRzcHJiYVc2QVpNNnFaaDZkaHl4a0cyZWJmcV9LSk1BZFVIbFNhS3A2YU94dC1ZM1RpbUVMRG0wb0hQZUNJa3drZmVLa2NwYXo0Zmp3dnVrTFhKc3E5dzdTb3c?oc=5,"Sat, 12 Sep 2026 04:09:16 GMT",조선일보,유통,https://news.google.com/rss/articles/CBMiigFBVV95cUxPOHhZVkhERGlzVEdZUVVQSVdkeWthZzRHR04xSGRjUUt4YmhwbjRDNTRzcHJiYVc2QVpNNnFaaDZkaHl4a0cyZWJmcV9LSk1BZFVIbFNhS3A2YU94dC1ZM1RpbUVMRG0wb0hQZUNJa3drZmVLa2NwYXo0Zmp3dnVrTFhKc3E5dzdTb3c?oc=5,,False,본문 수집 제한 개수를 초과했습니다.,False,,2026-09-13 09:13:26
국내,편의점,편의점,편의점,“햄보다 첨가물 더 많다?”…우리가 자주 먹는 편의점 단골 식품 2가지 - 경향신문,https://news.google.com/rss/articles/CBMiWkFVX3lxTE43clN0TVRBeFUwUG5TdFNmLXdCTHlNQXRiNmtwS1FBaWZCaEI3dFBZQmtQMkZNWWY3aVU5OXR2Wk5POFRwNm5Yc0Vnd1dyclp5a2NpTy1aeVFZQdIBX0FVX3lxTE5Ka25uN3lNc3I4UWhFQUlwdlVzVFk4OThTY1N4N0RPYWZScl8tcW0tbDNkdm5VeV95cXJ2NGo0V2R2aWh6ZGZ3cV9fdUVTcXdwMmpGWlpnS2JZMXdDYnNB?oc=5,"Sat, 12 Sep 2026 03:00:00 GMT",경향신문,유통,https://news.google.com/rss/articles/CBMiWkFVX3lxTE43clN0TVRBeFUwUG5TdFNmLXdCTHlNQXRiNmtwS1FBaWZCaEI3dFBZQmtQMkZNWWY3aVU5OXR2Wk5POFRwNm5Yc0Vnd1dyclp5a2NpTy1aeVFZQdIBX0FVX3lxTE5Ka25uN3lNc3I4UWhFQUlwdlVzVFk4OThTY1N4N0RPYWZScl8tcW0tbDNkdm5VeV95cXJ2NGo0V2R2aWh6ZGZ3cV9fdUVTcXdwMmpGWlpnS2JZMXdDYnNB?oc=5,,False,본문 수집 제한 개수를 초과했습니다.,False,,2026-09-13 09:13:26
국내,유통,유통,유통,"농협경제지주, 하나로유통 흡수합병 추진…12년 만에 다시 한몸 - 경기일보",https://news.google.com/rss/articles/CBMiW0FVX3lxTE1tdi12UjlXOUZLXzVpcWF3X0xSU2VDZC1Kb19uTVlQTk1BRmdtYUV2cTdEQ3FEYlhJSDl6X1IxT25QRXEzcmVaU3N4bURZVlBtS21KTEFoc0I1NHM?oc=5,"Sat, 12 Sep 2026 00:49:38 GMT",경기일보,유통,https://news.google.com/rss/articles/CBMiW0FVX3lxTE1tdi12UjlXOUZLXzVpcWF3X0xSU2VDZC1Kb19uTVlQTk1BRmdtYUV2cTdEQ3FEYlhJSDl6X1IxT25QRXEzcmVaU3N4bURZVlBtS21KTEFoc0I1NHM?oc=5,,False,본문 수집 제한 개수를 초과했습니다.,False,,2026-09-13 09:13:26
국내,백화점,백화점,백화점,백화점 3사 매출 제친 올다무…금융계도 유통계 판도 변화 주목 - 마켓인,https://news.google.com/rss/articles/CBMic0FVX3lxTFBZVkFwMWtsSUdrRzFTVm1wTFhfa3U4ZFJVM21QR1MwZTRxUUJQYXJqNnhXWkRDYktCdzFFMWNDeHh4ak1ZbEFXWmU5bGdNX0RXOU4zSElqeDgzZmVZWkhpVTBFbGdmd3lnQzNXOHhXbzgwbDA?oc=5,"Fri, 11 Sep 2026 23:00:05 GMT",마켓인,유통,https://news.google.com/rss/articles/CBMic0FVX3lxTFBZVkFwMWtsSUdrRzFTVm1wTFhfa3U4ZFJVM21QR1MwZTRxUUJQYXJqNnhXWkRDYktCdzFFMWNDeHh4ak1ZbEFXWmU5bGdNX0RXOU4zSElqeDgzZmVZWkhpVTBFbGdmd3lnQzNXOHhXbzgwbDA?oc=5,,False,본문 수집 제한 개수를 초과했습니다.,False,,2026-09-13 09:13:26
국내,면세점,면세점,면세점,면세점 추석할인 공식 바꾼다…'K뷰티·전통문화' 승부 - v.daum.net,https://news.google.com/rss/articles/CBMiT0FVX3lxTE5aY01zaVQwdmdvZ05ZaDY2VGRFQjYxeUtfTmdGZTZuekk0T1AzRjUyWmRTLUYtVHpnVXBRQ0lIVkhiVV95Uk9USUtYV0FwVjg?oc=5,"Fri, 11 Sep 2026 22:01:05 GMT",v.daum.net,유통,https://news.google.com/rss/articles/CBMiT0FVX3lxTE5aY01zaVQwdmdvZ05ZaDY2VGRFQjYxeUtfTmdGZTZuekk0T1AzRjUyWmRTLUYtVHpnVXBRQ0lIVkhiVV95Uk9USUtYV0FwVjg?oc=5,,False,본문 수집 제한 개수를 초과했습니다.,False,,2026-09-13 09:13:26
국내,유통,유통,유통,"[농담]분리할 때도 '효율화', 합칠 때도 '효율화'…농협 하나로유통 12년 실험 왜 끝났나 - 머니투데이 - 머니투데이",https://news.google.com/rss/articles/CBMia0FVX3lxTFBhc3ZvTE1xU3ZKb1FtMDJtR0VpMmkyakF5YzZpWU05MUxuNUZoQ0RVUjR6UkNOdDZhSXp6MXRmTE43eTJKOW9hMTM1Q3J0TVN4T0M2VFkzRjJ3Tm1EV1hDX1RJWlVNV3RBVkVR0gFwQVVfeXFMTkhJZmN0SlBaX0stellOVDRSbEFQMTF6dy1YVldiMHAzdm1IQTRXNWJVVWw0Z1RqNmxHYWRDVU0xVEU3V3M1NktYNzBOX2d2QTQ1ZnhJSWdoTFNCdUJCdmhlcU9TRzZGVVlmalVQaWpTSg?oc=5,"Fri, 11 Sep 2026 21:00:00 GMT",머니투데이,유통,https://news.google.com/rss/articles/CBMia0FVX3lxTFBhc3ZvTE1xU3ZKb1FtMDJtR0VpMmkyakF5YzZpWU05MUxuNUZoQ0RVUjR6UkNOdDZhSXp6MXRmTE43eTJKOW9hMTM1Q3J0TVN4T0M2VFkzRjJ3Tm1EV1hDX1RJWlVNV3RBVkVR0gFwQVVfeXFMTkhJZmN0SlBaX0stellOVDRSbEFQMTF6dy1YVldiMHAzdm1IQTRXNWJVVWw0Z1RqNmxHYWRDVU0xVEU3V3M1NktYNzBOX2d2QTQ1ZnhJSWdoTFNCdUJCdmhlcU9TRzZGVVlmalVQaWpTSg?oc=5,,False,본문 수집 제한 개수를 초과했습니다.,False,,2026-09-13 09:13:26
국내,면세점,면세점,면세점,"JTC, 한국 면세점 사업 진출…‘제주 해린면세점’ 문 열어 - ER 이코노믹리뷰",https://news.google.com/rss/articles/CBMibEFVX3lxTE1xUmVGLVRTa0o3X3hpQm5KOU00cTRrNUpDWVhSZldjRk94d1UzMEdBRVc5S3hON2tjTG1wOTVoazVyWkV2Z21feGlYNGU2eHlBQzliSWkwLUlEMUMzTWJ6RnBEMzRsVlhnQ21JNQ?oc=5,"Fri, 11 Sep 2026 07:48:09 GMT",ER 이코노믹리뷰,유통,https://news.google.com/rss/articles/CBMibEFVX3lxTE1xUmVGLVRTa0o3X3hpQm5KOU00cTRrNUpDWVhSZldjRk94d1UzMEdBRVc5S3hON2tjTG1wOTVoazVyWkV2Z21feGlYNGU2eHlBQzliSWkwLUlEMUMzTWJ6RnBEMzRsVlhnQ21JNQ?oc=5,,False,본문 수집 제한 개수를 초과했습니다.,False,,2026-09-13 09:13:26
국내,면세점,면세점,면세점,“요즘엔 출국 전에 명품 사야한대”…정작 면세점 표정은 어둡다고? [언박싱] - 헤럴드경제,https://news.google.com/rss/articles/CBMiVkFVX3lxTE0tUWptejFsUUtHQ1ROY0x5WkFNZDB0a3UwNUF1c1JSSURWcHZYU1ZyYVRMLUVDZjhHZThyT2ZsT0RlUjhkRlFseDVFQ0Y1eDlhdnFrOXBn?oc=5,"Fri, 11 Sep 2026 03:00:00 GMT",헤럴드경제,유통,https://news.google.com/rss/articles/CBMiVkFVX3lxTE0tUWptejFsUUtHQ1ROY0x5WkFNZDB0a3UwNUF1c1JSSURWcHZYU1ZyYVRMLUVDZjhHZThyT2ZsT0RlUjhkRlFseDVFQ0Y1eDlhdnFrOXBn?oc=5,,False,본문 수집 제한 개수를 초과했습니다.,False,,2026-09-13 09:13:26
국내,소비 회복,소비 회복,소비 회복,"“경기 회복 흐름이라는데”…소비·물가에 중동전쟁까지, 곳곳 불안 신호 - mk.co.kr",https://news.google.com/rss/articles/CBMiVEFVX3lxTE1SMkdYdkRXUTg3amxPamgydFF4eXpTbGE4QjQzRXlFVzJzQjRkZDNHR1pPMHdURkxBRDh5cl9lcVJjQ2k3VkdqN3pvN2ZaazBGWXBWNw?oc=5,"Fri, 11 Sep 2026 02:09:40 GMT",mk.co.kr,유통,https://news.google.com/rss/articles/CBMiVEFVX3lxTE1SMkdYdkRXUTg3amxPamgydFF4eXpTbGE4QjQzRXlFVzJzQjRkZDNHR1pPMHdURkxBRDh5cl9lcVJjQ2k3VkdqN3pvN2ZaazBGWXBWNw?oc=5,,False,본문 수집 제한 개수를 초과했습니다.,False,,2026-09-13 09:13:26
국내,면세점,면세점,면세점,"신세계면세점, 면세업계 최초 카카오톡 기반 AI 쇼핑 서비스 - 매일일보",https://news.google.com/rss/articles/CBMiZEFVX3lxTE9MZWd0dXR5aW5MNWRsMTZoX0NndUdEZG1FOU5kMFllOV9Fc3dJMldQbm44WUpieE54d1hoZ1hDeVJXZVA5dVNoZ2tuaXlRcGl0elh0cTFlUTdlNVlWcEV5U0hnc3nSAWhBVV95cUxPV2NHRFVzeXV6UV83d0l0enhzYnJkRjhnMm5fSlpzeVJvNVJFaHZfUm9FaThyN1NJcVJnbmlOSkhFY2xLd1UtczlhYWlmVlpGcUxvODVWWjhJbXhtSzNLWHhWcGg2U2lEUg?oc=5,"Fri, 11 Sep 2026 00:34:26 GMT",매일일보,유통,https://news.google.com/rss/articles/CBMiZEFVX3lxTE9MZWd0dXR5aW5MNWRsMTZoX0NndUdEZG1FOU5kMFllOV9Fc3dJMldQbm44WUpieE54d1hoZ1hDeVJXZVA5dVNoZ2tuaXlRcGl0elh0cTFlUTdlNVlWcEV5U0hnc3nSAWhBVV95cUxPV2NHRFVzeXV6UV83d0l0enhzYnJkRjhnMm5fSlpzeVJvNVJFaHZfUm9FaThyN1NJcVJnbmlOSkhFY2xLd1UtczlhYWlmVlpGcUxvODVWWjhJbXhtSzNLWHhWcGg2U2lEUg?oc=5,,False,본문 수집 제한 개수를 초과했습니다.,False,,2026-09-13 09:13:26
국내,소비 회복,소비 회복,소비 회복,"대구시, 소상공인 금융 부담 낮추고 소비 회복 지원 - 중도일보",https://news.google.com/rss/articles/CBMibEFVX3lxTE9BMzdJaFRDbmlJQ2lRWkRoeUJTVkFGemR5dFBzNE5scVVJOWR6MlFEQ0Q4XzBzS3NkUDhWTTJzRkNNd3dkb09tUmttTXN6SmlDcUdIRHRCS1JtekwyeC1tQ1QyTjVzZXlGcEF0Wg?oc=5,"Thu, 10 Sep 2026 07:41:40 GMT",중도일보,유통,https://news.google.com/rss/articles/CBMibEFVX3lxTE9BMzdJaFRDbmlJQ2lRWkRoeUJTVkFGemR5dFBzNE5scVVJOWR6MlFEQ0Q4XzBzS3NkUDhWTTJzRkNNd3dkb09tUmttTXN6SmlDcUdIRHRCS1JtekwyeC1tQ1QyTjVzZXlGcEF0Wg?oc=5,,False,본문 수집 제한 개수를 초과했습니다.,False,,2026-09-13 09:13:26
국내,면세점,면세점,면세점,"제주 면세점서 직원 휴대전화 슬쩍한 중국인, 변명이…""지인 폰인 줄"" - 네이트",https://news.google.com/rss/articles/CBMiU0FVX3lxTE1TZzZfdE9rbWxfcU5MUmpoYWYzLU1CX0lmdWZndUQyZWlJUGxyRkdIZWd2QzdhX0U2eTFqa0ZLQjBUSHRNSVJzNFRkeTlPUmctN3lr?oc=5,"Thu, 10 Sep 2026 04:22:00 GMT",네이트,유통,https://news.google.com/rss/articles/CBMiU0FVX3lxTE1TZzZfdE9rbWxfcU5MUmpoYWYzLU1CX0lmdWZndUQyZWlJUGxyRkdIZWd2QzdhX0U2eTFqa0ZLQjBUSHRNSVJzNFRkeTlPUmctN3lr?oc=5,,False,본문 수집 제한 개수를 초과했습니다.,False,,2026-09-13 09:13:26
국내,소비 회복,소비 회복,소비 회복,기술료·판가 인상·소비 회복…실적주 투자 기회 4배까지 살리려면 - 아시아경제,https://news.google.com/rss/articles/CBMiYEFVX3lxTE11bFpYc2doZ1ZvOU9wXzd4alRFeVhDazNzWXI0T1RJM3NMQ2hIelZkdUN0b0lTcHI2YVNBVEVLcEhaYVhNNHhHNmRzZlVQdHNrRjFMOFhvZXc4OXZIY0JIUw?oc=5,"Wed, 09 Sep 2026 04:32:00 GMT",아시아경제,유통,https://news.google.com/rss/articles/CBMiYEFVX3lxTE11bFpYc2doZ1ZvOU9wXzd4alRFeVhDazNzWXI0T1RJM3NMQ2hIelZkdUN0b0lTcHI2YVNBVEVLcEhaYVhNNHhHNmRzZlVQdHNrRjFMOFhvZXc4OXZIY0JIUw?oc=5,,False,본문 수집 제한 개수를 초과했습니다.,False,,2026-09-13 09:13:26
국내,소비 회복,소비 회복,소비 회복,반도체 수출 호조에 소비 회복까지…2분기 GDP 0.6% 성장 - 산경투데이,https://news.google.com/rss/articles/CBMicEFVX3lxTE96TFR1Nk9ZQjlEVG5RcFZxelhaYV9mSl9tQUtGRi1HZzVDeXJYbTRNZXBiemRHTFVjYXRLQmphNGNzZFBEcnhJZGFJRGUzNXZtbnlXbm1xYTBhc0ZFY1A1U0gxUWdrNTAxdGNMUlBtUWHSAXRBVV95cUxPWHhYNVRscmJZVXpUZHBDQm9LMWMtRWpuX2dTUkJ3cjFpeGY1ckVyMTBFN1ZWVXcydC1hN1hrdjRZblBsR09HTnZtSDZKMVNDdkF3Q3hoVnp1Q0RUdzNxcTUtR0p4aWlSdFVSMWRxLU5qNy1CcQ?oc=5,"Tue, 08 Sep 2026 00:40:38 GMT",산경투데이,유통,https://news.google.com/rss/articles/CBMicEFVX3lxTE96TFR1Nk9ZQjlEVG5RcFZxelhaYV9mSl9tQUtGRi1HZzVDeXJYbTRNZXBiemRHTFVjYXRLQmphNGNzZFBEcnhJZGFJRGUzNXZtbnlXbm1xYTBhc0ZFY1A1U0gxUWdrNTAxdGNMUlBtUWHSAXRBVV95cUxPWHhYNVRscmJZVXpUZHBDQm9LMWMtRWpuX2dTUkJ3cjFpeGY1ckVyMTBFN1ZWVXcydC1hN1hrdjRZblBsR09HTnZtSDZKMVNDdkF3Q3hoVnp1Q0RUdzNxcTUtR0p4aWlSdFVSMWRxLU5qNy1CcQ?oc=5,,False,본문 수집 제한 개수를 초과했습니다.,False,,2026-09-13 09:13:26
미국,유통,유통,유통 stock market earnings investment,Chipmaker CXMT vaults to top of China’s valuation with 466% surge in Shanghai debut By Reuters - Investing.com,https://news.google.com/rss/articles/CBMi1AFBVV95cUxNRWZzNkpwR2tBamgzcnRBQUdmYmZZakU0V0ZOOUlISzB5NmFKTGxpSlFQWlRpTHJSREJMZEJtVlE5N1o0R3N5elN4a3E5N3hyZS16eWhYdTI3b28yRklGNW5mUWNkTWtaa29yM2dveG1fY2UzeDh5RkVkc01mWnZpZFUxY3BMb000NmhoNVpzWFZsRnRPa28walZwY2JMbThVc0I3WElzSEpCSThjQ3pGaHVGbkZfRU85V0FFTTlRanBBMGxSNVR0TWxpNnlKSGpYNGlycg?oc=5,"Sun, 26 Jul 2026 07:00:00 GMT",Investing.com,유통,https://news.google.com/rss/articles/CBMi1AFBVV95cUxNRWZzNkpwR2tBamgzcnRBQUdmYmZZakU0V0ZOOUlISzB5NmFKTGxpSlFQWlRpTHJSREJMZEJtVlE5N1o0R3N5elN4a3E5N3hyZS16eWhYdTI3b28yRklGNW5mUWNkTWtaa29yM2dveG1fY2UzeDh5RkVkc01mWnZpZFUxY3BMb000NmhoNVpzWFZsRnRPa28walZwY2JMbThVc0I3WElzSEpCSThjQ3pGaHVGbkZfRU85V0FFTTlRanBBMGxSNVR0TWxpNnlKSGpYNGlycg?oc=5,,False,403 Client Error: Forbidden for url: https://www.investing.com/news/stock-market-news/chipmaker-cxmt-vaults-to-top-of-chinas-valuation-with-466-surge-in-shanghai-debut-4812927,True,,2026-09-13 09:13:26
미국,유통,유통,유통 stock market earnings investment,Circle Stock Falls 15% as New Rival Stablecoin Targets USDC’s Enterprise Users - Yahoo Finance,https://news.google.com/rss/articles/CBMilwFBVV95cUxQRWJQWURzYlpTRF9tR1VrM3RCSXJabS1sanVPNXFYZDRocXgweVdpSjVrRVkzZXpCXzd0QUo1X3pWMk5Rcmk2NzZ0V1lPckhSTzFCNmttVEJkTS1pZVpORjAyMGJTLWtja3Q3a3dFRndyZks4VHBnbm9XYXk1WERVd3E4WWVwaUY3MVlka0N0cXVIZlRzUHZJ?oc=5,"Tue, 30 Jun 2026 07:00:00 GMT",Yahoo Finance,유통,https://finance.yahoo.com/markets/crypto/articles/circle-stock-falls-15-rival-155616395.html,finance.yahoo.com,True,,True,,2026-09-13 09:13:26
미국,백화점,백화점,백화점 stock market earnings investment,Macy’s revamped half its stores and customers followed - Retail Dive,https://news.google.com/rss/articles/CBMipwFBVV95cUxQLW0xRUJzZUlYaVhpa21GX1ZkOGF5NEZBS2FoM3lLWHBza1V5ME1xaWVqN3d5MXNIRU9KQ3U3aTZWMnAtSVlIeGx4UlBmUnU1THY1cjZTbnVhYzRfdWNYLWxQRE5YUEhocThlRzlERlNoaDF0d2l1QmwzLUphc25VOWFxNFJRb1pUTHlVelNPVDFhM21fc050azFJdGJsbFk1MktHSlJLMA?oc=5,"Wed, 03 Jun 2026 07:00:00 GMT",Retail Dive,유통,https://www.retaildive.com/news/macys-revamped-store-fleet-customers-followed-q1-earnings-growth/821844/,www.retaildive.com,True,,True,,2026-09-13 09:13:26
미국,백화점,백화점,백화점 stock market earnings investment,TJX Companies’ SWOT analysis: off-price retail stock navigates inflation - Investing.com,https://news.google.com/rss/articles/CBMixgFBVV95cUxQNHRlQ0FzYXBaMmxMV1Jvc2tIbWNiZnFMMno5UVcxZEdYcTJ0M053a2FFMjRaSjZCU2Q4TWdYZVAzWU5iZlptM3dPTEt1aEU5TnA5SE1oNEJibXMzTG95NFVmVlNZd2RRdTFCeHFSbGRSbmtZM0R5RW9WNDZuSVFTLUtxTzVQX3F0MlJ6NUxhNFBVcVZMOERfRTVYN0tUYmFNMmlVM2FaanloUWU0SzZBR3VQeHYzUFZ6VEk2QWZ5NEdBZmJKNmc?oc=5,"Thu, 21 May 2026 07:00:00 GMT",Investing.com,유통,https://news.google.com/rss/articles/CBMixgFBVV95cUxQNHRlQ0FzYXBaMmxMV1Jvc2tIbWNiZnFMMno5UVcxZEdYcTJ0M053a2FFMjRaSjZCU2Q4TWdYZVAzWU5iZlptM3dPTEt1aEU5TnA5SE1oNEJibXMzTG95NFVmVlNZd2RRdTFCeHFSbGRSbmtZM0R5RW9WNDZuSVFTLUtxTzVQX3F0MlJ6NUxhNFBVcVZMOERfRTVYN0tUYmFNMmlVM2FaanloUWU0SzZBR3VQeHYzUFZ6VEk2QWZ5NEdBZmJKNmc?oc=5,,False,403 Client Error: Forbidden for url: https://www.investing.com/news/swot-analysis/tjx-companies-swot-analysis-offprice-retail-stock-navigates-inflation-93CH-4704916,True,,2026-09-13 09:13:26
미국,유통,유통,유통 stock market earnings investment,Flow Fragility - Citadel Securities,https://news.google.com/rss/articles/CBMimgFBVV95cUxPNkt0Rk13STZqZm5lbUJCdWw2SUk5UURtTFlHMFRJT0E2MUstc1R3OTd2Yzh2djZDMlF1UVFzTFZIQU9MSFA5VlBqbW9KMlJqUGVXbUJwUXMyMkFvamZXY1BBOGw4M2t5WG1vWDdleF9ad0VuODRJME1tTmVoaWtyNlBwUFQ5YW11RlZhSjlMX3lYQldTS0wwb0xB?oc=5,"Mon, 18 May 2026 07:00:00 GMT",Citadel Securities,유통,https://news.google.com/rss/articles/CBMimgFBVV95cUxPNkt0Rk13STZqZm5lbUJCdWw2SUk5UURtTFlHMFRJT0E2MUstc1R3OTd2Yzh2djZDMlF1UVFzTFZIQU9MSFA5VlBqbW9KMlJqUGVXbUJwUXMyMkFvamZXY1BBOGw4M2t5WG1vWDdleF9ad0VuODRJME1tTmVoaWtyNlBwUFQ5YW11RlZhSjlMX3lYQldTS0wwb0xB?oc=5,,False,본문 수집 제한 개수를 초과했습니다.,False,,2026-09-13 09:13:26
미국,유통,유통,유통 stock market earnings investment,Cathie Wood’s Ark Invest chases Circle (CRC) stock as it hits a two-month high - CoinDesk,https://news.google.com/rss/articles/CBMitAFBVV95cUxOVndQWFNUdlFTV2YtbG91d00yczFwaXczcWdLTUVkbEZyTm83Zjl4STg4NmJ2U2s4SnZyOTlqdzlIMmRFLTVuOXJKdkNyb3pjNktjbTNxQ3RmRDV4Z1FZaGJWa0FGSjlPRVFVTlZySkxGYzRPTi1Ia1phZ0hteTNiMzhuZ2tEakp1MDVmYm5CNDRkX0FTZjFHNmJSS1JXWWVFQTdXMGZ3RUFlcENydUNXWjlTV2o?oc=5,"Tue, 12 May 2026 07:00:00 GMT",CoinDesk,유통,https://news.google.com/rss/articles/CBMitAFBVV95cUxOVndQWFNUdlFTV2YtbG91d00yczFwaXczcWdLTUVkbEZyTm83Zjl4STg4NmJ2U2s4SnZyOTlqdzlIMmRFLTVuOXJKdkNyb3pjNktjbTNxQ3RmRDV4Z1FZaGJWa0FGSjlPRVFVTlZySkxGYzRPTi1Ia1phZ0hteTNiMzhuZ2tEakp1MDVmYm5CNDRkX0FTZjFHNmJSS1JXWWVFQTdXMGZ3RUFlcENydUNXWjlTV2o?oc=5,,False,본문 수집 제한 개수를 초과했습니다.,False,,2026-09-13 09:13:26
미국,유통,유통,유통 stock market earnings investment,Circle Reports First Quarter 2026 Results - Business Wire,https://news.google.com/rss/articles/CBMinwFBVV95cUxOY2JXTm14b1dack5uN0ZvbmctY0dyRTQ5SzMweGRnMkZBLXVscDZva1Bvb1RVMGsteGdmS0ZYWjVBU25KRDF4d0psbUpRWThwQmU4TTFjazdyUklmWFAtbWxMWVJvUXdBNWx1M19ERTMxUmtsc3A3LXB0MHAxZTJRRmhsckNma1F1c0NMRnRYLXZUUDBrVGk4eG1zNUQyNjA?oc=5,"Mon, 11 May 2026 07:00:00 GMT",Business Wire,유통,https://news.google.com/rss/articles/CBMinwFBVV95cUxOY2JXTm14b1dack5uN0ZvbmctY0dyRTQ5SzMweGRnMkZBLXVscDZva1Bvb1RVMGsteGdmS0ZYWjVBU25KRDF4d0psbUpRWThwQmU4TTFjazdyUklmWFAtbWxMWVJvUXdBNWx1M19ERTMxUmtsc3A3LXB0MHAxZTJRRmhsckNma1F1c0NMRnRYLXZUUDBrVGk4eG1zNUQyNjA?oc=5,,False,본문 수집 제한 개수를 초과했습니다.,False,,2026-09-13 09:13:26
일본,유통,유통,유통 日本 株式市場 企業,日本初、水産流通企業7社による「責任ある水産物調達ラウンドテーブル」始動 ～協働による持続可能な調達の実現を目指して～ - PR TIMES,https://news.google.com/rss/articles/CBMiakFVX3lxTE9abkhtN215Z3N6Sk1HLVpLTXg2SWMwR3o5aUN0aGF2Zzl4c1Z2eHJWTjNlNUVSc09qcXFOc29vaXloV1FqZGZXWEpLa2VQWU4wVXNmc1BYeHBtLXBJd0FaUFpJbEJBWFc0UVE?oc=5,"Thu, 02 Oct 2025 07:00:00 GMT",PR TIMES,유통,https://prtimes.jp/main/html/rd/p/000000067.000067392.html,prtimes.jp,True,,True,,2026-09-13 09:13:26
일본,유통,유통,유통 日本 株式市場 企業,革新的なソリューションが日本へ本格上陸【フランス｜TSplus社】 - PR TIMES,https://news.google.com/rss/articles/CBMiakFVX3lxTFB2bHNmMEdZOTczZ25XdUptT3JaUlBWRkVKajZTQ2tQckgzTHBiLV9RZnR1Y0dobElpaWprZktjOHNwV09LaDJ4RmN0emEzbjNLLUlCd0hxemd2QmdZSVk0d01RNUhBemFPWGc?oc=5,"Tue, 05 Aug 2025 07:00:00 GMT",PR TIMES,유통,https://prtimes.jp/main/html/rd/p/000000002.000167009.html,prtimes.jp,True,,True,,2026-09-13 09:13:26
국내,배당,배당,배당,한 살에 이자·배당만 3940만원…미성년 ‘금융부자’ 1606명 달해 - 이투데이,https://news.google.com/rss/articles/CBMiVEFVX3lxTE9FNzNJNk42c3luQkZJeV9ReUt4QmlHRzNuZWZnWDZfM2ZZLU54dHNTMFlTT0poOUJGcG5nOGVINE9HdU5hQmhOeUgzeG1mWVRlNjdMYQ?oc=5,"Sat, 12 Sep 2026 23:22:00 GMT",이투데이,인프라/배당,https://www.etoday.co.kr/news/view/2624767,www.etoday.co.kr,True,,True,,2026-09-13 09:14:11
국내,인프라,인프라,인프라,시동 건 RE100 산단…'인프라·세제·정주' 3박자 맞춰야 산다 - 머니투데이,https://news.google.com/rss/articles/CBMia0FVX3lxTE5GSHhmNmJ2WV9idE5vNEhMbmFVcXB6cDZuQTRQNDJpaGFmMmZqM1lGZW83REljMmxwRmIyc0prYVJmcmxsMUMzeE8xc2hpaGJYNjhRd3NLVWxLbmlENkNmVkN4cFB6UXFIelNR?oc=5,"Sat, 12 Sep 2026 21:30:00 GMT",머니투데이,인프라/배당,https://www.mt.co.kr/economy/2026/09/13/2026091111194823822,www.mt.co.kr,True,,True,,2026-09-13 09:14:11
국내,주주환원,주주환원,주주환원,주가 누른 '고금리' 은행주는 점프…실적·주주환원 추가 상승 기대 - v.daum.net,https://news.google.com/rss/articles/CBMiT0FVX3lxTE5WNnBLQW0yOGZ6SzNjSFBlUzZFY0JOUXNfeGg4N1dtc1pVckpSMUo0Mnl5Qk5TRDhDUkszRktIUzZObWZkbGh2NEdnakpQV3M?oc=5,"Sat, 12 Sep 2026 21:01:34 GMT",v.daum.net,인프라/배당,https://v.daum.net/v/20260913060134812,v.daum.net,True,,True,,2026-09-13 09:14:11
국내,인프라,인프라,인프라,"금융·인프라·수중조사…中, 대만 진먼섬 대상 회색지대 전략 - 머니투데이 - 머니투데이",https://news.google.com/rss/articles/CBMiaEFVX3lxTFBrc21SeDM2NkIza3Q5ajl1aXo5a1ZqUjJ5ZVZhMFJ1dDFXeGtoTDFUZjZNSUM0cEJuN3N3aVNIWmZrSzhsT2FBTjRXVXUtaV9CcEJBR2dSeGR5WnhweEdvN29jM2RuWFk40gFuQVVfeXFMUEY5VDg3YmNOTkY2d3E2bDVOWUhKU1NZakxMX1paVmFsaVlMTFFDRXo4NXRKRks2SjN0bTliT3hzdVg2YU1TRkdTS3Y1cHUwNldPTkFFNjlsd0FNRC1lT3NHVFB4T1dBM0FMSFBQM1E?oc=5,"Sat, 12 Sep 2026 21:00:00 GMT",머니투데이,인프라/배당,https://www.mt.co.kr/world/2026/09/13/2026091016414346434,www.mt.co.kr,True,,True,,2026-09-13 09:14:11
국내,배당,배당,배당,"임창열 경기도의원, GH 이익배당금 감액 점검… 합리적 배당 기준 마련 주문 - 서울Pn",https://news.google.com/rss/articles/CBMiakFVX3lxTE5BNC1lVFJqcmFTVzFtN2dPRXM3WHhlN1NfVTlYTWYzdlpzZGEyTm5oRHJueS1FaFFCQVZWVkdGY3hPQnhLakxKNHU0VjZfYUs3WlgyOGdVXzJGanJRdHhEWWVpYlZqYkdFNEE?oc=5,"Sat, 12 Sep 2026 06:06:46 GMT",서울Pn,인프라/배당,https://news.google.com/rss/articles/CBMiakFVX3lxTE5BNC1lVFJqcmFTVzFtN2dPRXM3WHhlN1NfVTlYTWYzdlpzZGEyTm5oRHJueS1FaFFCQVZWVkdGY3hPQnhLakxKNHU0VjZfYUs3WlgyOGdVXzJGanJRdHhEWWVpYlZqYkdFNEE?oc=5,,False,본문 수집 제한 개수를 초과했습니다.,False,,2026-09-13 09:14:11
국내,인프라,인프라,인프라,"김건우 시의원, 분당구청장기 탁구대회 참석…""분당 지역 체육 인프라 확충 추진"" - gukjenews.com",https://news.google.com/rss/articles/CBMibkFVX3lxTE5HVFBmenRKLUN2R0otanpmWFlDR2p5U09WR1ZXd2FfM19zZ2Ewd3AtSC10cW9ubmcyUDZHVlF1empKVVQ0UHRLTGxKcmNWSk1nSDZwMTNMY0hNa25JUjBOMF9mbGZSOU1uUjRiZ2pB?oc=5,"Sat, 12 Sep 2026 04:47:40 GMT",gukjenews.com,인프라/배당,https://news.google.com/rss/articles/CBMibkFVX3lxTE5HVFBmenRKLUN2R0otanpmWFlDR2p5U09WR1ZXd2FfM19zZ2Ewd3AtSC10cW9ubmcyUDZHVlF1empKVVQ0UHRLTGxKcmNWSk1nSDZwMTNMY0hNa25JUjBOMF9mbGZSOU1uUjRiZ2pB?oc=5,,False,본문 수집 제한 개수를 초과했습니다.,False,,2026-09-13 09:14:11
국내,주주환원,주주환원,주주환원,삼전·닉스가 불 지핀 ‘주주환원’ 논의···주가 영향 두곤 갑론을박 - 시사저널e,https://news.google.com/rss/articles/CBMickFVX3lxTFB5ZTFUSDVEVTRndFhPTkxBem5zeC1MemVfTklub0NVZ05abEZRTlBVcjhDUzFBTnFXbDRRLWh4cXJVOHlSczZob09TczBGcDI5dkVJYV8yUlJ0UDYwR0tLWHoxX0cwYlJfa1ZfU2lCM0JvQdIBdkFVX3lxTE9Rd2hOamVHd0wzdldaSjV0eGRCemItUXJnUGV0VjJxU2hhTnZGUi03SjU2dHpuWXdXaVA5emJkQVVieUY3dTRmV3JkeUtKWkhTNENpS2ZEdElBZUp2MWVWWmxHUk9zWHJYN2pNV3ZGSDVWQjFvZGc?oc=5,"Sat, 12 Sep 2026 01:25:00 GMT",시사저널e,인프라/배당,https://news.google.com/rss/articles/CBMickFVX3lxTFB5ZTFUSDVEVTRndFhPTkxBem5zeC1MemVfTklub0NVZ05abEZRTlBVcjhDUzFBTnFXbDRRLWh4cXJVOHlSczZob09TczBGcDI5dkVJYV8yUlJ0UDYwR0tLWHoxX0cwYlJfa1ZfU2lCM0JvQdIBdkFVX3lxTE9Rd2hOamVHd0wzdldaSjV0eGRCemItUXJnUGV0VjJxU2hhTnZGUi03SjU2dHpuWXdXaVA5emJkQVVieUY3dTRmV3JkeUtKWkhTNENpS2ZEdElBZUp2MWVWWmxHUk9zWHJYN2pNV3ZGSDVWQjFvZGc?oc=5,,False,본문 수집 제한 개수를 초과했습니다.,False,,2026-09-13 09:14:11
국내,배당,배당,배당,"[주末머니]""성장·배당 모두 그립감 좋다"" 9년만에 숙원 푼 이 기업 - v.daum.net",https://news.google.com/rss/articles/CBMiT0FVX3lxTE03NkFuSWFSa1pkWGJ3N1RhREFOblpjRlpaalFTeWZidmVOTFhITkZGSjdpM3JUblNTdFRqMGpEZTNReUU2eU1RMlNLNjFUWGc?oc=5,"Sat, 12 Sep 2026 00:01:00 GMT",v.daum.net,인프라/배당,https://news.google.com/rss/articles/CBMiT0FVX3lxTE03NkFuSWFSa1pkWGJ3N1RhREFOblpjRlpaalFTeWZidmVOTFhITkZGSjdpM3JUblNTdFRqMGpEZTNReUU2eU1RMlNLNjFUWGc?oc=5,,False,본문 수집 제한 개수를 초과했습니다.,False,,2026-09-13 09:14:11
국내,배당,배당,배당,"WSJ ""트럼프, 노골적 매표행위…관세철회가 美에 경제적 배당"" - 연합뉴스",https://news.google.com/rss/articles/CBMiW0FVX3lxTE9xQjh4VUJ6VThoQm9XVjRMVjNfcDREcTJaMXJFVzFwaGtyWmFvYkUwTG5BMTUtUFFYeUFYX2dtVkozenZRcnpUZE14RHMwM2pBc3I5M1l1NnRocFXSAWBBVV95cUxNQW0zTFNCMXpkd09XT2dCbWZvM2FaRTJOMHVPSDdlUlp6TGFmRWRvTHZuWDdXNGlPaEcwTVpheXIwWURQQ3l4MEd6ZTNBdHEtQUJHRzlKNG85UTNLWmFvNl8?oc=5,"Fri, 11 Sep 2026 20:36:28 GMT",연합뉴스,인프라/배당,https://news.google.com/rss/articles/CBMiW0FVX3lxTE9xQjh4VUJ6VThoQm9XVjRMVjNfcDREcTJaMXJFVzFwaGtyWmFvYkUwTG5BMTUtUFFYeUFYX2dtVkozenZRcnpUZE14RHMwM2pBc3I5M1l1NnRocFXSAWBBVV95cUxNQW0zTFNCMXpkd09XT2dCbWZvM2FaRTJOMHVPSDdlUlp6TGFmRWRvTHZuWDdXNGlPaEcwTVpheXIwWURQQ3l4MEd6ZTNBdHEtQUJHRzlKNG85UTNLWmFvNl8?oc=5,,False,본문 수집 제한 개수를 초과했습니다.,False,,2026-09-13 09:14:11
국내,인프라,인프라,인프라,"해외인프라공사, 카자흐·우즈벡·폴란드와 스마트 시티 구축 논의 - sedaily.com",https://news.google.com/rss/articles/CBMiUkFVX3lxTE9xb2gzX1VBMDdPZnI2dG0wRENsdEdqdXRESlFEZDNwcko0X3RNUXJqbTZrU3dXN014cnJlMlM5VlkyZ2JfdW9pSERFTXdOUmh1N2fSAVNBVV95cUxQcVVBY0ZxeG9jREtzTVdmd2JzOGJrMlZvSHRSM2lVVS03T3NCVDNYeVRMMHNOdGR0eTRBVnc3bThWdWwxY2R0Q1Z3TnBlVktYMkFubw?oc=5,"Fri, 11 Sep 2026 06:55:29 GMT",sedaily.com,인프라/배당,https://news.google.com/rss/articles/CBMiUkFVX3lxTE9xb2gzX1VBMDdPZnI2dG0wRENsdEdqdXRESlFEZDNwcko0X3RNUXJqbTZrU3dXN014cnJlMlM5VlkyZ2JfdW9pSERFTXdOUmh1N2fSAVNBVV95cUxQcVVBY0ZxeG9jREtzTVdmd2JzOGJrMlZvSHRSM2lVVS03T3NCVDNYeVRMMHNOdGR0eTRBVnc3bThWdWwxY2R0Q1Z3TnBlVktYMkFubw?oc=5,,False,본문 수집 제한 개수를 초과했습니다.,False,,2026-09-13 09:14:11
국내,인프라,인프라,인프라,“GPU만으론 AI 주권 못 지킨다”…국회서 AI 결제 인프라 입법 촉구 - 매일경제 마켓,https://news.google.com/rss/articles/CBMiUkFVX3lxTFBSZlZBWE9ndUUtbVp5SDdJcHBfUDVUUnNCSXZvVWtFVEhMenYtTEN1bVdEVUVDVmJiV2dLczg5YnRFSjdrdEw3QkFrdzhjcGJaamc?oc=5,"Fri, 11 Sep 2026 06:02:01 GMT",매일경제 마켓,인프라/배당,https://news.google.com/rss/articles/CBMiUkFVX3lxTFBSZlZBWE9ndUUtbVp5SDdJcHBfUDVUUnNCSXZvVWtFVEhMenYtTEN1bVdEVUVDVmJiV2dLczg5YnRFSjdrdEw3QkFrdzhjcGJaamc?oc=5,,False,본문 수집 제한 개수를 초과했습니다.,False,,2026-09-13 09:14:11
국내,주주환원,주주환원,주주환원,'350조' 생산적금융에 주주환원까지…은행권 '자본 셈법’ 복잡해진다 - 오피니언뉴스,https://news.google.com/rss/articles/CBMicEFVX3lxTFAtLWhkSEZYaFptZTI5ZjA5alAtaDJhQ2duNnlHQjJDZ21WWmxpNkJPWF9KS281NHRvWFdEUUIyemlYSHlOb2U2ejcxalpXUzFRWXhUTG9UQnYwVUFDMThIUTJDVlpIbVA5Q1NFMUY1M0g?oc=5,"Fri, 11 Sep 2026 05:43:52 GMT",오피니언뉴스,인프라/배당,https://news.google.com/rss/articles/CBMicEFVX3lxTFAtLWhkSEZYaFptZTI5ZjA5alAtaDJhQ2duNnlHQjJDZ21WWmxpNkJPWF9KS281NHRvWFdEUUIyemlYSHlOb2U2ejcxalpXUzFRWXhUTG9UQnYwVUFDMThIUTJDVlpIbVA5Q1NFMUY1M0g?oc=5,,False,본문 수집 제한 개수를 초과했습니다.,False,,2026-09-13 09:14:11
국내,리츠,리츠,리츠,"소송 결과 나온 제이알글로벌리츠, 리츠 시장서 존재감 사라진 국토부 리더십 시험대 - SPI - 상업용 부동산 콘텐츠 & 데이터 애널리틱스",https://news.google.com/rss/articles/CBMiW0FVX3lxTE5rdEpJM2pLellZM0gyNUZ6bnVFWmpwMElqOEkxbGVUWUJTeW1NVnE5Tnh2N0Z4UVl2SmJLT283U0dkNE5rYnBtZ0t1X2tmLWhUTEtTNG9MUVpwTU0?oc=5,"Fri, 11 Sep 2026 00:31:47 GMT",SPI - 상업용 부동산 콘텐츠 & 데이터 애널리틱스,인프라/배당,https://news.google.com/rss/articles/CBMiW0FVX3lxTE5rdEpJM2pLellZM0gyNUZ6bnVFWmpwMElqOEkxbGVUWUJTeW1NVnE5Tnh2N0Z4UVl2SmJLT283U0dkNE5rYnBtZ0t1X2tmLWhUTEtTNG9MUVpwTU0?oc=5,,False,본문 수집 제한 개수를 초과했습니다.,False,,2026-09-13 09:14:11
국내,리츠,리츠,리츠,"“부동산은 못 기다린다”…기관들, 리츠로 ‘빈틈’ 먼저 채운다 - 마켓인",https://news.google.com/rss/articles/CBMickFVX3lxTE9SNnVFZEFDTk9zSGNKeTQ2dzVWOGt4S3hPRDNXUnRLS3E0XzJoNklTbmxaVDZNUEUwSlVtVHNlalpUVGFyeFhHUmdlU0ozUGRUM3hUVG5Ka0NRTTVoQTJyTEY2OVNFX3VkQnNmS0dXLWo1Zw?oc=5,"Thu, 10 Sep 2026 13:54:40 GMT",마켓인,인프라/배당,https://news.google.com/rss/articles/CBMickFVX3lxTE9SNnVFZEFDTk9zSGNKeTQ2dzVWOGt4S3hPRDNXUnRLS3E0XzJoNklTbmxaVDZNUEUwSlVtVHNlalpUVGFyeFhHUmdlU0ozUGRUM3hUVG5Ka0NRTTVoQTJyTEY2OVNFX3VkQnNmS0dXLWo1Zw?oc=5,,False,본문 수집 제한 개수를 초과했습니다.,False,,2026-09-13 09:14:11
국내,주주환원,주주환원,주주환원,"휴메딕스, 50억원 규모 자사주 전량 소각…주주환원 강화 - 데일리팜",https://news.google.com/rss/articles/CBMiUEFVX3lxTE90QlpyLVUza2FRbW0zX3daaXo4SEhxQnBkbHZCVlYySWo1aF9mZnhkWTFITXJGWGFzLVZlZTdHMVRKMWNhOWlNUDBMVUs3ZjVz?oc=5,"Thu, 10 Sep 2026 11:35:16 GMT",데일리팜,인프라/배당,https://news.google.com/rss/articles/CBMiUEFVX3lxTE90QlpyLVUza2FRbW0zX3daaXo4SEhxQnBkbHZCVlYySWo1aF9mZnhkWTFITXJGWGFzLVZlZTdHMVRKMWNhOWlNUDBMVUs3ZjVz?oc=5,,False,본문 수집 제한 개수를 초과했습니다.,False,,2026-09-13 09:14:11
국내,리츠,리츠,리츠,"삼성운용, 한국부동산리츠인프라 ETF 연말까지 분배금 조정 지급 - 연합뉴스",https://news.google.com/rss/articles/CBMiW0FVX3lxTE91QkdwRlNaTllOSTVqRDMtWXNkZGhhUGx4cWV4amNxSmo5UDVhYk9mRUZtRGx0VzdQc0w2YWJyZ3lYb01sN1RaN2pZTVBYVFkxdHZCbnFyT1JfNk3SAWBBVV95cUxQdmcwVWk3SU15UHlmaU05dUxPMl9PbElMS1BWMW9vS19lRXVOSUttNUVlNmpaYlNRNFMxQkVQakZ3Sk5vUXFySk94OVZ0c2lobndzdW1iemRuMy1PVDVQRWc?oc=5,"Thu, 10 Sep 2026 00:50:02 GMT",연합뉴스,인프라/배당,https://news.google.com/rss/articles/CBMiW0FVX3lxTE91QkdwRlNaTllOSTVqRDMtWXNkZGhhUGx4cWV4amNxSmo5UDVhYk9mRUZtRGx0VzdQc0w2YWJyZ3lYb01sN1RaN2pZTVBYVFkxdHZCbnFyT1JfNk3SAWBBVV95cUxQdmcwVWk3SU15UHlmaU05dUxPMl9PbElMS1BWMW9vS19lRXVOSUttNUVlNmpaYlNRNFMxQkVQakZ3Sk5vUXFySk94OVZ0c2lobndzdW1iemRuMy1PVDVQRWc?oc=5,,False,본문 수집 제한 개수를 초과했습니다.,False,,2026-09-13 09:14:11
국내,리츠,리츠,리츠,"KODEX 한국부동산리츠인프라 ETF, '특별배당 반영' 분배금 조정 지급 - 아시아경제",https://news.google.com/rss/articles/CBMiYEFVX3lxTE5qOEV1UVpqQUdaR1YweDZDempMdzhUR2R3QzRYMGhhUEZFbmh4SVpheFJHSzdrVVMtN3VXeXQ5eElwMUt3X1JaeDVBNURlVElPbkdSU25yVEpNLXRHUEt0dw?oc=5,"Thu, 10 Sep 2026 00:35:13 GMT",아시아경제,인프라/배당,https://news.google.com/rss/articles/CBMiYEFVX3lxTE5qOEV1UVpqQUdaR1YweDZDempMdzhUR2R3QzRYMGhhUEZFbmh4SVpheFJHSzdrVVMtN3VXeXQ5eElwMUt3X1JaeDVBNURlVElPbkdSU25yVEpNLXRHUEt0dw?oc=5,,False,본문 수집 제한 개수를 초과했습니다.,False,,2026-09-13 09:14:11
국내,배당,배당,배당,"배당, 기금에 전기요금까지…모두의 돈주머니 된 삼성전자 - 인베스트조선",https://news.google.com/rss/articles/CBMigwFBVV95cUxPRkxZd0ljRzZTdnJ4V1NTYTE1UWRMaWFmYXU2eUJkaFgzRm1tZXhCeUtrRTgtV2dabzlXampGWTY4bEZ5Y3g5RFB6R0poN0EtRVVQQU9tcGxoSVc4bnJIcVRJOUl5cGlJZFV1Wi1CanRONVI4TDlMWVVsenJlWjd3N3ctMA?oc=5,"Wed, 09 Sep 2026 22:00:33 GMT",인베스트조선,인프라/배당,https://news.google.com/rss/articles/CBMigwFBVV95cUxPRkxZd0ljRzZTdnJ4V1NTYTE1UWRMaWFmYXU2eUJkaFgzRm1tZXhCeUtrRTgtV2dabzlXampGWTY4bEZ5Y3g5RFB6R0poN0EtRVVQQU9tcGxoSVc4bnJIcVRJOUl5cGlJZFV1Wi1CanRONVI4TDlMWVVsenJlWjd3N3ctMA?oc=5,,False,본문 수집 제한 개수를 초과했습니다.,False,,2026-09-13 09:14:11
국내,리츠,리츠,리츠,"제이알글로벌리츠, '英 소송 패소'…캐시트랩 해소·정상화 시나리오는 - 인베스트조선",https://news.google.com/rss/articles/CBMigwFBVV95cUxQSC00WHM1LWpBRFAtd0VKSWpqNmNXejJJR2F4ZEt6SVZoM2FUYVF4Sk1OV2g5NlhqY3F1ckpKcGZkbDRQRVAyTFdKT1VLdkhaTVRPTzdrYjdXNDhHQVRKbVZVdjFEV3BleXoxZXVMNXQ0Y2xXRkk2VU9UN05xRHVpT2NzYw?oc=5,"Wed, 09 Sep 2026 07:18:00 GMT",인베스트조선,인프라/배당,https://news.google.com/rss/articles/CBMigwFBVV95cUxQSC00WHM1LWpBRFAtd0VKSWpqNmNXejJJR2F4ZEt6SVZoM2FUYVF4Sk1OV2g5NlhqY3F1ckpKcGZkbDRQRVAyTFdKT1VLdkhaTVRPTzdrYjdXNDhHQVRKbVZVdjFEV3BleXoxZXVMNXQ0Y2xXRkk2VU9UN05xRHVpT2NzYw?oc=5,,False,본문 수집 제한 개수를 초과했습니다.,False,,2026-09-13 09:14:11
국내,안정 배당,안정 배당,안정 배당,'2026 배당 전략' 뷰티·패션업계…뷰티 '이익'·패션 '안정' - SR타임스,https://news.google.com/rss/articles/CBMiZ0FVX3lxTE5acF80YldDRy0tLXVZQVc4M0x0Zm9UcEJreWdWaGhVUWc2ZlZMOS1QWE5uanZNMXBLWS04UkZfR092RzVuZC1xMlBGTm94aFNYbE1YTVRnbklubGFvVXNhT0NNY2FPSm_SAWtBVV95cUxNcGtTNVlTQWEyWG5ncHBpLVVrSnM0ZHBZblZxVVJndG9CUGVDeUJfdjdJa1A2cHhpclhCY0xxbnlHcU8zckhHMEQ1a1haMW1ycTRKa0o2UDJNQ3YzVURHejJ3Z2ZvelpadlRzaw?oc=5,"Wed, 02 Sep 2026 07:00:00 GMT",SR타임스,인프라/배당,https://news.google.com/rss/articles/CBMiZ0FVX3lxTE5acF80YldDRy0tLXVZQVc4M0x0Zm9UcEJreWdWaGhVUWc2ZlZMOS1QWE5uanZNMXBLWS04UkZfR092RzVuZC1xMlBGTm94aFNYbE1YTVRnbklubGFvVXNhT0NNY2FPSm_SAWtBVV95cUxNcGtTNVlTQWEyWG5ncHBpLVVrSnM0ZHBZblZxVVJndG9CUGVDeUJfdjdJa1A2cHhpclhCY0xxbnlHcU8zckhHMEQ1a1haMW1ycTRKa0o2UDJNQ3YzVURHejJ3Z2ZvelpadlRzaw?oc=5,,False,본문 수집 제한 개수를 초과했습니다.,False,,2026-09-13 09:14:11
국내,주주환원,주주환원,주주환원,"삼성전자, 사상 최대 주주환원 실시… 2026년 약 90조~110조원 예상 - Samsung Global Newsroom",https://news.google.com/rss/articles/CBMiuwJBVV95cUxPSnpNVzZzTkctS2UyRWpoeVRPTDFLbmNlalV1czEzTEdocmJfWXMzcFAxQjFfSmJJTFF3aFlqWWlEQ2xkWUpweG5TT2JucktsakJucnlBdkNoT09RMkRkNTBYVTFkeDQxMUNRWWw3eFJnQ0FmZk44T2FDQW1zb0xiZkVnUEJSTWNhX1VmazhyNE5hb1FCV2xnWmp6VG5qeHNTaGMyTG9Iazg4ZmR2ZnpYQmFZUGhuZk8zR0dpdC1uYlhNcnZnZzZxakFqSlZDMXczSlpfR3NwUHVwU1k2Y21pVHNlTmk5LVV2S2RQUnFlX0o2RGxQR25RVWJPTmFSenNTR0R6dFhzQXlXb2RvLUs1WUczSVlpRkZNZjNiMm85dW5BUmg1bXVkbmxlT21rRzBxcnNXT0ZmQ1RaR00?oc=5,"Fri, 21 Aug 2026 07:00:00 GMT",Samsung Global Newsroom,인프라/배당,https://news.google.com/rss/articles/CBMiuwJBVV95cUxPSnpNVzZzTkctS2UyRWpoeVRPTDFLbmNlalV1czEzTEdocmJfWXMzcFAxQjFfSmJJTFF3aFlqWWlEQ2xkWUpweG5TT2JucktsakJucnlBdkNoT09RMkRkNTBYVTFkeDQxMUNRWWw3eFJnQ0FmZk44T2FDQW1zb0xiZkVnUEJSTWNhX1VmazhyNE5hb1FCV2xnWmp6VG5qeHNTaGMyTG9Iazg4ZmR2ZnpYQmFZUGhuZk8zR0dpdC1uYlhNcnZnZzZxakFqSlZDMXczSlpfR3NwUHVwU1k2Y21pVHNlTmk5LVV2S2RQUnFlX0o2RGxQR25RVWJPTmFSenNTR0R6dFhzQXlXb2RvLUs1WUczSVlpRkZNZjNiMm85dW5BUmg1bXVkbmxlT21rRzBxcnNXT0ZmQ1RaR00?oc=5,,False,본문 수집 제한 개수를 초과했습니다.,False,,2026-09-13 09:14:11
국내,안정 배당,안정 배당,안정 배당,"IBK기업은행, 하반기 환율 안정·배당 확대 기대감…“상승여력 30% 이상” [스타즈IR] - sedaily.com",https://news.google.com/rss/articles/CBMiUkFVX3lxTFBab3RRMmVTZGY4emRsV1pCUlMzR05IektSQUtxN2gya21lOXhwdUwtNGVndE11ZE1CQmRTUWtMVzFRTThQWjA5QTB5QnhoaGZORWfSAVNBVV95cUxOOEU0QTZvenpyTjI3RFNLNVlYcF96Rk1HVWpISGF4UWZXTkowelRrOUs4bXBMa21GRmFueVRpakNQbkhrMk9URE5kb2U0bFpDNFV4aw?oc=5,"Sun, 02 Aug 2026 07:00:00 GMT",sedaily.com,인프라/배당,https://news.google.com/rss/articles/CBMiUkFVX3lxTFBab3RRMmVTZGY4emRsV1pCUlMzR05IektSQUtxN2gya21lOXhwdUwtNGVndE11ZE1CQmRTUWtMVzFRTThQWjA5QTB5QnhoaGZORWfSAVNBVV95cUxOOEU0QTZvenpyTjI3RFNLNVlYcF96Rk1HVWpISGF4UWZXTkowelRrOUs4bXBMa21GRmFueVRpakNQbkhrMk9URE5kb2U0bFpDNFV4aw?oc=5,,False,본문 수집 제한 개수를 초과했습니다.,False,,2026-09-13 09:14:11
국내,안정 배당,안정 배당,안정 배당,"리츠협회 ""상장리츠, 장기 안정 배당이 목적…공매도 막아달라"" - 뉴스1",https://news.google.com/rss/articles/CBMiX0FVX3lxTFBBOHlDN2tJbVk2aGhmcXhkMWFGMnFBWjBFQVdpeS1GNld5WHJGWERRNGg3MXNoV2VxaS1kdGZkTDBMczhxQTdXeUtiWGtjTU1vdXo5Ulh2LXJmRkJpVEZn0gFkQVVfeXFMUDA3UDNLNnBYNmhZaEpNS3pxY3FRUHVtS2lDVzFibW5jNmoycVFrYVg0elhpOGM3TzBkd3NGQ1lBOEtJb01Cc2dBN0lMRDdkTndWNGFfLXpqWnlqN2ZiRUs5WXdWbw?oc=5,"Wed, 22 Jul 2026 07:00:00 GMT",뉴스1,인프라/배당,https://news.google.com/rss/articles/CBMiX0FVX3lxTFBBOHlDN2tJbVk2aGhmcXhkMWFGMnFBWjBFQVdpeS1GNld5WHJGWERRNGg3MXNoV2VxaS1kdGZkTDBMczhxQTdXeUtiWGtjTU1vdXo5Ulh2LXJmRkJpVEZn0gFkQVVfeXFMUDA3UDNLNnBYNmhZaEpNS3pxY3FRUHVtS2lDVzFibW5jNmoycVFrYVg0elhpOGM3TzBkd3NGQ1lBOEtJb01Cc2dBN0lMRDdkTndWNGFfLXpqWnlqN2ZiRUs5WXdWbw?oc=5,,False,본문 수집 제한 개수를 초과했습니다.,False,,2026-09-13 09:14:11
국내,안정 배당,안정 배당,안정 배당,"안정·성장·배당 삼박자...KT&G, 美 액티브 펀드서 ‘매수 러시’ - 뉴스톱",https://news.google.com/rss/articles/CBMib0FVX3lxTE1jYjNEUkUwZDVkZUpkWERETU5UVGhIMHptdjBYLTNYU1ZZZVJNNG1hZ3FVNExlcjVVdVhjLTk5cThIdEtDU3BYZ1lzLXhxbl9IX0JkZzAwbzJJLUp6OC0zMWE4N00wd1V3MzRwZFJ4WQ?oc=5,"Tue, 16 Jun 2026 07:00:00 GMT",뉴스톱,인프라/배당,https://news.google.com/rss/articles/CBMib0FVX3lxTE1jYjNEUkUwZDVkZUpkWERETU5UVGhIMHptdjBYLTNYU1ZZZVJNNG1hZ3FVNExlcjVVdVhjLTk5cThIdEtDU3BYZ1lzLXhxbl9IX0JkZzAwbzJJLUp6OC0zMWE4N00wd1V3MzRwZFJ4WQ?oc=5,,False,본문 수집 제한 개수를 초과했습니다.,False,,2026-09-13 09:14:11
국내,안정 배당,안정 배당,안정 배당,배당 보다 ‘안정과 성장’에 몰리는 K리츠 투심 - SPI - 상업용 부동산 콘텐츠 & 데이터 애널리틱스,https://news.google.com/rss/articles/CBMiakFVX3lxTFB1eDVwVm90Sm1WNlR2V3NmOExiSVN2QktNNHdmbGY3Z0dlNUx5MEZPbzZzY3NKbFRRMzBYLVFza2psbHZZSUVCbzV4VFNvbjJLc2d5UzBQRXlaVFBReTZKQ3lMbTFka2J3SVE?oc=5,"Mon, 20 Apr 2026 07:00:00 GMT",SPI - 상업용 부동산 콘텐츠 & 데이터 애널리틱스,인프라/배당,https://news.google.com/rss/articles/CBMiakFVX3lxTFB1eDVwVm90Sm1WNlR2V3NmOExiSVN2QktNNHdmbGY3Z0dlNUx5MEZPbzZzY3NKbFRRMzBYLVFza2psbHZZSUVCbzV4VFNvbjJLc2d5UzBQRXlaVFBReTZKQ3lMbTFka2J3SVE?oc=5,,False,본문 수집 제한 개수를 초과했습니다.,False,,2026-09-13 09:14:11
미국,배당,배당,배당 stock market earnings investment,"Realty Income (O) Stock Price, Quote & Analysis - tipranks.com",https://news.google.com/rss/articles/CBMiSEFVX3lxTE1IRHRjYWxoenh6Z0xyTWJCWUpwemNwUV9YQV9nR1VvX2tRSmJSS1NybWVKcTZEMWRKWm5VWnlQTjlMOGYyRHp6VA?oc=5,"Wed, 09 Sep 2026 07:19:20 GMT",tipranks.com,인프라/배당,https://www.tipranks.com/stocks/o,www.tipranks.com,True,,True,,2026-09-13 09:14:11
미국,배당,배당,배당 stock market earnings investment,Best High Yield Dividend Stocks (September 2026) - Investing.com,https://news.google.com/rss/articles/CBMifkFVX3lxTE5nU3JpRmVTQnUzTndGMlZFcTR1Z1YzNHpubUpGM0ZoTDhZM2hhN28xN3loNEc0Vl9aVjNqYi1vdHFiTGVQSHZHV0RleE9PMDRCbGZpT0pEYzNSUlhhYXhtbW1fMVJiQWxHOUx5d1lKRnBPemtxeEwwSFNGdGo5Zw?oc=5,"Thu, 03 Sep 2026 07:00:00 GMT",Investing.com,인프라/배당,https://news.google.com/rss/articles/CBMifkFVX3lxTE5nU3JpRmVTQnUzTndGMlZFcTR1Z1YzNHpubUpGM0ZoTDhZM2hhN28xN3loNEc0Vl9aVjNqYi1vdHFiTGVQSHZHV0RleE9PMDRCbGZpT0pEYzNSUlhhYXhtbW1fMVJiQWxHOUx5d1lKRnBPemtxeEwwSFNGdGo5Zw?oc=5,,False,403 Client Error: Forbidden for url: https://www.investing.com/academy/stock-picks/high-yield-dividend-stocks/,True,,2026-09-13 09:14:11
미국,배당,배당,배당 stock market earnings investment,20 Best High-Yield Dividend Stocks for 2026 and How to Invest - The Motley Fool,https://news.google.com/rss/articles/CBMipgFBVV95cUxNbWdzdktUY0ZnaFhiVW8wM2VoTmhBLXlhakhkX2w4X2JCZnZYTXpwTTVJYnNITlAwTzBnaE90emlSV1JBVnJLOEl3bUxOWW1OWlVKdWh4OXpkcGloenNiQURpcHJhNTBrY2tIS3d0VldUV1VHV0pQVU9HaVpXSVQ5RHlvVDNNY28wd2xpdGo1SWxCUTFPcTNCNUs0c2llc3dPSVhWODhB?oc=5,"Wed, 02 Sep 2026 07:00:00 GMT",The Motley Fool,인프라/배당,https://www.fool.com/investing/stock-market/types-of-stocks/dividend-stocks/high-yield-dividend-stocks/,www.fool.com,True,,True,,2026-09-13 09:14:11
미국,리츠,리츠,리츠 stock market earnings investment,7 Best REIT ETFs to Buy for 2026 | Investing - U.S. News Money,https://news.google.com/rss/articles/CBMieEFVX3lxTFBKYlJRcFVzSWw2akl1VWRjT3dQU3hKeFNVZWNpR1V2dzBXeUdoWmZGVnRBQk9BWFFMSUc3Q1hhQXRoZVZZYm9xNlI0ZUlqVWlwZTVUcDJaY01XUFdYTmNBTGZ3al9yS1hXQXhwQ3ZEYk9ZTVFQWW1WSg?oc=5,"Fri, 21 Aug 2026 07:00:00 GMT",U.S. News Money,인프라/배당,https://news.google.com/rss/articles/CBMieEFVX3lxTFBKYlJRcFVzSWw2akl1VWRjT3dQU3hKeFNVZWNpR1V2dzBXeUdoWmZGVnRBQk9BWFFMSUc3Q1hhQXRoZVZZYm9xNlI0ZUlqVWlwZTVUcDJaY01XUFdYTmNBTGZ3al9yS1hXQXhwQ3ZEYk9ZTVFQWW1WSg?oc=5,,False,"HTTPSConnectionPool(host='money.usnews.com', port=443): Read timed out. (read timeout=10)",True,,2026-09-13 09:14:11
미국,주주환원,주주환원,주주환원 stock market earnings investment,"Samsung Electronics to Invest and Return 110 Trillion Won Each, Boosting Future Growth and Shareholder Value - 매일경제",https://news.google.com/rss/articles/CBMiU0FVX3lxTE93ZGN6Vzd1YlVGWElwZUg0d1lDR3lhUUlRTnZkVW0tODFkajBuTEw3WGNoeG5VTGY3XzJJd1RqM00tQnBIV21ubFFYWlpncXdOcURn?oc=5,"Fri, 21 Aug 2026 07:00:00 GMT",매일경제,인프라/배당,https://news.google.com/rss/articles/CBMiU0FVX3lxTE93ZGN6Vzd1YlVGWElwZUg0d1lDR3lhUUlRTnZkVW0tODFkajBuTEw3WGNoeG5VTGY3XzJJd1RqM00tQnBIV21ubFFYWlpncXdOcURn?oc=5,,False,본문 수집 제한 개수를 초과했습니다.,False,,2026-09-13 09:14:11
미국,주주환원,주주환원,주주환원 stock market earnings investment,Breakingviews - COMMENTARY: SK Hynix sets tone for Korea Inc's cash dilemma - Reuters,https://news.google.com/rss/articles/CBMipgFBVV95cUxPWlJSUFhDVWo4LTZvQTdraHdaLUN6ai1YY2lxbWhGVTR2d2sta1lRd1gxaDVITWJjZnowNnUwVzVIVDNYXy0zeHVtcGJ1SGgxUC1zaWlZN2hwamRYRll5Q2FUN1c0enFLbTM5QmQwOEI4ckJ5dVk4MTNoMFF5R3lOZkdjelFXb0dXN0ZtX0phYUxLZEdwbG5faGVTa1MwbTFFOTZpMThn?oc=5,"Thu, 20 Aug 2026 07:00:00 GMT",Reuters,인프라/배당,https://news.google.com/rss/articles/CBMipgFBVV95cUxPWlJSUFhDVWo4LTZvQTdraHdaLUN6ai1YY2lxbWhGVTR2d2sta1lRd1gxaDVITWJjZnowNnUwVzVIVDNYXy0zeHVtcGJ1SGgxUC1zaWlZN2hwamRYRll5Q2FUN1c0enFLbTM5QmQwOEI4ckJ5dVk4MTNoMFF5R3lOZkdjelFXb0dXN0ZtX0phYUxLZEdwbG5faGVTa1MwbTFFOTZpMThn?oc=5,,False,본문 수집 제한 개수를 초과했습니다.,False,,2026-09-13 09:14:11
미국,주주환원,주주환원,주주환원 stock market earnings investment,Korean chipmakers face growing calls to improve shareholder returns - The Korea Times,https://news.google.com/rss/articles/CBMiwgFBVV95cUxNdUc3Njg1OE8tUklFQ3hOVkVvYlNGaWs5MjlzM0NBdHFndmNXQnpaM0Q3bmZmd1RUbDB4S1JQNERnZ2tVak5SVm1PT1VlWEVVY0IycS1MR3NQUGhuUGlyZFp4eEV5ODU5Vm91ZzJlbkdNRnpxTGdIUHUtd0JDcGRScU9TQ0hlRm5CX0pBV3JGNmtJQ0h2MF9BdkE3d2t0c1Y2MVVwR2JIdTRlT0hIR2p2OGZjT0dMQXZ4V3pfVDNMTGpNQdIBxwFBVV95cUxPcmZkaUlTcWxIMmlQel9lMGlzcmtZYmY2bk50TVR4WXYyTGFNQWVJWVlxWmcxZVlOYkJWUTB3Uk56RUgwUERmUmd6d2FfeEw0Q21FMzlPbDlYS3FxNnVXZ092NGVMSVlwenU4T1VIcU5zVXQwbFlkVEgzcVkxSk9hemhUWTJGcV9JUzJYd0JlWGFJQ2tVcV9ISXR6WFRvMDhwNU1jV2JuWlBkcnNheHRQbWFBTkNZQlNrc1NGMHBFTndJS0tIVFUw?oc=5,"Mon, 10 Aug 2026 07:00:00 GMT",The Korea Times,인프라/배당,https://news.google.com/rss/articles/CBMiwgFBVV95cUxNdUc3Njg1OE8tUklFQ3hOVkVvYlNGaWs5MjlzM0NBdHFndmNXQnpaM0Q3bmZmd1RUbDB4S1JQNERnZ2tVak5SVm1PT1VlWEVVY0IycS1MR3NQUGhuUGlyZFp4eEV5ODU5Vm91ZzJlbkdNRnpxTGdIUHUtd0JDcGRScU9TQ0hlRm5CX0pBV3JGNmtJQ0h2MF9BdkE3d2t0c1Y2MVVwR2JIdTRlT0hIR2p2OGZjT0dMQXZ4V3pfVDNMTGpNQdIBxwFBVV95cUxPcmZkaUlTcWxIMmlQel9lMGlzcmtZYmY2bk50TVR4WXYyTGFNQWVJWVlxWmcxZVlOYkJWUTB3Uk56RUgwUERmUmd6d2FfeEw0Q21FMzlPbDlYS3FxNnVXZ092NGVMSVlwenU4T1VIcU5zVXQwbFlkVEgzcVkxSk9hemhUWTJGcV9JUzJYd0JlWGFJQ2tVcV9ISXR6WFRvMDhwNU1jV2JuWlBkcnNheHRQbWFBTkNZQlNrc1NGMHBFTndJS0tIVFUw?oc=5,,False,본문 수집 제한 개수를 초과했습니다.,False,,2026-09-13 09:14:11
미국,인프라,인프라,인프라 stock market earnings investment,2 Stocks From Top Growth Sectors to Buy in August for the Rest of 2026 - Yahoo Finance,https://news.google.com/rss/articles/CBMilwFBVV95cUxNanFaQ0tab1Z5S1RiRGNHak96aldJZmI2eDlDOTNtTlQ3X3FycnpyQ1o4RS1xUFlkRmxSQWkyTFIyTl96ajd4R1NVWDVmcHZpY1pVaW5GX0dqa0pITzhUSXRFaG4tSUdqQU9xU1V5SXVfZ0I2YklRWmJlZV9rM2hOMkVNRDVCcVhJMUR6ZTNjOUM0V2pmSVEw?oc=5,"Thu, 30 Jul 2026 07:00:00 GMT",Yahoo Finance,인프라/배당,https://news.google.com/rss/articles/CBMilwFBVV95cUxNanFaQ0tab1Z5S1RiRGNHak96aldJZmI2eDlDOTNtTlQ3X3FycnpyQ1o4RS1xUFlkRmxSQWkyTFIyTl96ajd4R1NVWDVmcHZpY1pVaW5GX0dqa0pITzhUSXRFaG4tSUdqQU9xU1V5SXVfZ0I2YklRWmJlZV9rM2hOMkVNRDVCcVhJMUR6ZTNjOUM0V2pmSVEw?oc=5,,False,본문 수집 제한 개수를 초과했습니다.,False,,2026-09-13 09:14:11
미국,주주환원,주주환원,주주환원 stock market earnings investment,Earnings call transcript: Hyundai Motor Q2 2026 revenue tops forecast as shares rise 6% - Investing.com,https://news.google.com/rss/articles/CBMi2AFBVV95cUxQdC1kRUtBak1lSUNpRm5oYmQ2ZDVoOHhyS1duLXo0UlhiZkhMRk9fMnBubk04ZnE0VXJ3ZkZVZDhFQmVMMWtqYVlvU0g5Rlh3TklfcGRqX2VlNXowQmF0aXZ5NkU1Vl9lVkxIY3Fpd1ZaR29DMmVYMW5WRWZITzlqVFh1ZGJ1QjgxeG5FUUdaR3F4Q2FBVU0tQUNXbHJaZWV1VTROZmJoV0pKZ3JSSHhQMGdrc0J3SEdVLS1zQTIyRzBQemE2UXJKaHFfdFI2Q1owLXl6aGlrV1A?oc=5,"Thu, 23 Jul 2026 07:00:00 GMT",Investing.com,인프라/배당,https://news.google.com/rss/articles/CBMi2AFBVV95cUxQdC1kRUtBak1lSUNpRm5oYmQ2ZDVoOHhyS1duLXo0UlhiZkhMRk9fMnBubk04ZnE0VXJ3ZkZVZDhFQmVMMWtqYVlvU0g5Rlh3TklfcGRqX2VlNXowQmF0aXZ5NkU1Vl9lVkxIY3Fpd1ZaR29DMmVYMW5WRWZITzlqVFh1ZGJ1QjgxeG5FUUdaR3F4Q2FBVU0tQUNXbHJaZWV1VTROZmJoV0pKZ3JSSHhQMGdrc0J3SEdVLS1zQTIyRzBQemE2UXJKaHFfdFI2Q1owLXl6aGlrV1A?oc=5,,False,본문 수집 제한 개수를 초과했습니다.,False,,2026-09-13 09:14:11
미국,인프라,인프라,인프라 stock market earnings investment,IBM Stock Tumbles To Worst Loss In Decades As Surprise Earnings Reignite AI Fears - Investor's Business Daily,https://news.google.com/rss/articles/CBMid0FVX3lxTE9OUU9Ya0M2cDVjcVhpeFREQnBjYnhiMndLSlMzbDNhdVd6b0JEYzA1OWdkektIaDdtazlWNk5KVjlFQi1DdzVIR1FFZFI1NUxTT2lNOVUwdG1yRVlpLUZYTFpqVVNUUVcxWC1jVF9KSnp1VUtjRDhn?oc=5,"Tue, 14 Jul 2026 07:00:00 GMT",Investor's Business Daily,인프라/배당,https://news.google.com/rss/articles/CBMid0FVX3lxTE9OUU9Ya0M2cDVjcVhpeFREQnBjYnhiMndLSlMzbDNhdVd6b0JEYzA1OWdkektIaDdtazlWNk5KVjlFQi1DdzVIR1FFZFI1NUxTT2lNOVUwdG1yRVlpLUZYTFpqVVNUUVcxWC1jVF9KSnp1VUtjRDhn?oc=5,,False,본문 수집 제한 개수를 초과했습니다.,False,,2026-09-13 09:14:11
미국,리츠,리츠,리츠 stock market earnings investment,Equity REITs: Takeaways From REITWeek 2026 - Seeking Alpha,https://news.google.com/rss/articles/CBMiigFBVV95cUxOM05MNVRiam81Z1k0MFFiXzE0VmdjNVNxVXRLckJrbDE5YnF5cnk1Tld0dW1KYlB6RGVibkpYR0tEbnRNX2w5eDBlbXlWVXRqa0U0b2FXT3VGZGtnT0UxZ1R4ZUczazJhYXdBSXFBTm0zd0lfR094d3ZkVjNjQnNzVjhkRmF4TUdDakE?oc=5,"Sun, 05 Jul 2026 07:00:00 GMT",Seeking Alpha,인프라/배당,https://news.google.com/rss/articles/CBMiigFBVV95cUxOM05MNVRiam81Z1k0MFFiXzE0VmdjNVNxVXRLckJrbDE5YnF5cnk1Tld0dW1KYlB6RGVibkpYR0tEbnRNX2w5eDBlbXlWVXRqa0U0b2FXT3VGZGtnT0UxZ1R4ZUczazJhYXdBSXFBTm0zd0lfR094d3ZkVjNjQnNzVjhkRmF4TUdDakE?oc=5,,False,본문 수집 제한 개수를 초과했습니다.,False,,2026-09-13 09:14:11
미국,리츠,리츠,리츠 stock market earnings investment,"JR Global REIT Files for Receivership Despite Profitability, Risking 28,000 Investors - 조선일보",https://news.google.com/rss/articles/CBMijgFBVV95cUxPWFBKZWpuUXFKVXN1ZmNRcjAyczRRR1FGTEdQX19FbS13X2hkVEw2ODlVSWVvMjJNYkcxazY1eUpPU1VPMURLZnNZRmp0a19DQWhnSWk0R3lJM0llc2l1VWwwa216cEZNMmVuMldxbmk2LThjaVg5VmliYUZqNVNpUzlXaWRIc3NQVFZSQWVn?oc=5,"Thu, 18 Jun 2026 07:00:00 GMT",조선일보,인프라/배당,https://news.google.com/rss/articles/CBMijgFBVV95cUxPWFBKZWpuUXFKVXN1ZmNRcjAyczRRR1FGTEdQX19FbS13X2hkVEw2ODlVSWVvMjJNYkcxazY1eUpPU1VPMURLZnNZRmp0a19DQWhnSWk0R3lJM0llc2l1VWwwa216cEZNMmVuMldxbmk2LThjaVg5VmliYUZqNVNpUzlXaWRIc3NQVFZSQWVn?oc=5,,False,본문 수집 제한 개수를 초과했습니다.,False,,2026-09-13 09:14:11
미국,배당,배당,배당 stock market earnings investment,Should Invesco S&P Ultra Dividend Revenue ETF (RDIV) Be on Your Investing Radar? - Yahoo Finance,https://news.google.com/rss/articles/CBMingFBVV95cUxQUzVVdFZIaklJQ01xOW92UGdUVlo1aFRoV2ZsT0hYUnlDazczUHplV09pd2t0ckRPVXRpTF9WeGJvcndWeVp1WmRaYnE1MUYxa0wwRWU0WW5qdGo3bWdZbjg4YktobDREczZWME1FUjYxZUV0Ml90YktqNUNuSW5pMi1qZUN0TGtoODcxY2UwWS15YmlnOGhMS0hQY0JhZw?oc=5,"Mon, 15 Jun 2026 07:00:00 GMT",Yahoo Finance,인프라/배당,https://news.google.com/rss/articles/CBMingFBVV95cUxQUzVVdFZIaklJQ01xOW92UGdUVlo1aFRoV2ZsT0hYUnlDazczUHplV09pd2t0ckRPVXRpTF9WeGJvcndWeVp1WmRaYnE1MUYxa0wwRWU0WW5qdGo3bWdZbjg4YktobDREczZWME1FUjYxZUV0Ml90YktqNUNuSW5pMi1qZUN0TGtoODcxY2UwWS15YmlnOGhMS0hQY0JhZw?oc=5,,False,본문 수집 제한 개수를 초과했습니다.,False,,2026-09-13 09:14:11
미국,리츠,리츠,리츠 stock market earnings investment,These stocks pay attractive dividends and offer 'turmoil insurance' - CNBC,https://news.google.com/rss/articles/CBMipAFBVV95cUxPX1NtYm55TDJnLVZ6bzJtdmZQdjRPNk5ETktUS295MXdocWN5eUJXMlRPdVR3UWF4T3lyTTlVcmNYai1vTmlhZ2ZaWGxLWGxtYllnNEFYOFdEOHE0WWlpWDlsX3RlNTh3dWtXeUN6STFxQk5LekVpYnY2NkdEbXhIR2c4ZWxnYTQzVGdzNVRUZXRqUzdSQWw5a3ZYb2xXSG1Pb25FXw?oc=5,"Wed, 10 Jun 2026 07:00:00 GMT",CNBC,인프라/배당,https://news.google.com/rss/articles/CBMipAFBVV95cUxPX1NtYm55TDJnLVZ6bzJtdmZQdjRPNk5ETktUS295MXdocWN5eUJXMlRPdVR3UWF4T3lyTTlVcmNYai1vTmlhZ2ZaWGxLWGxtYllnNEFYOFdEOHE0WWlpWDlsX3RlNTh3dWtXeUN6STFxQk5LekVpYnY2NkdEbXhIR2c4ZWxnYTQzVGdzNVRUZXRqUzdSQWw5a3ZYb2xXSG1Pb25FXw?oc=5,,False,본문 수집 제한 개수를 초과했습니다.,False,,2026-09-13 09:14:11
미국,인프라,인프라,인프라 stock market earnings investment,Oracle Earnings Will Test AI Infrastructure Economics Behind OCI Growth - ERP Today,https://news.google.com/rss/articles/CBMidEFVX3lxTE9ONjBEbW9kMUVwVHhadDdOckw4YW9xbFhRQzk0Q19CdVRPRzJQX1JrN0Q5Skdsc1BfbXRVdnRqWEZTWE9BUnljNVRwOFczbkFhaHpaVkZTQkEtVXdTQVhjYTJVODEwUXNLMUpwSFRJd2pSY3FB?oc=5,"Mon, 08 Jun 2026 07:00:00 GMT",ERP Today,인프라/배당,https://news.google.com/rss/articles/CBMidEFVX3lxTE9ONjBEbW9kMUVwVHhadDdOckw4YW9xbFhRQzk0Q19CdVRPRzJQX1JrN0Q5Skdsc1BfbXRVdnRqWEZTWE9BUnljNVRwOFczbkFhaHpaVkZTQkEtVXdTQVhjYTJVODEwUXNLMUpwSFRJd2pSY3FB?oc=5,,False,본문 수집 제한 개수를 초과했습니다.,False,,2026-09-13 09:14:11
미국,인프라,인프라,인프라 stock market earnings investment,"The Rally Is Back, But Risks Are Rising - Morgan Stanley",https://news.google.com/rss/articles/CBMimgFBVV95cUxQcDZTY2g3eGlvbWRqQTQ4WU5kcmJIWUlZRFB2UDd4XzVMVExBSDRpX1RkODkwTFlYMWlFZUhjM2NzSXNzb3RjNFFZZkJpTXhPMjA2UGg3SE02UGlLUnVRY2pFWFVQUGd0Ni0yTWRHM1lGQ19DSktFRFJ0VktmNkZtU2NhRVBROXpZdnVhOW5kQ296YlpsS3g3Uk53?oc=5,"Wed, 27 May 2026 07:00:00 GMT",Morgan Stanley,인프라/배당,https://news.google.com/rss/articles/CBMimgFBVV95cUxQcDZTY2g3eGlvbWRqQTQ4WU5kcmJIWUlZRFB2UDd4XzVMVExBSDRpX1RkODkwTFlYMWlFZUhjM2NzSXNzb3RjNFFZZkJpTXhPMjA2UGg3SE02UGlLUnVRY2pFWFVQUGd0Ni0yTWRHM1lGQ19DSktFRFJ0VktmNkZtU2NhRVBROXpZdnVhOW5kQ296YlpsS3g3Uk53?oc=5,,False,본문 수집 제한 개수를 초과했습니다.,False,,2026-09-13 09:14:11
미국,인프라,인프라,인프라 stock market earnings investment,Nvidia Q4 Earnings Call: What It Means for SMH - VanEck,https://news.google.com/rss/articles/CBMiogFBVV95cUxOZjVWejIyUFh4ZGZQYUJoU1VEd3F4WXpMR0hGTU9LZ1BXZ2tlRzVYVjRoZHZxaTNLRDVDUlgwcDVYbFVHSjBOVU11c2NBRkk4SFpfTkZMUmUtSXpvbHp1bmNUNzFxd3Q5OWZRb01BUDRmQmk5V0E1aFo2QmZJRC1GTWczakdFOXJtUVpZZlk0ckJtT09mNkZ5RmQ2WHM2emFMWUE?oc=5,"Tue, 03 Mar 2026 08:00:00 GMT",VanEck,인프라/배당,https://news.google.com/rss/articles/CBMiogFBVV95cUxOZjVWejIyUFh4ZGZQYUJoU1VEd3F4WXpMR0hGTU9LZ1BXZ2tlRzVYVjRoZHZxaTNLRDVDUlgwcDVYbFVHSjBOVU11c2NBRkk4SFpfTkZMUmUtSXpvbHp1bmNUNzFxd3Q5OWZRb01BUDRmQmk5V0E1aFo2QmZJRC1GTWczakdFOXJtUVpZZlk0ckJtT09mNkZ5RmQ2WHM2emFMWUE?oc=5,,False,본문 수집 제한 개수를 초과했습니다.,False,,2026-09-13 09:14:11
미국,배당,배당,배당 stock market earnings investment,TELUS reports strong and industry leading operational and financial results for the fourth quarter and full year 2025; establishes compelling and industry-best 2026 financial targets - PR Newswire,https://news.google.com/rss/articles/CBMi2AJBVV95cUxQYmt1SnFNcFY2azBGOE5mMUNZaVI4eU9sSm9BOE9rSWZXU2ZkNkJTN1ZyVkNkUndRbkQyMEJwVTFncWR2clFHYVJQd3ZBeElHbEM5Sll6Mkdza3M4eFpwalJoODdJRjdaRlhtUUREUFVCOWhKTGpMWFAtVkllTXVRSnlLRC1Ocld0WHNQSmI4LUx2aVd5VUpDem9hU2Q2cDRzOUZfVWFySkN5NGpZLS0tNVc0d3U2RXg5UlRQSVZaWFFPdldxOFdqZ3Y5dG04NU5UVTJVZjVLZEFjMVB5dm1DQXRYd2tOcThieDBMWlp4S1ZlWEdCazU3alpRY0VPRDR4QnpEUGhaS1R2cjJxWWxYT3N5SktKTmVpU0dIX3VLT0MwWkFRdTlSemluNFBEem1GS3BJRDdNZ1Y0d1JxVGhLMlVnRzAyTkdsRHFfejhsd0hkX19iUGNYZQ?oc=5,"Thu, 12 Feb 2026 08:00:00 GMT",PR Newswire,인프라/배당,https://news.google.com/rss/articles/CBMi2AJBVV95cUxQYmt1SnFNcFY2azBGOE5mMUNZaVI4eU9sSm9BOE9rSWZXU2ZkNkJTN1ZyVkNkUndRbkQyMEJwVTFncWR2clFHYVJQd3ZBeElHbEM5Sll6Mkdza3M4eFpwalJoODdJRjdaRlhtUUREUFVCOWhKTGpMWFAtVkllTXVRSnlLRC1Ocld0WHNQSmI4LUx2aVd5VUpDem9hU2Q2cDRzOUZfVWFySkN5NGpZLS0tNVc0d3U2RXg5UlRQSVZaWFFPdldxOFdqZ3Y5dG04NU5UVTJVZjVLZEFjMVB5dm1DQXRYd2tOcThieDBMWlp4S1ZlWEdCazU3alpRY0VPRDR4QnpEUGhaS1R2cjJxWWxYT3N5SktKTmVpU0dIX3VLT0MwWkFRdTlSemluNFBEem1GS3BJRDdNZ1Y0d1JxVGhLMlVnRzAyTkdsRHFfejhsd0hkX19iUGNYZQ?oc=5,,False,본문 수집 제한 개수를 초과했습니다.,False,,2026-09-13 09:14:11
미국,주주환원,주주환원,주주환원 stock market earnings investment,Microsoft Stock Hands Over $350 Billion To Shareholders - Forbes,https://news.google.com/rss/articles/CBMiswFBVV95cUxNTUdvNXJPWG5ibkNybm1jN3lzemlsOFhiMDdMNDc0RzdzQTdibjVqbU5NRG4yMjlaemdoUTNUNjBoajdkejZMek0zZTB0WExxM0lqZEV1TEtjeU9Za0ZOSVMtZ2k0cmJEWDlpZi1fTnVEOTduNkFxbndreV9sLXVMcDRXdy1WOUhnWUVySVFKaUxVdVFoOUNZdnUyT3pKaW1URmZ1ZVJUZlgwQXV4WDBlaXFHMA?oc=5,"Fri, 23 Jan 2026 08:00:00 GMT",Forbes,인프라/배당,https://news.google.com/rss/articles/CBMiswFBVV95cUxNTUdvNXJPWG5ibkNybm1jN3lzemlsOFhiMDdMNDc0RzdzQTdibjVqbU5NRG4yMjlaemdoUTNUNjBoajdkejZMek0zZTB0WExxM0lqZEV1TEtjeU9Za0ZOSVMtZ2k0cmJEWDlpZi1fTnVEOTduNkFxbndreV9sLXVMcDRXdy1WOUhnWUVySVFKaUxVdVFoOUNZdnUyT3pKaW1URmZ1ZVJUZlgwQXV4WDBlaXFHMA?oc=5,,False,본문 수집 제한 개수를 초과했습니다.,False,,2026-09-13 09:14:11
미국,리츠,리츠,리츠 stock market earnings investment,Commercial Real Estate and REITs: Dual Divergences Set Stage for REIT Rebound in 2026 - Nareit,https://news.google.com/rss/articles/CBMilAFBVV95cUxQUUM3Y2RZSUVJWU9ONzhwcEptQnY5RnpZYVJzUGtuMW5MQ0FGdERJX1d3cU1wWll2dzVWdGZMNXJwYUV2d25vVWgtZjV5NDM0WUgwMWFGaXhjR3Z5QS1sV01vZjByMU00LThjbHkwMUJlRHlTcDUxeXhsY0pQN2xXREFyQ3RCRkh3aFV4LVp6dXlFdlNi?oc=5,"Mon, 08 Dec 2025 08:00:00 GMT",Nareit,인프라/배당,https://news.google.com/rss/articles/CBMilAFBVV95cUxQUUM3Y2RZSUVJWU9ONzhwcEptQnY5RnpZYVJzUGtuMW5MQ0FGdERJX1d3cU1wWll2dzVWdGZMNXJwYUV2d25vVWgtZjV5NDM0WUgwMWFGaXhjR3Z5QS1sV01vZjByMU00LThjbHkwMUJlRHlTcDUxeXhsY0pQN2xXREFyQ3RCRkh3aFV4LVp6dXlFdlNi?oc=5,,False,본문 수집 제한 개수를 초과했습니다.,False,,2026-09-13 09:14:11
중동,인프라,인프라,인프라 Middle East Gulf Saudi UAE Qatar oil LNG defense energy investment,COMMENTARY: Gulf exporters' quest to bypass Hormuz will reshape the region - Reuters,https://news.google.com/rss/articles/CBMiwAFBVV95cUxQMzRlM3pLU0tDUDc4VnVLMVQxV2JBMWlPcV9jQURUb25ienRWeDMtUWRKNkRIdGpjczg5bll3VnJDUFNSMW10Z1IxQ2hiVXp5ZmVIREVNQnlDb0dXZXhSQjNnN2ppdVBtNHEyNHVSa0ktUlBGQzRZM3hrRUktSTZta1J6eHJwbUVvaEczTnBqT0luQzkyMFNuallCTFBwLWNJT0wtd1AxZ1hTQnBBREo1dTdVSUUwbHFNcmdNMW9kS3I?oc=5,"Thu, 18 Jun 2026 07:00:00 GMT",Reuters,인프라/배당,https://news.google.com/rss/articles/CBMiwAFBVV95cUxQMzRlM3pLU0tDUDc4VnVLMVQxV2JBMWlPcV9jQURUb25ienRWeDMtUWRKNkRIdGpjczg5bll3VnJDUFNSMW10Z1IxQ2hiVXp5ZmVIREVNQnlDb0dXZXhSQjNnN2ppdVBtNHEyNHVSa0ktUlBGQzRZM3hrRUktSTZta1J6eHJwbUVvaEczTnBqT0luQzkyMFNuallCTFBwLWNJT0wtd1AxZ1hTQnBBREo1dTdVSUUwbHFNcmdNMW9kS3I?oc=5,,False,401 Client Error: HTTP Forbidden for url: https://www.reuters.com/commentary/reuters-open-interest/gulf-exporters-quest-bypass-hormuz-will-reshape-region-2026-06-18/,True,,2026-09-13 09:14:11
중동,인프라,인프라,인프라 Middle East Gulf Saudi UAE Qatar oil LNG defense energy investment,"MENA Energy Recap, Q1-2026: Four Lessons From the Return of Tail Risk - Middle East Institute",https://news.google.com/rss/articles/CBMilgFBVV95cUxPZDVjclZvV1RDdVFtX3c0NTlOYlplQXRWa1dPYU54cDNFV0tvTW9tb3V5b1BMVG9pX0FkN3EtQ3c4WnYzVlRMRXhSckJKMkJjTnNQaFVjbjJyVGNXb1FDR0NzaU1ZanozaXBHbGduZWd4LWlTMHN4SFZucE1xTlZNWnFkeldnNkZhbGw4R0tISlU2Wm4wbHc?oc=5,"Thu, 21 May 2026 07:00:00 GMT",Middle East Institute,인프라/배당,https://mei.edu/report/mena-energy-recap-q1-2026-four-lessons-from-the-return-of-tail-risk/,mei.edu,True,,True,,2026-09-13 09:14:11
중동,인프라,인프라,인프라 Middle East Gulf Saudi UAE Qatar oil LNG defense energy investment,Iran Conflict Hits Foundations of Gulf Economies - Stimson Center,https://news.google.com/rss/articles/CBMihAFBVV95cUxONXl4UGVOQWN4bEtObEF6aHQyUUVPeWZUMFVQejJDcTE3RGpSVFBqcjRXdEc0cVBVN2xDWUNhLURMVEdaQlBMTGNXOEtMQWQxc0htS3c0bDByMUtNZkRGM2hEQlo5eGpwRGRoRnlYZTZTdERFcjFXWDhaVmVIWGJzTzlxTG4?oc=5,"Tue, 12 May 2026 07:00:00 GMT",Stimson Center,인프라/배당,https://www.stimson.org/2026/iran-conflict-hits-foundations-of-gulf-economies/,www.stimson.org,True,,True,,2026-09-13 09:14:11
중동,인프라,인프라,인프라 Middle East Gulf Saudi UAE Qatar oil LNG defense energy investment,Here’s a List of Gulf Energy Infrastructure Damaged in Iran War - EnergyNow.com,https://news.google.com/rss/articles/CBMimwFBVV95cUxNQlM1bDVLeU5NUC1WRGZEY3YzX2twOTJROEczM2QwX3YwbTNTQzh0aWhOS0V5RV96ZGx1TGJOYjE0UkZVUFVJYWIzNWtYQXJ0VmdSWWc2ZXBEcVlHWTZUM0dDcE5TS1JWWkJ6c0RuWHQxZEJDT0ZDd2hFbU9IY1lKVmhKQXlVQ09hd0R1XzRhRkZwajVpOTNsZWo2WQ?oc=5,"Mon, 06 Apr 2026 17:59:45 GMT",EnergyNow.com,인프라/배당,https://news.google.com/rss/articles/CBMimwFBVV95cUxNQlM1bDVLeU5NUC1WRGZEY3YzX2twOTJROEczM2QwX3YwbTNTQzh0aWhOS0V5RV96ZGx1TGJOYjE0UkZVUFVJYWIzNWtYQXJ0VmdSWWc2ZXBEcVlHWTZUM0dDcE5TS1JWWkJ6c0RuWHQxZEJDT0ZDd2hFbU9IY1lKVmhKQXlVQ09hd0R1XzRhRkZwajVpOTNsZWo2WQ?oc=5,,False,403 Client Error: Forbidden for url: https://energynow.com/2026/04/heres-a-list-of-gulf-energy-infrastructure-damaged-in-iran-war-2/,True,,2026-09-13 09:14:11
중동,인프라,인프라,인프라 Middle East Gulf Saudi UAE Qatar oil LNG defense energy investment,Escalating Attacks on Gulf Energy Assets Plunge Iran War Into New Phase - WSJ,https://news.google.com/rss/articles/CBMiugFBVV95cUxPcHFYR2lfdmRaYlJ2WW9wQXhfeXM1ZVNJenVkanhiWDRnVlRlakhzajNzRnI2WUlkVmM4dUk4QlA2Q0czaHFTTFRWc3hjeUNaelpwZ1IzVUNEd21lUllvVTZLSlZvYnZnSHRnYWhxWEpnWTRvVlNQRF8zSGFzQWw4ZlVyUDRmMkI5aE5GbkkwUnMwNjg5X3duNUp0T2N2N2JZR1NOZVBlTHFpckZkR29SbzhFOTZhRHd2ZlE?oc=5,"Thu, 19 Mar 2026 07:00:00 GMT",WSJ,인프라/배당,https://news.google.com/rss/articles/CBMiugFBVV95cUxPcHFYR2lfdmRaYlJ2WW9wQXhfeXM1ZVNJenVkanhiWDRnVlRlakhzajNzRnI2WUlkVmM4dUk4QlA2Q0czaHFTTFRWc3hjeUNaelpwZ1IzVUNEd21lUllvVTZLSlZvYnZnSHRnYWhxWEpnWTRvVlNQRF8zSGFzQWw4ZlVyUDRmMkI5aE5GbkkwUnMwNjg5X3duNUp0T2N2N2JZR1NOZVBlTHFpckZkR29SbzhFOTZhRHd2ZlE?oc=5,,False,본문 수집 제한 개수를 초과했습니다.,False,,2026-09-13 09:14:11
국내,현대차,현대차,현대차,"""서두르면 어정쩡한 L2++만""…엔비디아로 먼저 가는 현대차 속내 [현장+] - 한국경제",https://news.google.com/rss/articles/CBMiWkFVX3lxTE5ZWktyT1lHamU3cmNkb2dRU3FfMzQ3OXg3UEZIeUVSTXNFMGRFWTZFWV9kc2FyZVJ2MVRScFV2NUdXNHhuaEtQZkw4UUd4MVp0LW9OcHV5SnlTZw?oc=5,"Sun, 13 Sep 2026 00:00:03 GMT",한국경제,자동차,https://www.hankyung.com/article/202609119251g,www.hankyung.com,True,,True,,2026-09-13 09:14:53
국내,현대차,현대차,현대차,"""일부러 늦췄다""…현대차그룹 독자 자율주행, 2029년 승부수 - 머니투데이 - 머니투데이",https://news.google.com/rss/articles/CBMibEFVX3lxTE5HV21BQTd5cU5DNmVFZWR5Mk5tbUFLUHJqMHV5NXNibjV2ZW44bGRUakQyZnF6V3JOR1dYOHF1Q2JGSHdUaGc2OUstVkhaM1VtZURMdUZfMExjTGxhemdieVdFbDh6TWJFYXFVWtIBckFVX3lxTE9lS09ad0pNQTRGRklTNEp5Z0pvN19WRm8zMGxvdmo4MG9TRE1RcGVQQWRycUJiUm5PYUVkZTM3Y2d6VjdvemU5TXdVVmlhNEljQ1B5MzUxbUZRbVpaNm1nT0VES09jVDVaa2FqZUxWOWswUQ?oc=5,"Sun, 13 Sep 2026 00:00:00 GMT",머니투데이,자동차,https://www.mt.co.kr/industry/2026/09/13/2026091115532897077,www.mt.co.kr,True,,True,,2026-09-13 09:14:53
국내,전기차,전기차,전기차,"中, 자율주행차 2030년까지 상용화…세계 판매량 10위권 진입 목표 - v.daum.net",https://news.google.com/rss/articles/CBMiT0FVX3lxTE1pV3k4NjB3VVF4V3JKUmMwLUw5RzFmLUwzajRUREdtazlZYVcxTzIzMWhTV1JpN2tvZEJXbmFZeW5VRTk4MlJjTTdFM0Zybmc?oc=5,"Sat, 12 Sep 2026 23:54:00 GMT",v.daum.net,자동차,https://v.daum.net/v/20260913085407575,v.daum.net,True,,True,,2026-09-13 09:14:53
국내,기아,기아,기아,"기아 ‘PV5’, 출시 13개월 만에 글로벌 5만대 판매 - 서울경제TV",https://news.google.com/rss/articles/CBMiZEFVX3lxTE1QNmxrQWRfc0Z6NE4wY01lU2plUVVHTUdSdUxHcFNhTFp6Q05EeEVRQkVqMVFWOVVyaUhwc0k2N0dqS2NhWmdGV1VHZWpldktReVdsNk1PeHpwbGZNcVpHbHU5Sy0?oc=5,"Sat, 12 Sep 2026 23:10:58 GMT",서울경제TV,자동차,https://www.sentv.co.kr/article/view/sentv202609130007,www.sentv.co.kr,True,,True,,2026-09-13 09:14:53
국내,기아,기아,기아,"기아 첫 PBV 'PV5', 출시 13개월만에 글로벌 판매량 5만대 돌파 - v.daum.net",https://news.google.com/rss/articles/CBMiT0FVX3lxTE1waVFYa1lkVXZkeldTN3Y2MjhINmdVMHRRa3BKSkxqTUVNbV90cFJtMlFJZ1hrQldYaUZWazkyZXNQTzFWaUpqN0ltSUx3NHc?oc=5,"Sat, 12 Sep 2026 22:02:55 GMT",v.daum.net,자동차,https://news.google.com/rss/articles/CBMiT0FVX3lxTE1waVFYa1lkVXZkeldTN3Y2MjhINmdVMHRRa3BKSkxqTUVNbV90cFJtMlFJZ1hrQldYaUZWazkyZXNQTzFWaUpqN0ltSUx3NHc?oc=5,,False,본문 수집 제한 개수를 초과했습니다.,False,,2026-09-13 09:14:53
국내,전기차,전기차,전기차,"EV6로 시작, 20만대 넘었다…기아 ‘순수 전기차’ 5년의 질주 [여車저車] - v.daum.net",https://news.google.com/rss/articles/CBMiT0FVX3lxTE5wSFRjUTFHeDVFSHd6M0ljRjJndzFjQ3dUUTFXaUlOWVdtNmRadmxaRF9OOWJ4bHgzMk9oZ2ljYk5waFNrWUtsZ0xhdG1pVGM?oc=5,"Sat, 12 Sep 2026 22:02:13 GMT",v.daum.net,자동차,https://news.google.com/rss/articles/CBMiT0FVX3lxTE5wSFRjUTFHeDVFSHd6M0ljRjJndzFjQ3dUUTFXaUlOWVdtNmRadmxaRF9OOWJ4bHgzMk9oZ2ljYk5waFNrWUtsZ0xhdG1pVGM?oc=5,,False,본문 수집 제한 개수를 초과했습니다.,False,,2026-09-13 09:14:53
국내,전기차,전기차,전기차,"기아 첫 PBV 'PV5', 출시 13개월만에 글로벌 판매량 5만대 돌파 - 매일경제 마켓",https://news.google.com/rss/articles/CBMiUkFVX3lxTE1MU1J3TnZfeWRCSHhnM0h3MENURnRIVFRncGhVX3VNNnpnLWdfU2FIeUJUZUlETVdUZE1Qdi1lbGgyX3ZMQThadTBJYmZyU1RYU2c?oc=5,"Sat, 12 Sep 2026 22:01:00 GMT",매일경제 마켓,자동차,https://news.google.com/rss/articles/CBMiUkFVX3lxTE1MU1J3TnZfeWRCSHhnM0h3MENURnRIVFRncGhVX3VNNnpnLWdfU2FIeUJUZUlETVdUZE1Qdi1lbGgyX3ZMQThadTBJYmZyU1RYU2c?oc=5,,False,본문 수집 제한 개수를 초과했습니다.,False,,2026-09-13 09:14:53
국내,하이브리드,하이브리드,하이브리드,"""혼다의 하이브리드 유턴 맞춘다""… 日 아스테모, 美 켄터키 공장에 증설 투자 - 글로벌이코노믹",https://news.google.com/rss/articles/CBMiiAFBVV95cUxQVV8zazREMzAyRk1qWE1qdDdmTzEyUjE5UHZXMUQ2dDRMSlBfQ1NwekN6MTdaMU5tcDhGNlVRUVI3ZTZMXzFWMzEzTTJteDZsQnNGbXRHbXF5MzdMRUxrcHN3R1NHcUt4cnV2VnRWUnZDa0huS3c0Znd6V2syRnlrcXFDY1ZCLUFs?oc=5,"Sat, 12 Sep 2026 21:35:00 GMT",글로벌이코노믹,자동차,https://news.google.com/rss/articles/CBMiiAFBVV95cUxQVV8zazREMzAyRk1qWE1qdDdmTzEyUjE5UHZXMUQ2dDRMSlBfQ1NwekN6MTdaMU5tcDhGNlVRUVI3ZTZMXzFWMzEzTTJteDZsQnNGbXRHbXF5MzdMRUxrcHN3R1NHcUt4cnV2VnRWUnZDa0huS3c0Znd6V2syRnlrcXFDY1ZCLUFs?oc=5,,False,본문 수집 제한 개수를 초과했습니다.,False,,2026-09-13 09:14:53
국내,하이브리드,하이브리드,하이브리드,“연비 보고 샀는데 가족이 더 좋아했다”... 만족도 높은 하이브리드 SUV - autotribune.co.kr,https://news.google.com/rss/articles/CBMicEFVX3lxTE1WcU5BM3BnYjhLckZFcTBQekVOR2N2VlhocHZONE13dzN4U1NFcGdNaTlYTUxFajVsa3JxaWVnSmFpbVE5RU9zSWg3SVNmZ0tTYmNjUjg5bGkwZDlGU0hmdURyZ0IwSHBfODJQcjJfcmI?oc=5,"Sat, 12 Sep 2026 17:07:00 GMT",autotribune.co.kr,자동차,https://news.google.com/rss/articles/CBMicEFVX3lxTE1WcU5BM3BnYjhLckZFcTBQekVOR2N2VlhocHZONE13dzN4U1NFcGdNaTlYTUxFajVsa3JxaWVnSmFpbVE5RU9zSWg3SVNmZ0tTYmNjUjg5bGkwZDlGU0hmdURyZ0IwSHBfODJQcjJfcmI?oc=5,,False,본문 수집 제한 개수를 초과했습니다.,False,,2026-09-13 09:14:53
국내,기아,기아,기아,[2026 기아챌린지 ECO 프로젝트] 4. 터뜨리는 재미 뒤 남는 쓰레기…‘말랑이·왁뿌볼’의 그늘 - 경기일보,https://news.google.com/rss/articles/CBMiW0FVX3lxTE9mOWVJUnJNNnNWN05RZFFZZkVmYlFncndmaHFVc2k2N1p3NHVQdm1QRTZLUkhsWVpSem5OUjl3UktxZS1QZGdlMTFoOWMtVFdqLVVpbHlTVTNrSFk?oc=5,"Sat, 12 Sep 2026 06:53:42 GMT",경기일보,자동차,https://news.google.com/rss/articles/CBMiW0FVX3lxTE9mOWVJUnJNNnNWN05RZFFZZkVmYlFncndmaHFVc2k2N1p3NHVQdm1QRTZLUkhsWVpSem5OUjl3UktxZS1QZGdlMTFoOWMtVFdqLVVpbHlTVTNrSFk?oc=5,,False,본문 수집 제한 개수를 초과했습니다.,False,,2026-09-13 09:14:53
국내,하이브리드,하이브리드,하이브리드,하이브리드에 가린 '진주'…그랑 콜레오스 가솔린 4WD의 반전[시승기] - v.daum.net,https://news.google.com/rss/articles/CBMiVEFVX3lxTE93YVVrUjd1RU9uNlVlcHJrSGxac1lHVnlqSHlvamRycl84Qmd5R1NORFNMUk1BSW9iX01yMXhUb1dlaFp0UWRKbTRNNnJyYjA3bkJieA?oc=5,"Fri, 11 Sep 2026 23:02:00 GMT",v.daum.net,자동차,https://news.google.com/rss/articles/CBMiVEFVX3lxTE93YVVrUjd1RU9uNlVlcHJrSGxac1lHVnlqSHlvamRycl84Qmd5R1NORFNMUk1BSW9iX01yMXhUb1dlaFp0UWRKbTRNNnJyYjA3bkJieA?oc=5,,False,본문 수집 제한 개수를 초과했습니다.,False,,2026-09-13 09:14:53
국내,현대차,현대차,현대차,"현대차그룹, 수소 이어 핵융합까지…모빌리티 넘어 에너지 패권 노린다 [biz-플러스] - sedaily.com",https://news.google.com/rss/articles/CBMiUkFVX3lxTFBnNmRRUmMwb3Rla0lVZEJUV25PaVNjcy1Gd2dYRVhwZjRhVXF6a2I5REhCdDVQUkxwa2FuT0VTd1NzemhiWk05MGNMZlJkTlVtRVHSAVNBVV95cUxQYVdycFZ4NnFoakZYVUlKdnhvRnFKeFNPa0kxOFdYb2VtZXBVcXBLck5NVGpOMUZRNzZRekxYQmZUcHlnMHNSMHE3T19VRGttOUlwaw?oc=5,"Fri, 11 Sep 2026 23:00:00 GMT",sedaily.com,자동차,https://news.google.com/rss/articles/CBMiUkFVX3lxTFBnNmRRUmMwb3Rla0lVZEJUV25PaVNjcy1Gd2dYRVhwZjRhVXF6a2I5REhCdDVQUkxwa2FuT0VTd1NzemhiWk05MGNMZlJkTlVtRVHSAVNBVV95cUxQYVdycFZ4NnFoakZYVUlKdnhvRnFKeFNPa0kxOFdYb2VtZXBVcXBLck5NVGpOMUZRNzZRekxYQmZUcHlnMHNSMHE3T19VRGttOUlwaw?oc=5,,False,본문 수집 제한 개수를 초과했습니다.,False,,2026-09-13 09:14:53
국내,기아,기아,기아,"기아 인도법인, 카렌스·카렌스 클라비스 첫 공장 출고...CNG 모델 사전 예약 개시 - 글로벌이코노믹",https://news.google.com/rss/articles/CBMiiAFBVV95cUxPay1KamU0LXVNWTJKd0NJMVE5WWNLZGpTUmJqNk9mck1Vbk1SdUU1RTc3R0NsRGI2dFd3SXRZdHA0SGd3M0Q1U3o3a3pFSE9NZklFampOVlgydW5rZWdXOThWRG5LejgtN2FYODI0LUtvMGlINEkwUVctZGcxLXVnRlBCSkhvTnQ3?oc=5,"Fri, 11 Sep 2026 21:41:43 GMT",글로벌이코노믹,자동차,https://news.google.com/rss/articles/CBMiiAFBVV95cUxPay1KamU0LXVNWTJKd0NJMVE5WWNLZGpTUmJqNk9mck1Vbk1SdUU1RTc3R0NsRGI2dFd3SXRZdHA0SGd3M0Q1U3o3a3pFSE9NZklFampOVlgydW5rZWdXOThWRG5LejgtN2FYODI0LUtvMGlINEkwUVctZGcxLXVnRlBCSkhvTnQ3?oc=5,,False,본문 수집 제한 개수를 초과했습니다.,False,,2026-09-13 09:14:53
국내,현대차,현대차,현대차,"[단독] 현대차의 복정인가, LG의 마곡인가…엔비디아 서울 입지가 던진 화두 - 이투데이",https://news.google.com/rss/articles/CBMiVEFVX3lxTE1ORGR3MUlwX3JhR2FkTGFRYUJQMm83Y2ZWanI0Z0xxWmEzS3VSYmNPcXdybjBIRU1ld3dVb0wxeklaem9wcVppSHpUVm9kdGpSOXhnXw?oc=5,"Fri, 11 Sep 2026 20:00:00 GMT",이투데이,자동차,https://news.google.com/rss/articles/CBMiVEFVX3lxTE1ORGR3MUlwX3JhR2FkTGFRYUJQMm83Y2ZWanI0Z0xxWmEzS3VSYmNPcXdybjBIRU1ld3dVb0wxeklaem9wcVppSHpUVm9kdGpSOXhnXw?oc=5,,False,본문 수집 제한 개수를 초과했습니다.,False,,2026-09-13 09:14:53
국내,현대차,현대차,현대차,"중국이 벌써 86% 장악…현대차 로봇, 살아남을 방법 있을까 - 주간경향",https://news.google.com/rss/articles/CBMiXkFVX3lxTE92eVJMMGNQWkxkRDJPTzAyZjd1SndqSDVRa0c4aXVUZ1V4cnVRVGRvUkV0SjdvN3daaUs1QlRfX2Nka3pJVkFhTHJ0UlRjLU1XWU5lVy1zVkM4aFpDdEE?oc=5,"Fri, 11 Sep 2026 12:31:00 GMT",주간경향,자동차,https://news.google.com/rss/articles/CBMiXkFVX3lxTE92eVJMMGNQWkxkRDJPTzAyZjd1SndqSDVRa0c4aXVUZ1V4cnVRVGRvUkV0SjdvN3daaUs1QlRfX2Nka3pJVkFhTHJ0UlRjLU1XWU5lVy1zVkM4aFpDdEE?oc=5,,False,본문 수집 제한 개수를 초과했습니다.,False,,2026-09-13 09:14:53
국내,하이브리드,하이브리드,하이브리드,"맥라렌, 810마력 하이브리드 P34 슈퍼카·SUV·럭셔리 브랜드 혁신 계획 공개 - Hypebeast.KR",https://news.google.com/rss/articles/CBMiiwFBVV95cUxNMlNHMGtqQTJKZ24wWVBSM2VLY3BFSklkTmhFeHIwRDYwa2lPT0hWMnpSdklkUWEyeUdUdk95VEtIZ3kwMVZBQnY0ZGxJTFZzY2xwTnJlMDlDWWt2YUFDbER4ZzNqd2FMcTF4OEdyQkhZNGRXS2lpYkw5eThnQWtVaE41bzBPanZHVVJr?oc=5,"Fri, 11 Sep 2026 08:28:09 GMT",Hypebeast.KR,자동차,https://news.google.com/rss/articles/CBMiiwFBVV95cUxNMlNHMGtqQTJKZ24wWVBSM2VLY3BFSklkTmhFeHIwRDYwa2lPT0hWMnpSdklkUWEyeUdUdk95VEtIZ3kwMVZBQnY0ZGxJTFZzY2xwTnJlMDlDWWt2YUFDbER4ZzNqd2FMcTF4OEdyQkhZNGRXS2lpYkw5eThnQWtVaE41bzBPanZHVVJr?oc=5,,False,본문 수집 제한 개수를 초과했습니다.,False,,2026-09-13 09:14:53
국내,자동차 수출,자동차 수출,자동차 수출,"중국, 2026년 8개월 만에 자동차 수출 기록 경신. - Vietnam.vn",https://news.google.com/rss/articles/CBMikAFBVV95cUxOSElwQU9TbHJ0dHF5ZnMyRC1rZWJvSTVBRlVPOGYyZFV6bUxXM0FMUHVoMWhkYVpyV0VhZmVIelFqVnkyblNqbkhJN3lOQUxYMndqN3MyU3hLWmRNZEk2SkdWYk95MW5TcVZZNkxaV010TEFCdVU2ZktSb0hWR25zU2RBQVFBcUJ1eFZTNEtac0g?oc=5,"Fri, 11 Sep 2026 07:21:27 GMT",Vietnam.vn,자동차,https://news.google.com/rss/articles/CBMikAFBVV95cUxOSElwQU9TbHJ0dHF5ZnMyRC1rZWJvSTVBRlVPOGYyZFV6bUxXM0FMUHVoMWhkYVpyV0VhZmVIelFqVnkyblNqbkhJN3lOQUxYMndqN3MyU3hLWmRNZEk2SkdWYk95MW5TcVZZNkxaV010TEFCdVU2ZktSb0hWR25zU2RBQVFBcUJ1eFZTNEtac0g?oc=5,,False,본문 수집 제한 개수를 초과했습니다.,False,,2026-09-13 09:14:53
국내,자동차 수출,자동차 수출,자동차 수출,중국 자동차 내수 '꽁꽁'…수출로 '활로' 찾는다 - 녹색경제신문,https://news.google.com/rss/articles/CBMiaEFVX3lxTE5tdEtZb21kSHBrMjNvbTAtY0NhTVpSd2RJRWtxU2dRcDk1YXEzSVk3ZmRURENxSmxYODdBckJYNUEzR0FtbXZ0dTJ5aXVrd0Ffd1JhSFJoZjJMWHpoS201MEhaU0d1MENG?oc=5,"Fri, 11 Sep 2026 06:18:31 GMT",녹색경제신문,자동차,https://news.google.com/rss/articles/CBMiaEFVX3lxTE5tdEtZb21kSHBrMjNvbTAtY0NhTVpSd2RJRWtxU2dRcDk1YXEzSVk3ZmRURENxSmxYODdBckJYNUEzR0FtbXZ0dTJ5aXVrd0Ffd1JhSFJoZjJMWHpoS201MEhaU0d1MENG?oc=5,,False,본문 수집 제한 개수를 초과했습니다.,False,,2026-09-13 09:14:53
국내,전기차,전기차,전기차,"그랜저에서 전기차로 갈아탔더니 생긴 일…""매년 200만원 절약한다"" - 아시아경제",https://news.google.com/rss/articles/CBMicEFVX3lxTE5maHNKaG1Gem85aE54Y0lFdldkRkJpTkVnZEE1MkE2LTNIeU9XX2U3eUNlRFphR0pndkN4YTYxdnBVUUN6QWVxMlFUYUp1S2JoYWxuZHJuZURzT1BZdHpFd2cwRDhxcjRfVExVUWFzZlE?oc=5,"Fri, 11 Sep 2026 01:41:42 GMT",아시아경제,자동차,https://news.google.com/rss/articles/CBMicEFVX3lxTE5maHNKaG1Gem85aE54Y0lFdldkRkJpTkVnZEE1MkE2LTNIeU9XX2U3eUNlRFphR0pndkN4YTYxdnBVUUN6QWVxMlFUYUp1S2JoYWxuZHJuZURzT1BZdHpFd2cwRDhxcjRfVExVUWFzZlE?oc=5,,False,본문 수집 제한 개수를 초과했습니다.,False,,2026-09-13 09:14:53
국내,전기차,전기차,전기차,사용후 전기차 배터리의 변신…현대차·LG엔솔 등 맞손 - 한국경제,https://news.google.com/rss/articles/CBMiWkFVX3lxTE56NjVxY3otMmtvUFBTWTBDVDhEZUpFNUVVSFdyODRTZUZwTmgtNkdPWUgwV2YtZ2Z6aExNeHVLUTIxLU5wNWN6ZEpkRUdyVXRWSlFCanhxZVhTZw?oc=5,"Thu, 10 Sep 2026 06:06:44 GMT",한국경제,자동차,https://news.google.com/rss/articles/CBMiWkFVX3lxTE56NjVxY3otMmtvUFBTWTBDVDhEZUpFNUVVSFdyODRTZUZwTmgtNkdPWUgwV2YtZ2Z6aExNeHVLUTIxLU5wNWN6ZEpkRUdyVXRWSlFCanhxZVhTZw?oc=5,,False,본문 수집 제한 개수를 초과했습니다.,False,,2026-09-13 09:14:53
국내,자동차 수출,자동차 수출,자동차 수출,中 자동차 수출 77% 급증…현대차·기아 긴장 : 네이버 블로그 - Naver Blog,https://news.google.com/rss/articles/CBMijwFBVV95cUxPZlBHVHQ0WV9MUGpORGJiZHVCQlktTXNnQ2dLdm1EM3ZielNOTWlUZTRkM0ZzN0w5WW1uMnBsS2NySlRYTmdvZzN1N0VTOGNLdVBhQll2dUpPMkplbGJYY1ZMS25yNXQyejVHQ0JWeWNSV1YwWFZ1dXJLOW1FdHk2SE1WemVLN0Ffdk54VFZoTQ?oc=5,"Thu, 10 Sep 2026 05:17:39 GMT",Naver Blog,자동차,https://news.google.com/rss/articles/CBMijwFBVV95cUxPZlBHVHQ0WV9MUGpORGJiZHVCQlktTXNnQ2dLdm1EM3ZielNOTWlUZTRkM0ZzN0w5WW1uMnBsS2NySlRYTmdvZzN1N0VTOGNLdVBhQll2dUpPMkplbGJYY1ZMS25yNXQyejVHQ0JWeWNSV1YwWFZ1dXJLOW1FdHk2SE1WemVLN0Ffdk54VFZoTQ?oc=5,,False,본문 수집 제한 개수를 초과했습니다.,False,,2026-09-13 09:14:53
국내,하이브리드,하이브리드,하이브리드,3000만원대 중형 하이브리드 SUV를 타고 싶다면 '픽' - 한경매거진&북,https://news.google.com/rss/articles/CBMibEFVX3lxTE85X011YWZ0emZYS2FBS3dUYjN4emNPUUZmNHlMd25zREQxb0tZWVJRNFlKY29wOUp2TkJBUmFBOWJIX3U0MWhvOGthS2NTbGVkZzhFMTlVbEszbEhnWWtHMnNoT0c4SGVNWGhrTA?oc=5,"Thu, 10 Sep 2026 01:45:00 GMT",한경매거진&북,자동차,https://news.google.com/rss/articles/CBMibEFVX3lxTE85X011YWZ0emZYS2FBS3dUYjN4emNPUUZmNHlMd25zREQxb0tZWVJRNFlKY29wOUp2TkJBUmFBOWJIX3U0MWhvOGthS2NTbGVkZzhFMTlVbEszbEhnWWtHMnNoT0c4SGVNWGhrTA?oc=5,,False,본문 수집 제한 개수를 초과했습니다.,False,,2026-09-13 09:14:53
국내,자동차 수출,자동차 수출,자동차 수출,中 자동차 수출 77% 급증…현대차·기아 긴장 - 딜사이트,https://news.google.com/rss/articles/CBMiT0FVX3lxTE1QN1d4VEhEcWc0LVFwRWQ0eUd3ZFV3YVNQLXAwMTlQWFhkdE5oT2M0ZGJiaWZGaE1OVGl5OU9fYzdOWDhjX1N1a1RRVHlnU1U?oc=5,"Wed, 09 Sep 2026 00:00:50 GMT",딜사이트,자동차,https://news.google.com/rss/articles/CBMiT0FVX3lxTE1QN1d4VEhEcWc0LVFwRWQ0eUd3ZFV3YVNQLXAwMTlQWFhkdE5oT2M0ZGJiaWZGaE1OVGl5OU9fYzdOWDhjX1N1a1RRVHlnU1U?oc=5,,False,본문 수집 제한 개수를 초과했습니다.,False,,2026-09-13 09:14:53
국내,자동차 수출,자동차 수출,자동차 수출,"원화 고공행진 계속…영업이익 떨어질라, 반도체·자동차 수출업체 ‘긴장’ - 한겨레",https://news.google.com/rss/articles/CBMiZ0FVX3lxTFA5cUtsYlhmdkdaUkVHRDJzZmRZOVRRTmVlOXZiaDNfNjJkZ29sZG44R3JEYVRWdWp3a1FqYUtWUTBLZ2pHNVhFN2Jxek1iZEg2ci1qWHBRRWhORTRPTUlqQ2lZeTA0ams?oc=5,"Tue, 08 Sep 2026 07:08:00 GMT",한겨레,자동차,https://news.google.com/rss/articles/CBMiZ0FVX3lxTFA5cUtsYlhmdkdaUkVHRDJzZmRZOVRRTmVlOXZiaDNfNjJkZ29sZG44R3JEYVRWdWp3a1FqYUtWUTBLZ2pHNVhFN2Jxek1iZEg2ci1qWHBRRWhORTRPTUlqQ2lZeTA0ams?oc=5,,False,본문 수집 제한 개수를 초과했습니다.,False,,2026-09-13 09:14:53
미국,하이브리드,hybrid vehicle,hybrid vehicle stock market earnings investment,Toyota Motor Corp Stock (TM) Moved Up by 3.00% on Sep 11: Key Drivers Unveiled - TradingKey,https://news.google.com/rss/articles/CBMiiAFBVV95cUxOWl9ldjdXd2N1Q1c0RjJLcGY0dDFjMVNzdHQ3M2Ftc3JZTFdzZllBSzNfUEhYM2pyZTBjdG8xdnYwWE9PSEZ3cHhPYzhkb2c2aXZTX2ZZS0lMVVRLWmxxVFRVeG84V0hIa0dyWnE1R1BzcXZBWmdQaThfYXlkV0c1bEF4TXJNTV91?oc=5,"Fri, 11 Sep 2026 15:15:26 GMT",TradingKey,자동차,https://www.tradingkey.com/news/market-movers/262163871-market-movers-tm-20260911,www.tradingkey.com,True,,True,,2026-09-13 09:14:53
미국,하이브리드,hybrid vehicle,hybrid vehicle stock market earnings investment,"Nio Drops 4% on J.P. Morgan Downgrade and $4.50 Price Target, XPeng and Li Auto Slip - 24/7 Wall St.",https://news.google.com/rss/articles/CBMiwgFBVV95cUxQWkllZ1dtblNPM0I3V0ttUFg4dzRIRDVsM2t5RzVVZ3R3cHU0OGtabTZ4bVVmaExrT2IySW54b3otMzVqbjVsVzhYSkc4Skstc1IzTnlFanZOOEJleFptek9lbVhqbWhrOUp1Z2NfUXNWaGhiQXBoaFJqdUlFRTk3THpXRTBSMmprRC1TTlRxSFU0UFlaZlpEd3R6ZlV0UjZCMUtkZ0ZuZXNvV3B2eUlmSjZRS1JObEw2MFB4OXZmM1ZPZw?oc=5,"Wed, 02 Sep 2026 07:00:00 GMT",24/7 Wall St.,자동차,https://247wallst.com/investing/2026/09/02/nio-drops-4-on-j-p-morgan-downgrade-and-4-50-price-target-xpeng-and-li-auto-slip/,247wallst.com,True,,True,,2026-09-13 09:14:53
미국,전기차,electric vehicle EV,electric vehicle EV stock market earnings investment,10 Best Electric Vehicle Stocks for 2026 and How to Invest - The Motley Fool,https://news.google.com/rss/articles/CBMivAFBVV95cUxPaDc3LXY1NTNfRG4zb01Lald3dzVmQlZDMjNhWDRGbWVfRGgxMFlYcTlBSWJ3a0JPQjdJVlNoaFpFTFVac01jeENYV1FXUDNLb0U3M2tnVjljTVRWeVRmYUxvOTU4YXJ5QUhGYnJJX21yenpIdVR1WDROR0ZIS1Q5MVBqaTBTT3pUbW1QR1hTc0E2YXpHTjMtMm82SXdFdUJqWGFFVllsV205Qzc3VmtjTmhUaWoySXU4dzVWbA?oc=5,"Thu, 20 Aug 2026 07:00:00 GMT",The Motley Fool,자동차,https://www.fool.com/investing/stock-market/market-sectors/consumer-discretionary/automotive-stocks/electric-car-stocks/,www.fool.com,True,,True,,2026-09-13 09:14:53
미국,전기차,electric vehicle EV,electric vehicle EV stock market earnings investment,Tesla Snaps Losing Streak. Can It Start To Rebuild Momentum? - Investor's Business Daily,https://news.google.com/rss/articles/CBMitgFBVV95cUxPY05XVEV6akFYeVdWaWs1ZVU2MWxabXR1RjI0ckpFdnhSVGlSSXY5cFI3WlJJcGlvZUtfMGtodi1OVDVZVHdodFB0OFpXX3ZPcFZEcmZFVGljcDZKMkd2YlFFUF82SHl3V3VNaFUzZ3FTd1VvZnIyNlRzMWV0T0JpSDItQklxcXhlSnN6VFdiaTNqbFc1WFNzd1duN01sU1NSeDVWbndtdTVubmJKbFY0VmFrSERpZw?oc=5,"Fri, 31 Jul 2026 07:00:00 GMT",Investor's Business Daily,자동차,https://www.investors.com/news/tesla-stock-electric-vehicle-ev-model-y-elon-musk-optimus-robotaxi-microsoft-amazon/,www.investors.com,True,,True,,2026-09-13 09:14:53
미국,기아,기아,기아 stock market earnings investment,"Wall Street Bull Warns Rates, Not Earnings, Pose Real Market Threat - Seoul Economic Daily",https://news.google.com/rss/articles/CBMiqgFBVV95cUxOQWlPZGpoMWRfdURRenZmLTRxSnRBTnh1MXpTOVJRd2Z1MHVUS1A2ckZ3MVFXa0J6SHl0eDlsczlUMWJtanhjZWloZG44Q0Z5c0FUci1JMVZOTU5UUjR3czJwaHNaRERlR3BQcHRiZDFxVDllZkMwQnpLSV9SUTFJSFczSFVHT3dwMi0xY2ZUTC1BUlkxS1FXdlRDT1hUMEg5YXp2SzFmd3k5dw?oc=5,"Wed, 29 Jul 2026 07:00:00 GMT",Seoul Economic Daily,자동차,https://news.google.com/rss/articles/CBMiqgFBVV95cUxOQWlPZGpoMWRfdURRenZmLTRxSnRBTnh1MXpTOVJRd2Z1MHVUS1A2ckZ3MVFXa0J6SHl0eDlsczlUMWJtanhjZWloZG44Q0Z5c0FUci1JMVZOTU5UUjR3czJwaHNaRERlR3BQcHRiZDFxVDllZkMwQnpLSV9SUTFJSFczSFVHT3dwMi0xY2ZUTC1BUlkxS1FXdlRDT1hUMEg5YXp2SzFmd3k5dw?oc=5,,False,본문 수집 제한 개수를 초과했습니다.,False,,2026-09-13 09:14:53
미국,현대차,현대차,현대차 stock market earnings investment,"Hyundai Motor misses Q2 forecast, keeps outlook as it plans new model launches - Reuters",https://news.google.com/rss/articles/CBMiwwFBVV95cUxPRkg1V2ZDaEI2dlZrNW1iRnhWSTMxa19fM1pRcmU0aGZkeGpRSVhHM2QwWEVrMHNMRHZqMzRIMnR1bXJueERNSGZZZlRlem1wNndjZEpfc3pNTTU2eDRxbHBwZHhlTHpPT0lYSWx6dGdsS3dHQ2p5S1VSWnBZRU0xUUdjaFhSeXhjMkZpUXY3ODctSDdRaU96MXZKNTF6VG1ZTF91aVExbXN2Ymw5WkNFNVBub25nOWs4SG1raUZwNWFZQTQ?oc=5,"Thu, 23 Jul 2026 07:00:00 GMT",Reuters,자동차,https://news.google.com/rss/articles/CBMiwwFBVV95cUxPRkg1V2ZDaEI2dlZrNW1iRnhWSTMxa19fM1pRcmU0aGZkeGpRSVhHM2QwWEVrMHNMRHZqMzRIMnR1bXJueERNSGZZZlRlem1wNndjZEpfc3pNTTU2eDRxbHBwZHhlTHpPT0lYSWx6dGdsS3dHQ2p5S1VSWnBZRU0xUUdjaFhSeXhjMkZpUXY3ODctSDdRaU96MXZKNTF6VG1ZTF91aVExbXN2Ymw5WkNFNVBub25nOWs4SG1raUZwNWFZQTQ?oc=5,,False,본문 수집 제한 개수를 초과했습니다.,False,,2026-09-13 09:14:53
미국,자동차 수출,자동차 수출,자동차 수출 stock market earnings investment,Can Big Tech earnings make or break the Kospi? - Korea JoongAng Daily,https://news.google.com/rss/articles/CBMiuAFBVV95cUxQS1FuS3lxLVRQdXVRd1VGTmMwSUJSUzVTak1xTlFFLXczVkk1eWYwNHBPNGgxSkxabXVLYTZHNk9XTGZzbHZuOWRvWmtMcTVueEllSGVnaXJzMTZSUXFPVVJBVHVhOXNrbzNQdWJxdXFDcGFyNF95akRua1h4QTluak41ZzhYWGRFQ2lJYjc2ZU5kMEFrTl9HMjdxWU9fR3pteDJNRHVCUTlsbThEdjZ5OTV6dnZSTVJM?oc=5,"Thu, 16 Jul 2026 07:00:00 GMT",Korea JoongAng Daily,자동차,https://news.google.com/rss/articles/CBMiuAFBVV95cUxQS1FuS3lxLVRQdXVRd1VGTmMwSUJSUzVTak1xTlFFLXczVkk1eWYwNHBPNGgxSkxabXVLYTZHNk9XTGZzbHZuOWRvWmtMcTVueEllSGVnaXJzMTZSUXFPVVJBVHVhOXNrbzNQdWJxdXFDcGFyNF95akRua1h4QTluak41ZzhYWGRFQ2lJYjc2ZU5kMEFrTl9HMjdxWU9fR3pteDJNRHVCUTlsbThEdjZ5OTV6dnZSTVJM?oc=5,,False,본문 수집 제한 개수를 초과했습니다.,False,,2026-09-13 09:14:53
미국,현대차,현대차,현대차 stock market earnings investment,Korea Investment Sees SK hynix Q2 Profit Missing Market Estimate - Seoul Economic Daily,https://news.google.com/rss/articles/CBMingFBVV95cUxNcVNmS3hKTHZaVjFMdGlqUFBFUW1PdWVSbkdRVVhZN292YWVIWENORTFFQXl3XzBGYV9rd1pxT1B4VFBzcHRyWUFXb0NvQ3RBczJGQkF6RllqTkJOZklJS3FXMmFjVWhVWlNINEppVlZ2Y1JsZTRxemdQMmtpbjlGTlVDSmd4YzY1Um9abmNqY3dfU2x5b3BiaEFuUE1uQQ?oc=5,"Mon, 13 Jul 2026 07:00:00 GMT",Seoul Economic Daily,자동차,https://news.google.com/rss/articles/CBMingFBVV95cUxNcVNmS3hKTHZaVjFMdGlqUFBFUW1PdWVSbkdRVVhZN292YWVIWENORTFFQXl3XzBGYV9rd1pxT1B4VFBzcHRyWUFXb0NvQ3RBczJGQkF6RllqTkJOZklJS3FXMmFjVWhVWlNINEppVlZ2Y1JsZTRxemdQMmtpbjlGTlVDSmd4YzY1Um9abmNqY3dfU2x5b3BiaEFuUE1uQQ?oc=5,,False,본문 수집 제한 개수를 초과했습니다.,False,,2026-09-13 09:14:53
미국,현대차,현대차,현대차 stock market earnings investment,Hyundai Motor Stock Plummets 27% as Automotive Sector Slumps - 조선일보,https://news.google.com/rss/articles/CBMijgFBVV95cUxNVFota3VZcEpqMVFuUnA5YmhDQ0NpcENvY2RjazFkR2ZkblVFUG52bkc0REJ3ZURHcVZEaFdDQVNNa0EzTl9XeWM5MjAzVkVmZUpEbzhoeGRIY1ZScDNmM0JZNjJrQXdwZU5lRG9BaWpxVzR3Z2Z6cWVoR1FzSmgzVk5RYTVDNnpCdGlQaHdB?oc=5,"Fri, 26 Jun 2026 07:00:00 GMT",조선일보,자동차,https://news.google.com/rss/articles/CBMijgFBVV95cUxNVFota3VZcEpqMVFuUnA5YmhDQ0NpcENvY2RjazFkR2ZkblVFUG52bkc0REJ3ZURHcVZEaFdDQVNNa0EzTl9XeWM5MjAzVkVmZUpEbzhoeGRIY1ZScDNmM0JZNjJrQXdwZU5lRG9BaWpxVzR3Z2Z6cWVoR1FzSmgzVk5RYTVDNnpCdGlQaHdB?oc=5,,False,본문 수집 제한 개수를 초과했습니다.,False,,2026-09-13 09:14:53
미국,하이브리드,hybrid vehicle,hybrid vehicle stock market earnings investment,"Honda shifts focus to hybrid, ICE models amid significant EV losses - Yahoo Finance",https://news.google.com/rss/articles/CBMinwFBVV95cUxOWGpJRFdXS1ZDRjZ3WEJDSWlXamV4eENkV1RmRmsyNUNwdmdhNjgwdXVZWTNyR0FHZXdyMHR1QXQtblVFVVRJTUVUenY0YmZBZm9BeHVkajZYTmxoUGpnR3pyU3JMWEFjUzRCLWlFSXVPZUUxVksxUk1oTVlWRHJvWnpOTElWeWhWR21jdVdjWHBCWVMtOUU4YmlUZ0tKNjQ?oc=5,"Fri, 15 May 2026 07:00:00 GMT",Yahoo Finance,자동차,https://news.google.com/rss/articles/CBMinwFBVV95cUxOWGpJRFdXS1ZDRjZ3WEJDSWlXamV4eENkV1RmRmsyNUNwdmdhNjgwdXVZWTNyR0FHZXdyMHR1QXQtblVFVVRJTUVUenY0YmZBZm9BeHVkajZYTmxoUGpnR3pyU3JMWEFjUzRCLWlFSXVPZUUxVksxUk1oTVlWRHJvWnpOTElWeWhWR21jdVdjWHBCWVMtOUU4YmlUZ0tKNjQ?oc=5,,False,본문 수집 제한 개수를 초과했습니다.,False,,2026-09-13 09:14:53
미국,전기차,electric vehicle EV,electric vehicle EV stock market earnings investment,Honda makes first loss in 70 years as it retreats from EV investment - BBC,https://news.google.com/rss/articles/CBMiWkFVX3lxTFBMbld4bmFYNTMwQUFFam5ybE85RTUtYzN5dk9wYjRWTzhoUjB4ZERPZ1ZSY0RlRUFkRG5mQlVmLVRjbVZSMk5mcHo0MWlIa1JhdXpndFpLSXVpdw?oc=5,"Thu, 14 May 2026 07:00:00 GMT",BBC,자동차,https://news.google.com/rss/articles/CBMiWkFVX3lxTFBMbld4bmFYNTMwQUFFam5ybE85RTUtYzN5dk9wYjRWTzhoUjB4ZERPZ1ZSY0RlRUFkRG5mQlVmLVRjbVZSMk5mcHo0MWlIa1JhdXpndFpLSXVpdw?oc=5,,False,본문 수집 제한 개수를 초과했습니다.,False,,2026-09-13 09:14:53
미국,하이브리드,hybrid vehicle,hybrid vehicle stock market earnings investment,"Ford sees big Q1 boost, raises annual profit expectation. Here are the raw numbers. See link below ⬇️ 📸 Mandi Wright, Detroit Free Press - facebook.com",https://news.google.com/rss/articles/CBMi3wFBVV95cUxONzhWQUhaQWZORFRrVk5xdFVOVXpteWwxRF83dkROMmNkeUFrOEhPdzloTmZldmlJclljcGZfTmh2Z0xaRkh5ZGY4OW1LZXduRGZIa0lZbER4ZHRvZHluOXNOTGdvRmE5eXU4b3otYWJOWUU0MDFoTHhQbEt6MjFZSWpMRGhwMklLN0twX1Exdi1IdUhfZ21WWk5KbktqS3gyeEdFTmY4ZWtqVHNKQWFYNUwyVW5QQ0xYWlUyT3VnRFFMZzF2TWFkOG9oXzVHUnpxU2pRSHFkS2pBT25GOFlV?oc=5,"Thu, 30 Apr 2026 07:00:00 GMT",facebook.com,자동차,https://news.google.com/rss/articles/CBMi3wFBVV95cUxONzhWQUhaQWZORFRrVk5xdFVOVXpteWwxRF83dkROMmNkeUFrOEhPdzloTmZldmlJclljcGZfTmh2Z0xaRkh5ZGY4OW1LZXduRGZIa0lZbER4ZHRvZHluOXNOTGdvRmE5eXU4b3otYWJOWUU0MDFoTHhQbEt6MjFZSWpMRGhwMklLN0twX1Exdi1IdUhfZ21WWk5KbktqS3gyeEdFTmY4ZWtqVHNKQWFYNUwyVW5QQ0xYWlUyT3VnRFFMZzF2TWFkOG9oXzVHUnpxU2pRSHFkS2pBT25GOFlV?oc=5,,False,본문 수집 제한 개수를 초과했습니다.,False,,2026-09-13 09:14:53
미국,전기차,electric vehicle EV,electric vehicle EV stock market earnings investment,How to Evaluate Electric Vehicle Stocks: Key Financial and Operational Metrics - Investing.com,https://news.google.com/rss/articles/CBMiiwFBVV95cUxPU096N3JiNU1aaWdodmRaSml3QzVNVWhzLW5tZ1NoT0Y1TDIwclh0amY0QU9ESDhzRm5nV3J5Um5nOWFKdlJ6SFlfZW5kMGppN3RELURCQXdnRkJJUDVDNWhiU0ptcWJwdmdDaWZSY1ZrV2JleVA3M0RMOUxQdTR1Q2doNEJTd1FMWXlz?oc=5,"Tue, 28 Apr 2026 07:00:00 GMT",Investing.com,자동차,https://news.google.com/rss/articles/CBMiiwFBVV95cUxPU096N3JiNU1aaWdodmRaSml3QzVNVWhzLW5tZ1NoT0Y1TDIwclh0amY0QU9ESDhzRm5nV3J5Um5nOWFKdlJ6SFlfZW5kMGppN3RELURCQXdnRkJJUDVDNWhiU0ptcWJwdmdDaWZSY1ZrV2JleVA3M0RMOUxQdTR1Q2doNEJTd1FMWXlz?oc=5,,False,본문 수집 제한 개수를 초과했습니다.,False,,2026-09-13 09:14:53
미국,전기차,electric vehicle EV,electric vehicle EV stock market earnings investment,GM just wrote down $7.6 billion on its EV business—and grew market cap by the same amount - Fortune,https://news.google.com/rss/articles/CBMipgFBVV95cUxNZjBrUTVtWjRJaFBQUjFSNUtld0R4QkV0UFJteGtZTVlOSG93cURhTnJWNjh5c09Zdl9GQmJmNnV0VlRJS29YbXVVLVN3eXlrMUp1eGJxeF9SUUVLQmtVaFZaUngyREU3eWVkNUh0LUI2UjNqLUY4a0dtTFJ4emphdDFnVmxlcXR2N1pSSGZaYWZid3JmMHJLWUR4YldnSURLZUFZRjVB?oc=5,"Tue, 27 Jan 2026 08:00:00 GMT",Fortune,자동차,https://news.google.com/rss/articles/CBMipgFBVV95cUxNZjBrUTVtWjRJaFBQUjFSNUtld0R4QkV0UFJteGtZTVlOSG93cURhTnJWNjh5c09Zdl9GQmJmNnV0VlRJS29YbXVVLVN3eXlrMUp1eGJxeF9SUUVLQmtVaFZaUngyREU3eWVkNUh0LUI2UjNqLUY4a0dtTFJ4emphdDFnVmxlcXR2N1pSSGZaYWZid3JmMHJLWUR4YldnSURLZUFZRjVB?oc=5,,False,본문 수집 제한 개수를 초과했습니다.,False,,2026-09-13 09:14:53
미국,현대차,현대차,현대차 stock market earnings investment,Hyundai Motor shares rally on humanoid robot prowess in era of physical AI - The Korea Times,https://news.google.com/rss/articles/CBMiywFBVV95cUxOQ1BJWnhmbHJTTFZuZ1hYa3YxMHhmWXJrUkQtTDdUcnFvbWd5Zk1xY1B3Wk5wb3BUN3lUaHBFSUs2cy11TURZbjFjLVZud0t1SC04b0RWRE1fY2d2VnpGVzh0bFVHOThSX0k3amVld3NNTTk1N2xDNnBVYkx2VzM4ME1PRVVmdEhaRWp5VVc0LTdrSUNnRWc2V2dVelRBVmplQTBtRjJFeklmMkpxZzhSMlloRHFicVhWaExIVk5uV1BzcmIxdkFVa2NLTdIB0AFBVV95cUxNWWZQMkFVa1djQWJILXB6c2M2ejcycGtfWnZDcXduNnU2Ym5JV1Nsa2Z3a1VGZU1MdnhmU3dLM2QwZG9lTGhvMEJRMkJMSTY5Z0NHWDBId1VLOEZHcDQ4N1pYWi1ld0ZiajFobFdzamNRbWVBOVZqdmVvQ0R0ZHkyeEZKb0ZfaXFJWUNWQzN6S1djLVR2ellwVmxlR2FKNkdwbHdQZXQtSHMzUnVzQW9tcHM1ZG5FVVRUTXFkYmM4X2J1NzRmSEwteHVvWVVoOGdj?oc=5,"Tue, 20 Jan 2026 08:00:00 GMT",The Korea Times,자동차,https://news.google.com/rss/articles/CBMiywFBVV95cUxOQ1BJWnhmbHJTTFZuZ1hYa3YxMHhmWXJrUkQtTDdUcnFvbWd5Zk1xY1B3Wk5wb3BUN3lUaHBFSUs2cy11TURZbjFjLVZud0t1SC04b0RWRE1fY2d2VnpGVzh0bFVHOThSX0k3amVld3NNTTk1N2xDNnBVYkx2VzM4ME1PRVVmdEhaRWp5VVc0LTdrSUNnRWc2V2dVelRBVmplQTBtRjJFeklmMkpxZzhSMlloRHFicVhWaExIVk5uV1BzcmIxdkFVa2NLTdIB0AFBVV95cUxNWWZQMkFVa1djQWJILXB6c2M2ejcycGtfWnZDcXduNnU2Ym5JV1Nsa2Z3a1VGZU1MdnhmU3dLM2QwZG9lTGhvMEJRMkJMSTY5Z0NHWDBId1VLOEZHcDQ4N1pYWi1ld0ZiajFobFdzamNRbWVBOVZqdmVvQ0R0ZHkyeEZKb0ZfaXFJWUNWQzN6S1djLVR2ellwVmxlR2FKNkdwbHdQZXQtSHMzUnVzQW9tcHM1ZG5FVVRUTXFkYmM4X2J1NzRmSEwteHVvWVVoOGdj?oc=5,,False,본문 수집 제한 개수를 초과했습니다.,False,,2026-09-13 09:14:53
미국,현대차,현대차,현대차 stock market earnings investment,Hyundai Motor Company Unveils Bold 2030 Vision and Product Roadmap at 2025 CEO Investor Day - hyundai.com,https://news.google.com/rss/articles/CBMicEFVX3lxTE9odERjVHp6azNwbVJsaDlRNGVzX21mdnY4TU9qV2hjSjlPbEdfX3g4ZWZ1SEpsemJkMGZWUGJKQlFxMzdXYXgzWUZIdTVqc3hZOXpEZGpYalluQWhRWmJVYk9nRXVqRTFueVdCbzVzdWc?oc=5,"Thu, 18 Sep 2025 07:00:00 GMT",hyundai.com,자동차,https://news.google.com/rss/articles/CBMicEFVX3lxTE9odERjVHp6azNwbVJsaDlRNGVzX21mdnY4TU9qV2hjSjlPbEdfX3g4ZWZ1SEpsemJkMGZWUGJKQlFxMzdXYXgzWUZIdTVqc3hZOXpEZGpYalluQWhRWmJVYk9nRXVqRTFueVdCbzVzdWc?oc=5,,False,본문 수집 제한 개수를 초과했습니다.,False,,2026-09-13 09:14:53
일본,하이브리드,ハイブリッド車,ハイブリッド車 日本 株式市場 企業,日本の自動車機械試験市場2026～2033年、市場規模・企業動向・分析レポートを発表 - アットプレス,https://news.google.com/rss/articles/CBMiT0FVX3lxTFBPYWdEeDFwNURqdEIteUxHUFE3QnRFaFRqZ3FzRzNpUV84dmtJOE1aZnpKS3BGRWN1WWEyRzU2NUVyWmEzeFh1RmlEU1QtREE?oc=5,"Mon, 07 Sep 2026 05:30:00 GMT",アットプレス,자동차,https://www.atpress.ne.jp/news/4912472,www.atpress.ne.jp,True,,True,,2026-09-13 09:14:53
일본,하이브리드,ハイブリッド車,ハイブリッド車 日本 株式市場 企業,"HV（ハイブリッド車）世界市場 2030年に2,800万台規模へ - 47NEWS",https://news.google.com/rss/articles/CBMiS0FVX3lxTE43Tkl2YlhRUFplM0hWclp6SlRrX0Q1VGgzd0JpVk53ZE8wTTlYUUlqSEVLSW02UE9tLUgxYnBRd0pvclpEeXZvME9CTQ?oc=5,"Tue, 25 Aug 2026 07:00:00 GMT",47NEWS,자동차,https://www.47news.jp/14840596.html,www.47news.jp,True,,True,,2026-09-13 09:14:53
일본,전기차,電気自動車 EV,電気自動車 EV 日本 株式市場 企業,電気自動車（EV）用モーターの日本市場（2026年-2035年）、市場規模・分析レポートを発表 - アットプレス,https://news.google.com/rss/articles/CBMiT0FVX3lxTE44SGtJRkRGX3JrR3pmM2RQb0g5d1hyR2lBRWhVd0p0QUwyUTFwRmZZUl9GbEc5Z3F1VE9fZUpIQmgzbDJra19DTzBIZWpub2c?oc=5,"Thu, 20 Aug 2026 07:00:00 GMT",アットプレス,자동차,https://www.atpress.ne.jp/news/5778175,www.atpress.ne.jp,True,,True,,2026-09-13 09:14:53
일본,하이브리드,ハイブリッド車,ハイブリッド車 日本 株式市場 企業,自動車用燃料タンクの日本市場（2026年-2035年）、市場規模・分析レポートを発表 - アットプレス,https://news.google.com/rss/articles/CBMiT0FVX3lxTE10cUU5VjdEN3NJa1BSVVdsUDk3YkQ4bVRiOXQxLVV6ZDVZSG1FeC1CV0hidjJUSWYtd2NvV3BSUzFwU1FhQTlZVHN2X1JObjg?oc=5,"Thu, 20 Aug 2026 07:00:00 GMT",アットプレス,자동차,https://www.atpress.ne.jp/news/6870904,www.atpress.ne.jp,True,,True,,2026-09-13 09:14:53
일본,전기차,電気自動車 EV,電気自動車 EV 日本 株式市場 企業,電気自動車（EV）充電設備の日本市場（2026年-2035年）、市場規模・分析レポートを発表 - Newscast.jp,https://news.google.com/rss/articles/CBMiR0FVX3lxTE5Xb1BGV0EyTE55MmNsRzhGelhwbFh4Y0p5T1FURDl4NlR2dFZUSEhhd29BVkFIZTFBcGNwV29MMWozRUJTbG5z?oc=5,"Wed, 19 Aug 2026 07:00:00 GMT",Newscast.jp,자동차,https://news.google.com/rss/articles/CBMiR0FVX3lxTE5Xb1BGV0EyTE55MmNsRzhGelhwbFh4Y0p5T1FURDl4NlR2dFZUSEhhd29BVkFIZTFBcGNwV29MMWozRUJTbG5z?oc=5,,False,본문 수집 제한 개수를 초과했습니다.,False,,2026-09-13 09:14:53
일본,하이브리드,ハイブリッド車,ハイブリッド車 日本 株式市場 企業,トヨタ「絶対王者」の終焉…最高値の日本株市場で株価低迷の真相（ニューズウィーク日本版） - Yahoo!ニュース,https://news.google.com/rss/articles/CBMif0FVX3lxTE9pZkJVaDRXaFpmcHlZMTJJb01oUzJEcEZybVRvcG1icW05OGE2QlVXN005Ym95dDMtTDNDb09XMkFqbUtyNW5KRDZpT1ZUbl9scTV0bERnMUZmMmFweUF6STJwRUpXd0J1blNKR09Ka0xpUTh4bHRNMXBuU2E4dWc?oc=5,"Fri, 19 Jun 2026 07:00:00 GMT",Yahoo!ニュース,자동차,https://news.google.com/rss/articles/CBMif0FVX3lxTE9pZkJVaDRXaFpmcHlZMTJJb01oUzJEcEZybVRvcG1icW05OGE2QlVXN005Ym95dDMtTDNDb09XMkFqbUtyNW5KRDZpT1ZUbl9scTV0bERnMUZmMmFweUF6STJwRUpXd0J1blNKR09Ka0xpUTh4bHRNMXBuU2E4dWc?oc=5,,False,본문 수집 제한 개수를 초과했습니다.,False,,2026-09-13 09:14:53
일본,전기차,電気自動車 EV,電気自動車 EV 日本 株式市場 企業,トヨタ、三井金属、千代田化工、大阪ソーダ…量産化目前の「全固体電池搭載EV」で日本の自動車産業は反撃できるか？主役候補8社も紹介！ - ダイヤモンド・オンライン,https://news.google.com/rss/articles/CBMiTEFVX3lxTFBJUzZEOVpXWUktQmhPWnJ0UjFRb1NMZHJVUHgwZGZHWFVaaXVodHJyTEFrQlBYbzkxU3ViSHZaSDhMNWk4WkhqbmpHQnHSAU9BVV95cUxQS1h5Q3A2SllxMnNMaUVGNG9vQXJSZ2Jkd2h3WGUzSWtfVG5SNlNmaHpreHJ2d0s4YnZ3TjZNWDVxNjlhZGJMZzdIM3hsYzZ3?oc=5,"Thu, 11 Jun 2026 07:00:00 GMT",ダイヤモンド・オンライン,자동차,https://news.google.com/rss/articles/CBMiTEFVX3lxTFBJUzZEOVpXWUktQmhPWnJ0UjFRb1NMZHJVUHgwZGZHWFVaaXVodHJyTEFrQlBYbzkxU3ViSHZaSDhMNWk4WkhqbmpHQnHSAU9BVV95cUxQS1h5Q3A2SllxMnNMaUVGNG9vQXJSZ2Jkd2h3WGUzSWtfVG5SNlNmaHpreHJ2d0s4YnZ3TjZNWDVxNjlhZGJMZzdIM3hsYzZ3?oc=5,,False,본문 수집 제한 개수를 초과했습니다.,False,,2026-09-13 09:14:53
일본,전기차,電気自動車 EV,電気自動車 EV 日本 株式市場 企業,10年で株価1024倍の「自動運転相場」到来か - 自動運転ラボ,https://news.google.com/rss/articles/CBMiSEFVX3lxTE1XZElKYWVNSDRuTEdXRVNrLXZUSWlPcTE5Q1NLOUNyXzhMRTNQUUFLbk5CWVYyVkhTSlR5bVJMV2NOZ3F3V01UVg?oc=5,"Sat, 06 Jun 2026 07:00:00 GMT",自動運転ラボ,자동차,https://news.google.com/rss/articles/CBMiSEFVX3lxTE1XZElKYWVNSDRuTEdXRVNrLXZUSWlPcTE5Q1NLOUNyXzhMRTNQUUFLbk5CWVYyVkhTSlR5bVJMV2NOZ3F3V01UVg?oc=5,,False,본문 수집 제한 개수를 초과했습니다.,False,,2026-09-13 09:14:53
일본,전기차,電気自動車 EV,電気自動車 EV 日本 株式市場 企業,TDKや太陽誘電・村田製作所が急伸/「軽自動車規格EV」関連株/日経平均反落【今日の注目株＆日本株市場見通し】「デイリーZAi」5月28日号（ダイヤモンド・ザイ） - Yahoo!ニュース,https://news.google.com/rss/articles/CBMif0FVX3lxTE9HMGx5N3pIOXk4bG1rVFZUb2U4eXJhNEJLZUhxTjdhSldfOHVwcjlKQVJWQTRRT0VHWDE5eVN1Wmljd25WeEo4WGlOXzVoSGdpcjJiLVEyY1JrdGhfcEN1V1lYOW9sTGRzUHQxTHBkYURNS3l4blltbjNTeF9zVm8?oc=5,"Thu, 28 May 2026 07:00:00 GMT",Yahoo!ニュース,자동차,https://news.google.com/rss/articles/CBMif0FVX3lxTE9HMGx5N3pIOXk4bG1rVFZUb2U4eXJhNEJLZUhxTjdhSldfOHVwcjlKQVJWQTRRT0VHWDE5eVN1Wmljd25WeEo4WGlOXzVoSGdpcjJiLVEyY1JrdGhfcEN1V1lYOW9sTGRzUHQxTHBkYURNS3l4blltbjNTeF9zVm8?oc=5,,False,본문 수집 제한 개수를 초과했습니다.,False,,2026-09-13 09:14:53
일본,하이브리드,ハイブリッド車,ハイブリッド車 日本 株式市場 企業,「EV撤退ドミノ」で逆に追い風が吹く ハイブリッド車・エンジン関連の厳選20銘柄を一挙公開 - note,https://news.google.com/rss/articles/CBMiW0FVX3lxTE1MNkkwTFdybHJCUTRicHk5WDhtc1RUOUFZSmYweEl2VWpTb1pwX1pMNlpmTFBmdnp2dnJtVWVYSGdwRHRhRWtWY0NnS3dfY3FUSnVGZHpMbnoyMVU?oc=5,"Wed, 25 Mar 2026 07:00:00 GMT",note,자동차,https://news.google.com/rss/articles/CBMiW0FVX3lxTE1MNkkwTFdybHJCUTRicHk5WDhtc1RUOUFZSmYweEl2VWpTb1pwX1pMNlpmTFBmdnp2dnJtVWVYSGdwRHRhRWtWY0NnS3dfY3FUSnVGZHpMbnoyMVU?oc=5,,False,본문 수집 제한 개수를 초과했습니다.,False,,2026-09-13 09:14:53
국내,전력기기,전력기기,전력기기,"개미 ETF 포트폴리오, 반도체 집중→금·원전·전력기기 등 분산 - v.daum.net",https://news.google.com/rss/articles/CBMiT0FVX3lxTE9fZklSNS1jcVAwbnNBekZEbU93Y0NqTzF1YUtfNWNYQVJQRXJPLVdlLWo5M2hYcUJMUlctYkgxdWlxNmpybUNPMzlDRlpKOW8?oc=5,"Sat, 12 Sep 2026 21:21:54 GMT",v.daum.net,전력인프라,https://v.daum.net/v/20260913062154129,v.daum.net,True,,True,,2026-09-13 09:15:46
국내,전력망,전력망,전력망,정전돼도 72시간 버틴다. 군부대에 ‘독립형 전력망’ 구축 - climatepol.com,https://news.google.com/rss/articles/CBMibEFVX3lxTFB5NldCOVFMV19nWGI3bW5ic21vTHFzZDZtZE1zRGJzTXV1WHQ0X3lGeXhaOWJSb2VxX0tkWFJNcHBuQktGMFlKN2NnWkozTUpqR2xOODd5SWNEd3RlUGd6TDNucVlFUnlkdmNpYQ?oc=5,"Sat, 12 Sep 2026 12:10:32 GMT",climatepol.com,전력인프라,https://www.climatepol.com/news/articleView.html?idxno=29836,www.climatepol.com,True,,True,,2026-09-13 09:15:46
국내,변압기,변압기,변압기,변압기 이상 미보고로 손실…수도권매립지 발전 운영사에 손배소 - 연합뉴스,https://news.google.com/rss/articles/CBMiYEFVX3lxTFB2clRONV8yYXIyQTRSdUJxTVhTSEkxOTlUUnkxMC1GMmRpSTZNd0RuWVNpS2s5UTNjN3V5dEJFd21jdXoxRmNxdHVGRl92NVdZYklyMUd3bTRiRWVQR1Y3Z9IBYEFVX3lxTFB2clRONV8yYXIyQTRSdUJxTVhTSEkxOTlUUnkxMC1GMmRpSTZNd0RuWVNpS2s5UTNjN3V5dEJFd21jdXoxRmNxdHVGRl92NVdZYklyMUd3bTRiRWVQR1Y3Zw?oc=5,"Fri, 11 Sep 2026 22:27:00 GMT",연합뉴스,전력인프라,https://www.yna.co.kr/amp/view/AKR20260911071200065,www.yna.co.kr,True,,True,,2026-09-13 09:15:46
국내,AI 전력,AI 전력,AI 전력,AI 꺾여도 전력 투자는 이상무? - 데일리안,https://news.google.com/rss/articles/CBMi3gFBVV95cUxOODRZOG1Ta1VLbWpfUGJjOHZFRS1zWVpaQ2dSSllXdkViMkZIZW1iMjdtTWZLUm5IOE1GMUpnMjhTSEMwRkdadjNxLUtxcnJGS002LTlSOGZEXy1sMTJBbElLdVNoWnV0ZnRVVG83cUF1alhGdlZfbmNJUnJVazAzR0c4Y0E0aHFES3N0VFRaRTVKcWVFcHM2Ny1YaGhPYTlwTU5XWHdnOTlXd2IyU2c1M1dKb2xjYXo2Y21FYl9WbGt5VzVIcl9yVk9MUHhZMndDQ05IUEYwb25pSy1PckE?oc=5,"Fri, 11 Sep 2026 22:01:00 GMT",데일리안,전력인프라,https://www.dailian.co.kr/news/view/1689307/AI-%EA%BA%BE%EC%97%AC%EB%8F%84-%EC%A0%84%EB%A0%A5-%ED%88%AC%EC%9E%90-%EC%9D%B4%EC%83%81%EB%AC%B4-2026,www.dailian.co.kr,True,,True,,2026-09-13 09:15:46
국내,변압기,변압기,변압기,울산 제조업체서 변압기 점검 중 감전…작업자 2명 중·경상 - iusm.co.kr,https://news.google.com/rss/articles/CBMiakFVX3lxTE5GbU1Pdnd6YWlXUG5EWDQ3TDBEOV83OG4xU0YyLTcwTHdaeTRCUmtuZ0FFc0VLYkxtRldWWVN3WXBnY2tDUFZaa2ctUVNUandhREZfZzFGdWtxdF9weUx2YkFBYU1ZWDFwOEHSAW5BVV95cUxQbjBsbFFQdW1ZYkNia0U5cFpsNENoY3pXOUt0dVpHdnNnam1WTFE4SHRxdDBxVU9tNzRTaVJjSWRSUHVIR1I1bGlmSG04SHNQYV9CN1MwYm5ibS1QeUFSTm01X1JDd055djNZVTRfQQ?oc=5,"Fri, 11 Sep 2026 07:12:00 GMT",iusm.co.kr,전력인프라,https://news.google.com/rss/articles/CBMiakFVX3lxTE5GbU1Pdnd6YWlXUG5EWDQ3TDBEOV83OG4xU0YyLTcwTHdaeTRCUmtuZ0FFc0VLYkxtRldWWVN3WXBnY2tDUFZaa2ctUVNUandhREZfZzFGdWtxdF9weUx2YkFBYU1ZWDFwOEHSAW5BVV95cUxQbjBsbFFQdW1ZYkNia0U5cFpsNENoY3pXOUt0dVpHdnNnam1WTFE4SHRxdDBxVU9tNzRTaVJjSWRSUHVIR1I1bGlmSG04SHNQYV9CN1MwYm5ibS1QeUFSTm01X1JDd055djNZVTRfQQ?oc=5,,False,본문 수집 제한 개수를 초과했습니다.,False,,2026-09-13 09:15:46
국내,전력 인프라,전력 인프라,전력 인프라,누빈운용 “글로벌 부동산 회복세…AI발 전력 인프라 투자 기회 커진다” - 메트로신문,https://news.google.com/rss/articles/CBMiYEFVX3lxTE5TMFVGTkNkQUVPS0pSWlowMi12Q054M3dyYmlwSHRIZjB2WFBaekVEVk44NTBVVzhpOTlEUTV5VngzVVRNOXJPcjhCUk9tQWpnNGVqa3pVb2tJeFFrUDBVLQ?oc=5,"Fri, 11 Sep 2026 06:07:46 GMT",메트로신문,전력인프라,https://news.google.com/rss/articles/CBMiYEFVX3lxTE5TMFVGTkNkQUVPS0pSWlowMi12Q054M3dyYmlwSHRIZjB2WFBaekVEVk44NTBVVzhpOTlEUTV5VngzVVRNOXJPcjhCUk9tQWpnNGVqa3pVb2tJeFFrUDBVLQ?oc=5,,False,본문 수집 제한 개수를 초과했습니다.,False,,2026-09-13 09:15:46
국내,전력 인프라,전력 인프라,전력 인프라,"고금리 시대 실물자산 다시 부각···누빈 ""AI·전력 인프라에 투자 기회"" - 서울파이낸스",https://news.google.com/rss/articles/CBMiakFVX3lxTFBlTWtWbWxsdzhzZlBqRGh4dDFhZWJYM2l2RWxSWEdEU0F6S2NpQ0NTNHN4d0x6STVFUlFIaS0za0ttdnFURG51dHhnbjB4RTZESkE3NVphdnZEVWVIQ214SkdKcUN1dGFuZHc?oc=5,"Fri, 11 Sep 2026 05:06:30 GMT",서울파이낸스,전력인프라,https://news.google.com/rss/articles/CBMiakFVX3lxTFBlTWtWbWxsdzhzZlBqRGh4dDFhZWJYM2l2RWxSWEdEU0F6S2NpQ0NTNHN4d0x6STVFUlFIaS0za0ttdnFURG51dHhnbjB4RTZESkE3NVphdnZEVWVIQ214SkdKcUN1dGFuZHc?oc=5,,False,본문 수집 제한 개수를 초과했습니다.,False,,2026-09-13 09:15:46
국내,AI 전력,AI 전력,AI 전력,"“GPU 더 꽂고 싶어도 전기가 없다”…AI 전쟁, 이젠 ‘전력 확보전’ - v.daum.net",https://news.google.com/rss/articles/CBMiT0FVX3lxTE14MXBCQjNudGt0TnFtb0I0NU42aTB2TGtJaGx0ZkVhX1B5TXFmTzQwYnIzOWIxbWpyNEFNS2R3aDVZUnlmajQ1djZBcWZNd1k?oc=5,"Fri, 11 Sep 2026 02:03:00 GMT",v.daum.net,전력인프라,https://news.google.com/rss/articles/CBMiT0FVX3lxTE14MXBCQjNudGt0TnFtb0I0NU42aTB2TGtJaGx0ZkVhX1B5TXFmTzQwYnIzOWIxbWpyNEFNS2R3aDVZUnlmajQ1djZBcWZNd1k?oc=5,,False,본문 수집 제한 개수를 초과했습니다.,False,,2026-09-13 09:15:46
국내,전력망,전력망,전력망,"오픈AI, 美 전력회사들과 전력망 보안 논의…AI 사이버공격 대비 - 연합뉴스",https://news.google.com/rss/articles/CBMiYEFVX3lxTE44VWdnU2JBSHVMYzhRSmdCVV9vRGFDdnNWNXpZc2F6UDJER2FoWUpJTXFMRFlCX1phUlBBMEdZSlpTRkxSOXM3ZWxaczRNRzg0dXgtV3dKNGVFVl9YdzVvTNIBYEFVX3lxTE44VWdnU2JBSHVMYzhRSmdCVV9vRGFDdnNWNXpZc2F6UDJER2FoWUpJTXFMRFlCX1phUlBBMEdZSlpTRkxSOXM3ZWxaczRNRzg0dXgtV3dKNGVFVl9YdzVvTA?oc=5,"Fri, 11 Sep 2026 01:49:56 GMT",연합뉴스,전력인프라,https://news.google.com/rss/articles/CBMiYEFVX3lxTE44VWdnU2JBSHVMYzhRSmdCVV9vRGFDdnNWNXpZc2F6UDJER2FoWUpJTXFMRFlCX1phUlBBMEdZSlpTRkxSOXM3ZWxaczRNRzg0dXgtV3dKNGVFVl9YdzVvTNIBYEFVX3lxTE44VWdnU2JBSHVMYzhRSmdCVV9vRGFDdnNWNXpZc2F6UDJER2FoWUpJTXFMRFlCX1phUlBBMEdZSlpTRkxSOXM3ZWxaczRNRzg0dXgtV3dKNGVFVl9YdzVvTA?oc=5,,False,본문 수집 제한 개수를 초과했습니다.,False,,2026-09-13 09:15:46
국내,전력망,전력망,전력망,"전력망 시대의 기능경기대회, 숙련 기술 인력 병목 해결 기회 되야 - 전기신문",https://news.google.com/rss/articles/CBMicEFVX3lxTFAzREYxdzZLWkVVa3FrcWx6NkkzeEhOLUJYd3FGV2htRDc4RmQ5ZU9TVFhSeVU4QW96S1hMRXFtNGZxUnAxcHFsdEFnSXdXRzBXajUxN0hmNjI2QWVnbnd2MjVMMDRZVExpUW1rY3A1bFPSAXBBVV95cUxQM0RGMXc2S1pFVWtxa3FsejZJM3hITi1CWHdxRldobUQ3OEZkOWVPU1RYUnlVOEFvektYTEVxbTRmcVJwMXBxbHRBZ0l3V0cwV2o1MTdIZjYyNkFlZ253djI1TDA0WVRMaVFta2NwNWxT?oc=5,"Thu, 10 Sep 2026 23:24:40 GMT",전기신문,전력인프라,https://news.google.com/rss/articles/CBMicEFVX3lxTFAzREYxdzZLWkVVa3FrcWx6NkkzeEhOLUJYd3FGV2htRDc4RmQ5ZU9TVFhSeVU4QW96S1hMRXFtNGZxUnAxcHFsdEFnSXdXRzBXajUxN0hmNjI2QWVnbnd2MjVMMDRZVExpUW1rY3A1bFPSAXBBVV95cUxQM0RGMXc2S1pFVWtxa3FsejZJM3hITi1CWHdxRldobUQ3OEZkOWVPU1RYUnlVOEFvektYTEVxbTRmcVJwMXBxbHRBZ0l3V0cwV2o1MTdIZjYyNkFlZ253djI1TDA0WVRMaVFta2NwNWxT?oc=5,,False,본문 수집 제한 개수를 초과했습니다.,False,,2026-09-13 09:15:46
국내,AI 전력,AI 전력,AI 전력,"""AI 전력시장 뚫는다"" 정기선號 HD현대, 엔진·SMR로 '2030년 매출 100조' 동력 확보 - 뉴시스",https://news.google.com/rss/articles/CBMiYEFVX3lxTE9IdTVldEtzZG9rU3AyaVlOeGFGM2Y3cmpFdXBWUnpmTElDT3A5a0c3VGg4SlktbUlVM01oUUhieU54YTYxZ2dlMzN4TmlfZU5LWHF5NzZIaWZoMWFqZVZfcdIBeEFVX3lxTE5OSHJPa1VkdXFKTXJNVHN3UEEySE9mUkVtWUpIUWVxWEUzM3dXaUUzcTFpNzFfSDlTazc0Ym5WVWNWRU1xOHFZWEx6S25hd1JsaTM2MUVPbG5JVEhHTFlHbUhDQ1BEMktGa0IzZzJPajRLYjhCZ1pLdw?oc=5,"Thu, 10 Sep 2026 20:20:00 GMT",뉴시스,전력인프라,https://news.google.com/rss/articles/CBMiYEFVX3lxTE9IdTVldEtzZG9rU3AyaVlOeGFGM2Y3cmpFdXBWUnpmTElDT3A5a0c3VGg4SlktbUlVM01oUUhieU54YTYxZ2dlMzN4TmlfZU5LWHF5NzZIaWZoMWFqZVZfcdIBeEFVX3lxTE5OSHJPa1VkdXFKTXJNVHN3UEEySE9mUkVtWUpIUWVxWEUzM3dXaUUzcTFpNzFfSDlTazc0Ym5WVWNWRU1xOHFZWEx6S25hd1JsaTM2MUVPbG5JVEhHTFlHbUhDQ1BEMktGa0IzZzJPajRLYjhCZ1pLdw?oc=5,,False,본문 수집 제한 개수를 초과했습니다.,False,,2026-09-13 09:15:46
국내,AI 전력,AI 전력,AI 전력,"구글, ‘원전 강국’ 핀란드에 20조원 AI 투자 - 조선일보",https://news.google.com/rss/articles/CBMigwFBVV95cUxNSlMyUDVkaDhNYUFtLVIxRHpVZVlRVm84ZER6cF80ZGR2TjJIRDgyQl9LT0E4aUl1anM4T0lHc0RwcnItYkVnZWR5aEx6Z1dOeGswcmhMdzN3QWNFX1VhbTFUTVVFLXVpVmVXcWxUZ1dwN0lKSzNzbExuZmNzYnFlSzRDYw?oc=5,"Thu, 10 Sep 2026 15:34:00 GMT",조선일보,전력인프라,https://news.google.com/rss/articles/CBMigwFBVV95cUxNSlMyUDVkaDhNYUFtLVIxRHpVZVlRVm84ZER6cF80ZGR2TjJIRDgyQl9LT0E4aUl1anM4T0lHc0RwcnItYkVnZWR5aEx6Z1dOeGswcmhMdzN3QWNFX1VhbTFUTVVFLXVpVmVXcWxUZ1dwN0lKSzNzbExuZmNzYnFlSzRDYw?oc=5,,False,본문 수집 제한 개수를 초과했습니다.,False,,2026-09-13 09:15:46
국내,전력기기,전력기기,전력기기,"‘탈중국’ 美 전력망, K-전력기기 수주판 키운다 - 투데이신문",https://news.google.com/rss/articles/CBMib0FVX3lxTFAtdEJFZk8wUFloMUo3VkpTT3NWcmpEYkd2WXBIanZNdGZaMUJ5YW1uMzhDbjM0UE8wNjhkTExOT19CbFdhckxCOEk3ZlRqam5XSzdGQ1ExcjlaWXFibFRPaGw3LVhyMEk0N01LTlNXZ9IBb0FVX3lxTFAtdEJFZk8wUFloMUo3VkpTT3NWcmpEYkd2WXBIanZNdGZaMUJ5YW1uMzhDbjM0UE8wNjhkTExOT19CbFdhckxCOEk3ZlRqam5XSzdGQ1ExcjlaWXFibFRPaGw3LVhyMEk0N01LTlNXZw?oc=5,"Thu, 10 Sep 2026 10:42:34 GMT",투데이신문,전력인프라,https://news.google.com/rss/articles/CBMib0FVX3lxTFAtdEJFZk8wUFloMUo3VkpTT3NWcmpEYkd2WXBIanZNdGZaMUJ5YW1uMzhDbjM0UE8wNjhkTExOT19CbFdhckxCOEk3ZlRqam5XSzdGQ1ExcjlaWXFibFRPaGw3LVhyMEk0N01LTlNXZ9IBb0FVX3lxTFAtdEJFZk8wUFloMUo3VkpTT3NWcmpEYkd2WXBIanZNdGZaMUJ5YW1uMzhDbjM0UE8wNjhkTExOT19CbFdhckxCOEk3ZlRqam5XSzdGQ1ExcjlaWXFibFRPaGw3LVhyMEk0N01LTlNXZw?oc=5,,False,본문 수집 제한 개수를 초과했습니다.,False,,2026-09-13 09:15:46
국내,변압기,변압기,변압기,제조업체서 태양광 설비 변압기 점검 중 2명 감전 - KBS 뉴스,https://news.google.com/rss/articles/CBMiW0FVX3lxTE5pMVE5c0d1eUxUYVRxRTNiMGlsM3RCZV9mYzFvSEZZd21GSV9xcWZyYlJQYUJLVEZ2ZUU5b19NNDdsUDVCc3FCX0RKaDQ4RXpYMHlYQWhDV2ZPR2c?oc=5,"Thu, 10 Sep 2026 08:23:00 GMT",KBS 뉴스,전력인프라,https://news.google.com/rss/articles/CBMiW0FVX3lxTE5pMVE5c0d1eUxUYVRxRTNiMGlsM3RCZV9mYzFvSEZZd21GSV9xcWZyYlJQYUJLVEZ2ZUU5b19NNDdsUDVCc3FCX0RKaDQ4RXpYMHlYQWhDV2ZPR2c?oc=5,,False,본문 수집 제한 개수를 초과했습니다.,False,,2026-09-13 09:15:46
국내,전력망,전력망,전력망,"“AI 시대 국가 경쟁력, 전력망과 법·제도 정비에 달렸다” - ekn.kr",https://news.google.com/rss/articles/CBMiW0FVX3lxTE9aVmstZDZTZFlnZ1EzcEVsc2d4bWpocHZEbzdPdUxkMlhlX2sxaTg5UDQyaDBpajQyNDhqS3hLTVBKSzhNYS1tXzI0c2RuT0R5RW1rbUhrZXlGQmc?oc=5,"Thu, 10 Sep 2026 08:20:00 GMT",ekn.kr,전력인프라,https://news.google.com/rss/articles/CBMiW0FVX3lxTE9aVmstZDZTZFlnZ1EzcEVsc2d4bWpocHZEbzdPdUxkMlhlX2sxaTg5UDQyaDBpajQyNDhqS3hLTVBKSzhNYS1tXzI0c2RuT0R5RW1rbUhrZXlGQmc?oc=5,,False,본문 수집 제한 개수를 초과했습니다.,False,,2026-09-13 09:15:46
국내,변압기,변압기,변압기,변압기 점검 작업 중 '감전사고'‥1명 중상 - 울산MBC,https://news.google.com/rss/articles/CBMiVEFVX3lxTE5Dd1R1eWdyRUFncko0Qk1fQXVEOGtMbnNPZmhvY0tzQzVZam95ZENGZXZ3aWdwcnNlMTNJelNKS0hhaXFlLVVlc3JRaE81QUFOMlhMTw?oc=5,"Thu, 10 Sep 2026 08:19:02 GMT",울산MBC,전력인프라,https://news.google.com/rss/articles/CBMiVEFVX3lxTE5Dd1R1eWdyRUFncko0Qk1fQXVEOGtMbnNPZmhvY0tzQzVZam95ZENGZXZ3aWdwcnNlMTNJelNKS0hhaXFlLVVlc3JRaE81QUFOMlhMTw?oc=5,,False,본문 수집 제한 개수를 초과했습니다.,False,,2026-09-13 09:15:46
국내,전력기기,전력기기,전력기기,"에너지기술연구원, '뉴로패널' 기술 전력기기 제조기업에 이전 - 에너지데일리",https://news.google.com/rss/articles/CBMickFVX3lxTE5VQ2N2QktZbUt6T013TER3T3JtVTByZVV4Y2ZUbHFkN0JmeDhIUUpyQjVVSWZ6bGwxS3VVWEJNNDZDdV9LT3BIcFM4Ui1XcUVTUHpfZ3pkOU1iX2NXTUxjYjB4N2hxZUJWRzRNdU9idUZBdw?oc=5,"Thu, 10 Sep 2026 08:00:58 GMT",에너지데일리,전력인프라,https://news.google.com/rss/articles/CBMickFVX3lxTE5VQ2N2QktZbUt6T013TER3T3JtVTByZVV4Y2ZUbHFkN0JmeDhIUUpyQjVVSWZ6bGwxS3VVWEJNNDZDdV9LT3BIcFM4Ui1XcUVTUHpfZ3pkOU1iX2NXTUxjYjB4N2hxZUJWRzRNdU9idUZBdw?oc=5,,False,본문 수집 제한 개수를 초과했습니다.,False,,2026-09-13 09:15:46
국내,전력기기,전력기기,전력기기,"반도체·전력기기, AI 슈퍼사이클 수혜에도…금융시장發 하강 압박 경계 - 인베스트조선",https://news.google.com/rss/articles/CBMigwFBVV95cUxPUTNrZnJCWnlidUYxT2pfZ2hOZnc0ZkI0WWVsNWl2NjVlUVYwZTMwVkxHX01DVFk0UC1fRGRoNVloYXJrTnRGcm1hSEtmNWpmclFQYVRxTGVTMnVNZXlqMmEtcUE0UVBjZVFHLXFzY3ZmQVpsMVVFVFB3eW5JcjIzSUVFbw?oc=5,"Thu, 10 Sep 2026 07:30:00 GMT",인베스트조선,전력인프라,https://news.google.com/rss/articles/CBMigwFBVV95cUxPUTNrZnJCWnlidUYxT2pfZ2hOZnc0ZkI0WWVsNWl2NjVlUVYwZTMwVkxHX01DVFk0UC1fRGRoNVloYXJrTnRGcm1hSEtmNWpmclFQYVRxTGVTMnVNZXlqMmEtcUE0UVBjZVFHLXFzY3ZmQVpsMVVFVFB3eW5JcjIzSUVFbw?oc=5,,False,본문 수집 제한 개수를 초과했습니다.,False,,2026-09-13 09:15:46
국내,전력 인프라,전력 인프라,전력 인프라,"이튼, 전력망에서 칩까지 차세대 AIDC 전략 인프라 발표 - 디일렉",https://news.google.com/rss/articles/CBMiZkFVX3lxTFA0c0ZRalNUeDI2SXBHQVNud1NYbGVjeUtTTjRuajUyZ2F6QWxrV3R6VEhQSkZTdjFlNVp4SlpEcXZwZGpkN0JaSWVDTmtpS1VFWnNMcVFxeDdtcDBZOVE2NHZyTE10UQ?oc=5,"Thu, 10 Sep 2026 06:07:14 GMT",디일렉,전력인프라,https://news.google.com/rss/articles/CBMiZkFVX3lxTFA0c0ZRalNUeDI2SXBHQVNud1NYbGVjeUtTTjRuajUyZ2F6QWxrV3R6VEhQSkZTdjFlNVp4SlpEcXZwZGpkN0JaSWVDTmtpS1VFWnNMcVFxeDdtcDBZOVE2NHZyTE10UQ?oc=5,,False,본문 수집 제한 개수를 초과했습니다.,False,,2026-09-13 09:15:46
국내,전력기기,전력기기,전력기기,미 행정부의 전력망 핵심 전력기기 거래제한 행정명령 서명과 국내 전력기기·ESS 업계의 실무 대응 전략 - lawtimes.co.kr,https://news.google.com/rss/articles/CBMickFVX3lxTE5va1JEZ19DcUlTaFVHaS01ZXpFVEdKdlR0UHdLNUcyUjd4N0NRY182VVEyWFJRODR3d28xU3dTUXNkSmV3a25fYVV2ZThucVZCOVlUSXRxWmRsazlnaXphTE9HWi10TGVCcXJNT3pOcGFJZ9IBckFVX3lxTE5va1JEZ19DcUlTaFVHaS01ZXpFVEdKdlR0UHdLNUcyUjd4N0NRY182VVEyWFJRODR3d28xU3dTUXNkSmV3a25fYVV2ZThucVZCOVlUSXRxWmRsazlnaXphTE9HWi10TGVCcXJNT3pOcGFJZw?oc=5,"Thu, 10 Sep 2026 05:23:53 GMT",lawtimes.co.kr,전력인프라,https://news.google.com/rss/articles/CBMickFVX3lxTE5va1JEZ19DcUlTaFVHaS01ZXpFVEdKdlR0UHdLNUcyUjd4N0NRY182VVEyWFJRODR3d28xU3dTUXNkSmV3a25fYVV2ZThucVZCOVlUSXRxWmRsazlnaXphTE9HWi10TGVCcXJNT3pOcGFJZ9IBckFVX3lxTE5va1JEZ19DcUlTaFVHaS01ZXpFVEdKdlR0UHdLNUcyUjd4N0NRY182VVEyWFJRODR3d28xU3dTUXNkSmV3a25fYVV2ZThucVZCOVlUSXRxWmRsazlnaXphTE9HWi10TGVCcXJNT3pOcGFJZw?oc=5,,False,본문 수집 제한 개수를 초과했습니다.,False,,2026-09-13 09:15:46
국내,전력 인프라,전력 인프라,전력 인프라,"가온전선, 캐나다 공공 전력망 첫 진출…북미 전력 인프라 공략 속도 - ddaily.co.kr",https://news.google.com/rss/articles/CBMiZEFVX3lxTFAwcGZ5c1Rxc0NDTFphdGRJOXpQNHRidTVmdnZudTBLbmEtODBBWFRDd25pX0M2Vk5ORGNjSks5SFluNUhtNWx2MUh0M21QMjRSZHY2OGloZVE3Ulo0VDNJOXZKNHE?oc=5,"Wed, 09 Sep 2026 02:00:55 GMT",ddaily.co.kr,전력인프라,https://news.google.com/rss/articles/CBMiZEFVX3lxTFAwcGZ5c1Rxc0NDTFphdGRJOXpQNHRidTVmdnZudTBLbmEtODBBWFRDd25pX0M2Vk5ORGNjSks5SFluNUhtNWx2MUh0M21QMjRSZHY2OGloZVE3Ulo0VDNJOXZKNHE?oc=5,,False,본문 수집 제한 개수를 초과했습니다.,False,,2026-09-13 09:15:46
국내,변압기,변압기,변압기,"HD현대일렉트릭, 美 재가동 원전에 '262톤급' 초대형 변압기 공급…대형 실적 '추가' - 더구루",https://news.google.com/rss/articles/CBMiY0FVX3lxTFBLUGphRzJmaTBKc0FFcTNIUmdGY00tWDVOWVpiTXo1aGI0MnBILVBRLURTcXRORjAzaGNITU01X2wxaXZOUDc1MUlmNTQzU3FXNFhEVUV3aDZaUUhCLU9PcW9HOA?oc=5,"Thu, 20 Aug 2026 07:00:00 GMT",더구루,전력인프라,https://news.google.com/rss/articles/CBMiY0FVX3lxTFBLUGphRzJmaTBKc0FFcTNIUmdGY00tWDVOWVpiTXo1aGI0MnBILVBRLURTcXRORjAzaGNITU01X2wxaXZOUDc1MUlmNTQzU3FXNFhEVUV3aDZaUUhCLU9PcW9HOA?oc=5,,False,본문 수집 제한 개수를 초과했습니다.,False,,2026-09-13 09:15:46
미국,전력기기,power equipment,power equipment stock market earnings investment,Powell Industries: The Next Phase Is Turning Power Orders Into Earnings - Seeking Alpha,https://news.google.com/rss/articles/CBMiqwFBVV95cUxOM25QNHJiNUk5dVVGNUpENWx1cnNIY0tvSUw2T3BfbHZLdGlSd1VVQlBSd2Y0eXBGU3Z1M2lDcWdRY2UyMlRIZ0NyaVVKdkhlN3QzRE5XOFVRMjhkNGNFekJGNm9ZUmNpVWJIeVlqbHdPbEpKbi1iU1B6amVrRlY3SFBwRms1djVBb1JYajBBcVY3UzZieGZZanU4RE9tZXVhUDhld000NnJISjg?oc=5,"Sat, 12 Sep 2026 03:40:37 GMT",Seeking Alpha,전력인프라,https://news.google.com/rss/articles/CBMiqwFBVV95cUxOM25QNHJiNUk5dVVGNUpENWx1cnNIY0tvSUw2T3BfbHZLdGlSd1VVQlBSd2Y0eXBGU3Z1M2lDcWdRY2UyMlRIZ0NyaVVKdkhlN3QzRE5XOFVRMjhkNGNFekJGNm9ZUmNpVWJIeVlqbHdPbEpKbi1iU1B6amVrRlY3SFBwRms1djVBb1JYajBBcVY3UzZieGZZanU4RE9tZXVhUDhld000NnJISjg?oc=5,,False,403 Client Error: Forbidden for url: https://seekingalpha.com/article/4945715-powell-industries-next-phase-is-turning-power-orders-into-earnings,True,,2026-09-13 09:15:46
미국,전력기기,power equipment,power equipment stock market earnings investment,5 Best Industrial Stocks for 2026 and How to Invest - The Motley Fool,https://news.google.com/rss/articles/CBMie0FVX3lxTE5KVXRIWmEwZkFkXy0xdzJXbXZPTkFIcndjWGZxbEx4bVlNUVF2bWZIaVp1cThOOFdOYlAzdTdOa2VDV29nMGdiOHRGVXMxcGtHYW5ISVo1WVI4MUs2TUtRNGVXZlJQUmJRU3RzRFVzVngyOV9Gd3JJeGVaVQ?oc=5,"Fri, 11 Sep 2026 21:36:00 GMT",The Motley Fool,전력인프라,https://www.fool.com/investing/stock-market/market-sectors/industrials/,www.fool.com,True,,True,,2026-09-13 09:15:46
미국,전력기기,power equipment,power equipment stock market earnings investment,"AI Infrastructure Stock Forgent Power, Cardiovascular Play Kestra In Earnings Spotlight - Investor's Business Daily",https://news.google.com/rss/articles/CBMirAFBVV95cUxPNElob25MT2piOFAzZmpuamNTZHRZU0t5U1J2cEF3czBFQ0EzZmxrLV9wYU1pUkdmX2RhQnNHcW45T1VBbXItd2VEeE9DM3llZGVjOWdvNnNBYTBOS056R2R0enhwVjhubUZvQWd3YmhUSWt3UWozaV9mTkczX3ZIdnRqRzNtTWNkLWhfU1FHeUtTNmRFbUZ4ZnUwWkpTb3BQNjJrRlZiRnJWaTdy?oc=5,"Fri, 11 Sep 2026 18:56:00 GMT",Investor's Business Daily,전력인프라,https://www.investors.com/research/earnings-preview/ai-infrastructure-forgent-power-kestra-medical-earnings/,www.investors.com,True,,True,,2026-09-13 09:15:46
미국,AI 전력,AI power demand data center,AI power demand data center stock market earnings investment,AI Data Centers Need Enormous Amounts of Power: These 5 Dividend Stocks Provide It - 24/7 Wall St.,https://news.google.com/rss/articles/CBMiwwFBVV95cUxQR3lWM2hDUGxGWEhLQ0VCdGFPUDlzS3h2TktlRTBSRzV2bS1HRnpSY2JJaEYxVGNJMktEb3BHTEVPNUlXTDNJbVFZRUFTbmdSZ2owN201dGxFNHdWWFdseGE0U0otYm1oSXQ1SXVydHowbWd1LWctUnk5c25nNWZ2eGhoX2l5TlQzVlU3TWFrYV94eVJQeHVDWTlwT3NrQnJlTWIzZUs4RjVyMnY0UVZaVjBTY2NnaUlPczNBVFBFb05qZFk?oc=5,"Fri, 11 Sep 2026 15:37:00 GMT",24/7 Wall St.,전력인프라,https://247wallst.com/investing/2026/09/11/ai-data-centers-need-enormous-amounts-of-power-these-5-dividend-stocks-provide-it/,247wallst.com,True,,True,,2026-09-13 09:15:46
미국,AI 전력,AI power demand data center,AI power demand data center stock market earnings investment,Want to Make a Fortune From the AI Power Boom? Buy These 2 Industrial Stocks - The Motley Fool,https://news.google.com/rss/articles/CBMikAFBVV95cUxNRk9SNVFEdFZqbjNtMTVZd1phRVpacllESy1xVG5sUVNLSUVBU3RtTzNYOG5RMDBIU0hkMzFRRW43ZF83SFZpTlFkcmlUcC10bDduR3plMG1CZ1VRcnZ0ZmJhd2diUlNxQllaTHFKZEJhd0gxdkUwdG5RSHRvM3JTajZVa09lb3g2aEx4T0VoUnk?oc=5,"Thu, 10 Sep 2026 17:15:00 GMT",The Motley Fool,전력인프라,https://news.google.com/rss/articles/CBMikAFBVV95cUxNRk9SNVFEdFZqbjNtMTVZd1phRVpacllESy1xVG5sUVNLSUVBU3RtTzNYOG5RMDBIU0hkMzFRRW43ZF83SFZpTlFkcmlUcC10bDduR3plMG1CZ1VRcnZ0ZmJhd2diUlNxQllaTHFKZEJhd0gxdkUwdG5RSHRvM3JTajZVa09lb3g2aEx4T0VoUnk?oc=5,,False,본문 수집 제한 개수를 초과했습니다.,False,,2026-09-13 09:15:46
미국,AI 전력,AI power demand data center,AI power demand data center stock market earnings investment,Want to Make a Fortune From the AI Power Boom? Buy These 2 Industrial Stocks - The Globe and Mail,https://news.google.com/rss/articles/CBMi8gFBVV95cUxNTWNSNG9KQUpPMVo3MUZKRHRhdjcwdndSMF9CWGIxeHRPY0tlMjRILUJwRTRob0tLcWhNTThXc3dTM1QweC1xMkJYejR5UVA0Sm00UGU1UDRRVGlINi1MVTB6NDVfdldtMEsyOW1WWGdtOWxBZ3I2amZyaVo5Z0ZGREhTVnFJUVNRbkRzQjBwMVNzUDlaNl9KUEk0bW9neDU4OGlQXzFwZHFFSnIyMVNpOTRlMk0wR3VaZ2ItTkdvT1VycDYta09mMzRGdUpoeWhwTDVPTEhhbEhzTU1fcG45eE15cEhJeTdiVU9tV2J3NXpidw?oc=5,"Thu, 10 Sep 2026 16:35:14 GMT",The Globe and Mail,전력인프라,https://news.google.com/rss/articles/CBMi8gFBVV95cUxNTWNSNG9KQUpPMVo3MUZKRHRhdjcwdndSMF9CWGIxeHRPY0tlMjRILUJwRTRob0tLcWhNTThXc3dTM1QweC1xMkJYejR5UVA0Sm00UGU1UDRRVGlINi1MVTB6NDVfdldtMEsyOW1WWGdtOWxBZ3I2amZyaVo5Z0ZGREhTVnFJUVNRbkRzQjBwMVNzUDlaNl9KUEk0bW9neDU4OGlQXzFwZHFFSnIyMVNpOTRlMk0wR3VaZ2ItTkdvT1VycDYta09mMzRGdUpoeWhwTDVPTEhhbEhzTU1fcG45eE15cEhJeTdiVU9tV2J3NXpidw?oc=5,,False,본문 수집 제한 개수를 초과했습니다.,False,,2026-09-13 09:15:46
미국,전력기기,power equipment,power equipment stock market earnings investment,Stock Market Under the Trump Administration: What is Driving Markets in 2026? - U.S. Bank,https://news.google.com/rss/articles/CBMingFBVV95cUxPcUowVHR1VXAzd0Zfamw1MkVSejFsRGo1bkdGdHhjNVBZVFdwU3VpcE5neGJOeWl6RmdQVkFsYlcxNEVTRGg3WHNYSGR1d1BpTjV4T2NqdWdER3ZtQ0RVbU40WTcyRXRaTEM5bFZteVlYNE5EYkM1M1BaR0lYTGlUeFlTeDhVMzRaWFFqZEZhcGc3RFJoZy1qZy1mTGViQQ?oc=5,"Fri, 04 Sep 2026 07:00:00 GMT",U.S. Bank,전력인프라,https://news.google.com/rss/articles/CBMingFBVV95cUxPcUowVHR1VXAzd0Zfamw1MkVSejFsRGo1bkdGdHhjNVBZVFdwU3VpcE5neGJOeWl6RmdQVkFsYlcxNEVTRGg3WHNYSGR1d1BpTjV4T2NqdWdER3ZtQ0RVbU40WTcyRXRaTEM5bFZteVlYNE5EYkM1M1BaR0lYTGlUeFlTeDhVMzRaWFFqZEZhcGc3RFJoZy1qZy1mTGViQQ?oc=5,,False,본문 수집 제한 개수를 초과했습니다.,False,,2026-09-13 09:15:46
미국,AI 전력,AI power demand data center,AI power demand data center stock market earnings investment,US Utilities Outlook: AI Power Demand Meets Grid Investment - Morningstar,https://news.google.com/rss/articles/CBMingFBVV95cUxNQ21ieEpvTjFPYUxuZzZiTFpWSlRONHBFVlJwdDMzRVdXS2xGREUyd1ZqdGhaNjRnMV9WaGd4T1VJUXhuTzdMYXNubjNVNm9DdWE2VElmN2dVRWxXT1ZMMzNqalpUYnZaM2haOU1XUXRXOE9OUjZPLXRzOFBSSTVMQ3JZd3ZiQkdLekJPZnctc1FqNFdWZmhIbGk1M29ZQQ?oc=5,"Wed, 02 Sep 2026 07:00:00 GMT",Morningstar,전력인프라,https://news.google.com/rss/articles/CBMingFBVV95cUxNQ21ieEpvTjFPYUxuZzZiTFpWSlRONHBFVlJwdDMzRVdXS2xGREUyd1ZqdGhaNjRnMV9WaGd4T1VJUXhuTzdMYXNubjNVNm9DdWE2VElmN2dVRWxXT1ZMMzNqalpUYnZaM2haOU1XUXRXOE9OUjZPLXRzOFBSSTVMQ3JZd3ZiQkdLekJPZnctc1FqNFdWZmhIbGk1M29ZQQ?oc=5,,False,본문 수집 제한 개수를 초과했습니다.,False,,2026-09-13 09:15:46
미국,변압기,transformer power grid,transformer power grid stock market earnings investment,2 Undervalued Power Infrastructure Stocks Trading Below Fair Value - Univest,https://news.google.com/rss/articles/CBMieEFVX3lxTE9BRm9RVm5KSVhDNHJUdVFubGJ5WW5NU1k2Ml91THBkRzJ4WW14MXVjZUJEdWw3a212S3M5V3NDSjRhMXdVdjBUNFNERXFyVWg5UHdOZ1lrcGszZENqbXFwNjF3T1czUkZTS2g0cnRoWHlQUnJKNUFDWg?oc=5,"Thu, 27 Aug 2026 07:00:00 GMT",Univest,전력인프라,https://news.google.com/rss/articles/CBMieEFVX3lxTE9BRm9RVm5KSVhDNHJUdVFubGJ5WW5NU1k2Ml91THBkRzJ4WW14MXVjZUJEdWw3a212S3M5V3NDSjRhMXdVdjBUNFNERXFyVWg5UHdOZ1lrcGszZENqbXFwNjF3T1czUkZTS2g0cnRoWHlQUnJKNUFDWg?oc=5,,False,본문 수집 제한 개수를 초과했습니다.,False,,2026-09-13 09:15:46
미국,AI 전력,AI power demand data center,AI power demand data center stock market earnings investment,AI’s biggest buildout is here. These stocks offer a way to invest in the data center boom - Fortune,https://news.google.com/rss/articles/CBMiX0FVX3lxTE9jdlRYU04xZk5CYkhmaGFicnRlSk01MEF0NjNFd1hBUG4tWFNBNlB0MEpYOEhjQndaZXVYWUtUbWREMmIwWEhzUUFWZmxVTUNxb1dsNlRnWUxQN0dzb3E4?oc=5,"Tue, 11 Aug 2026 07:00:00 GMT",Fortune,전력인프라,https://news.google.com/rss/articles/CBMiX0FVX3lxTE9jdlRYU04xZk5CYkhmaGFicnRlSk01MEF0NjNFd1hBUG4tWFNBNlB0MEpYOEhjQndaZXVYWUtUbWREMmIwWEhzUUFWZmxVTUNxb1dsNlRnWUxQN0dzb3E4?oc=5,,False,본문 수집 제한 개수를 초과했습니다.,False,,2026-09-13 09:15:46
미국,변압기,transformer power grid,transformer power grid stock market earnings investment,As Sanil Electric broke its highest performance for five consecutive quarters due to the replacement.. - 매일경제,https://news.google.com/rss/articles/CBMiT0FVX3lxTE1DOHA5Zlc3YkFzVU01UjRISjhSdzBJUkgwaWhHZ3ljSzZvekNLVm5pQ3hOeDBiT1hCelQ2aGNQcWpZWjNzLVdnV1lmdWMwaEU?oc=5,"Mon, 10 Aug 2026 07:00:00 GMT",매일경제,전력인프라,https://news.google.com/rss/articles/CBMiT0FVX3lxTE1DOHA5Zlc3YkFzVU01UjRISjhSdzBJUkgwaWhHZ3ljSzZvekNLVm5pQ3hOeDBiT1hCelQ2aGNQcWpZWjNzLVdnV1lmdWMwaEU?oc=5,,False,본문 수집 제한 개수를 초과했습니다.,False,,2026-09-13 09:15:46
미국,변압기,transformer power grid,transformer power grid stock market earnings investment,Global Stocks Estimated To Be Up To 41.6% Below Intrinsic Value - webull.com,https://news.google.com/rss/articles/CBMiWEFVX3lxTE9vYmNONUMyTVdCaFc1elU1TVMyUFpMSGNsZjc3TG5lMC1RekdSLVZIUzRWa3doR3JvNTV5dzF0TlBKQUVXVUNWdWU5V2ItX3pqcFNQS3Z5dnk?oc=5,"Thu, 06 Aug 2026 07:00:00 GMT",webull.com,전력인프라,https://news.google.com/rss/articles/CBMiWEFVX3lxTE9vYmNONUMyTVdCaFc1elU1TVMyUFpMSGNsZjc3TG5lMC1RekdSLVZIUzRWa3doR3JvNTV5dzF0TlBKQUVXVUNWdWU5V2ItX3pqcFNQS3Z5dnk?oc=5,,False,본문 수집 제한 개수를 초과했습니다.,False,,2026-09-13 09:15:46
미국,변압기,transformer power grid,transformer power grid stock market earnings investment,"Ahead of Earnings, Is Siemens Energy Stock a Buy, a Sell, or Fairly Valued? - Morningstar",https://news.google.com/rss/articles/CBMirAFBVV95cUxQMS03RjA1VzF1NEFSV19BS3hPQkhCWWRhZ2VKUW9zaklpajE4MEs5TFhwblAxblBMZnROeDVSR25lWEYzWXkwZGM3b0dQUUhJc2g1WUNJYXZ6bVhiY2t3ZldtVG9RRGNiQURuSW93LWNMVmlrcUZ4RmlzcFJnM0tRWndjcUNXOWpRckpDb0ZhUGk5bXhwNkw0S2ZrOFJ3OUtLQlJIVnN3SWZIdDky?oc=5,"Mon, 03 Aug 2026 07:00:00 GMT",Morningstar,전력인프라,https://news.google.com/rss/articles/CBMirAFBVV95cUxQMS03RjA1VzF1NEFSV19BS3hPQkhCWWRhZ2VKUW9zaklpajE4MEs5TFhwblAxblBMZnROeDVSR25lWEYzWXkwZGM3b0dQUUhJc2g1WUNJYXZ6bVhiY2t3ZldtVG9RRGNiQURuSW93LWNMVmlrcUZ4RmlzcFJnM0tRWndjcUNXOWpRckpDb0ZhUGk5bXhwNkw0S2ZrOFJ3OUtLQlJIVnN3SWZIdDky?oc=5,,False,본문 수집 제한 개수를 초과했습니다.,False,,2026-09-13 09:15:46
미국,변압기,transformer power grid,transformer power grid stock market earnings investment,Are Navitas Investors Missing the Grid Behind the AI Hype? - TradingView,https://news.google.com/rss/articles/CBMiswFBVV95cUxOMmQzenBFVFZVX3paU2xhaUdDZnNGNkQ5cUdjbk00eDdKQ2R2eVRPU21lcEZjTG0xUExiTFI3QzRHQlpoalBBNk5ncmNhS0xpYjlNUVhwWUx3Z3lRMVJFYUQ1MGxLQ3BQQm5Ob2dXS1hpSUs3aGh2ZDFGSnBuMHBISUxaS2ozWGNDMERqWkcwRXU0WXdzakUtRzNKM0NoNkJzeXpURWxIaUlvZzlpQ1pTTFU5RQ?oc=5,"Tue, 23 Jun 2026 07:00:00 GMT",TradingView,전력인프라,https://news.google.com/rss/articles/CBMiswFBVV95cUxOMmQzenBFVFZVX3paU2xhaUdDZnNGNkQ5cUdjbk00eDdKQ2R2eVRPU21lcEZjTG0xUExiTFI3QzRHQlpoalBBNk5ncmNhS0xpYjlNUVhwWUx3Z3lRMVJFYUQ1MGxLQ3BQQm5Ob2dXS1hpSUs3aGh2ZDFGSnBuMHBISUxaS2ozWGNDMERqWkcwRXU0WXdzakUtRzNKM0NoNkJzeXpURWxIaUlvZzlpQ1pTTFU5RQ?oc=5,,False,본문 수집 제한 개수를 초과했습니다.,False,,2026-09-13 09:15:46
미국,전력 인프라,전력 인프라,전력 인프라 stock market earnings investment,AI's power hunger is turning electric utilities into Wall Street growth stocks — and customers may pay the price - Fortune,https://news.google.com/rss/articles/CBMiigFBVV95cUxPMk5ONm94YVc2SVF0am9LTWF3TXJtVkY1QXJZMzA4NWh5UF9nNDNHUmtFYUNMTnEza2hfWGpCUmkySTdQLW1ENkZyNnhzSXJLcm0yMXlMbTNHNHlENnJRM0tXLVBVX1RadWpYcG5hQjhCaXowSHk4QkJfU0JkZ1ItS3R0enBVdnBUQVE?oc=5,"Tue, 23 Jun 2026 07:00:00 GMT",Fortune,전력인프라,https://news.google.com/rss/articles/CBMiigFBVV95cUxPMk5ONm94YVc2SVF0am9LTWF3TXJtVkY1QXJZMzA4NWh5UF9nNDNHUmtFYUNMTnEza2hfWGpCUmkySTdQLW1ENkZyNnhzSXJLcm0yMXlMbTNHNHlENnJRM0tXLVBVX1RadWpYcG5hQjhCaXowSHk4QkJfU0JkZ1ItS3R0enBVdnBUQVE?oc=5,,False,본문 수집 제한 개수를 초과했습니다.,False,,2026-09-13 09:15:46
미국,전력기기,power equipment,power equipment stock market earnings investment,Profit power: Four stock sectors primed for growth - J.P. Morgan Private Bank,https://news.google.com/rss/articles/CBMi1gFBVV95cUxNRHlEWVNmMWY3djhtWTR0ZExvUVVlRzNQRHBLVmxCR1RVRjVZdzFINWlSa0xyUVl3cHVTekJGYVBMdzl0MXhVbElQWTFoMWY2Nm9YT3RDazdwVmwwY0FsY3NZcklGaURrUldRaEJJX0FJd084eks5cVVtY0VrUVR6RnN2c3dwTnVHNXZmUEtPWTdXTnpfQWxrNGZBRkdramVKUGh4RDBtQlVRQWV4RG1VM2toYlpNUFRuRXZFRE5zaG1uMXNfTWV3TWhQeDNwdURvYVAzZ0p3?oc=5,"Tue, 09 Jun 2026 07:00:00 GMT",J.P. Morgan Private Bank,전력인프라,https://news.google.com/rss/articles/CBMi1gFBVV95cUxNRHlEWVNmMWY3djhtWTR0ZExvUVVlRzNQRHBLVmxCR1RVRjVZdzFINWlSa0xyUVl3cHVTekJGYVBMdzl0MXhVbElQWTFoMWY2Nm9YT3RDazdwVmwwY0FsY3NZcklGaURrUldRaEJJX0FJd084eks5cVVtY0VrUVR6RnN2c3dwTnVHNXZmUEtPWTdXTnpfQWxrNGZBRkdramVKUGh4RDBtQlVRQWV4RG1VM2toYlpNUFRuRXZFRE5zaG1uMXNfTWV3TWhQeDNwdURvYVAzZ0p3?oc=5,,False,본문 수집 제한 개수를 초과했습니다.,False,,2026-09-13 09:15:46
미국,전력망,전력망,전력망 stock market earnings investment,5 Booming Industrial Stocks Set to Benefit More on AI Data Center Boom - Yahoo Finance,https://news.google.com/rss/articles/CBMinAFBVV95cUxQVnY4ZDlHdmt2emlnSnd5bVFZTmY3eGJfNktoVzNvTmxBMjBoOVNQU0RjcXlrY3E5ZDR6MEZwcXlNOXBCVlBTRUVPRGJseVhBVHU4Z3NYSF9WRGRhY1FwTGljYXItN1dneUsxcXlrWkI2VlBrNkpjVjZ5YkkwcHk4dE4wSXZRZ3NxbUhkV3VaVGRMRjVKd2xsU2Z5Wko?oc=5,"Tue, 09 Jun 2026 07:00:00 GMT",Yahoo Finance,전력인프라,https://news.google.com/rss/articles/CBMinAFBVV95cUxQVnY4ZDlHdmt2emlnSnd5bVFZTmY3eGJfNktoVzNvTmxBMjBoOVNQU0RjcXlrY3E5ZDR6MEZwcXlNOXBCVlBTRUVPRGJseVhBVHU4Z3NYSF9WRGRhY1FwTGljYXItN1dneUsxcXlrWkI2VlBrNkpjVjZ5YkkwcHk4dE4wSXZRZ3NxbUhkV3VaVGRMRjVKd2xsU2Z5Wko?oc=5,,False,본문 수집 제한 개수를 초과했습니다.,False,,2026-09-13 09:15:46
미국,전력망,전력망,전력망 stock market earnings investment,Opinion: Nvidia can deliver chips — but it can’t buy Big Tech out of its credit and power-grid crisis - marketwatch.com,https://news.google.com/rss/articles/CBMizAFBVV95cUxPcEw4eWtTQU5qeFlnQ3dQR3E1NW1UMWtOS24xMlBRMU8xblNmQmQycVlWOWRlU09ka1NQamVwZ09mLTh6TU1leVlyTThUOXktdkRsTWlsUVRHaDZpMVRXZUhSWU1WRzM1Q2ZmRXdOSDhBeFkwQWhEVzZDQjQ1Q0NUMkhpdW9KRU1Gd0xiTExWcm1tXzVsRkY1aDJtWHl6eUNVNmJwdS10QXF0RFhTUUZXYnpscU5HNlFBVnBleXhORFBQRjNOcmRER1piMXI?oc=5,"Sat, 23 May 2026 07:00:00 GMT",marketwatch.com,전력인프라,https://news.google.com/rss/articles/CBMizAFBVV95cUxPcEw4eWtTQU5qeFlnQ3dQR3E1NW1UMWtOS24xMlBRMU8xblNmQmQycVlWOWRlU09ka1NQamVwZ09mLTh6TU1leVlyTThUOXktdkRsTWlsUVRHaDZpMVRXZUhSWU1WRzM1Q2ZmRXdOSDhBeFkwQWhEVzZDQjQ1Q0NUMkhpdW9KRU1Gd0xiTExWcm1tXzVsRkY1aDJtWHl6eUNVNmJwdS10QXF0RFhTUUZXYnpscU5HNlFBVnBleXhORFBQRjNOcmRER1piMXI?oc=5,,False,본문 수집 제한 개수를 초과했습니다.,False,,2026-09-13 09:15:46
미국,전력 인프라,전력 인프라,전력 인프라 stock market earnings investment,Comfort Systems vs. Quanta: Which Infrastructure Stock Wins? - Yahoo Finance,https://news.google.com/rss/articles/CBMiqAFBVV95cUxOQmFOc0E2UFI4aWNiejQwSUJ6cng0dm8yUTBYbnJOcHQ0eHJySkpXa3ZidG9oZlhJUHF2U0o2bl82NUdENTZxQmRqUDZfdDU4LTkzajl2NWloa1FLZExHSDNIaWd6ekg1OUhmZE9WUC10Nk5wczBScjl5NVI1TkdkMG5kTGlRZ2hWeEs1TmdUbnlQMGxEdXR1NEllcGxYRll4b3dZanlGY3A?oc=5,"Mon, 18 May 2026 07:00:00 GMT",Yahoo Finance,전력인프라,https://news.google.com/rss/articles/CBMiqAFBVV95cUxOQmFOc0E2UFI4aWNiejQwSUJ6cng0dm8yUTBYbnJOcHQ0eHJySkpXa3ZidG9oZlhJUHF2U0o2bl82NUdENTZxQmRqUDZfdDU4LTkzajl2NWloa1FLZExHSDNIaWd6ekg1OUhmZE9WUC10Nk5wczBScjl5NVI1TkdkMG5kTGlRZ2hWeEs1TmdUbnlQMGxEdXR1NEllcGxYRll4b3dZanlGY3A?oc=5,,False,본문 수집 제한 개수를 초과했습니다.,False,,2026-09-13 09:15:46
미국,전력망,전력망,전력망 stock market earnings investment,Are AI Data Centers Becoming a Power Stock Story? - techi.com,https://news.google.com/rss/articles/CBMiZ0FVX3lxTFBfMVZQcFlJcV9hbElsNzhNQUZCM09RWUIxTHJucmpjWE14dlo1RDd2NjFtZC1HVU5fNTVwdlctdC1zSTBVQzR3QjE5NDBRS0xCejBsYjlWOElXVU5fRmJNTEYxTTVFN2M?oc=5,"Fri, 08 May 2026 07:00:00 GMT",techi.com,전력인프라,https://news.google.com/rss/articles/CBMiZ0FVX3lxTFBfMVZQcFlJcV9hbElsNzhNQUZCM09RWUIxTHJucmpjWE14dlo1RDd2NjFtZC1HVU5fNTVwdlctdC1zSTBVQzR3QjE5NDBRS0xCejBsYjlWOElXVU5fRmJNTEYxTTVFN2M?oc=5,,False,본문 수집 제한 개수를 초과했습니다.,False,,2026-09-13 09:15:46
미국,전력 인프라,전력 인프라,전력 인프라 stock market earnings investment,Emerson Electric Fell 6% This Week. Here’s How Much the Stock Could Rise in 2026 - TIKR.com,https://news.google.com/rss/articles/CBMipgFBVV95cUxQOWlidVVZbUhzM0dXekN3MGRvQVE4dklsZFl5RFR1SHItNHNoSlpCUmVTeDhzOEwxSGZMMF9qSkJOeUVpb0JtWmlfTEwzMGs1eW1hclVGT3JKZDdGRWxmYjhyYnAtbFJ2bzBJTXVNcUFmUlFMeXJvRG15M003LXl1c3AwS1daX0FmcDU2Ni0zVHVvbXRGY3M5RFY1VG1XTFMycVI4ejJR?oc=5,"Mon, 16 Mar 2026 07:00:00 GMT",TIKR.com,전력인프라,https://news.google.com/rss/articles/CBMipgFBVV95cUxQOWlidVVZbUhzM0dXekN3MGRvQVE4dklsZFl5RFR1SHItNHNoSlpCUmVTeDhzOEwxSGZMMF9qSkJOeUVpb0JtWmlfTEwzMGs1eW1hclVGT3JKZDdGRWxmYjhyYnAtbFJ2bzBJTXVNcUFmUlFMeXJvRG15M003LXl1c3AwS1daX0FmcDU2Ni0zVHVvbXRGY3M5RFY1VG1XTFMycVI4ejJR?oc=5,,False,본문 수집 제한 개수를 초과했습니다.,False,,2026-09-13 09:15:46
미국,전력 인프라,전력 인프라,전력 인프라 stock market earnings investment,My Top 2026 Stock Pick for the AI Boom - I/O Fund,https://news.google.com/rss/articles/CBMiaEFVX3lxTFAyLVFfSE9JWDNxWWEyWG9HOXVxdWZCX28wbmhrRlVsdEprdFp0dnd5NUp6NU5lRmFSZHlJR0hwZ1doRm9nSWliQVJRcmkzUnp0cEJEMWVqRW1IUFVmemtXdHVVcWNWN09y?oc=5,"Fri, 27 Feb 2026 08:00:00 GMT",I/O Fund,전력인프라,https://news.google.com/rss/articles/CBMiaEFVX3lxTFAyLVFfSE9JWDNxWWEyWG9HOXVxdWZCX28wbmhrRlVsdEprdFp0dnd5NUp6NU5lRmFSZHlJR0hwZ1doRm9nSWliQVJRcmkzUnp0cEJEMWVqRW1IUFVmemtXdHVVcWNWN09y?oc=5,,False,본문 수집 제한 개수를 초과했습니다.,False,,2026-09-13 09:15:46
미국,전력 인프라,전력 인프라,전력 인프라 stock market earnings investment,Infrastructure 2026 Outlook - Morgan Stanley,https://news.google.com/rss/articles/CBMivwFBVV95cUxQajlCUDBfc2xVRjJTMWRkcGZQeWNxT0VjdkJDQnhQVFpvQ1ZLd2ZmVlhRblBmUTRlTnRKOElSalNjbm5aUnAtWHFrM1MwOEdadU9OYWlVQ0R6VXdaeXgxQ2NTUEFneHZCRjlUbmJ0QTNDdXpKRlJtS3R2V3hQb1JRNjVTOXEyYnl4MDdLNC1JUmxOTF93dmtZYXJfNS1iMlJld2JpTVozb1lDcUEzQ3hzcVRwWE9CVVpFSUM5X3JHcw?oc=5,"Thu, 18 Dec 2025 08:00:00 GMT",Morgan Stanley,전력인프라,https://news.google.com/rss/articles/CBMivwFBVV95cUxQajlCUDBfc2xVRjJTMWRkcGZQeWNxT0VjdkJDQnhQVFpvQ1ZLd2ZmVlhRblBmUTRlTnRKOElSalNjbm5aUnAtWHFrM1MwOEdadU9OYWlVQ0R6VXdaeXgxQ2NTUEFneHZCRjlUbmJ0QTNDdXpKRlJtS3R2V3hQb1JRNjVTOXEyYnl4MDdLNC1JUmxOTF93dmtZYXJfNS1iMlJld2JpTVozb1lDcUEzQ3hzcVRwWE9CVVpFSUM5X3JHcw?oc=5,,False,본문 수집 제한 개수를 초과했습니다.,False,,2026-09-13 09:15:46
일본,변압기,変圧器 電力網,変圧器 電力網 日本 株式市場 企業,大型電力変圧器市場―2026年～2032年の世界市場予測 - アットプレス,https://news.google.com/rss/articles/CBMiTkFVX3lxTE5lOTh5bjB0cWdCaVF1WThlNEo5QXRRSC1DTWZ3VnJQRGVHWGhsNUxZNFNSZzRrWmhBMmxLNzJCQ3JkN0tFUzJyY0gtUk1Tdw?oc=5,"Fri, 11 Sep 2026 06:08:00 GMT",アットプレス,전력인프라,https://www.atpress.ne.jp/news/4190138,www.atpress.ne.jp,True,,True,,2026-09-13 09:15:46
일본,AI 전력,AI 電力需要 データセンター,AI 電力需要 データセンター 日本 株式市場 企業,日本の長期金利3％時代、AI株が上がる裏であなたの債券は下がるのか - newspicks.com,https://news.google.com/rss/articles/CBMiU0FVX3lxTE9SVnV3cjhSQVppcG9HN2Z3SnhsNE5RRVVqX1cwMWlFdlNGT0VZLXF2cFJ5Nk5vQm1udldwT1JkRjhnYkFMaHpEWWtCR0pYRll4T2pv?oc=5,"Wed, 09 Sep 2026 11:53:19 GMT",newspicks.com,전력인프라,https://news.google.com/rss/articles/CBMiU0FVX3lxTE9SVnV3cjhSQVppcG9HN2Z3SnhsNE5RRVVqX1cwMWlFdlNGT0VZLXF2cFJ5Nk5vQm1udldwT1JkRjhnYkFMaHpEWWtCR0pYRll4T2pv?oc=5,,False,403 Client Error: Forbidden for url: https://newspicks.com/news/17474298/body/,True,,2026-09-13 09:15:46
일본,AI 전력,AI 電力需要 データセンター,AI 電力需要 データセンター 日本 株式市場 企業,日本のAIデータセンター市場2035年、市場規模・企業動向・分析レポートを発表 - アットプレス,https://news.google.com/rss/articles/CBMiT0FVX3lxTE9FcTNsVzhMd0p2aGFCQWdVUHM0NjZfSElrT0JiWnFJeUhiUHd3Q1dia1NrUGd2aVZ2RFAzbkFLZDdicXgxQk5HSGhnX3VOdmM?oc=5,"Tue, 08 Sep 2026 04:30:00 GMT",アットプレス,전력인프라,https://www.atpress.ne.jp/news/1150143,www.atpress.ne.jp,True,,True,,2026-09-13 09:15:46
일본,AI 전력,AI 電力需要 データセンター,AI 電力需要 データセンター 日本 株式市場 企業,国内データセンター建設増で潤う内需関連企業をピックアップ！ - 三菱UFJ eスマート証券,https://news.google.com/rss/articles/CBMiVEFVX3lxTE8yN0NFX3JSOG5IZjU0Rk1Lc1J6THdlakM2aFZ4QnBPYXlMYWo5ZmtFWXpwNm9aM05FcUhqa3ExeGkwMk43azYtU3dZWDZZbjkzSjFzdA?oc=5,"Thu, 27 Aug 2026 07:00:00 GMT",三菱UFJ eスマート証券,전력인프라,https://kabu.com/kabuyomu/market/1387.html,kabu.com,True,,True,,2026-09-13 09:15:46
일본,AI 전력,AI 電力需要 データセンター,AI 電力需要 データセンター 日本 株式市場 企業,データセンター爆需炸裂！「電力インフラ」疾風迅雷の激アツ8銘柄 ＜株探トップ特集＞ - kabutan.jp,https://news.google.com/rss/articles/CBMiYEFVX3lxTE94TjRJM2tZSmFmZDA5dHV5Wm1ON2VIc3c2VmY0NmI0dkxNYWRKTU1tdDdBZkNPVnE2dm4wM1VhVWZJQVhQb2dIRmNXbVkwc2RzTTFvb1ZlMl9jQlNoRXJ2eQ?oc=5,"Mon, 17 Aug 2026 07:00:00 GMT",kabutan.jp,전력인프라,https://news.google.com/rss/articles/CBMiYEFVX3lxTE94TjRJM2tZSmFmZDA5dHV5Wm1ON2VIc3c2VmY0NmI0dkxNYWRKTU1tdDdBZkNPVnE2dm4wM1VhVWZJQVhQb2dIRmNXbVkwc2RzTTFvb1ZlMl9jQlNoRXJ2eQ?oc=5,,False,본문 수집 제한 개수를 초과했습니다.,False,,2026-09-13 09:15:46
일본,전력기기,電力機器,電力機器 日本 株式市場 企業,日本企業脱炭素本気度ウォッチ - WWFジャパン,https://news.google.com/rss/articles/CBMiYEFVX3lxTE9rVmJLaWhRUHg2SW5WM2JEOU9mdzYwOUc0d29kS1Y5cjlqUm5MV1dSb0UzTjZaWk5uMTFld25nMVNEUUhCUEdMSnd2VGs4LVFDS25kaVBVbTFEMEM1TXFiZg?oc=5,"Tue, 04 Aug 2026 07:00:00 GMT",WWFジャパン,전력인프라,https://news.google.com/rss/articles/CBMiYEFVX3lxTE9rVmJLaWhRUHg2SW5WM2JEOU9mdzYwOUc0d29kS1Y5cjlqUm5MV1dSb0UzTjZaWk5uMTFld25nMVNEUUhCUEdMSnd2VGs4LVFDS25kaVBVbTFEMEM1TXFiZg?oc=5,,False,본문 수집 제한 개수를 초과했습니다.,False,,2026-09-13 09:15:46
일본,AI 전력,AI 電力需要 データセンター,AI 電力需要 データセンター 日本 株式市場 企業,グロイン | AI時代の電力需要拡大～公益株投資に好機到来か - ピクテ・ジャパン,https://news.google.com/rss/articles/CBMingFBVV95cUxNNmJ0VDd6MjBuemZEdTBuazF3UnBzY2liMEliLVhjVl9uNHE2LXhQZ1p6WHJ3RG5CT3lrUUU3S2lueWQzQUVlbC1mUzJPZ0NSMWFUMzVlUFY2b0Z5cjdNX1JBeVJ6VDhiYnM1dGdoU0hjZkhXRzFmMEsyWWZ1S3Z5cjVQMS1waE5uZFJ4SC15eXRuMmQ5ZjFvMkRTeFRkZw?oc=5,"Mon, 29 Jun 2026 07:00:00 GMT",ピクテ・ジャパン,전력인프라,https://news.google.com/rss/articles/CBMingFBVV95cUxNNmJ0VDd6MjBuemZEdTBuazF3UnBzY2liMEliLVhjVl9uNHE2LXhQZ1p6WHJ3RG5CT3lrUUU3S2lueWQzQUVlbC1mUzJPZ0NSMWFUMzVlUFY2b0Z5cjdNX1JBeVJ6VDhiYnM1dGdoU0hjZkhXRzFmMEsyWWZ1S3Z5cjVQMS1waE5uZFJ4SC15eXRuMmQ5ZjFvMkRTeFRkZw?oc=5,,False,본문 수집 제한 개수를 초과했습니다.,False,,2026-09-13 09:15:46
일본,전력기기,電力機器,電力機器 日本 株式市場 企業,年初から日経平均株価7万円までの上がった銘柄下がった銘柄 上半期の振り返りと下半期の投資テーマを展望 野村證券・大坂隼矢 | NOMURA ウェルスタイル – 野村の投資＆マネーライフ - nomura.co.jp,https://news.google.com/rss/articles/CBMiX0FVX3lxTE55SEMxR2J2S3BjRnR6NE8tdWVLal9MRVFFNmRyRERlTHdBYkNMdVM0TDdPU1JYWTQ3X1BaT3o3U2NzRkZlMFdmamUwdHoxellEOXlWQ3dLbEFjbEk4dGI0?oc=5,"Wed, 24 Jun 2026 07:00:00 GMT",nomura.co.jp,전력인프라,https://news.google.com/rss/articles/CBMiX0FVX3lxTE55SEMxR2J2S3BjRnR6NE8tdWVLal9MRVFFNmRyRERlTHdBYkNMdVM0TDdPU1JYWTQ3X1BaT3o3U2NzRkZlMFdmamUwdHoxellEOXlWQ3dLbEFjbEk4dGI0?oc=5,,False,본문 수집 제한 개수를 초과했습니다.,False,,2026-09-13 09:15:46
일본,변압기,変圧器 電力網,変圧器 電力網 日本 株式市場 企業,変圧器関連株 本命株 出遅れ株 一覧 - kabukarin.net,https://news.google.com/rss/articles/CBMiUEFVX3lxTE8xUzVYbHJhSFRBb296SEt4TG8wRVFnMFJzdXNHNkJVci1rcDhqMk5yV1oxT0dfcEEzYWh2b1Y0eV9qWEpmclZId09xdlNaLXBF?oc=5,"Wed, 03 Jun 2026 07:00:00 GMT",kabukarin.net,전력인프라,https://news.google.com/rss/articles/CBMiUEFVX3lxTE8xUzVYbHJhSFRBb296SEt4TG8wRVFnMFJzdXNHNkJVci1rcDhqMk5yV1oxT0dfcEEzYWh2b1Y0eV9qWEpmclZId09xdlNaLXBF?oc=5,,False,본문 수집 제한 개수를 초과했습니다.,False,,2026-09-13 09:15:46
일본,전력기기,電力機器,電力機器 日本 株式市場 企業,Monthly report マンスリーレポート - smd-am.co.jp,https://news.google.com/rss/articles/CBMia0FVX3lxTFBib2FuQXdWYTR1U3Y5VTc3X2sycFV2UWZ0VWdlWnJmTy0yTVpZZ0pEVXVpVTYtVGhGQUhLYVdGZzhsMVRsSDBLWWNVZ2kyZ2Y2VUp1UlJhSW9LV0dWYVRUZHdQSDNKRUswQTZr?oc=5,"Fri, 29 May 2026 07:00:00 GMT",smd-am.co.jp,전력인프라,https://news.google.com/rss/articles/CBMia0FVX3lxTFBib2FuQXdWYTR1U3Y5VTc3X2sycFV2UWZ0VWdlWnJmTy0yTVpZZ0pEVXVpVTYtVGhGQUhLYVdGZzhsMVRsSDBLWWNVZ2kyZ2Y2VUp1UlJhSW9LV0dWYVRUZHdQSDNKRUswQTZr?oc=5,,False,본문 수집 제한 개수를 초과했습니다.,False,,2026-09-13 09:15:46
일본,전력기기,電力機器,電力機器 日本 株式市場 企業,【日本株】データセンター増設で需要急伸、AI・DX社会を裏で支える「変圧器（トランス）」関連銘柄 - マネクリ,https://news.google.com/rss/articles/CBMiVEFVX3lxTFBGNTh4eUdYUHF2M0dydXlyTkJRZ29uVENqeGlDdms3akM5Ylhib1hXUVRzcVNhdTBRRFhZRS01Z0M2UHJkVC1RSzNiZzlaNVo3cmdKQ9IBV0FVX3lxTFBaWkg4ZUFRVUpKOWVrVFA4OURQOWNKLVdybnh4bk4yejc4eFplemRCTFk2c05PV3J6UUR4UE5SNHdtdVduVmpnX2FYSVhPdjdSQ05BNjQ1TQ?oc=5,"Wed, 27 May 2026 07:00:00 GMT",マネクリ,전력인프라,https://news.google.com/rss/articles/CBMiVEFVX3lxTFBGNTh4eUdYUHF2M0dydXlyTkJRZ29uVENqeGlDdms3akM5Ylhib1hXUVRzcVNhdTBRRFhZRS01Z0M2UHJkVC1RSzNiZzlaNVo3cmdKQ9IBV0FVX3lxTFBaWkg4ZUFRVUpKOWVrVFA4OURQOWNKLVdybnh4bk4yejc4eFplemRCTFk2c05PV3J6UUR4UE5SNHdtdVduVmpnX2FYSVhPdjdSQ05BNjQ1TQ?oc=5,,False,본문 수집 제한 개수를 초과했습니다.,False,,2026-09-13 09:15:46
일본,전력기기,電力機器,電力機器 日本 株式市場 企業,連休明けの主役は？好業績期待銘柄6選 - SBI証券,https://news.google.com/rss/articles/CBMif0FVX3lxTE9yWTJYTkZDc3JfSDRQM3dCT2JoT0JBN2QyNk5XYUdHTFVGX3NiOXE3NGZGckZOOGh3TktoVGRVUFRGMGVKQVJ2Rm9sYktISk1JanVaUEt6QTZwcWNFak9wTlc3dzF6V053QWRfcFhFeFN0REwybzVIYnIzZ1hXM1U?oc=5,"Fri, 01 May 2026 07:00:00 GMT",SBI証券,전력인프라,https://news.google.com/rss/articles/CBMif0FVX3lxTE9yWTJYTkZDc3JfSDRQM3dCT2JoT0JBN2QyNk5XYUdHTFVGX3NiOXE3NGZGckZOOGh3TktoVGRVUFRGMGVKQVJ2Rm9sYktISk1JanVaUEt6QTZwcWNFak9wTlc3dzF6V053QWRfcFhFeFN0REwybzVIYnIzZ1hXM1U?oc=5,,False,본문 수집 제한 개수를 초과했습니다.,False,,2026-09-13 09:15:46
일본,변압기,変圧器 電力網,変圧器 電力網 日本 株式市場 企業,配電用変圧器の日本市場（～2031年）、市場規模（油入変圧器、乾式変圧器、低電力）・分析レポートを発表 - アットプレス,https://news.google.com/rss/articles/CBMiT0FVX3lxTE9NMFhOaUcwdm1fZnd6QzNJQ0hRb3Zza0FvMEgxWTJXbXFiYkxfRHZJUmhsQ1lSY1RpSlFKcGVCRzdYUEJzN21GN0h4QlRJaGM?oc=5,"Tue, 07 Apr 2026 07:00:00 GMT",アットプレス,전력인프라,https://news.google.com/rss/articles/CBMiT0FVX3lxTE9NMFhOaUcwdm1fZnd6QzNJQ0hRb3Zza0FvMEgxWTJXbXFiYkxfRHZJUmhsQ1lSY1RpSlFKcGVCRzdYUEJzN21GN0h4QlRJaGM?oc=5,,False,본문 수집 제한 개수를 초과했습니다.,False,,2026-09-13 09:15:46
일본,변압기,変圧器 電力網,変圧器 電力網 日本 株式市場 企業,油入変圧器の日本市場（～2031年）、市場規模（電力変圧器、配電変圧器、計器用変圧器）・分析レポートを発表 - Newscast.jp,https://news.google.com/rss/articles/CBMiR0FVX3lxTE1JMXpZMnRxSkNkcENTeUtFb0o5RmpxT2pjMk9aNFd1aXZkdWtRTTYxRnZDUjJ3MzNNWFVFLVJPUkVJWGtKejh3?oc=5,"Sun, 05 Apr 2026 07:00:00 GMT",Newscast.jp,전력인프라,https://news.google.com/rss/articles/CBMiR0FVX3lxTE1JMXpZMnRxSkNkcENTeUtFb0o5RmpxT2pjMk9aNFd1aXZkdWtRTTYxRnZDUjJ3MzNNWFVFLVJPUkVJWGtKejh3?oc=5,,False,본문 수집 제한 개수를 초과했습니다.,False,,2026-09-13 09:15:46
일본,변압기,変圧器 電力網,変圧器 電力網 日本 株式市場 企業,AI社会の死角を支える「隠れインフラ」市場──データセンターと電力網再構築がもたらす中長期の投資視点 - note,https://news.google.com/rss/articles/CBMiW0FVX3lxTE5iY0hKbXhRc1ZRakJNZl9tMnhCSDFhbEdnUndoamw3OGdPLVpEOWlCeXR1eFYxNnFnWmgxbElYTnVkSjJnTGdEVVhDWEliWmdKSnh5ZVdjUUlrWW8?oc=5,"Thu, 02 Apr 2026 07:00:00 GMT",note,전력인프라,https://news.google.com/rss/articles/CBMiW0FVX3lxTE5iY0hKbXhRc1ZRakJNZl9tMnhCSDFhbEdnUndoamw3OGdPLVpEOWlCeXR1eFYxNnFnWmgxbElYTnVkSjJnTGdEVVhDWEliWmdKSnh5ZVdjUUlrWW8?oc=5,,False,본문 수집 제한 개수를 초과했습니다.,False,,2026-09-13 09:15:46
중동,전력기기,power equipment Middle East,power equipment Middle East Middle East Gulf Saudi UAE Qatar oil LNG defense energy investment,"Weapons, AI and nuclear power: Trump's Middle East formula - calcalistech.com",https://news.google.com/rss/articles/CBMiZ0FVX3lxTFAyeWxHOVU1SUIwMDZsVlJSYVJ1SWF0b1ByS0xIdEpkLTRTa0NJS0ZCQU80cUlrOGl2emhrTWtiLWJNMDNlSkpEMlRHVXRxeC1nT1NjMmhEN05md21hVEY3Mk1vaUZoY2s?oc=5,"Mon, 27 Jul 2026 07:00:00 GMT",calcalistech.com,전력인프라,https://www.calcalistech.com/ctechnews/article/bajlcaz2p,www.calcalistech.com,True,,True,,2026-09-13 09:15:46
중동,AI 전력,AI data center power Middle East,AI data center power Middle East Middle East Gulf Saudi UAE Qatar oil LNG defense energy investment,South Korea's Post-Crisis Model Offers Lessons for Iran's Economic Resilience - Tehran Times,https://news.google.com/rss/articles/CBMiqgFBVV95cUxPRHN2MzMxenhkVnFvWDNiUFpYYnJmczhOMTVlZVBIMHlYcnRMSTdHWEJaX2NVMHRQdmJBb1ljTmtaS2VnTUV1cFNFNVAySV9rTFFDa1IwdUppM0tIZWFVQnMyQzBXYlY5UE9WZXl1UGFjWHNhc3ZhWGk2R3llVjNOTFMtWWRsSWxEdl9BaGtCTmJWdGhPMGhscWZfeGtSTFlHdEZXTWZRVVJtUQ?oc=5,"Sun, 26 Jul 2026 07:00:00 GMT",Tehran Times,전력인프라,https://www.tehrantimes.com/news/528590/South-Korea-s-Post-Crisis-Model-Offers-Lessons-for-Iran-s-Economic,www.tehrantimes.com,True,,True,,2026-09-13 09:15:46
중동,전력기기,power equipment Middle East,power equipment Middle East Middle East Gulf Saudi UAE Qatar oil LNG defense energy investment,India's energy security at a crossroads: The Hormuz crisis and an opportunity for US-India cooperation - Atlantic Council,https://news.google.com/rss/articles/CBMi5wFBVV95cUxQem9WQkJEVnBqWDZXZmJ5ZzJzT2hETzQ3SF9FbG1rUWc4SmdsOFRFS1NOaXh1TjdBeFZxTlBfT19kSXRFcWEtSWJHVG5YTExfdFo0dlQ2U09LRkVDUUNzRTdPTHJoSTk0N2wydVdhOVBwbjc4dk50Qmt5WXc2YUtfSTNPUFgtLXNkWDZUVGJjZzFZOGswa09HMkU4Nlh6ZXYyVGJzOWJXODFydTZVQ0drSGo4TGlkWE9BaVNoWVNTZUFTUGRFMURQSWF3OWZSWXJFYlA2Zjh5bk9pYS1oR010UjA0LUMya3c?oc=5,"Fri, 05 Jun 2026 07:00:00 GMT",Atlantic Council,전력인프라,https://www.atlanticcouncil.org/blogs/energysource/indias-energy-security-at-a-crossroads-the-hormuz-crisis-and-an-opportunity-for-us-india-cooperation/,www.atlanticcouncil.org,True,,True,,2026-09-13 09:15:46
중동,전력기기,power equipment Middle East,power equipment Middle East Middle East Gulf Saudi UAE Qatar oil LNG defense energy investment,Gulf Sovereign Wealth Funds and the Cost of Crisis Resilience - Middle East Council on Global Affairs,https://news.google.com/rss/articles/CBMinAFBVV95cUxQWEhrU05HeXREejFxYl9kUW9EdnpsRE1mWGdKSndBOU1wUXdGejF3XzFUdmRtMm9OV3FWOFJ4OFNucFFqamNCNzJ1Nk8zcnVSeVRuYm1STUpkZkpCMTVJWEMtSnB1UGNRREs0c2o3SGZWOVhjeVZxSF9ZLWdZakFjTE9WOGprcGh2M3ZqQWlmek1hNEhjQlgxT0RsS00?oc=5,"Tue, 26 May 2026 02:07:14 GMT",Middle East Council on Global Affairs,전력인프라,https://mecouncil.org/publication/gulf-sovereign-wealth-funds-and-the-cost-of-crisis-resilience/,mecouncil.org,True,,True,,2026-09-13 09:15:46
중동,AI 전력,AI data center power Middle East,AI data center power Middle East Middle East Gulf Saudi UAE Qatar oil LNG defense energy investment,Why the GCC is at an inflection point - EY,https://news.google.com/rss/articles/CBMinAFBVV95cUxNX0MyRU5nTUh4ZHRHZGZESktNcXZvSVF5WTdTRmJ6dV9BR1AwV19VeXJzMUZBc2RncGtya3V5TVAzZE80Rjhya2t6RG0tQ2Vmai1yekZERGNBSVRBdEYwYmJvNkF3ZFZlb1JpSi05clpXLVJLZFJHem1kVTJwYjJmNGdxVkd2eWVDczdTSVpHSzZpSndEUlJyYjhNd0g?oc=5,"Sun, 24 May 2026 21:21:49 GMT",EY,전력인프라,https://news.google.com/rss/articles/CBMinAFBVV95cUxNX0MyRU5nTUh4ZHRHZGZESktNcXZvSVF5WTdTRmJ6dV9BR1AwV19VeXJzMUZBc2RncGtya3V5TVAzZE80Rjhya2t6RG0tQ2Vmai1yekZERGNBSVRBdEYwYmJvNkF3ZFZlb1JpSi05clpXLVJLZFJHem1kVTJwYjJmNGdxVkd2eWVDczdTSVpHSzZpSndEUlJyYjhNd0g?oc=5,,False,본문 수집 제한 개수를 초과했습니다.,False,,2026-09-13 09:15:46
중동,AI 전력,AI data center power Middle East,AI data center power Middle East Middle East Gulf Saudi UAE Qatar oil LNG defense energy investment,The Impact of the Iran War on the Gulf’s Grand AI Plans - Middle East Institute,https://news.google.com/rss/articles/CBMiiwFBVV95cUxQbHJYdGtrUFhHUy1rNmcxNWdyZEJFbURuMDlKbXZrcC15d3MyRVhidVlPVVBCTWtWSlVJQjZuMno4RVRzay1lVTVKWDdmai12T0tCeHdIRkotam96LXdfWUpiWkNvY3pDam5WVThrRURYNHBiZjZ0Zldjc3hqZVFHRHFQQkVuT3ppV2E0?oc=5,"Fri, 22 May 2026 07:00:00 GMT",Middle East Institute,전력인프라,https://news.google.com/rss/articles/CBMiiwFBVV95cUxQbHJYdGtrUFhHUy1rNmcxNWdyZEJFbURuMDlKbXZrcC15d3MyRVhidVlPVVBCTWtWSlVJQjZuMno4RVRzay1lVTVKWDdmai12T0tCeHdIRkotam96LXdfWUpiWkNvY3pDam5WVThrRURYNHBiZjZ0Zldjc3hqZVFHRHFQQkVuT3ppV2E0?oc=5,,False,본문 수집 제한 개수를 초과했습니다.,False,,2026-09-13 09:15:46
중동,전력기기,power equipment Middle East,power equipment Middle East Middle East Gulf Saudi UAE Qatar oil LNG defense energy investment,Iran Conflict Hits Foundations of Gulf Economies - Stimson Center,https://news.google.com/rss/articles/CBMihAFBVV95cUxONXl4UGVOQWN4bEtObEF6aHQyUUVPeWZUMFVQejJDcTE3RGpSVFBqcjRXdEc0cVBVN2xDWUNhLURMVEdaQlBMTGNXOEtMQWQxc0htS3c0bDByMUtNZkRGM2hEQlo5eGpwRGRoRnlYZTZTdERFcjFXWDhaVmVIWGJzTzlxTG4?oc=5,"Tue, 12 May 2026 07:00:00 GMT",Stimson Center,전력인프라,https://news.google.com/rss/articles/CBMihAFBVV95cUxONXl4UGVOQWN4bEtObEF6aHQyUUVPeWZUMFVQejJDcTE3RGpSVFBqcjRXdEc0cVBVN2xDWUNhLURMVEdaQlBMTGNXOEtMQWQxc0htS3c0bDByMUtNZkRGM2hEQlo5eGpwRGRoRnlYZTZTdERFcjFXWDhaVmVIWGJzTzlxTG4?oc=5,,False,본문 수집 제한 개수를 초과했습니다.,False,,2026-09-13 09:15:46
중동,전력기기,power equipment Middle East,power equipment Middle East Middle East Gulf Saudi UAE Qatar oil LNG defense energy investment,Here’s a List of Gulf Energy Infrastructure Damaged in Iran War - EnergyNow.com,https://news.google.com/rss/articles/CBMimwFBVV95cUxNQlM1bDVLeU5NUC1WRGZEY3YzX2twOTJROEczM2QwX3YwbTNTQzh0aWhOS0V5RV96ZGx1TGJOYjE0UkZVUFVJYWIzNWtYQXJ0VmdSWWc2ZXBEcVlHWTZUM0dDcE5TS1JWWkJ6c0RuWHQxZEJDT0ZDd2hFbU9IY1lKVmhKQXlVQ09hd0R1XzRhRkZwajVpOTNsZWo2WQ?oc=5,"Mon, 06 Apr 2026 17:59:45 GMT",EnergyNow.com,전력인프라,https://news.google.com/rss/articles/CBMimwFBVV95cUxNQlM1bDVLeU5NUC1WRGZEY3YzX2twOTJROEczM2QwX3YwbTNTQzh0aWhOS0V5RV96ZGx1TGJOYjE0UkZVUFVJYWIzNWtYQXJ0VmdSWWc2ZXBEcVlHWTZUM0dDcE5TS1JWWkJ6c0RuWHQxZEJDT0ZDd2hFbU9IY1lKVmhKQXlVQ09hd0R1XzRhRkZwajVpOTNsZWo2WQ?oc=5,,False,본문 수집 제한 개수를 초과했습니다.,False,,2026-09-13 09:15:46
국내,반도체 부품,반도체 부품,반도체 부품,AI 데이터센터 투자 가속도...반도체·부품 매출 182% 급증 - v.daum.net,https://news.google.com/rss/articles/CBMiT0FVX3lxTE1CcnVjSEZDa29TZlNUQmppRUl3VlJ6UlMxcHhuYXlYSXB1LWpSTU0xT0lxZjJDSzdHZHdqd1RfdjFRRGhrRkpDa1NyUHhjdUE?oc=5,"Sat, 12 Sep 2026 23:51:51 GMT",v.daum.net,전자부품/PCB,https://v.daum.net/v/20260913085151552,v.daum.net,True,,True,,2026-09-13 09:16:39
국내,반도체 부품,반도체 부품,반도체 부품,"中 반도체 굴기, ‘칩’에서 ‘장비’로…이제는 공급망까지 넘본다 - v.daum.net",https://news.google.com/rss/articles/CBMiT0FVX3lxTE9xV2Nnd2h1ODFjN3VCcDg0cEk4WWNzQkV5OU5PU3J2R2tzODB5R1Q5cW1GSHdta3VmdlMzaUFnUHhkQl9UVDBDRGpJejBPaG8?oc=5,"Sat, 12 Sep 2026 21:01:00 GMT",v.daum.net,전자부품/PCB,https://v.daum.net/v/20260913060130806,v.daum.net,True,,True,,2026-09-13 09:16:39
국내,전자부품,전자부품,전자부품,"마우저, 온세미의 새로운 가넥서스 GaN FET 공급 - koreasprint.com",https://news.google.com/rss/articles/CBMibkFVX3lxTFBhellURjI1RUgxa3dLVWF5R2w2QzBUY1R5YjlqNUJVQm5XaHV4RU5TVC1Wa0hvb053dUtpNThoUXZHejJwc21kU1FxckNyeWw3OTBJN3REWWNGajR5TjFlTFlPY3hiQWlmZzRmOWln?oc=5,"Sat, 12 Sep 2026 13:29:00 GMT",koreasprint.com,전자부품/PCB,https://www.koreasprint.com/news/articleView.html?idxno=19103,www.koreasprint.com,True,,True,,2026-09-13 09:16:39
국내,전자부품,전자부품,전자부품,[중국증시 마감] 일제히 하락...AI 인프라·전자부품주는 '선방' - newspim.com,https://news.google.com/rss/articles/CBMiXEFVX3lxTE5LUGkxQ2VLdUJ6eHJReEllZ3Frd0RaN29JdUlOY0E3cW9LdTJMdzdiTFJiQlI3TGVPTUpPSzR2aDRSOHNGNHBSV0xOUUFRYldkbHBOemwtZEh2OEhS?oc=5,"Fri, 11 Sep 2026 07:19:00 GMT",newspim.com,전자부품/PCB,https://www.newspim.com/news/view/20260911000962,www.newspim.com,True,,True,,2026-09-13 09:16:39
국내,MLCC,MLCC,MLCC,"피엔티, AI 서버 MLCC ‘대규모 수요’ 몰려온다…장비 문의 급증·中 고객사까지 접촉 - 파이낸셜포스트",https://news.google.com/rss/articles/CBMidEFVX3lxTE1CUVRJcW1IQU54bUhUbTZtem9HUXpuTktCaTdqRm9NRy0tdjN4cXhXNnhlbWtHbGpFN1VScWpoZHNZWXFYa3FHUjVBLVJUTU1GVkptWlRsdFZmc2FHWWNUakgzNElka1B0NjluT3h5bWNYX3V5?oc=5,"Fri, 11 Sep 2026 06:57:27 GMT",파이낸셜포스트,전자부품/PCB,https://news.google.com/rss/articles/CBMidEFVX3lxTE1CUVRJcW1IQU54bUhUbTZtem9HUXpuTktCaTdqRm9NRy0tdjN4cXhXNnhlbWtHbGpFN1VScWpoZHNZWXFYa3FHUjVBLVJUTU1GVkptWlRsdFZmc2FHWWNUakgzNElka1B0NjluT3h5bWNYX3V5?oc=5,,False,본문 수집 제한 개수를 초과했습니다.,False,,2026-09-13 09:16:39
국내,기판,기판,기판,"[기자수첩] AI로 날개 단 패키지 기판, 존재감 없는 소재 - 디일렉",https://news.google.com/rss/articles/CBMiZkFVX3lxTE15SXFmSHZuS0ZRZVpQNF8yc0tNMkV0LURkelpYWnNrN2lHQkpyeEQ4Mm5INjhGVElKeFdQWVJVaE42Uzh6VGxfLTgxZHYxbUhET3hRb3ZyaFBkcV92WWk1UFdldkhYdw?oc=5,"Fri, 11 Sep 2026 06:36:51 GMT",디일렉,전자부품/PCB,https://news.google.com/rss/articles/CBMiZkFVX3lxTE15SXFmSHZuS0ZRZVpQNF8yc0tNMkV0LURkelpYWnNrN2lHQkpyeEQ4Mm5INjhGVElKeFdQWVJVaE42Uzh6VGxfLTgxZHYxbUhET3hRb3ZyaFBkcV92WWk1UFdldkhYdw?oc=5,,False,본문 수집 제한 개수를 초과했습니다.,False,,2026-09-13 09:16:39
국내,PCB,PCB,PCB,"[2026 하반기 혁신 IT 대상] 럭스로보, AI로 PCB 설계 자동화 - v.daum.net",https://news.google.com/rss/articles/CBMiS0FVX3lxTE1WNjFMbkoxckx0LWhPR2tvSEZDZlBKakR6aE44WFN3eVo1Rks4dnJyTmVJMDZMYzFIOWFEMkZVZkkyQTVPZlVKVVFRcw?oc=5,"Fri, 11 Sep 2026 04:46:00 GMT",v.daum.net,전자부품/PCB,https://news.google.com/rss/articles/CBMiS0FVX3lxTE1WNjFMbkoxckx0LWhPR2tvSEZDZlBKakR6aE44WFN3eVo1Rks4dnJyTmVJMDZMYzFIOWFEMkZVZkkyQTVPZlVKVVFRcw?oc=5,,False,본문 수집 제한 개수를 초과했습니다.,False,,2026-09-13 09:16:39
국내,MLCC,MLCC,MLCC,AI·전장용 MLCC 특수 본격화… 삼화콘덴서·코칩 주가 폭등랠리 - 핀포인트뉴스,https://news.google.com/rss/articles/CBMic0FVX3lxTE5QZzF0QVZ4OFhSNU5ISHI1dkJBWHdvX0hwNm5MZmwwMEk4Q2JmWTFiUlVIWlpnU0FmWDhjTTNvVGtLeWdxVWVBM2Q4R0tRMGI5NGtreHpRQVM4NmFfenNudEFBTkJtMXpJVk82bGF6U1pNM03SAXdBVV95cUxQYUtLTElabjRqUzBDOEtXZ3JzTFJ3X3BVc0NkRDZOa2w2MFRlUHhCUE8wd05XU3ViemZmZ2hqQnFUbEtKYkx3QU5LZ2hETzVFcWczY0FXUVNhMEx1a0NLanBJV29CNzdMU2x6b2NfZUtwRlNrUTEyRQ?oc=5,"Fri, 11 Sep 2026 04:16:07 GMT",핀포인트뉴스,전자부품/PCB,https://news.google.com/rss/articles/CBMic0FVX3lxTE5QZzF0QVZ4OFhSNU5ISHI1dkJBWHdvX0hwNm5MZmwwMEk4Q2JmWTFiUlVIWlpnU0FmWDhjTTNvVGtLeWdxVWVBM2Q4R0tRMGI5NGtreHpRQVM4NmFfenNudEFBTkJtMXpJVk82bGF6U1pNM03SAXdBVV95cUxQYUtLTElabjRqUzBDOEtXZ3JzTFJ3X3BVc0NkRDZOa2w2MFRlUHhCUE8wd05XU3ViemZmZ2hqQnFUbEtKYkx3QU5LZ2hETzVFcWczY0FXUVNhMEx1a0NLanBJV29CNzdMU2x6b2NfZUtwRlNrUTEyRQ?oc=5,,False,본문 수집 제한 개수를 초과했습니다.,False,,2026-09-13 09:16:39
국내,MLCC,MLCC,MLCC,'MLCC 공급부족 심화' 관련주 강세…아모텍 상한가[핫종목] - 뉴스1,https://news.google.com/rss/articles/CBMiX0FVX3lxTFBpR0g1ZWxVakpUTE9jV3lyMWVKMXlIY3NmWTFoeEdndVdaYkxJS1RCMjBiNkVQaUdWXzFsa0dFNnNHd3I1TWp1dm9HZjdRYmJEQ0Zrdl9OemJxR0tTOTNv0gFkQVVfeXFMTVRHb0tMTTVxTHdyRVJZdHVyU2FWLV9aaXJPX0tpNGRWM1B2N3VYS184NVdTZ0lSVUJrcGZBVV9mM25POEEwcmRhTTNtT29CV3NYbEJwbi1mYmhVNklFNzVtRzZJLQ?oc=5,"Fri, 11 Sep 2026 01:21:12 GMT",뉴스1,전자부품/PCB,https://news.google.com/rss/articles/CBMiX0FVX3lxTFBpR0g1ZWxVakpUTE9jV3lyMWVKMXlIY3NmWTFoeEdndVdaYkxJS1RCMjBiNkVQaUdWXzFsa0dFNnNHd3I1TWp1dm9HZjdRYmJEQ0Zrdl9OemJxR0tTOTNv0gFkQVVfeXFMTVRHb0tMTTVxTHdyRVJZdHVyU2FWLV9aaXJPX0tpNGRWM1B2N3VYS184NVdTZ0lSVUJrcGZBVV9mM25POEEwcmRhTTNtT29CV3NYbEJwbi1mYmhVNklFNzVtRzZJLQ?oc=5,,False,본문 수집 제한 개수를 초과했습니다.,False,,2026-09-13 09:16:39
국내,MLCC,MLCC,MLCC,"[특징주] 아모텍, MLCC 공급난 부각에 상한가…관련주 일제히 강세 - newspim.com",https://news.google.com/rss/articles/CBMiXEFVX3lxTE00MzI5a21MU0h2VHVISnExUHU2MXRRUWdYZUNvZy0zaEM3cTNUMHktV1dtdGdDN3pyT2ZpUDB2TjNHWnpVbDFkX3g5Y2VPT0Q2M0hnUkVoYUR5NkVE?oc=5,"Fri, 11 Sep 2026 00:32:00 GMT",newspim.com,전자부품/PCB,https://news.google.com/rss/articles/CBMiXEFVX3lxTE00MzI5a21MU0h2VHVISnExUHU2MXRRUWdYZUNvZy0zaEM3cTNUMHktV1dtdGdDN3pyT2ZpUDB2TjNHWnpVbDFkX3g5Y2VPT0Q2M0hnUkVoYUR5NkVE?oc=5,,False,본문 수집 제한 개수를 초과했습니다.,False,,2026-09-13 09:16:39
국내,PCB,PCB,PCB,"[KPCA SHOW 2026] 메모리 PCB 강자 티엘비, 쏘캠 모듈 비중 확 높인다 - 녹색경제신문",https://news.google.com/rss/articles/CBMiZ0FVX3lxTFBnWGUteGQ2UVkwckx0TmpLeDVqVjdGdWc5dFhabV9hOGxFMHFTN2YwNVl3dGNHbnVUYWN2TU5WS3F2N0tfTnBlRHRIalRLSHR1YkgxZnNJUFVDQkVOSXpDa0ZkWFJVMWc?oc=5,"Thu, 10 Sep 2026 21:00:00 GMT",녹색경제신문,전자부품/PCB,https://news.google.com/rss/articles/CBMiZ0FVX3lxTFBnWGUteGQ2UVkwckx0TmpLeDVqVjdGdWc5dFhabV9hOGxFMHFTN2YwNVl3dGNHbnVUYWN2TU5WS3F2N0tfTnBlRHRIalRLSHR1YkgxZnNJUFVDQkVOSXpDa0ZkWFJVMWc?oc=5,,False,본문 수집 제한 개수를 초과했습니다.,False,,2026-09-13 09:16:39
국내,기판,기판,기판,"여의시스템, KPCA 쇼서 유리기판용 검사장비 국내 시장에 첫 공개 - 전자신문",https://news.google.com/rss/articles/CBMiTkFVX3lxTFBpSEMzV1I0UE5MbXJHdzFVV19sd0kzNFk5elF6Qk9iVDRRY2JLaHJnMHd0UE5menVYd1AtdWVwanVYVktKa0VLbGtSbTZIQQ?oc=5,"Thu, 10 Sep 2026 13:15:16 GMT",전자신문,전자부품/PCB,https://news.google.com/rss/articles/CBMiTkFVX3lxTFBpSEMzV1I0UE5MbXJHdzFVV19sd0kzNFk5elF6Qk9iVDRRY2JLaHJnMHd0UE5menVYd1AtdWVwanVYVktKa0VLbGtSbTZIQQ?oc=5,,False,본문 수집 제한 개수를 초과했습니다.,False,,2026-09-13 09:16:39
국내,전자부품,전자부품,전자부품,[급등수사본부] 글로벌 빅테크와 액추에이터 수주 협의 진행 'LG전자' vs 개별소자 반도체·광센서 등 전자부품 제조업체 '광전자' - v.daum.net,https://news.google.com/rss/articles/CBMiT0FVX3lxTE4tMnJjNmI2azJGTmpPbGRDTC1jM3ZZclN4b1RnY0NOc1gzc0NGNFZGcDJBbUFWVGJKTXBfTFN3d1BjbFpGQnd3UWVoakFPT00?oc=5,"Thu, 10 Sep 2026 10:04:00 GMT",v.daum.net,전자부품/PCB,https://news.google.com/rss/articles/CBMiT0FVX3lxTE4tMnJjNmI2azJGTmpPbGRDTC1jM3ZZclN4b1RnY0NOc1gzc0NGNFZGcDJBbUFWVGJKTXBfTFN3d1BjbFpGQnd3UWVoakFPT00?oc=5,,False,본문 수집 제한 개수를 초과했습니다.,False,,2026-09-13 09:16:39
국내,MLCC,MLCC,MLCC,[단독] ESS 비상…그 뒤엔 '원가 1%' MLCC 품귀 - 한국경제,https://news.google.com/rss/articles/CBMiWkFVX3lxTE9EQk1IRDYycC1ZME1GbEpGLVAzN2h5dXZRN0FraHFmd1dRajN1d2ZRWGVKOXdBTzVRUFlPY0RGR3cxeFVUMWU1NzF3cHhkSmx3VFF3SjJnOTUzUQ?oc=5,"Thu, 10 Sep 2026 09:01:19 GMT",한국경제,전자부품/PCB,https://news.google.com/rss/articles/CBMiWkFVX3lxTE9EQk1IRDYycC1ZME1GbEpGLVAzN2h5dXZRN0FraHFmd1dRajN1d2ZRWGVKOXdBTzVRUFlPY0RGR3cxeFVUMWU1NzF3cHhkSmx3VFF3SjJnOTUzUQ?oc=5,,False,본문 수집 제한 개수를 초과했습니다.,False,,2026-09-13 09:16:39
국내,기판,기판,기판,"AI 반도체 따라 기판도 재설계…삼성전기, MLC 복합화 방향 제시 - ddaily.co.kr",https://news.google.com/rss/articles/CBMiZEFVX3lxTE16N2JGWTZFS0ExLWc5aFFad2VTZnRQWWJ3X0R4NHBmY0dEZFh6dVA4WmtqcFJUbVgzT3ZLNjN0dC1pVEdWR0dKSVAzSXI1Z0VFbVZUdkhzMkdCR2lXWTgzbTJxSXY?oc=5,"Thu, 10 Sep 2026 08:05:17 GMT",ddaily.co.kr,전자부품/PCB,https://news.google.com/rss/articles/CBMiZEFVX3lxTE16N2JGWTZFS0ExLWc5aFFad2VTZnRQWWJ3X0R4NHBmY0dEZFh6dVA4WmtqcFJUbVgzT3ZLNjN0dC1pVEdWR0dKSVAzSXI1Z0VFbVZUdkhzMkdCR2lXWTgzbTJxSXY?oc=5,,False,본문 수집 제한 개수를 초과했습니다.,False,,2026-09-13 09:16:39
국내,반도체 부품,반도체 부품,반도체 부품,"알파칩스 관계사 포스텍, 차세대 AI 반도체 핵심 'CPO' 부품 양산 본격화 - 파이낸스스코프",https://news.google.com/rss/articles/CBMiakFVX3lxTFBCTlZFUGJsenZxc00tdG1FY2hpWlFRcVpMc1JCRW1DbmJOS3JPVGtoYkM0bWZZNjBYbTNMUkdjSmg4MWp1R0VZUzdGdGxKUFBoLURfU2xoY0VMT3hhX0lkZzdjRUhrRVRMbUE?oc=5,"Thu, 10 Sep 2026 06:04:00 GMT",파이낸스스코프,전자부품/PCB,https://news.google.com/rss/articles/CBMiakFVX3lxTFBCTlZFUGJsenZxc00tdG1FY2hpWlFRcVpMc1JCRW1DbmJOS3JPVGtoYkM0bWZZNjBYbTNMUkdjSmg4MWp1R0VZUzdGdGxKUFBoLURfU2xoY0VMT3hhX0lkZzdjRUhrRVRMbUE?oc=5,,False,본문 수집 제한 개수를 초과했습니다.,False,,2026-09-13 09:16:39
국내,반도체 부품,반도체 부품,반도체 부품,"알파칩스 ""관계사 포스텍, 광반도체 부품 사업화 속도"" - 뉴시스",https://news.google.com/rss/articles/CBMiYEFVX3lxTE5ZcTA1RzlsdHpCS2IzalNUSUItTml3ekhzSzROVUFBSUdNa1hUZkhSc2dvQUtMT2JkVUR6enlEek1MM3pndEhCcnJWajFDMVBqTC1VbjFYb1U5MXo4c2JRS9IBeEFVX3lxTE5ZVlFTejRuUE00Z2dDS1F6SXNRZVpEZExYb2pLWHJSOE1leXZMYVItX0hQN3N5TnMtQ2lFX3hfcXY2Nnhoa2R5dnZDWlNXQlR3dHBQNWxSNVJhUklmRjl2Z21ZbGVDWjBtOWFkUlJ5ZnJOMlVvbmdDeQ?oc=5,"Thu, 10 Sep 2026 04:55:34 GMT",뉴시스,전자부품/PCB,https://news.google.com/rss/articles/CBMiYEFVX3lxTE5ZcTA1RzlsdHpCS2IzalNUSUItTml3ekhzSzROVUFBSUdNa1hUZkhSc2dvQUtMT2JkVUR6enlEek1MM3pndEhCcnJWajFDMVBqTC1VbjFYb1U5MXo4c2JRS9IBeEFVX3lxTE5ZVlFTejRuUE00Z2dDS1F6SXNRZVpEZExYb2pLWHJSOE1leXZMYVItX0hQN3N5TnMtQ2lFX3hfcXY2Nnhoa2R5dnZDWlNXQlR3dHBQNWxSNVJhUklmRjl2Z21ZbGVDWjBtOWFkUlJ5ZnJOMlVvbmdDeQ?oc=5,,False,본문 수집 제한 개수를 초과했습니다.,False,,2026-09-13 09:16:39
국내,PCB,PCB,PCB,"티엘비, SOCAMM·CXL 등 차세대 PCB 공개 - 디일렉",https://news.google.com/rss/articles/CBMiZkFVX3lxTE40WTFBNjBNMEgyMVZEUDRSQkNqMHhqNTNQa01IdTJwNTg4TmlmQkZ5akhFa3loZXZHbzR0bHljUUhXVzJzb3pOOTc2aVVMSUNERldDcjQ0ckJxaVJ5aUNjQWhCazBlZw?oc=5,"Thu, 10 Sep 2026 04:49:22 GMT",디일렉,전자부품/PCB,https://news.google.com/rss/articles/CBMiZkFVX3lxTE40WTFBNjBNMEgyMVZEUDRSQkNqMHhqNTNQa01IdTJwNTg4TmlmQkZ5akhFa3loZXZHbzR0bHljUUhXVzJzb3pOOTc2aVVMSUNERldDcjQ0ckJxaVJ5aUNjQWhCazBlZw?oc=5,,False,본문 수집 제한 개수를 초과했습니다.,False,,2026-09-13 09:16:39
국내,기판,기판,기판,"와이엠티, TGV 유리기판 실물 샘플 2종 공개...반도체 패키징 시장 공략 - 매일일보",https://news.google.com/rss/articles/CBMiZEFVX3lxTE44NU9Lcm5JeUZ1QmdEOVNuWndHQmVCWW9JaGIwdUE1cVJVc1J2bnFKSVlZSDJzTXFlcFJGdGJpZUwwb1BVQ3dULWhUcGJTSmt1OEk1NktpbFVuVWJPUUo1b3o1eTLSAWhBVV95cUxQdGNwRzJ3STlhTGhyekVRSjg4WEFwZThocmFJSFZ4X1RyMXJMTklFQS1WZ0N4MHZmQXpYQ2ZvZkpIS0tRdnB0LTlCRFRZWEpES0Y4VlpkWHFEdEI4WjdFbUMyb09zMFpTRw?oc=5,"Thu, 10 Sep 2026 02:25:26 GMT",매일일보,전자부품/PCB,https://news.google.com/rss/articles/CBMiZEFVX3lxTE44NU9Lcm5JeUZ1QmdEOVNuWndHQmVCWW9JaGIwdUE1cVJVc1J2bnFKSVlZSDJzTXFlcFJGdGJpZUwwb1BVQ3dULWhUcGJTSmt1OEk1NktpbFVuVWJPUUo1b3o1eTLSAWhBVV95cUxQdGNwRzJ3STlhTGhyekVRSjg4WEFwZThocmFJSFZ4X1RyMXJMTklFQS1WZ0N4MHZmQXpYQ2ZvZkpIS0tRdnB0LTlCRFRZWEpES0Y4VlpkWHFEdEI4WjdFbUMyb09zMFpTRw?oc=5,,False,본문 수집 제한 개수를 초과했습니다.,False,,2026-09-13 09:16:39
국내,기판,기판,기판,"[더벨]김종학 태성 대표, KPCA Show 2026 3관왕 ""유리기판 기술 인정"" - 머니투데이 - 머니투데이",https://news.google.com/rss/articles/CBMiaEFVX3lxTE9yYUpISDhzLXVXTU9JbWtudFJkaW1lM09ybElqajl0MWFTeVpQLTI4cDRIb0VyRjNTWUtQdlBrWndUcC1ic19ZN3RSU1FjV2I1R1B1dGhOS1hnSVVkaW1PTTBpaWFOUmdq0gFuQVVfeXFMTXFvaHhobTdHeEFOMF9RY0pSbVhHQTFoaks4dUZBckNrcUZJM2Fmd3NDeEF0MU9jUVZrLVBYYU1OVnFXLVgyQ0lfZ0dtUWNQSE1xS3o2dzFRbnowYjVodkdXaEZ1QXU1YWhJdlI5cGc?oc=5,"Thu, 10 Sep 2026 01:37:15 GMT",머니투데이,전자부품/PCB,https://news.google.com/rss/articles/CBMiaEFVX3lxTE9yYUpISDhzLXVXTU9JbWtudFJkaW1lM09ybElqajl0MWFTeVpQLTI4cDRIb0VyRjNTWUtQdlBrWndUcC1ic19ZN3RSU1FjV2I1R1B1dGhOS1hnSVVkaW1PTTBpaWFOUmdq0gFuQVVfeXFMTXFvaHhobTdHeEFOMF9RY0pSbVhHQTFoaks4dUZBckNrcUZJM2Fmd3NDeEF0MU9jUVZrLVBYYU1OVnFXLVgyQ0lfZ0dtUWNQSE1xS3o2dzFRbnowYjVodkdXaEZ1QXU1YWhJdlI5cGc?oc=5,,False,본문 수집 제한 개수를 초과했습니다.,False,,2026-09-13 09:16:39
국내,PCB,PCB,PCB,AI가 바꾸는 PCB·첨단 패키징 산업... 15개국 355개사 집결한 ‘KPCAShow 2026’ 인천 송도서 개막 - 에이빙,https://news.google.com/rss/articles/CBMia0FVX3lxTE9DdWkxejI4VGdXaWlzMWl4eW80WUlZd0tnU1ZLY3pQZkotY2RZYURycUpEcmdONHZOY0k0X0dQMzlxNmMzcGlXLVpzSEZxTUc1UGttVHhmald6NE9meXdZdDlWb01JZjhyQjZZ0gFrQVVfeXFMT0N1aTF6MjhUZ1dpaXMxaXh5bzRZSVl3S2dTVktjelBmSi1jZFlhRHJxSkRyZ040dk5jSTRfR1AzOXE2YzNwaVctWnNIRnFNRzVQa21UeGZqV3o0T2Z5d1l0OVZvTUlmOHJCNlk?oc=5,"Wed, 09 Sep 2026 18:24:57 GMT",에이빙,전자부품/PCB,https://news.google.com/rss/articles/CBMia0FVX3lxTE9DdWkxejI4VGdXaWlzMWl4eW80WUlZd0tnU1ZLY3pQZkotY2RZYURycUpEcmdONHZOY0k0X0dQMzlxNmMzcGlXLVpzSEZxTUc1UGttVHhmald6NE9meXdZdDlWb01JZjhyQjZZ0gFrQVVfeXFMT0N1aTF6MjhUZ1dpaXMxaXh5bzRZSVl3S2dTVktjelBmSi1jZFlhRHJxSkRyZ040dk5jSTRfR1AzOXE2YzNwaVctWnNIRnFNRzVQa21UeGZqV3o0T2Z5d1l0OVZvTUlmOHJCNlk?oc=5,,False,본문 수집 제한 개수를 초과했습니다.,False,,2026-09-13 09:16:39
국내,PCB,PCB,PCB,[포토] 다양한 PCB 기판들 - 전자신문,https://news.google.com/rss/articles/CBMiTkFVX3lxTE93Q3g1Z2dzbnFiOThpemY3c0ZpNGZfVlZESHh1eU1EakdyZnJHUzVDemVUeVNDYUlMMFZGeXRiN1VUdHFVblJJTXdSdGdJUQ?oc=5,"Wed, 09 Sep 2026 06:53:42 GMT",전자신문,전자부품/PCB,https://news.google.com/rss/articles/CBMiTkFVX3lxTE93Q3g1Z2dzbnFiOThpemY3c0ZpNGZfVlZESHh1eU1EakdyZnJHUzVDemVUeVNDYUlMMFZGeXRiN1VUdHFVblJJTXdSdGdJUQ?oc=5,,False,본문 수집 제한 개수를 초과했습니다.,False,,2026-09-13 09:16:39
국내,반도체 부품,반도체 부품,반도체 부품,반도체 호황에… 소부장 기업들도 노조 만들고 잇단 파업 - 조선일보,https://news.google.com/rss/articles/CBMiggFBVV95cUxOclZIN3ptYU1kbENfUGkwNDVrczVFeUVvSUlMeEs4Q2xrYnRveWF6XzhUcjl6YjdfOHJiWlctVWxZc3BpcFA2Z3dvMzNoS1FMVWlpTWw4TTY5cTQxZWpzbUctbFhnNl9xeXBFazFLelgzUFlaWks3d1VUandvbXMwZUpB?oc=5,"Tue, 08 Sep 2026 15:50:32 GMT",조선일보,전자부품/PCB,https://news.google.com/rss/articles/CBMiggFBVV95cUxOclZIN3ptYU1kbENfUGkwNDVrczVFeUVvSUlMeEs4Q2xrYnRveWF6XzhUcjl6YjdfOHJiWlctVWxZc3BpcFA2Z3dvMzNoS1FMVWlpTWw4TTY5cTQxZWpzbUctbFhnNl9xeXBFazFLelgzUFlaWks3d1VUandvbXMwZUpB?oc=5,,False,본문 수집 제한 개수를 초과했습니다.,False,,2026-09-13 09:16:39
국내,전자부품,전자부품,전자부품,[무역/전자] 베트남 전자·부품 8개월 적자 605억 달러…휴대전화는 380억 달러 흑자 - 굿모닝베트남미디어,https://news.google.com/rss/articles/CBMicEFVX3lxTE5sQUU1QmFUT3RacG1mUm9IYmptWTlBRzNpdmhRRkU5cC10b2Q0Qi1kZEZ1YU5sbVlZUFAxOEduLTNFNl9SdldsTU1iWmhBdnVQX0c3T3NCYzZzY2diX2pLNTVDMDdvYVJ5dDYwQUJuTE8?oc=5,"Tue, 08 Sep 2026 10:20:28 GMT",굿모닝베트남미디어,전자부품/PCB,https://news.google.com/rss/articles/CBMicEFVX3lxTE5sQUU1QmFUT3RacG1mUm9IYmptWTlBRzNpdmhRRkU5cC10b2Q0Qi1kZEZ1YU5sbVlZUFAxOEduLTNFNl9SdldsTU1iWmhBdnVQX0c3T3NCYzZzY2diX2pLNTVDMDdvYVJ5dDYwQUJuTE8?oc=5,,False,본문 수집 제한 개수를 초과했습니다.,False,,2026-09-13 09:16:39
국내,전자부품,전자부품,전자부품,2014 홍콩추계전자박람회 & 전자부품박람회 개최 - 보안뉴스,https://news.google.com/rss/articles/CBMiaEFVX3lxTFAyUTdqNXY1eVlKUmRqTDR4UTdFcGwwczNHU2MzVGVLRS1HeTNGLW5ZRklQSGZ6VE1MYjRQR2I4UDQ1eGp5b3dVbUdoZ2UxdlZyQnJzcEFlQmxKQ1d3bWVYR0hPeG5vZW1Y?oc=5,"Tue, 08 Sep 2026 07:01:07 GMT",보안뉴스,전자부품/PCB,https://news.google.com/rss/articles/CBMiaEFVX3lxTFAyUTdqNXY1eVlKUmRqTDR4UTdFcGwwczNHU2MzVGVLRS1HeTNGLW5ZRklQSGZ6VE1MYjRQR2I4UDQ1eGp5b3dVbUdoZ2UxdlZyQnJzcEFlQmxKQ1d3bWVYR0hPeG5vZW1Y?oc=5,,False,본문 수집 제한 개수를 초과했습니다.,False,,2026-09-13 09:16:39
미국,MLCC,MLCC,MLCC stock market earnings investment,South Korea's Amotech Hits Daily Price Limit Despite Target Cut as MLCC AI Pivot Fuels Rally - finance.biggo.com,https://news.google.com/rss/articles/CBMidkFVX3lxTE1mbHB6cUI5cEFzUzRDSkptOUZVLTRFTk1rR2Jwekw1Ujl4YzBpcDcwYW1HN0VsSTFlME1zWW5oUmo4RmxFSkQ3ZHh2V3I4Uk1PTzFlZ2kyeGUzZkN1cDJpdkw2M3pHZk1fazlrLW5iMHl1UmZNYXc?oc=5,"Fri, 11 Sep 2026 02:05:00 GMT",finance.biggo.com,전자부품/PCB,https://finance.biggo.com/news/640dd88e-6d8f-47d9-8387-8aa7a93f1559,finance.biggo.com,True,,True,,2026-09-13 09:16:39
미국,PCB,PCB,PCB stock market earnings investment,Electronics Manufacturing Stock Up 111% in 1 Year: Why It Rose - Univest,https://news.google.com/rss/articles/CBMijAFBVV95cUxNM1NxUHc3RW1PYmV2V1pMaFF2VGxSbGtud1VZbTg5Y2FPX3Q3ZHN1TnJ0R0tpRE5sYlZIWFFDcklwbWtBU1JtV2N0M3VXUEJDN0xIZ19pRXFWMC0tcE1raTFMcWZxWHE0RE5Iby1mXy13ZnRlQm1jSXFEUnl1TkFkVFdmbkJ5REdOandTcg?oc=5,"Thu, 10 Sep 2026 18:34:12 GMT",Univest,전자부품/PCB,https://univest.in/blogs/electronics-manufacturing-stock-rises-111-percent-in-1-year,univest.in,True,,True,,2026-09-13 09:16:39
미국,PCB,PCB,PCB stock market earnings investment,Connor Clark & Lunn Investment Management Ltd. Invests $2.63 Million in PCB Bancorp $PCB - MarketBeat,https://news.google.com/rss/articles/CBMi2wFBVV95cUxNdEt0MHlrc05hR1h6VndybzRhSm9NRGdxanpleUR3em9lVE1TMXhPYWYzaFMyN2hnczVONVlnWXRwR1lUdFpvVnlSd0ZHVzZWSUZnS1V2ZkR0Nmg0cDBjaDhMVVFTY0NvZWFmSHQwMGotY0xZTkhzQWdfMFhZckw1UEpNZUpncDBRSnpocUI1UDlneTdRemZacHZYaE9ENkJqSVlwazRROFhsekRDa25oRWJ3U3BLa1BtTzZvNzJabmVlNG85ZmpySzg4c2dreG5yUE5FSmk5QW5VTFE?oc=5,"Sat, 29 Aug 2026 07:00:00 GMT",MarketBeat,전자부품/PCB,https://www.marketbeat.com/instant-alerts/filing-connor-clark-lunn-investment-management-ltd-invests-263-million-in-pcb-bancorp-pcb-2026-08-29/,www.marketbeat.com,True,,True,,2026-09-13 09:16:39
미국,MLCC,MLCC,MLCC stock market earnings investment,"[Click eStock] ""GIS Rides the MLCC Supercycle... Order Backlog Expected to Surpass KRW 100 Billion"" - 아시아경제",https://news.google.com/rss/articles/CBMiZEFVX3lxTE1tZnR3LUIxMlVQQU5GZEgyYkVYdDNrcTk0bmZNUmI1a2UxTGlYSzBFLXk1ZHA5YzZGaF9FN2RJb2s3VDZZQXhjMnBpZktWXzc0VWlFMjNrRDhFR3lSZElSUmdhWXM?oc=5,"Thu, 27 Aug 2026 07:00:00 GMT",아시아경제,전자부품/PCB,https://news.google.com/rss/articles/CBMiZEFVX3lxTE1tZnR3LUIxMlVQQU5GZEgyYkVYdDNrcTk0bmZNUmI1a2UxTGlYSzBFLXk1ZHA5YzZGaF9FN2RJb2s3VDZZQXhjMnBpZktWXzc0VWlFMjNrRDhFR3lSZElSUmdhWXM?oc=5,,False,"HTTPSConnectionPool(host='www.asiae.co.kr', port=443): Max retries exceeded with url: /en/article/2026082709332220664 (Caused by ConnectTimeoutError(<HTTPSConnection(host='www.asiae.co.kr', port=443) at 0x7f92066cbf20>, 'Connection to www.asiae.co.kr timed out. (connect timeout=10)'))",True,,2026-09-13 09:16:39
미국,PCB,PCB,PCB stock market earnings investment,TTM Technologies: AI Has Turned This Boring PCB Maker Into A Growth Monster (NASDAQ:TTMI) - Seeking Alpha,https://news.google.com/rss/articles/CBMirgFBVV95cUxObTVyTFFiMlMySi1WeFZhZDM0OWwxa3RUdWFPU0hLaXdaYlB2OWZfaHRrOC1OTUFzVnBhQ1FkM0s5WEVXbjJzNUxaazR2eUlsVXRtRWxBV2VoTm5QVFhHUmpVR0ctdmVHUVpvZkY2eWtPQk93bVhwdHdXMUthTGZmaWV2RkFGS2lJd1RPRDZPSWRpTktEbFdmUFVFbzcybVJiaGFCYXJTd1E4Q0djRVE?oc=5,"Sun, 16 Aug 2026 07:00:00 GMT",Seeking Alpha,전자부품/PCB,https://news.google.com/rss/articles/CBMirgFBVV95cUxObTVyTFFiMlMySi1WeFZhZDM0OWwxa3RUdWFPU0hLaXdaYlB2OWZfaHRrOC1OTUFzVnBhQ1FkM0s5WEVXbjJzNUxaazR2eUlsVXRtRWxBV2VoTm5QVFhHUmpVR0ctdmVHUVpvZkY2eWtPQk93bVhwdHdXMUthTGZmaWV2RkFGS2lJd1RPRDZPSWRpTktEbFdmUFVFbzcybVJiaGFCYXJTd1E4Q0djRVE?oc=5,,False,본문 수집 제한 개수를 초과했습니다.,False,,2026-09-13 09:16:39
미국,PCB,PCB,PCB stock market earnings investment,"Taiwan Stock Market V-Shaped Rebound: Investment Strategy Unveiled as Chen Chung-Ming Reveals 1,000-Share Stake in This ETF - finance.biggo.com",https://news.google.com/rss/articles/CBMidkFVX3lxTE9FeVZocHhYZ3MtQWplT2s1N19SdnFnWGpKUlJkandOMU5zQjZWQWtQdkN4eE9oSWJQMmxXNVRyOGRDdm5ja2VSd1JPcEhBZFFjY3JLU2tCUWF6Nm43VE5kdGRLZS0tM3N2b2hnTU1FbndyUlRhVFE?oc=5,"Mon, 10 Aug 2026 07:00:00 GMT",finance.biggo.com,전자부품/PCB,https://news.google.com/rss/articles/CBMidkFVX3lxTE9FeVZocHhYZ3MtQWplT2s1N19SdnFnWGpKUlJkandOMU5zQjZWQWtQdkN4eE9oSWJQMmxXNVRyOGRDdm5ja2VSd1JPcEhBZFFjY3JLU2tCUWF6Nm43VE5kdGRLZS0tM3N2b2hnTU1FbndyUlRhVFE?oc=5,,False,본문 수집 제한 개수를 초과했습니다.,False,,2026-09-13 09:16:39
미국,PCB,PCB,PCB stock market earnings investment,Can Strong AI PCB Demand Driver Further Upside in TTMI's Revenues? - TradingView,https://news.google.com/rss/articles/CBMivgFBVV95cUxPUDBtZlZ6bDdINUxRNWFqbnhCODdIVjItNDk2ZU1QX2pIZFBwdWpNUkFtZ3Iya2x0S3Z0ZGczM2hXMWx6SGQweHZtWGgyc21YMy1JNVRaXzhucWdaZjg3M2RiLVg5N2VEQUxjUVFwUUcwS20xN01VVS1yTkE3alNHT050eFV5TjZiVEJ0cW5pZjdBSGdxdUVtSEZIaWxHUjgyTHUtSi1BS2p4SnJpZzBUblByYm5QRXhaSzZ2VG5R?oc=5,"Thu, 09 Jul 2026 07:00:00 GMT",TradingView,전자부품/PCB,https://news.google.com/rss/articles/CBMivgFBVV95cUxPUDBtZlZ6bDdINUxRNWFqbnhCODdIVjItNDk2ZU1QX2pIZFBwdWpNUkFtZ3Iya2x0S3Z0ZGczM2hXMWx6SGQweHZtWGgyc21YMy1JNVRaXzhucWdaZjg3M2RiLVg5N2VEQUxjUVFwUUcwS20xN01VVS1yTkE3alNHT050eFV5TjZiVEJ0cW5pZjdBSGdxdUVtSEZIaWxHUjgyTHUtSi1BS2p4SnJpZzBUblByYm5QRXhaSzZ2VG5R?oc=5,,False,본문 수집 제한 개수를 초과했습니다.,False,,2026-09-13 09:16:39
미국,MLCC,MLCC,MLCC stock market earnings investment,An overlooked AI bottleneck: Could MLCC-related stocks see a repeat of the 'memory market' rally? Which companies deserve attention? - Moomoo,https://news.google.com/rss/articles/CBMiuwFBVV95cUxOZ3RFRkpUSHgtMUFidHdDSnZsbTF0QkdpWmIybVR2WUl4WlA3ZHpHcW04ZGdQNTBhTHJiSDh0SXNHYTdZcEpyRFYzSWM1S1VtSXFXUjc3WlhYLThfVlNyR2lHMjdSaXBXdHByOXVvU0tqcEhtMWI5MUdoTmFFNng5cHIxVWlfMTA1M2lSa3U5ZlJhemI3WTNJaU1DVFgtTkFocmpxMmZ6SUo5Zzhqem5MRkRXRjhnQm9CYW9N?oc=5,"Mon, 29 Jun 2026 07:00:00 GMT",Moomoo,전자부품/PCB,https://news.google.com/rss/articles/CBMiuwFBVV95cUxOZ3RFRkpUSHgtMUFidHdDSnZsbTF0QkdpWmIybVR2WUl4WlA3ZHpHcW04ZGdQNTBhTHJiSDh0SXNHYTdZcEpyRFYzSWM1S1VtSXFXUjc3WlhYLThfVlNyR2lHMjdSaXBXdHByOXVvU0tqcEhtMWI5MUdoTmFFNng5cHIxVWlfMTA1M2lSa3U5ZlJhemI3WTNJaU1DVFgtTkFocmpxMmZ6SUo5Zzhqem5MRkRXRjhnQm9CYW9N?oc=5,,False,본문 수집 제한 개수를 초과했습니다.,False,,2026-09-13 09:16:39
미국,MLCC,MLCC,MLCC stock market earnings investment,"Profits barely up, MLCC leader Murata's stock price doubles in a year: the market is pricing in 'next year' - Binance",https://news.google.com/rss/articles/CBMiZEFVX3lxTFB3V3RLTTRTOTFicXlfYVlrU3NuV1Jndjl3cVdtS1lkSWxSNU1rZmhNTFI4YjRHeHBCOGZRMHl5bzBhWS1tTlRGNHEyTkxHQUJNWUZqMWNQTEhId0ZvNmFWUzBGRm4?oc=5,"Sun, 31 May 2026 07:00:00 GMT",Binance,전자부품/PCB,https://news.google.com/rss/articles/CBMiZEFVX3lxTFB3V3RLTTRTOTFicXlfYVlrU3NuV1Jndjl3cVdtS1lkSWxSNU1rZmhNTFI4YjRHeHBCOGZRMHl5bzBhWS1tTlRGNHEyTkxHQUJNWUZqMWNQTEhId0ZvNmFWUzBGRm4?oc=5,,False,본문 수집 제한 개수를 초과했습니다.,False,,2026-09-13 09:16:39
미국,MLCC,MLCC,MLCC stock market earnings investment,"As the artificial intelligence (AI) server market explodes, MLCC stocks, called the ""rice of the ele.. - 매일경제",https://news.google.com/rss/articles/CBMiT0FVX3lxTE1UOTdzc1lwU2hpRVczc3lNeUtKeC0zazJLSFh6ajM4ckc2RHE1d3lNQkVlV01JWHRoOWZCZFNzbXhvSXFsMmJDWDFHeFpoZFk?oc=5,"Fri, 29 May 2026 07:00:00 GMT",매일경제,전자부품/PCB,https://news.google.com/rss/articles/CBMiT0FVX3lxTE1UOTdzc1lwU2hpRVczc3lNeUtKeC0zazJLSFh6ajM4ckc2RHE1d3lNQkVlV01JWHRoOWZCZFNzbXhvSXFsMmJDWDFHeFpoZFk?oc=5,,False,본문 수집 제한 개수를 초과했습니다.,False,,2026-09-13 09:16:39
미국,반도체 부품,반도체 부품,반도체 부품 stock market earnings investment,"Earnings call transcript: LG Display posts Q1 2026 loss, stock drops 22% - Investing.com",https://news.google.com/rss/articles/CBMiwwFBVV95cUxPUFpiQmk3WTQ1WkRubTZzanlsUTR0WHJ0dmZPVzdxS3VTY2dMc1pvbHo1MTJ4ZG1ROWU4Zi1PUGcyOWh3b040MTBCdTI1WTNqQXZMX0c4WEpsRDIxcVVlaV9Db3cwZEI1OV8xMzNHVHRhdDJrd2pKUHJTRngxSDMtS1BPSEh2bmVnNVR4bk1pMmp1ZEhPQ2RDaE53bUdPSTMxZERSMXdoX0NicTl5N3lFbml6U010a2pPdXIzRlFWMWxxS00?oc=5,"Tue, 28 Apr 2026 07:00:00 GMT",Investing.com,전자부품/PCB,https://news.google.com/rss/articles/CBMiwwFBVV95cUxPUFpiQmk3WTQ1WkRubTZzanlsUTR0WHJ0dmZPVzdxS3VTY2dMc1pvbHo1MTJ4ZG1ROWU4Zi1PUGcyOWh3b040MTBCdTI1WTNqQXZMX0c4WEpsRDIxcVVlaV9Db3cwZEI1OV8xMzNHVHRhdDJrd2pKUHJTRngxSDMtS1BPSEh2bmVnNVR4bk1pMmp1ZEhPQ2RDaE53bUdPSTMxZERSMXdoX0NicTl5N3lFbml6U010a2pPdXIzRlFWMWxxS00?oc=5,,False,본문 수집 제한 개수를 초과했습니다.,False,,2026-09-13 09:16:39
미국,반도체 부품,반도체 부품,반도체 부품 stock market earnings investment,Earnings call transcript: LG Display’s Q1 2026 shows OLED strength amid challenges - Investing.com,https://news.google.com/rss/articles/CBMi0gFBVV95cUxPTmF3dy0zcm1oUFdyYVllaFZHdTV3XzlsdE9VUXVMdWlWN1hpQVl0OFk3Q3kzTjZnM0E3bGhMSUVlelJ5WkNtUGluN2hqTDlvVWt2V2ZDekVhRlFpWi0zRFBwWHNEVjlwX0dQcDRielRzb2dJaEhBSjZLU0d5bkVpeHV5T0NoVXpUcWExRmgyZV81bEhPT3ZVcFVKTTN4cUhtb1FPR3hlQ0g1UVNDR3RiZW9fa2ZLZU94WTZEdXE0SlRnY3NnXzJVTVVMam9XRzQ4bWc?oc=5,"Thu, 23 Apr 2026 07:00:00 GMT",Investing.com,전자부품/PCB,https://news.google.com/rss/articles/CBMi0gFBVV95cUxPTmF3dy0zcm1oUFdyYVllaFZHdTV3XzlsdE9VUXVMdWlWN1hpQVl0OFk3Q3kzTjZnM0E3bGhMSUVlelJ5WkNtUGluN2hqTDlvVWt2V2ZDekVhRlFpWi0zRFBwWHNEVjlwX0dQcDRielRzb2dJaEhBSjZLU0d5bkVpeHV5T0NoVXpUcWExRmgyZV81bEhPT3ZVcFVKTTN4cUhtb1FPR3hlQ0g1UVNDR3RiZW9fa2ZLZU94WTZEdXE0SlRnY3NnXzJVTVVMam9XRzQ4bWc?oc=5,,False,본문 수집 제한 개수를 초과했습니다.,False,,2026-09-13 09:16:39
일본,PCB,PCB,PCB 日本 株式市場 企業,【最新予測】PCBコンフォーマルコーティング市場規模、2026年に1176百万米ドルへ｜年平均成長率7.5%で推移予測 - Newscast.jp,https://news.google.com/rss/articles/CBMiT0FVX3lxTE9Cb1BmelRkX2xCZEZwU0J4UlE3QmhLMEg4cDlEenc0Qmd4cVFKOWt6MXN4OUN1UnpwM1kyVkJWWEVpQ1hycWFlUkNfazVxUGs?oc=5,"Thu, 27 Aug 2026 07:00:00 GMT",Newscast.jp,전자부품/PCB,https://newscast.jp/smart/news/5924072,newscast.jp,True,,True,,2026-09-13 09:16:39
일본,PCB,PCB,PCB 日本 株式市場 企業,AI時代の勝者：米国PCBメーカー5社のファンダメンタルズ概観 - Moomoo,https://news.google.com/rss/articles/CBMiqwFBVV95cUxOYVRJTXF0X2RrSkFMWTY3N05iekVhV2ZqdkVVc1dSMVhVcFRhMFRON1E5RXUwcUxwTnA5dGEwTXNibW95QlVLYlJpbndUVGJHRExLeFg5enpRRnAzbVg1ZGNBZ3ZHTlZBMzJyTUxMV19BV0hWbG1NQUdZZEMwWXp0WVdQaFhwNWFQTWltOEpZTDZqanUyXy1ULWE3aXl3a2ZIaWtPaGtqRkZ0Vm8?oc=5,"Tue, 25 Aug 2026 07:00:00 GMT",Moomoo,전자부품/PCB,https://www.moomoo.com/ja/community/feed/ai-era-s-big-winners-a-fundamental-overview-of-five-117159583088650,www.moomoo.com,True,,True,,2026-09-13 09:16:39
일본,MLCC,MLCC,MLCC 日本 株式市場 企業,日本積層セラミックコンデンサ（MLCC）市場の需要・市場シェア・動向・成長・機会・インサイト分析（2026～2036年） - ドリームニュース,https://news.google.com/rss/articles/CBMiU0FVX3lxTFBkR2xySFJBT0drZ1NuVUx5UlkycUY5cURzRG1oMDRmVl93N2RPOVpzWi1ONEFGaVNWS3NUUW5qOERDTzAzd3ZlMkkyQV9YSkpabDdN?oc=5,"Mon, 24 Aug 2026 09:00:00 GMT",ドリームニュース,전자부품/PCB,https://www.dreamnews.jp/press/0000360190,www.dreamnews.jp,True,,True,,2026-09-13 09:16:39
일본,PCB,PCB,PCB 日本 株式市場 企業,AI半導体関連の派生テーマとして必見、「プリント基板」に活躍の舞台 ＜株探トップ特集＞ - kabutan.jp,https://news.google.com/rss/articles/CBMiYEFVX3lxTE5Dai05VHdlblhTTmx2V2JhaVZ2NXBYLTdSdjdHeGo2Mnk3amVrZ2dfT2V1OEg2OGJTNjZzSzNwaWFtYTVFUy05VEFhdW5KMGZCT1pNM2U5Q2ZQXy1ocDllUw?oc=5,"Tue, 30 Jun 2026 07:00:00 GMT",kabutan.jp,전자부품/PCB,https://news.google.com/rss/articles/CBMiYEFVX3lxTE5Dai05VHdlblhTTmx2V2JhaVZ2NXBYLTdSdjdHeGo2Mnk3amVrZ2dfT2V1OEg2OGJTNjZzSzNwaWFtYTVFUy05VEFhdW5KMGZCT1pNM2U5Q2ZQXy1ocDllUw?oc=5,,False,405 Client Error: Not Allowed for url: https://kabutan.jp/news/marketnews/?b=n202606301105,True,,2026-09-13 09:16:39
일본,PCB,PCB,PCB 日本 株式市場 企業,メイコー、堀場製作所etc 日本株の次の主役は!? 利益成長が期待される10銘柄 - SBI証券,https://news.google.com/rss/articles/CBMif0FVX3lxTE9OTW90TFotQ3pFZjZkczczci1ZTjk2VDNnRnJyTl83cnh5UlRhY0hMRWxPRFFISWhvLWQzUE5RdFVpSTk1SmxFYWs3Y2FCYUNKTmFxVm9JcE9XeXZIbXdKQTVNeTJtUXJFSEVpZDBWSkFqX1lZUlZ4UDZLc2hramc?oc=5,"Fri, 19 Jun 2026 07:00:00 GMT",SBI証券,전자부품/PCB,https://news.google.com/rss/articles/CBMif0FVX3lxTE9OTW90TFotQ3pFZjZkczczci1ZTjk2VDNnRnJyTl83cnh5UlRhY0hMRWxPRFFISWhvLWQzUE5RdFVpSTk1SmxFYWs3Y2FCYUNKTmFxVm9JcE9XeXZIbXdKQTVNeTJtUXJFSEVpZDBWSkFqX1lZUlZ4UDZLc2hramc?oc=5,,False,본문 수집 제한 개수를 초과했습니다.,False,,2026-09-13 09:16:39
일본,MLCC,MLCC,MLCC 日本 株式市場 企業,積層セラミックコンデンサーとは 需給逼迫で関連株が急騰 - 日本経済新聞,https://news.google.com/rss/articles/CBMibEFVX3lxTFB0ZGJiNXJSRVhUYU5TbXU4NGtSclZ4bVBaNV9vcUpUT0pwM3FhN285eWI4dDZNRFRmdHRlQ3hQZ3g0S3Vkc3lLTDVqRy1XRmR3bkNJOTJ2M0c3Z3RfZ1NPWDFwVTNfWjU2aEVFWg?oc=5,"Mon, 08 Jun 2026 07:00:00 GMT",日本経済新聞,전자부품/PCB,https://news.google.com/rss/articles/CBMibEFVX3lxTFB0ZGJiNXJSRVhUYU5TbXU4NGtSclZ4bVBaNV9vcUpUT0pwM3FhN285eWI4dDZNRFRmdHRlQ3hQZ3g0S3Vkc3lLTDVqRy1XRmR3bkNJOTJ2M0c3Z3RfZ1NPWDFwVTNfWjU2aEVFWg?oc=5,,False,본문 수집 제한 개수를 초과했습니다.,False,,2026-09-13 09:16:39
일본,MLCC,MLCC,MLCC 日本 株式市場 企業,AIラリーで主役級に抜擢、大活況続く「電子部品」有望株セレクト ＜株探トップ特集＞ - kabutan.jp,https://news.google.com/rss/articles/CBMiYEFVX3lxTE9oN08xMnBGajdkdGg5eE41VHFaUW0tZW1UQUozUE5zQVVXMW56ZGgyMlJ4U2FVSHZ6aEEyWlc5dFpBakVpRHNlbEMwZUZwbWdGWDkyZzY3M0VYa3ZIRl9PTA?oc=5,"Thu, 04 Jun 2026 07:00:00 GMT",kabutan.jp,전자부품/PCB,https://news.google.com/rss/articles/CBMiYEFVX3lxTE9oN08xMnBGajdkdGg5eE41VHFaUW0tZW1UQUozUE5zQVVXMW56ZGgyMlJ4U2FVSHZ6aEEyWlc5dFpBakVpRHNlbEMwZUZwbWdGWDkyZzY3M0VYa3ZIRl9PTA?oc=5,,False,본문 수집 제한 개수를 초과했습니다.,False,,2026-09-13 09:16:39
일본,MLCC,MLCC,MLCC 日本 株式市場 企業,AIサーバー関連でじわじわ脚光浴びる｢化学素材メーカー｣ - 四季報オンライン,https://news.google.com/rss/articles/CBMiV0FVX3lxTE5HTUp0QkxRand5UXZlSlBuLUdOOEtDeEJoUDZNTHQ1SFd3SGdaazdmQW51RmhFM0RrTm1fdU9yYU1URmhRRzNra1lULWxQRU5xbS14VXo3SQ?oc=5,"Mon, 01 Jun 2026 07:00:00 GMT",四季報オンライン,전자부품/PCB,https://news.google.com/rss/articles/CBMiV0FVX3lxTE5HTUp0QkxRand5UXZlSlBuLUdOOEtDeEJoUDZNTHQ1SFd3SGdaazdmQW51RmhFM0RrTm1fdU9yYU1URmhRRzNra1lULWxQRU5xbS14VXo3SQ?oc=5,,False,본문 수집 제한 개수를 초과했습니다.,False,,2026-09-13 09:16:39
일본,PCB,PCB,PCB 日本 株式市場 企業,【日本株】性能向上のカギを握る「半導体パッケージ」工程と関連銘柄 - マネクリ,https://news.google.com/rss/articles/CBMiVEFVX3lxTFBNbzNLY05Ea2wtUW1jeDM3Njh5SlA4YjBQS2VVUS0wZU9KVVNUU1g0MEFmVlRnWXBDeXJDWjFJZmRjV3kzOXpwSGJfNnB6V3lVeWdHRNIBV0FVX3lxTFBmUS1zQ2FrS2ZtbUtuT3hrbzlDN0FRRFljRUFBazdXaHQ2ZkN3RGZEWTE2SHlDRjRLVVYzYVFDWFNvemZxSkpoeTlSR0hQTW5HakpMWFk0VQ?oc=5,"Thu, 21 May 2026 07:00:00 GMT",マネクリ,전자부품/PCB,https://news.google.com/rss/articles/CBMiVEFVX3lxTFBNbzNLY05Ea2wtUW1jeDM3Njh5SlA4YjBQS2VVUS0wZU9KVVNUU1g0MEFmVlRnWXBDeXJDWjFJZmRjV3kzOXpwSGJfNnB6V3lVeWdHRNIBV0FVX3lxTFBmUS1zQ2FrS2ZtbUtuT3hrbzlDN0FRRFljRUFBazdXaHQ2ZkN3RGZEWTE2SHlDRjRLVVYzYVFDWFNvemZxSkpoeTlSR0hQTW5HakpMWFk0VQ?oc=5,,False,본문 수집 제한 개수를 초과했습니다.,False,,2026-09-13 09:16:39
일본,MLCC,MLCC,MLCC 日本 株式市場 企業,半導体・AI関連「次の主役」を探る!? - SBI証券,https://news.google.com/rss/articles/CBMif0FVX3lxTE9wQVQ5TERXTFJrdnVwOE9HN2ljTERvb0ZmcTE5S1J3Smp3dEpXUG9yM19ldW9EbHBfYkJOWlc3MjFHZlRrSDNSMTV1WFN4RzFQX2ozX19fdnlnZDhOWnd5dUs2WHNxQTFzV1RiT1lSTV83RDF2Vk5fLTVROE1EalU?oc=5,"Fri, 08 May 2026 07:00:00 GMT",SBI証券,전자부품/PCB,https://news.google.com/rss/articles/CBMif0FVX3lxTE9wQVQ5TERXTFJrdnVwOE9HN2ljTERvb0ZmcTE5S1J3Smp3dEpXUG9yM19ldW9EbHBfYkJOWlc3MjFHZlRrSDNSMTV1WFN4RzFQX2ozX19fdnlnZDhOWnd5dUs2WHNxQTFzV1RiT1lSTV83RDF2Vk5fLTVROE1EalU?oc=5,,False,본문 수집 제한 개수를 초과했습니다.,False,,2026-09-13 09:16:39
일본,전자부품,전자부품,전자부품 日本 株式市場 企業,2019年のiPhoneは全モデルでOLEDを採用か？報道を受けて日本のJDI株が20％の急落 - GIGAZINE,https://news.google.com/rss/articles/CBMiYkFVX3lxTFBWdllicDNxNk5scW8tb0wyOHNEYjFxMmYyS19jZ3FSYm5EcmtsTnVwMGY0ckxIYXcyemlVcXNFdDIzb3ZNcGJpeDR0UHZZekZoOVBNNGh0bk5xMktraWk3OFBn?oc=5,"Wed, 30 May 2018 07:00:00 GMT",GIGAZINE,전자부품/PCB,https://news.google.com/rss/articles/CBMiYkFVX3lxTFBWdllicDNxNk5scW8tb0wyOHNEYjFxMmYyS19jZ3FSYm5EcmtsTnVwMGY0ckxIYXcyemlVcXNFdDIzb3ZNcGJpeDR0UHZZekZoOVBNNGh0bk5xMktraWk3OFBn?oc=5,,False,본문 수집 제한 개수를 초과했습니다.,False,,2026-09-13 09:16:39
국내,석유화학,석유화학,석유화학,유가 반등으로 가격 역전…금호석유화학·S-Oil 주목하는 이유는 - 연합인포맥스,https://news.google.com/rss/articles/CBMicEFVX3lxTE5qYU1HbU5BRmZva1ktbmtscjk1V0ZPQ05Wanc1VnlPVk52cWpKQzJpWWVhc2Y2X3BhUnFFR29RdHpUY0FaNmdkaXJkQXEtNzE3WUFmWUN1WG9rck9EUzYwSkNva29PV2k0TmxIWkhQdjI?oc=5,"Sun, 13 Sep 2026 00:00:34 GMT",연합인포맥스,정유/화학,https://news.einfomax.co.kr/news/articleView.html?idxno=4434575,news.einfomax.co.kr,True,,True,,2026-09-13 09:17:29
국내,스프레드,스프레드,스프레드,CP 금리 연중 최고 수준…기업 단기조달 전략 한계 봉착? - marketin.edaily.co.kr,https://news.google.com/rss/articles/CBMic0FVX3lxTE5RTW5YRmNUY1QxeGptdXQ0eU9SNmxBV2NxTk1RT1dMbTZuVWsxU211TWp4NE50ejRVSTVHaTd5eTdBd3pRb3BTeGNQWGxEQkdNalFKcHJzM1czbXZsOUpqOVZHdTk4R2dWRVV1OFYyeXpMblU?oc=5,"Sat, 12 Sep 2026 20:07:04 GMT",marketin.edaily.co.kr,정유/화학,https://marketin.edaily.co.kr/News/ReadE?newsId=01102086645579792,marketin.edaily.co.kr,True,,True,,2026-09-13 09:17:29
국내,국제유가,국제유가,국제유가,"국제 유가 향배, 중국에 달렸다 - 파이낸셜뉴스",https://news.google.com/rss/articles/CBMiWkFVX3lxTE5PRWZlMUN6cnMxVXk2cmxmbW9raVJuWTdIdi1KQm9qR3Q3TG1tQWxhMFJfVzV5Q3pGa1hnODdldDNtR0tkMjZRdlhHVUZDX3gzbGdHTmRPdnllZw?oc=5,"Sat, 12 Sep 2026 19:11:22 GMT",파이낸셜뉴스,정유/화학,https://www.fnnews.com/news/202609130334593409,www.fnnews.com,True,,True,,2026-09-13 09:17:29
국내,스프레드,스프레드,스프레드,CRM·ERP·스프레드시트 연결해 분석...예측·보고서 정해진 일정에 자동 실행 - 지티티코리아,https://news.google.com/rss/articles/CBMiakFVX3lxTE9qMHYwRW01SkhRR1Vlam8tX2dTU0gwMWhSSzFBQTcycnpseFRGa2VMVkRVYnM3ZF85RGhCbkd2eWlib1lvV0phZ0Y2OFlLaWtUNldLT0xKUG9DcDZRVG9UWWZzeDZ3emVNa3c?oc=5,"Sat, 12 Sep 2026 15:30:00 GMT",지티티코리아,정유/화학,https://www.gttkorea.com/news/articleView.html?idxno=27019,www.gttkorea.com,True,,True,,2026-09-13 09:17:29
국내,국제유가,국제유가,국제유가,이 대통령 “국제유가 폭등에도 국내 휘발유·경유 가격 안정···걱정 안 해도 돼” - 경향신문,https://news.google.com/rss/articles/CBMiWkFVX3lxTE1hWFNZUUFmR2hGSGN3U29YRnJKZVBjTjNDMXB3UDBRSk9fZDIxQ1U4UjdHUWt5bF9FX0U0aHowMThhT3F6WmlwYkphTDMycjVYUnRPNXV4WG9pd9IBX0FVX3lxTE1hYTlDMWpzbXRJNUlaX2ZWQW95Z1ZaX0FPd05lVUo0ZTdKZEsxaUFIREIwREdwdWtnUUtDTDU0SG9seHZ1a0pwNlE1RVh0anVFNjY0aDVqZVBodUVFVHdR?oc=5,"Sat, 12 Sep 2026 07:38:00 GMT",경향신문,정유/화학,https://news.google.com/rss/articles/CBMiWkFVX3lxTE1hWFNZUUFmR2hGSGN3U29YRnJKZVBjTjNDMXB3UDBRSk9fZDIxQ1U4UjdHUWt5bF9FX0U0aHowMThhT3F6WmlwYkphTDMycjVYUnRPNXV4WG9pd9IBX0FVX3lxTE1hYTlDMWpzbXRJNUlaX2ZWQW95Z1ZaX0FPd05lVUo0ZTdKZEsxaUFIREIwREdwdWtnUUtDTDU0SG9seHZ1a0pwNlE1RVh0anVFNjY0aDVqZVBodUVFVHdR?oc=5,,False,본문 수집 제한 개수를 초과했습니다.,False,,2026-09-13 09:17:29
국내,스프레드,스프레드,스프레드,"콩비지는 스프레드로, 안동 생강은 증류주로…경북 소상공인 전국 무대 수상 - 벤처스퀘어",https://news.google.com/rss/articles/CBMiT0FVX3lxTE5KU19iYjFQeVY1UUFfekZkVzY4UDNjWmUzY0NLREdGNDJ0eTVrdGN0eHlFeXhkTlAxQmZIU25HYzlZRnFHYkpES1JNM296b0U?oc=5,"Sat, 12 Sep 2026 03:40:56 GMT",벤처스퀘어,정유/화학,https://news.google.com/rss/articles/CBMiT0FVX3lxTE5KU19iYjFQeVY1UUFfekZkVzY4UDNjWmUzY0NLREdGNDJ0eTVrdGN0eHlFeXhkTlAxQmZIU25HYzlZRnFHYkpES1JNM296b0U?oc=5,,False,본문 수집 제한 개수를 초과했습니다.,False,,2026-09-13 09:17:29
국내,정유,정유,정유,"트럼프, 기름값 폭등에 '전시법' 카드…DPA로 정유 능력 확대 검토 - 뉴스1",https://news.google.com/rss/articles/CBMiWEFVX3lxTE9TX2dLc01EY3FJbXZVQXpLdFhzODdyMU9jMWxpd3pneUN5OXU0dWFLQkk1ZVY2M0daMFp2ZDFNWEtLVVlDa243RW1vTmJzVk5lVmYwTXhXVznSAV5BVV95cUxOaWladERTVXBlTjVSX09wR0FhRlNxaFZhcV9MUlozWkQxa1BOOTFUendIRG5IUDB2ZlN0d3hFU2JfRGExdzk2d1VnRTIwcTRTZzNOUF80Q1UtZkQ4MVlB?oc=5,"Sat, 12 Sep 2026 02:58:59 GMT",뉴스1,정유/화학,https://news.google.com/rss/articles/CBMiWEFVX3lxTE9TX2dLc01EY3FJbXZVQXpLdFhzODdyMU9jMWxpd3pneUN5OXU0dWFLQkk1ZVY2M0daMFp2ZDFNWEtLVVlDa243RW1vTmJzVk5lVmYwTXhXVznSAV5BVV95cUxOaWladERTVXBlTjVSX09wR0FhRlNxaFZhcV9MUlozWkQxa1BOOTFUendIRG5IUDB2ZlN0d3hFU2JfRGExdzk2d1VnRTIwcTRTZzNOUF80Q1UtZkQ4MVlB?oc=5,,False,본문 수집 제한 개수를 초과했습니다.,False,,2026-09-13 09:17:29
국내,정유,정유,정유,트럼프 '기름값 비상' 국방물자생산법 동원해 정유확대 검토 - yna.co.kr,https://news.google.com/rss/articles/CBMiW0FVX3lxTE9paTdFRHZwSlZMR1RaS1hOTzVpOTdmNG9vWC1SZ1ZKU2hpV3dnSXFGamgwVlloY1k0cTkxN0QzU3JxVzVnUTFmQ3hZUmxVVUF4MzYzaDZ4SHRkNFnSAWBBVV95cUxQZ2duRy1KRDNJZXhqZ1BrSVl6aDlFUkx3SkdrcWRsdnZSaVZtUG5MOWZxMk1mV0dDejU1T1RQSDFTaWMxeVZLY1QxUi0xSk40UWhIdFR3MTZ2ZlVuWDgybkE?oc=5,"Sat, 12 Sep 2026 02:33:06 GMT",yna.co.kr,정유/화학,https://news.google.com/rss/articles/CBMiW0FVX3lxTE9paTdFRHZwSlZMR1RaS1hOTzVpOTdmNG9vWC1SZ1ZKU2hpV3dnSXFGamgwVlloY1k0cTkxN0QzU3JxVzVnUTFmQ3hZUmxVVUF4MzYzaDZ4SHRkNFnSAWBBVV95cUxQZ2duRy1KRDNJZXhqZ1BrSVl6aDlFUkx3SkdrcWRsdnZSaVZtUG5MOWZxMk1mV0dDejU1T1RQSDFTaWMxeVZLY1QxUi0xSk40UWhIdFR3MTZ2ZlVuWDgybkE?oc=5,,False,본문 수집 제한 개수를 초과했습니다.,False,,2026-09-13 09:17:29
국내,나프타,나프타,나프타,"중동 분쟁 때문에 한국 최대 나프타 공급국, UAE에서 알제리로 - 더구루",https://news.google.com/rss/articles/CBMiXkFVX3lxTE16SXZsdjdqUi1Lbmx4dlJqT2hhS1lqRHVyMGM3UVREMVdkdWVMU21UMnVnWHcwWG5qWElKMDk4M0x0UGxBZzRnZURQbmc1QVJvTXBPNlZDNHVNVWlRU0E?oc=5,"Sat, 12 Sep 2026 01:19:52 GMT",더구루,정유/화학,https://news.google.com/rss/articles/CBMiXkFVX3lxTE16SXZsdjdqUi1Lbmx4dlJqT2hhS1lqRHVyMGM3UVREMVdkdWVMU21UMnVnWHcwWG5qWElKMDk4M0x0UGxBZzRnZURQbmc1QVJvTXBPNlZDNHVNVWlRU0E?oc=5,,False,본문 수집 제한 개수를 초과했습니다.,False,,2026-09-13 09:17:29
국내,국제유가,국제유가,국제유가,국제유가 일주일 새 14달러 급등했는데 주유소 기름값은 17주째 하락...왜? - v.daum.net,https://news.google.com/rss/articles/CBMiT0FVX3lxTE5xTk56V3JuSUNvYjNDZ0h4QnZ6cWhzXzlVMU5PUGdwMGw2Ukh1REw3eVNURVkyYkxNQnhMMm9iZExIYk56UGRDOFJIUUIyVXc?oc=5,"Sat, 12 Sep 2026 01:13:50 GMT",v.daum.net,정유/화학,https://news.google.com/rss/articles/CBMiT0FVX3lxTE5xTk56V3JuSUNvYjNDZ0h4QnZ6cWhzXzlVMU5PUGdwMGw2Ukh1REw3eVNURVkyYkxNQnhMMm9iZExIYk56UGRDOFJIUUIyVXc?oc=5,,False,본문 수집 제한 개수를 초과했습니다.,False,,2026-09-13 09:17:29
국내,국제유가,국제유가,국제유가,"국제유가, 호르무즈 협상 기대에 2%대 하락…여전히 100달러대 - yna.co.kr",https://news.google.com/rss/articles/CBMiW0FVX3lxTE1aTjhKLVFVUHdZV1FGQ2tjOFh4UFIzM014S2RvZzQ4ODd5OXJETFlmd2ctZFBEZ09IRTE4YlZVRnV0aDE2bl9iXzBBMF9mVDBuTEVoZVpnbEJPRzTSAWBBVV95cUxOb3VHdE13cEVTNzlvUkFyTEpoRk01NXRTNHFMN3VCZ0VQZnRvZmdobWl4eEdVSGJNdmFMdjdVNXQ5eEJwa3FwUXF2d0Mtd1dlTVdLWXhwcUtZdHNzMHNTSTM?oc=5,"Fri, 11 Sep 2026 19:45:49 GMT",yna.co.kr,정유/화학,https://news.google.com/rss/articles/CBMiW0FVX3lxTE1aTjhKLVFVUHdZV1FGQ2tjOFh4UFIzM014S2RvZzQ4ODd5OXJETFlmd2ctZFBEZ09IRTE4YlZVRnV0aDE2bl9iXzBBMF9mVDBuTEVoZVpnbEJPRzTSAWBBVV95cUxOb3VHdE13cEVTNzlvUkFyTEpoRk01NXRTNHFMN3VCZ0VQZnRvZmdobWl4eEdVSGJNdmFMdjdVNXQ5eEJwa3FwUXF2d0Mtd1dlTVdLWXhwcUtZdHNzMHNTSTM?oc=5,,False,본문 수집 제한 개수를 초과했습니다.,False,,2026-09-13 09:17:29
국내,국제유가,국제유가,국제유가,전쟁 장기화에 국제유가·금리 '껑충'‥코스피 다시 7천 아래로 - MBC 뉴스,https://news.google.com/rss/articles/CBMieEFVX3lxTE5fcUlha2VMOHF2V0VCWWtZVDdYeFpuanlkN0dhNW1JeHRrTmpSU095X0x1dmlUbnBXVGJTclYtczJkenM2LW5RejJpWlQwY0hpTzAxQWxyMmpPbDFOUUNWTVlyZmNFMG5wbXdyQ0hVcG9sOUVXMnhCSNIBeEFVX3lxTFA2RGdUV2JoMHVLbGoxdy1LdEcxN0pzZjB3OGlzWUlGME1RT0wtUWtDZ21FSjd5S3dCcTZ6Mk5IcmpjVnRTQTVfc2o1elh6bzB3R1laNnJabXhVNTFaS1RSVWdoYW81NGFyYlBOVFlQbEV2c3RTS0R0MQ?oc=5,"Fri, 11 Sep 2026 11:08:35 GMT",MBC 뉴스,정유/화학,https://news.google.com/rss/articles/CBMieEFVX3lxTE5fcUlha2VMOHF2V0VCWWtZVDdYeFpuanlkN0dhNW1JeHRrTmpSU095X0x1dmlUbnBXVGJTclYtczJkenM2LW5RejJpWlQwY0hpTzAxQWxyMmpPbDFOUUNWTVlyZmNFMG5wbXdyQ0hVcG9sOUVXMnhCSNIBeEFVX3lxTFA2RGdUV2JoMHVLbGoxdy1LdEcxN0pzZjB3OGlzWUlGME1RT0wtUWtDZ21FSjd5S3dCcTZ6Mk5IcmpjVnRTQTVfc2o1elh6bzB3R1laNnJabXhVNTFaS1RSVWdoYW81NGFyYlBOVFlQbEV2c3RTS0R0MQ?oc=5,,False,본문 수집 제한 개수를 초과했습니다.,False,,2026-09-13 09:17:29
국내,정유,정유,정유,홍해도 위태… 사우디 원유 수입 타격 우려에 정유업계 긴장 - 조선비즈 - Chosunbiz,https://news.google.com/rss/articles/CBMihAFBVV95cUxNVk00MTNkNVlVUFhZOW5zWGRFVmxwdnhGMldablQwbDVCakV0aXcyTFR2Q0x2UTRGbjg4T1g4WTFtOGlxSElmMVBhZGg3M3lLcmxIbWNtU215QmtuekhQbkp1bVhWZ3hmUkl2QVlwSmN1X1ZlaGp4NjdfSWlDVmo3em9NQWXSAZgBQVVfeXFMTVJaNG1TUXh1aVlNQ1U0WmhfM1poeWs5cnpURU5neFpKR254SF9NT1FhQnA3bzNheWVqd1hINWRJUmY3QkdDMWF4SzA2Q3dpTjNYM2hQQk5NbmRBMTJKVFdxTXM3NzJzcFVpc2ZlNl9TLVdzb2U2ajZ5VS00dGFIQlhnMzFnV0FSZFMzcjlpV21wLUVJLUo2NmE?oc=5,"Fri, 11 Sep 2026 04:01:00 GMT",Chosunbiz,정유/화학,https://news.google.com/rss/articles/CBMihAFBVV95cUxNVk00MTNkNVlVUFhZOW5zWGRFVmxwdnhGMldablQwbDVCakV0aXcyTFR2Q0x2UTRGbjg4T1g4WTFtOGlxSElmMVBhZGg3M3lLcmxIbWNtU215QmtuekhQbkp1bVhWZ3hmUkl2QVlwSmN1X1ZlaGp4NjdfSWlDVmo3em9NQWXSAZgBQVVfeXFMTVJaNG1TUXh1aVlNQ1U0WmhfM1poeWs5cnpURU5neFpKR254SF9NT1FhQnA3bzNheWVqd1hINWRJUmY3QkdDMWF4SzA2Q3dpTjNYM2hQQk5NbmRBMTJKVFdxTXM3NzJzcFVpc2ZlNl9TLVdzb2U2ajZ5VS00dGFIQlhnMzFnV0FSZFMzcjlpV21wLUVJLUo2NmE?oc=5,,False,본문 수집 제한 개수를 초과했습니다.,False,,2026-09-13 09:17:29
국내,석유화학,석유화학,석유화학,11년 담합 적발 20년 만에…석유화학업계 다시 '가격 담합' 수사 - 녹색경제신문,https://news.google.com/rss/articles/CBMiaEFVX3lxTE9hSmVHdGNpMGVacE5xcmFOcWZ6SXcybFExVnRhWmRiWWx0M2gwUnY4UER2cjMySWJfT01qaWt6WmxObHVFY2J3d1BUQlNQMnZMX3RKaDZfUGdkUWhiMTdlcG9NLWJLdHVY?oc=5,"Fri, 11 Sep 2026 02:04:19 GMT",녹색경제신문,정유/화학,https://news.google.com/rss/articles/CBMiaEFVX3lxTE9hSmVHdGNpMGVacE5xcmFOcWZ6SXcybFExVnRhWmRiWWx0M2gwUnY4UER2cjMySWJfT01qaWt6WmxObHVFY2J3d1BUQlNQMnZMX3RKaDZfUGdkUWhiMTdlcG9NLWJLdHVY?oc=5,,False,본문 수집 제한 개수를 초과했습니다.,False,,2026-09-13 09:17:29
국내,스프레드,스프레드,스프레드,캐시닥 용돈퀴즈 정답 9월 11일 [단독] - bntnews.co.kr,https://news.google.com/rss/articles/CBMiZEFVX3lxTE5hdUJtdkdyUC1CeGdnUjViQkRyZElLOHFkcDJvOHA3dkFVZ1lYamgzSGNZU2EzMWZoT1E0SXZfdFl1UHJxWWowcHZGOGV5TlFFUmtGWGlFbm5zRVItQUMtcGJNbW8?oc=5,"Fri, 11 Sep 2026 02:01:12 GMT",bntnews.co.kr,정유/화학,https://news.google.com/rss/articles/CBMiZEFVX3lxTE5hdUJtdkdyUC1CeGdnUjViQkRyZElLOHFkcDJvOHA3dkFVZ1lYamgzSGNZU2EzMWZoT1E0SXZfdFl1UHJxWWowcHZGOGV5TlFFUmtGWGlFbm5zRVItQUMtcGJNbW8?oc=5,,False,본문 수집 제한 개수를 초과했습니다.,False,,2026-09-13 09:17:29
국내,석유화학,석유화학,석유화학,"檢, '담합 혐의' 석유화학 주요 업체 임원 줄소환 - 매일일보",https://news.google.com/rss/articles/CBMiZEFVX3lxTFBaelNfRE5lSnVpMUE3RlI4SVpTcTlUcm1QQ0ZsSHpTY192MUpXZWR3NXJJZUsyUXRDTHFBYXpXZmUwNlFHei1QWjBVN20yMzNBMXlxdHRyNEZHRloxWHg4bllCN1HSAWhBVV95cUxONV9LOWZqeXVMLS1kdERUWTdJcGxmcEZPWHh3VXZmS3ZiLXVLc09FSzRPeXYtUWtfeDIxZWdrcEJpcGJBX1VhYTBDaV9UYU80czh4OEZTSGNSeW5WWXpkOGw1UVhnQW9zSg?oc=5,"Thu, 10 Sep 2026 08:28:49 GMT",매일일보,정유/화학,https://news.google.com/rss/articles/CBMiZEFVX3lxTFBaelNfRE5lSnVpMUE3RlI4SVpTcTlUcm1QQ0ZsSHpTY192MUpXZWR3NXJJZUsyUXRDTHFBYXpXZmUwNlFHei1QWjBVN20yMzNBMXlxdHRyNEZHRloxWHg4bllCN1HSAWhBVV95cUxONV9LOWZqeXVMLS1kdERUWTdJcGxmcEZPWHh3VXZmS3ZiLXVLc09FSzRPeXYtUWtfeDIxZWdrcEJpcGJBX1VhYTBDaV9UYU80czh4OEZTSGNSeW5WWXpkOGw1UVhnQW9zSg?oc=5,,False,본문 수집 제한 개수를 초과했습니다.,False,,2026-09-13 09:17:29
국내,정유,정유,정유,“기름값 100달러 뚫자 주가도 출렁”…정유 뜨고 항공 울었다 - 매일경제 마켓,https://news.google.com/rss/articles/CBMiUkFVX3lxTFByOFZGeUdQX1U5NmRSVzktYmtWR1hZS2FNenNYdVZBS2hWREIyNmdrc1d1OHFUR2lQaGN0cjVjQ0EwM0xZTlVURUF1M3hkUE9Rb0E?oc=5,"Thu, 10 Sep 2026 07:28:31 GMT",매일경제 마켓,정유/화학,https://news.google.com/rss/articles/CBMiUkFVX3lxTFByOFZGeUdQX1U5NmRSVzktYmtWR1hZS2FNenNYdVZBS2hWREIyNmdrc1d1OHFUR2lQaGN0cjVjQ0EwM0xZTlVURUF1M3hkUE9Rb0E?oc=5,,False,본문 수집 제한 개수를 초과했습니다.,False,,2026-09-13 09:17:29
국내,석유화학,석유화학,석유화학,"검찰, '석유화학제품 담합 의혹' OCI 대표·LG화학 임원 등 연달아 조사 - 머니투데이 - 머니투데이",https://news.google.com/rss/articles/CBMia0FVX3lxTE53M01sdnRMZ3hLVEpnRjJ0YnJSTWxwU1o4TlpQSUl1VGZOR0l4UFVCRzdlR01LUEJyRnZ2OEZaQVROUWljdGxyR0lKU1BsRHhVdGdiSWUzMDBUSjktTTQzMWNkSHhoZnVLaWJv0gFwQVVfeXFMT2hwT0Y1RjMzNDI3RU4wdXljanBGWTNFTnJRUGxJazBCMzRfcC0xbFRlTWpZdUJxWFpYbUQxOUtPU3FRWnpvZUlBNExiY2JabTY0d0pBc1Y2NXhhbXhHYXZxZXNmTjJLTXZBMVh1Nm5KUg?oc=5,"Thu, 10 Sep 2026 06:36:39 GMT",머니투데이,정유/화학,https://news.google.com/rss/articles/CBMia0FVX3lxTE53M01sdnRMZ3hLVEpnRjJ0YnJSTWxwU1o4TlpQSUl1VGZOR0l4UFVCRzdlR01LUEJyRnZ2OEZaQVROUWljdGxyR0lKU1BsRHhVdGdiSWUzMDBUSjktTTQzMWNkSHhoZnVLaWJv0gFwQVVfeXFMT2hwT0Y1RjMzNDI3RU4wdXljanBGWTNFTnJRUGxJazBCMzRfcC0xbFRlTWpZdUJxWFpYbUQxOUtPU3FRWnpvZUlBNExiY2JabTY0d0pBc1Y2NXhhbXhHYXZxZXNmTjJLTXZBMVh1Nm5KUg?oc=5,,False,본문 수집 제한 개수를 초과했습니다.,False,,2026-09-13 09:17:29
국내,나프타,나프타,나프타,"검찰, '나프타 담합' OCI 대표 소환조사..LG화학, 한화솔루션 등도 대상 - 한국정경신문",https://news.google.com/rss/articles/CBMiUkFVX3lxTE8yQW1ENDBTMXhPVlpMUkVVbnNVUU9JM0l6bGJ1Ymx6SnhRZG1IcjNBYnNINXgyTmpfRUE0NXZBQnptTjF3Y3FZdkFXMGo5OFRaV2c?oc=5,"Thu, 10 Sep 2026 03:35:50 GMT",한국정경신문,정유/화학,https://news.google.com/rss/articles/CBMiUkFVX3lxTE8yQW1ENDBTMXhPVlpMUkVVbnNVUU9JM0l6bGJ1Ymx6SnhRZG1IcjNBYnNINXgyTmpfRUE0NXZBQnptTjF3Y3FZdkFXMGo5OFRaV2c?oc=5,,False,본문 수집 제한 개수를 초과했습니다.,False,,2026-09-13 09:17:29
국내,스프레드,스프레드,스프레드,[글로벌차트] '국채 소각' 주장도 나오는 프랑스…심상치 않은 스프레드 - 연합인포맥스,https://news.google.com/rss/articles/CBMicEFVX3lxTE52Q3RjTjY1TFlpTTh0R0ZTT3Njdl9oSk1mV1ZqOEhQMW94a251ZmFpUUtYOHFBOXRBYmtDRWluVy1wbnMzWS0wRV83ZlVhaFhKR0Y5Z3NjMUFpQkNvWHJHaXVqNmI0bDd1U2dUaXNmcU8?oc=5,"Thu, 10 Sep 2026 01:33:35 GMT",연합인포맥스,정유/화학,https://news.google.com/rss/articles/CBMicEFVX3lxTE52Q3RjTjY1TFlpTTh0R0ZTT3Njdl9oSk1mV1ZqOEhQMW94a251ZmFpUUtYOHFBOXRBYmtDRWluVy1wbnMzWS0wRV83ZlVhaFhKR0Y5Z3NjMUFpQkNvWHJHaXVqNmI0bDd1U2dUaXNmcU8?oc=5,,False,본문 수집 제한 개수를 초과했습니다.,False,,2026-09-13 09:17:29
국내,정유,정유,정유,"“2~3년 안에 정상화 어려워”...정유株, 정유 설비 부족 현실화에 강세 - v.daum.net",https://news.google.com/rss/articles/CBMiRkFVX3lxTE5PZ2NkYThqUmhzaUUyaWJXSnZpSVR0cWRKWmhpVGRSamJhcUpmcFZOZVBoSXEteEI5bG5xcXJ5cTcxcnM1Y2c?oc=5,"Thu, 10 Sep 2026 00:03:51 GMT",v.daum.net,정유/화학,https://news.google.com/rss/articles/CBMiRkFVX3lxTE5PZ2NkYThqUmhzaUUyaWJXSnZpSVR0cWRKWmhpVGRSamJhcUpmcFZOZVBoSXEteEI5bG5xcXJ5cTcxcnM1Y2c?oc=5,,False,본문 수집 제한 개수를 초과했습니다.,False,,2026-09-13 09:17:29
국내,나프타,나프타,나프타,"[단독] 정부, 나프타 수출 제한 조치 내년 1월까지 연장 - 한국경제",https://news.google.com/rss/articles/CBMiWkFVX3lxTFBfWkV6cTZ2Ul9tcXJTYk85bmFrTHBORkpiZFoyUWR6TjVUUzJnbmpzN280UXVyQ01QaUFua05SaWVWczR0NHBqdkhpV1ZYWjhQSUJmUkcyOXZzZw?oc=5,"Thu, 27 Aug 2026 07:00:00 GMT",한국경제,정유/화학,https://news.google.com/rss/articles/CBMiWkFVX3lxTFBfWkV6cTZ2Ul9tcXJTYk85bmFrTHBORkpiZFoyUWR6TjVUUzJnbmpzN280UXVyQ01QaUFua05SaWVWczR0NHBqdkhpV1ZYWjhQSUJmUkcyOXZzZw?oc=5,,False,본문 수집 제한 개수를 초과했습니다.,False,,2026-09-13 09:17:29
국내,나프타,나프타,나프타,"정부, 나프타·석화제품 수급 안정화 조치 내년 1월까지 연장 - yna.co.kr",https://news.google.com/rss/articles/CBMiW0FVX3lxTE1GelplckZYZ2tfZUJaZkNMeUhILWJsMG5fbnVIWDROVHBPRDQ5VHFYeUhoQmxsQm9taVZTZXJuUWNFYVNOUC1yZk5xc0ZKUk93MzFlOVNqVzZWX2vSAWBBVV95cUxONW95THlxOVVHN0tTLXRxSzZoZ2s2Q0x6SXVzZ3ZkMTd1ajFyZFgzWFZpQ0FhZWZEX1BscE5mcVRpRkxsTmxUYk5sYU9RenMzZ1g3VmFSOUZCUU9NX29zOFQ?oc=5,"Thu, 27 Aug 2026 07:00:00 GMT",yna.co.kr,정유/화학,https://news.google.com/rss/articles/CBMiW0FVX3lxTE1GelplckZYZ2tfZUJaZkNMeUhILWJsMG5fbnVIWDROVHBPRDQ5VHFYeUhoQmxsQm9taVZTZXJuUWNFYVNOUC1yZk5xc0ZKUk93MzFlOVNqVzZWX2vSAWBBVV95cUxONW95THlxOVVHN0tTLXRxSzZoZ2s2Q0x6SXVzZ3ZkMTd1ajFyZFgzWFZpQ0FhZWZEX1BscE5mcVRpRkxsTmxUYk5sYU9RenMzZ1g3VmFSOUZCUU9NX29zOFQ?oc=5,,False,본문 수집 제한 개수를 초과했습니다.,False,,2026-09-13 09:17:29
국내,나프타,나프타,나프타,"정부, 나프타·석화제품 수급 안정화 조치 내년 1월까지 연장 - MBC 뉴스",https://news.google.com/rss/articles/CBMidEFVX3lxTE9zajVMSmxHb1VPa3BCbFVOOFQ5ZWU4d1p3RXdCTnl4YkR0X3hVYmk0eEVmVnJ3X29aWVBUbGpzTUhHRnBWQlNES1Rvc092QnV5emJmMEhGUTVsN2V4WElCYkt4UUgxN291N0hrNHcyXzFxT0Zv0gF0QVVfeXFMT21PREtET0ZUTWVaSjRZR0c0cWF5ZmxwYXhZODFEM1d1c3BDd29MdnRlNkU2dGRSZXBGaGtLYUllM3U1enhwcEhvVG9ySy03cHJLZFItZnFZWDV2Z29taHlESHlMazBxbFppSkd1SUZNTzExX04?oc=5,"Thu, 27 Aug 2026 07:00:00 GMT",MBC 뉴스,정유/화학,https://news.google.com/rss/articles/CBMidEFVX3lxTE9zajVMSmxHb1VPa3BCbFVOOFQ5ZWU4d1p3RXdCTnl4YkR0X3hVYmk0eEVmVnJ3X29aWVBUbGpzTUhHRnBWQlNES1Rvc092QnV5emJmMEhGUTVsN2V4WElCYkt4UUgxN291N0hrNHcyXzFxT0Zv0gF0QVVfeXFMT21PREtET0ZUTWVaSjRZR0c0cWF5ZmxwYXhZODFEM1d1c3BDd29MdnRlNkU2dGRSZXBGaGtLYUllM3U1enhwcEhvVG9ySy03cHJLZFItZnFZWDV2Z29taHlESHlMazBxbFppSkd1SUZNTzExX04?oc=5,,False,본문 수집 제한 개수를 초과했습니다.,False,,2026-09-13 09:17:29
국내,석유화학,석유화학,석유화학,"에쓰오일 '샤힌 프로젝트'로 석유화학 경쟁력 높인다, 수익성과 탄소 저감 우수 - 비즈니스포스트",https://news.google.com/rss/articles/CBMic0FVX3lxTE9QU1dWTlk2SGhUVTk2YXZJRkhWOW51SHhqVzFxZGJMSmZ1UV9sbjdhRDF5NVcyc2poRnYwbE11QV9fdmtyTkVzLVJDMDZ2a25vSEVWSnFES0JNT2tSSFVwS1ZPVnd0LXlybU1XbTY0WXVQdHc?oc=5,"Tue, 18 Aug 2026 07:00:00 GMT",비즈니스포스트,정유/화학,https://news.google.com/rss/articles/CBMic0FVX3lxTE9QU1dWTlk2SGhUVTk2YXZJRkhWOW51SHhqVzFxZGJMSmZ1UV9sbjdhRDF5NVcyc2poRnYwbE11QV9fdmtyTkVzLVJDMDZ2a25vSEVWSnFES0JNT2tSSFVwS1ZPVnd0LXlybU1XbTY0WXVQdHc?oc=5,,False,본문 수집 제한 개수를 초과했습니다.,False,,2026-09-13 09:17:29
미국,국제유가,oil prices,oil prices stock market earnings investment,"Dow Jones Futures Rise, Oil Prices Fall, Oracle Jumps; CPI Inflation Data To Inform Fed - Investor's Business Daily",https://news.google.com/rss/articles/CBMi1gFBVV95cUxPZGdpMlBVbExibHozSndzcGVmRE9SOVdnMnJDbmFSX2NSbjRQamJhd3R6dEkxX2tlaTkwdWRjVlplWkpsQTJoamljRzhQcXZkUmhDTmgtRWY0U1RwRUlEYUdoRmVmVkktM3FDNWpyVXRFNkpEWGl5ZlhHaGNadmVKTUx5NlhlQXE1ejdTUlowM0dGM1lPRkdTb2xRV2pKczR6aWtoLXRMWG11RDlUaXRuZDc3eUh1SDBmQ2NZQ2laTzBXMGtVQ0NpVjNhU2FvZ1ItWDhQWV9n?oc=5,"Fri, 11 Sep 2026 12:01:00 GMT",Investor's Business Daily,정유/화학,https://www.investors.com/market-trend/stock-market-today/dow-jones-futures-sp500-oil-prices-treasury-yields-cpi-inflation-oracle-earnings/,www.investors.com,True,,True,,2026-09-13 09:17:29
미국,국제유가,oil prices,oil prices stock market earnings investment,"U.S. stocks slip for the week on soaring oil, sharp surge in Fed rate hike bets - Investing.com",https://news.google.com/rss/articles/CBMixwFBVV95cUxPUGtqdTAtcllIQ2xQMEhPWlp0a3gzLVRBZlZjdEkyOXpkbk55Tkh6aXh3N1pZOUVFZ2pBc3JULVRSWVNKWVl4RHVrWGN3aWxtamJ6bl93dFNTUUZ0cnVTZGJRYVFiMzgzV1dXUkxaVjlBX0tNLUE5czRiczUtVmxFcVkzRXRCc0lVVDFBUGlGMzhGaEFUSDE5N1BUSWJlYlptWnE1R0RXZEhmSGZvTUR1WHJPRHNiSTlsVzJyRTFYNEs2bm44Nklz?oc=5,"Fri, 11 Sep 2026 00:23:35 GMT",Investing.com,정유/화학,https://news.google.com/rss/articles/CBMixwFBVV95cUxPUGtqdTAtcllIQ2xQMEhPWlp0a3gzLVRBZlZjdEkyOXpkbk55Tkh6aXh3N1pZOUVFZ2pBc3JULVRSWVNKWVl4RHVrWGN3aWxtamJ6bl93dFNTUUZ0cnVTZGJRYVFiMzgzV1dXUkxaVjlBX0tNLUE5czRiczUtVmxFcVkzRXRCc0lVVDFBUGlGMzhGaEFUSDE5N1BUSWJlYlptWnE1R0RXZEhmSGZvTUR1WHJPRHNiSTlsVzJyRTFYNEs2bm44Nklz?oc=5,,False,403 Client Error: Forbidden for url: https://www.investing.com/news/stock-market-news/us-stock-futures-steady-with-cpi-on-tap-oracle-firms-on-strong-earnings-4897114,True,,2026-09-13 09:17:29
미국,석유화학,석유화학,석유화학 stock market earnings investment,Korean Asset Managers Post 2.69 Trillion Won Profit as Loss-Making Firms Rise - Seoul Economic Daily,https://news.google.com/rss/articles/CBMiogFBVV95cUxOQV9md0d0b29YXzVJSmdtcllTakdEb0VLVHpqX0gzWDFGSkczejdma0stVF82ZHI2LTJoZF9mbGhlay1fQ0JyejEzaUp4MXFrTWpSaERfWHhvdS1Ub0tTT2JzTjN2ZVZFSVhwdG9zb3I4azFpUW5fcmZlM0lHLU81aEJtUDRCWVZsbTR1SzFWSTI2ZjdmOUw2eHByQ0xVTThOVHc?oc=5,"Thu, 10 Sep 2026 21:00:05 GMT",Seoul Economic Daily,정유/화학,https://en.sedaily.com/finance/2026/09/11/korean-asset-managers-post-269-trillion-won-profit-as-loss,en.sedaily.com,True,,True,,2026-09-13 09:17:29
미국,석유화학,석유화학,석유화학 stock market earnings investment,Korean Brokerages' Q2 Net Profit Jumps 82% to 5.19 Trillion Won - Seoul Economic Daily,https://news.google.com/rss/articles/CBMingFBVV95cUxNcFozUE1McHFndDdRX1BEQWNCcUdCcHhBN1FZdDJIZHRMR1dDRGwxYVBNa3VyZWl2ek9VYVoxdFk1LUh0d21iTDg1cXU5RGxDaFhPdldvX1NLYzB1bnA5aks2Qk41SGFsZlhBR1Z6djNodWVBMmJhaS0tVGxIV1NVa29oRzhYdmFiQmtwdEZyc2xLaE92M29UbS13Zjg3dw?oc=5,"Wed, 09 Sep 2026 21:00:05 GMT",Seoul Economic Daily,정유/화학,https://en.sedaily.com/finance/2026/09/10/korean-brokerages-q2-net-profit-jumps-82-percent-to-519,en.sedaily.com,True,,True,,2026-09-13 09:17:29
미국,국제유가,oil prices,oil prices stock market earnings investment,ExxonMobil Is Up 40% in 2026: Can Rising Oil Prices and Strong Earnings Boost XOM Stock to $200? - 24/7 Wall St.,https://news.google.com/rss/articles/CBMi0gFBVV95cUxNNnc5bWE2cUNFSVRZLVpXbDVtR29xM0h1ZWE3NnVmTlBpblFrZ3F3SWJMckFad1BrNlBOSVl2dE1RanJMWHR1Rko0VjhPQm1XS0prLXA2bDdEY1pRQnNoRDViTFkwc1R1RF9icV9LTzBfWHhXcjh2Uk9pbTNoUU1oWVh2M3kzTkpkLWFtTW9GSkc4LUNrY0NBOEk0amNDWlJWQTlRNWVKWGFWZ2NGelJxdE55ZklXNHVqZkhFWUROMFA1S3ZkZ29XSTUtcTVvbnk5Q1E?oc=5,"Wed, 09 Sep 2026 19:08:00 GMT",24/7 Wall St.,정유/화학,https://news.google.com/rss/articles/CBMi0gFBVV95cUxNNnc5bWE2cUNFSVRZLVpXbDVtR29xM0h1ZWE3NnVmTlBpblFrZ3F3SWJMckFad1BrNlBOSVl2dE1RanJMWHR1Rko0VjhPQm1XS0prLXA2bDdEY1pRQnNoRDViTFkwc1R1RF9icV9LTzBfWHhXcjh2Uk9pbTNoUU1oWVh2M3kzTkpkLWFtTW9GSkc4LUNrY0NBOEk0amNDWlJWQTlRNWVKWGFWZ2NGelJxdE55ZklXNHVqZkhFWUROMFA1S3ZkZ29XSTUtcTVvbnk5Q1E?oc=5,,False,본문 수집 제한 개수를 초과했습니다.,False,,2026-09-13 09:17:29
미국,국제유가,oil prices,oil prices stock market earnings investment,Trump's oil investments have gained millions during Iran war as his accounts keep trading - CNBC,https://news.google.com/rss/articles/CBMid0FVX3lxTFBvY3VjaVVsTWJ5Y1VQRGtFRndkSUp5QkZBX3VWcHJkMS1JZmhyLU1Ob2w0ZTRQWllXc1ZfcGZobmoydEk4cE8zVHhkQWF5eHdYa1I2OVl3c2ZfUmVOMmlqV0g5WXFPdnE5RjJEb3dVN294ZkVLSWRz0gF8QVVfeXFMTm9lR3RuTDlFaTlhYUtoeUx1cG9Md29aUTFfOHVwTjNHektGMl9NQVVIVHZJQnhzVEdIeE92RVcyWl9yMDU0WXpFYmpjZU1mSTRHZmtmY3p0SWFEN0ttSXRlVmtKc01uVXoyUGxkdFV1VnFmOWgteGZlVEs1bw?oc=5,"Wed, 09 Sep 2026 10:30:01 GMT",CNBC,정유/화학,https://news.google.com/rss/articles/CBMid0FVX3lxTFBvY3VjaVVsTWJ5Y1VQRGtFRndkSUp5QkZBX3VWcHJkMS1JZmhyLU1Ob2w0ZTRQWllXc1ZfcGZobmoydEk4cE8zVHhkQWF5eHdYa1I2OVl3c2ZfUmVOMmlqV0g5WXFPdnE5RjJEb3dVN294ZkVLSWRz0gF8QVVfeXFMTm9lR3RuTDlFaTlhYUtoeUx1cG9Md29aUTFfOHVwTjNHektGMl9NQVVIVHZJQnhzVEdIeE92RVcyWl9yMDU0WXpFYmpjZU1mSTRHZmtmY3p0SWFEN0ttSXRlVmtKc01uVXoyUGxkdFV1VnFmOWgteGZlVEs1bw?oc=5,,False,본문 수집 제한 개수를 초과했습니다.,False,,2026-09-13 09:17:29
미국,국제유가,oil prices,oil prices stock market earnings investment,Why Stocks Are Defying Gravity and What Could Bring Them Down - nytimes.com,https://news.google.com/rss/articles/CBMiggFBVV95cUxPeVhZcEJvZ3BfMlcxazNWZFlTdUdaN0RZUk16aGh4TndmTTRFMnVrejJnbHA3eTRONzRrOXNlZ2ZrRG1sQlB0dFJqMlVPNzRNVG1PT0RvaDF4bGM0WFhrR2U5dS16VWlnNlUtb2tpWXhHdGVmTW1VdGJWR3dGVFlja0ln?oc=5,"Tue, 08 Sep 2026 09:04:14 GMT",nytimes.com,정유/화학,https://news.google.com/rss/articles/CBMiggFBVV95cUxPeVhZcEJvZ3BfMlcxazNWZFlTdUdaN0RZUk16aGh4TndmTTRFMnVrejJnbHA3eTRONzRrOXNlZ2ZrRG1sQlB0dFJqMlVPNzRNVG1PT0RvaDF4bGM0WFhrR2U5dS16VWlnNlUtb2tpWXhHdGVmTW1VdGJWR3dGVFlja0ln?oc=5,,False,본문 수집 제한 개수를 초과했습니다.,False,,2026-09-13 09:17:29
미국,석유화학,석유화학,석유화학 stock market earnings investment,NH Investment & Securities H1 Net Profit Hits 965.2 Billion Won - Seoul Economic Daily,https://news.google.com/rss/articles/CBMipAFBVV95cUxPVjBkSkl2QzhsTFp5V053YVoySjdmM0kyMTlGOTRKN2ZUN1hqRWQ1WEpveVRUdW5LaENNODN4QkdybldTU2J3Y3U2V28xc3VsTjhPNm5zWXJnRURNTjhRcGJWVWc1N1hMNkhPTHRibjh5YjJub19JVFMyVGZPbVh4cWhpemcxRVJCaWlGYmczdlVnZDRiSXpsd3dNMFVYUGZnVk5QNg?oc=5,"Thu, 23 Jul 2026 07:00:00 GMT",Seoul Economic Daily,정유/화학,https://news.google.com/rss/articles/CBMipAFBVV95cUxPVjBkSkl2QzhsTFp5V053YVoySjdmM0kyMTlGOTRKN2ZUN1hqRWQ1WEpveVRUdW5LaENNODN4QkdybldTU2J3Y3U2V28xc3VsTjhPNm5zWXJnRURNTjhRcGJWVWc1N1hMNkhPTHRibjh5YjJub19JVFMyVGZPbVh4cWhpemcxRVJCaWlGYmczdlVnZDRiSXpsd3dNMFVYUGZnVk5QNg?oc=5,,False,본문 수집 제한 개수를 초과했습니다.,False,,2026-09-13 09:17:29
미국,스프레드,스프레드,스프레드 stock market earnings investment,COMMENTARY: Junk bonds’ ‘thin’ spreads are an illusion - Reuters,https://news.google.com/rss/articles/CBMivwFBVV95cUxNWFAwUWpJX0h4UzB2TUxUc1ljMDMxUmhtQVhmbE5QUkRHcWg1aF9TLXhGM3ZDcWYzdXNkYkxNS3pyQlVxeDNjLS1pVnFmaENVTjEzNk83cUVhM3NYOHJxZUxrNXhzVmJaRlZTWGZYcC1VTV9HRlFtUzJyeWM1R3dlczdnQjg4UUhXYkRzNTJ1dEpGaGdzc0JFcGRNRjFCaFliX045bm1taHg0dEJNb0tneVBrVno4VGFEWnZhcHdtZw?oc=5,"Thu, 23 Jul 2026 07:00:00 GMT",Reuters,정유/화학,https://news.google.com/rss/articles/CBMivwFBVV95cUxNWFAwUWpJX0h4UzB2TUxUc1ljMDMxUmhtQVhmbE5QUkRHcWg1aF9TLXhGM3ZDcWYzdXNkYkxNS3pyQlVxeDNjLS1pVnFmaENVTjEzNk83cUVhM3NYOHJxZUxrNXhzVmJaRlZTWGZYcC1VTV9HRlFtUzJyeWM1R3dlczdnQjg4UUhXYkRzNTJ1dEpGaGdzc0JFcGRNRjFCaFliX045bm1taHg0dEJNb0tneVBrVno4VGFEWnZhcHdtZw?oc=5,,False,본문 수집 제한 개수를 초과했습니다.,False,,2026-09-13 09:17:29
미국,정유,정유,정유 stock market earnings investment,Forget Oil Prices — This 1 Refining Number Explains Why These Energy Stocks Are On Fire - 24/7 Wall St.,https://news.google.com/rss/articles/CBMiyAFBVV95cUxQdDI3NUlyZktMWTFZZjhLT0dudVowQ0J6UmlqU1V6X1pOZ3FrLXNzYW93RmdqS1p5eHNyYXJuSDJOZWdCNm43MjJBbE8wdFl1T1VueHRUNzBPaVZXT1Jaa1VWVl9BWUhmVFltaVRMcGpwNVhPSENUR2w2aDFtdFVHaXNmU0cwX1luV0s3azRkbXczM2xzTUNzSVZkRUxvR3FDemVPQXZfZ2p6RUdJdXNNb1RYNFdQUk5SUDZwR2dQRVVCY3NMcWVuVg?oc=5,"Wed, 15 Jul 2026 07:00:00 GMT",24/7 Wall St.,정유/화학,https://news.google.com/rss/articles/CBMiyAFBVV95cUxQdDI3NUlyZktMWTFZZjhLT0dudVowQ0J6UmlqU1V6X1pOZ3FrLXNzYW93RmdqS1p5eHNyYXJuSDJOZWdCNm43MjJBbE8wdFl1T1VueHRUNzBPaVZXT1Jaa1VWVl9BWUhmVFltaVRMcGpwNVhPSENUR2w2aDFtdFVHaXNmU0cwX1luV0s3azRkbXczM2xzTUNzSVZkRUxvR3FDemVPQXZfZ2p6RUdJdXNNb1RYNFdQUk5SUDZwR2dQRVVCY3NMcWVuVg?oc=5,,False,본문 수집 제한 개수를 초과했습니다.,False,,2026-09-13 09:17:29
미국,석유화학,석유화학,석유화학 stock market earnings investment,Brokerage Stocks Rally on Q2 Earnings Hopes as KOSPI Slips - Seoul Economic Daily,https://news.google.com/rss/articles/CBMiogFBVV95cUxNQjl2dHpIaktEYW9KUlRyNUpoaGFITHg3cEVxNGJTc2E2OVI4amM0OVowM05pZ3ZNampJeG5WVTExeEFWVWFsWHY2MENIVzZ1ekQ5bVRnTkJuOHlLby1OOFZ1aTRHRDRYQUs2bU9EZTloQjlTeDAwNUJZWnM3STgxVGNJYWFnUFVULVdRanl4M2ZsSW1GMk1CVGp3QWhtczB4MHc?oc=5,"Mon, 06 Jul 2026 07:00:00 GMT",Seoul Economic Daily,정유/화학,https://news.google.com/rss/articles/CBMiogFBVV95cUxNQjl2dHpIaktEYW9KUlRyNUpoaGFITHg3cEVxNGJTc2E2OVI4amM0OVowM05pZ3ZNampJeG5WVTExeEFWVWFsWHY2MENIVzZ1ekQ5bVRnTkJuOHlLby1OOFZ1aTRHRDRYQUs2bU9EZTloQjlTeDAwNUJZWnM3STgxVGNJYWFnUFVULVdRanl4M2ZsSW1GMk1CVGp3QWhtczB4MHc?oc=5,,False,본문 수집 제한 개수를 초과했습니다.,False,,2026-09-13 09:17:29
미국,석유화학,석유화학,석유화학 stock market earnings investment,Nasdaq Slips Ahead of Micron Earnings; Cerebras Sinks 20% on First Revenue Miss - Seoul Economic Daily,https://news.google.com/rss/articles/CBMiqAFBVV95cUxNVVl0eTBlUGxjak16dXc4VHBOd0paLUZWYjc4cEpLMG9BXzFGZnBRYXdGYzFYZGx6Q0NhUm9WMGxTZ3o2RVhOdUxqQXVJZUJSYnVRd1FieHJENnl5WlRaVlJUT2dPdHVfeUVyZk5zbTYxaDdHS2NUR25jRTJLUkdXc0dBX3ZBVll3X3UzZ2pPZTMySVFXSUpTTjgzZ2pReVE3VFVDMVBza3E?oc=5,"Thu, 25 Jun 2026 07:00:00 GMT",Seoul Economic Daily,정유/화학,https://news.google.com/rss/articles/CBMiqAFBVV95cUxNVVl0eTBlUGxjak16dXc4VHBOd0paLUZWYjc4cEpLMG9BXzFGZnBRYXdGYzFYZGx6Q0NhUm9WMGxTZ3o2RVhOdUxqQXVJZUJSYnVRd1FieHJENnl5WlRaVlJUT2dPdHVfeUVyZk5zbTYxaDdHS2NUR25jRTJLUkdXc0dBX3ZBVll3X3UzZ2pPZTMySVFXSUpTTjgzZ2pReVE3VFVDMVBza3E?oc=5,,False,본문 수집 제한 개수를 초과했습니다.,False,,2026-09-13 09:17:29
미국,정유,정유,정유 stock market earnings investment,Valero Stock Surges 53.3% in Six Months: Should Investors Buy Now? - TradingView,https://news.google.com/rss/articles/CBMiuwFBVV95cUxOTG9teHpja0JLUF9vYUVyVm5nWVh2LWhIM1hxUHVkcElyaDhsaDVuV2tpcjhtVnJwVjVJQ3N1RVBIcDRNRVFDSTZmRFVBQmM3cnhaT2g1NDdGanNUMkR3b3ViUmVObzBLT1FzTFdXT0RmZDYtamNvRUsxWDlDdzh6cnVsYVNINFBHRmxxWWUycUFWVlJCdXhzazlqNnJvZ3NueGZDQV92cG0wY2E2cTVzWTBESGhZV1dzQ240?oc=5,"Thu, 11 Jun 2026 07:00:00 GMT",TradingView,정유/화학,https://news.google.com/rss/articles/CBMiuwFBVV95cUxOTG9teHpja0JLUF9vYUVyVm5nWVh2LWhIM1hxUHVkcElyaDhsaDVuV2tpcjhtVnJwVjVJQ3N1RVBIcDRNRVFDSTZmRFVBQmM3cnhaT2g1NDdGanNUMkR3b3ViUmVObzBLT1FzTFdXT0RmZDYtamNvRUsxWDlDdzh6cnVsYVNINFBHRmxxWWUycUFWVlJCdXhzazlqNnJvZ3NueGZDQV92cG0wY2E2cTVzWTBESGhZV1dzQ240?oc=5,,False,본문 수집 제한 개수를 초과했습니다.,False,,2026-09-13 09:17:29
미국,스프레드,스프레드,스프레드 stock market earnings investment,Does Strong Q1 Coverage Of Its Monthly Dividend Alter The Bull Case For AGNC Investment (AGNC)? - Yahoo Finance,https://news.google.com/rss/articles/CBMinAFBVV95cUxON2NOY0FvQjY4Q0w1NEFIVURKU2NNS3pCdnp4WkZZNFVyai1ydkRkRTdWLW9fOUZOV3dFMTZyMHZFWTRPbmhxM0tETC1jeGJ5M1VTMGZTSlBua01qRExFRmE5QV92UnBqVS00NWVSWE01REJIUVBfMTliTWNOZzZHRm5RV2IxdGVqbXVVT3ZaVmxwX210WHN6Ynk5ck8?oc=5,"Fri, 08 May 2026 07:00:00 GMT",Yahoo Finance,정유/화학,https://news.google.com/rss/articles/CBMinAFBVV95cUxON2NOY0FvQjY4Q0w1NEFIVURKU2NNS3pCdnp4WkZZNFVyai1ydkRkRTdWLW9fOUZOV3dFMTZyMHZFWTRPbmhxM0tETC1jeGJ5M1VTMGZTSlBua01qRExFRmE5QV92UnBqVS00NWVSWE01REJIUVBfMTliTWNOZzZHRm5RV2IxdGVqbXVVT3ZaVmxwX210WHN6Ynk5ck8?oc=5,,False,본문 수집 제한 개수를 초과했습니다.,False,,2026-09-13 09:17:29
미국,스프레드,스프레드,스프레드 stock market earnings investment,How Floating Rate Notes Perform When Credit Spreads Widen - VanEck,https://news.google.com/rss/articles/CBMirwFBVV95cUxNVTZwd1QwOW56ZksweHJlLS1sY05XOWRfMlJrTXNuSXU2RDFiMDBMTGJHOXMxejVRVW56ZzdXMHVNOXp6SWRSSTloNnNBX2dpcTZrVDlmSjZHWFdYZDNCZk1FU0ZJZmRrSTNKX19hZndBZjJfT2xzOUNneld5WUc3UV8zOWRWeW5iMjJyLU45Q2ZEY3o5MGRUX2RIaGYyRjBPNm1XcFd4Sm9VRzBpcG5R?oc=5,"Mon, 23 Feb 2026 15:10:57 GMT",VanEck,정유/화학,https://news.google.com/rss/articles/CBMirwFBVV95cUxNVTZwd1QwOW56ZksweHJlLS1sY05XOWRfMlJrTXNuSXU2RDFiMDBMTGJHOXMxejVRVW56ZzdXMHVNOXp6SWRSSTloNnNBX2dpcTZrVDlmSjZHWFdYZDNCZk1FU0ZJZmRrSTNKX19hZndBZjJfT2xzOUNneld5WUc3UV8zOWRWeW5iMjJyLU45Q2ZEY3o5MGRUX2RIaGYyRjBPNm1XcFd4Sm9VRzBpcG5R?oc=5,,False,본문 수집 제한 개수를 초과했습니다.,False,,2026-09-13 09:17:29
미국,스프레드,스프레드,스프레드 stock market earnings investment,Positioned for Another Solid Year in 2026 - Morgan Stanley,https://news.google.com/rss/articles/CBMiogFBVV95cUxNQW5uaU5rOTBNV0c3NWpPcTFjRUVlMnpJQWhoNUlVeWRtYmhNUXZ5enA5TkN0bjFyZGdoRUEtbkNlcHcwdXhlM1NPSkVuYmxjR0hnUHhaRmdYMG16ZjZOdUlGa3VOdHhDdW82c1N2N2pxdk1jWDJuTFpQMEFFeERZUFRleEVxd2ZMeDlvQ0pqTGxab3RFbWZIODdFTGpSNjZmWHc?oc=5,"Thu, 19 Feb 2026 08:00:00 GMT",Morgan Stanley,정유/화학,https://news.google.com/rss/articles/CBMiogFBVV95cUxNQW5uaU5rOTBNV0c3NWpPcTFjRUVlMnpJQWhoNUlVeWRtYmhNUXZ5enA5TkN0bjFyZGdoRUEtbkNlcHcwdXhlM1NPSkVuYmxjR0hnUHhaRmdYMG16ZjZOdUlGa3VOdHhDdW82c1N2N2pxdk1jWDJuTFpQMEFFeERZUFRleEVxd2ZMeDlvQ0pqTGxab3RFbWZIODdFTGpSNjZmWHc?oc=5,,False,본문 수집 제한 개수를 초과했습니다.,False,,2026-09-13 09:17:29
미국,스프레드,스프레드,스프레드 stock market earnings investment,Alternative Credit Solutions for Insurers - cvc.com,https://news.google.com/rss/articles/CBMiigFBVV95cUxQVXgyWHBIRmdTVHcyZlFYTGwycHNZbTg1R3hDLWZzdjVQWWppQUFSZ0MyUU41X3hnWGxKZ2RvS3JaSk5kWmhlaWFZSGhUOUxMTGtZU1o2TzZsQ0hZMC0yWmFiREdQWWVqZ1NMc2I4d1JLU1RqNmRHOGhrNEdpTDVCSHUwSS1iQzVoZUE?oc=5,"Thu, 15 Jan 2026 08:00:00 GMT",cvc.com,정유/화학,https://news.google.com/rss/articles/CBMiigFBVV95cUxQVXgyWHBIRmdTVHcyZlFYTGwycHNZbTg1R3hDLWZzdjVQWWppQUFSZ0MyUU41X3hnWGxKZ2RvS3JaSk5kWmhlaWFZSGhUOUxMTGtZU1o2TzZsQ0hZMC0yWmFiREdQWWVqZ1NMc2I4d1JLU1RqNmRHOGhrNEdpTDVCSHUwSS1iQzVoZUE?oc=5,,False,본문 수집 제한 개수를 초과했습니다.,False,,2026-09-13 09:17:29
일본,국제유가,原油価格,原油価格 日本 株式市場 企業,日経平均株価は続落、原油価格高騰で日本株はさらに下落する? - EBC Financial Group,https://news.google.com/rss/articles/CBMiUkFVX3lxTFA1TWNKelJ6M2p5LXRNeDNSVEtLd250bHVTM08zVGQwZUNVcEtvdFdXSi1xbTItdkl3VVQ3VWQ1c1ZqMTYxeU11dmNhT3JHSHBlTGc?oc=5,"Fri, 11 Sep 2026 06:51:00 GMT",EBC Financial Group,정유/화학,https://www.ebc.com/jp/forex/311713.html,www.ebc.com,True,,True,,2026-09-13 09:17:29
일본,국제유가,原油価格,原油価格 日本 株式市場 企業,【マーケットセンサー】原油１００ドル突破、日本株に広がる明暗――物価高・金利高で問われる企業の「値上げ力」 - kabu-ir.com,https://news.google.com/rss/articles/CBMiVEFVX3lxTE1Rb1BoQ20yem1faDI2dXI5TTZvR2EySm9PVmF0S0dPamFjZEdsSUtNNHlWdGotRUwteHc2b1NaOFlUcFhfbEZsakRUV3dNb2hXUEpFVw?oc=5,"Thu, 10 Sep 2026 11:13:53 GMT",kabu-ir.com,정유/화학,https://news.google.com/rss/articles/CBMiVEFVX3lxTE1Rb1BoQ20yem1faDI2dXI5TTZvR2EySm9PVmF0S0dPamFjZEdsSUtNNHlWdGotRUwteHc2b1NaOFlUcFhfbEZsakRUV3dNb2hXUEpFVw?oc=5,,False,403 Client Error: Forbidden for url: https://kabu-ir.com/article/521525490.html,True,,2026-09-13 09:17:29
일본,국제유가,原油価格,原油価格 日本 株式市場 企業,原油価格が下落、長期金利も低下し株式市場は堅調に商いをスタート - online.nikkei-cnbc.co.jp,https://news.google.com/rss/articles/CBMiVEFVX3lxTE9sTWQxb283RU5tWHRqMkIyX2RVSHlmS29BS3Y0bmIwQ1E1dHZSb1g2VkhqUVJkNFU4cE11MzZ1TWxpZ0FHT0F5QTJpODdLOUg5ZlFwag?oc=5,"Mon, 03 Aug 2026 23:37:27 GMT",online.nikkei-cnbc.co.jp,정유/화학,https://online.nikkei-cnbc.co.jp/vod/67080,online.nikkei-cnbc.co.jp,True,,True,,2026-09-13 09:17:29
일본,국제유가,原油価格,原油価格 日本 株式市場 企業,非日常的な原油と日本株の過度な連動は一巡するとみる 次の相場も視野に 野村證券ストラテジストが解説 - nomura.co.jp,https://news.google.com/rss/articles/CBMiX0FVX3lxTE1mVFNFZmU4Wk96S3VkT1BiT29hb0s0X3BOMnl5WWNMUVhQeDdNYXlGVnNjX0lRNVh1cUl5SEVFTGlaLU9ZT1JLaVRqRmlJMHIyejFhb19lYWNLSHNacm9z?oc=5,"Fri, 13 Mar 2026 05:24:44 GMT",nomura.co.jp,정유/화학,https://www.nomura.co.jp/wealthstyle/article/0647/,www.nomura.co.jp,True,,True,,2026-09-13 09:17:29
일본,국제유가,原油価格,原油価格 日本 株式市場 企業,ホルムズ海峡の実質封鎖の長期化を懸念 中東情勢の緊迫化を受けた日本株式市場 - smd-am.co.jp,https://news.google.com/rss/articles/CBMifEFVX3lxTE9CYTFPTm9Oc2RtTHFPeGZKVS1WVFAzYUdhZU1xV1VhcVhNX1JGWHBlTG83YXV3aVZsWDJVQlBSWm56UlVLUkIxbXctOFBrRmFhbngxVXN5blZOdk9iUVlUOFAwcG9sWHVHaTV3RDhBUExyUlNDamF5LXE5aGk?oc=5,"Wed, 04 Mar 2026 08:00:00 GMT",smd-am.co.jp,정유/화학,https://news.google.com/rss/articles/CBMifEFVX3lxTE9CYTFPTm9Oc2RtTHFPeGZKVS1WVFAzYUdhZU1xV1VhcVhNX1JGWHBlTG83YXV3aVZsWDJVQlBSWm56UlVLUkIxbXctOFBrRmFhbngxVXN5blZOdk9iUVlUOFAwcG9sWHVHaTV3RDhBUExyUlNDamF5LXE5aGk?oc=5,,False,본문 수집 제한 개수를 초과했습니다.,False,,2026-09-13 09:17:29
중동,국제유가,oil prices Middle East,oil prices Middle East Middle East Gulf Saudi UAE Qatar oil LNG defense energy investment,Gulf States Rush to Reduce Hormuz Dependence After Iran War Shock - Modern Diplomacy,https://news.google.com/rss/articles/CBMipwFBVV95cUxOM1Q4bmJTTmxFTFdJN19VTG93bDIydFZERWpaNkk0TWdraHdwUVpqVlQtVWNQMWswRzdYRENvQjRCME0xR3U5N243R0NtV0VaV3lDcWd4UTZYcy1OY3RIbEJhaDczbnRuWldXRHljSWdoblE1ZG9JZjNtNXVuMGhtYy11ZTFtNGpPWnNGVU12akI5VkRYdWZJbkFBakFrVzFTREZHQm1sVQ?oc=5,"Thu, 18 Jun 2026 07:00:00 GMT",Modern Diplomacy,정유/화학,https://moderndiplomacy.eu/2026/06/18/gulf-states-rush-to-reduce-hormuz-dependence-after-iran-war-shock/,moderndiplomacy.eu,True,,True,,2026-09-13 09:17:29
중동,정유,refinery Middle East,refinery Middle East Middle East Gulf Saudi UAE Qatar oil LNG defense energy investment,Post-War Gulf Faces Push for Alternative Export Routes - Offshore Engineer Magazine,https://news.google.com/rss/articles/CBMilwFBVV95cUxNRzlySG9veUljZFdNdTFCX1VGdklHZFhZazllQllIMENveHpRcFZmTTQtbXBUcXNJd2FWb0Zmb3N4TlIzVnZVNUxieGZ5ckRUazJ5MGMtMHJKRE1CWTAzOTdST0pJWnJVUmNIZTR5RTY5ZXRVNUp1SDJKd0ZIcl9SazZOWER4eXB0OGY5czZtdXJYdXczamM0?oc=5,"Thu, 18 Jun 2026 07:00:00 GMT",Offshore Engineer Magazine,정유/화학,https://www.oedigital.com/news/540433-post-war-gulf-faces-push-for-alternative-export-routes,www.oedigital.com,True,,True,,2026-09-13 09:17:29
중동,석유화학,petrochemical Middle East,petrochemical Middle East Middle East Gulf Saudi UAE Qatar oil LNG defense energy investment,India's energy security at a crossroads: The Hormuz crisis and an opportunity for US-India cooperation - Atlantic Council,https://news.google.com/rss/articles/CBMi5wFBVV95cUxQem9WQkJEVnBqWDZXZmJ5ZzJzT2hETzQ3SF9FbG1rUWc4SmdsOFRFS1NOaXh1TjdBeFZxTlBfT19kSXRFcWEtSWJHVG5YTExfdFo0dlQ2U09LRkVDUUNzRTdPTHJoSTk0N2wydVdhOVBwbjc4dk50Qmt5WXc2YUtfSTNPUFgtLXNkWDZUVGJjZzFZOGswa09HMkU4Nlh6ZXYyVGJzOWJXODFydTZVQ0drSGo4TGlkWE9BaVNoWVNTZUFTUGRFMURQSWF3OWZSWXJFYlA2Zjh5bk9pYS1oR010UjA0LUMya3c?oc=5,"Fri, 05 Jun 2026 07:00:00 GMT",Atlantic Council,정유/화학,https://www.atlanticcouncil.org/blogs/energysource/indias-energy-security-at-a-crossroads-the-hormuz-crisis-and-an-opportunity-for-us-india-cooperation/,www.atlanticcouncil.org,True,,True,,2026-09-13 09:17:29
중동,국제유가,oil prices Middle East,oil prices Middle East Middle East Gulf Saudi UAE Qatar oil LNG defense energy investment,Iran Conflict Hits Foundations of Gulf Economies - Stimson Center,https://news.google.com/rss/articles/CBMihAFBVV95cUxONXl4UGVOQWN4bEtObEF6aHQyUUVPeWZUMFVQejJDcTE3RGpSVFBqcjRXdEc0cVBVN2xDWUNhLURMVEdaQlBMTGNXOEtMQWQxc0htS3c0bDByMUtNZkRGM2hEQlo5eGpwRGRoRnlYZTZTdERFcjFXWDhaVmVIWGJzTzlxTG4?oc=5,"Tue, 12 May 2026 07:00:00 GMT",Stimson Center,정유/화학,https://www.stimson.org/2026/iran-conflict-hits-foundations-of-gulf-economies/,www.stimson.org,True,,True,,2026-09-13 09:17:29
중동,석유화학,petrochemical Middle East,petrochemical Middle East Middle East Gulf Saudi UAE Qatar oil LNG defense energy investment,Emirati Crown Prince’s Trip to China Underscores Importance of Petrodollar Dominance - fdd.org,https://news.google.com/rss/articles/CBMiwgFBVV95cUxNLUl2dThfR2Nnd24zR3ZON1JQRWdzWE9SWjFITU9MRnR1Q3ZIU0Z3MG1vc3VaOFVoN2w3blBTTFBpMTA0bjVpYy15cmZsTXhXU1hXUC1LQlRja0w2cHlaUUxCUVIyY0ZmaURidFVYNnlneEgzUGtaYklXX1FqdEZMdnowbDAzaGpLVGR5WjFUVFFIR0l6NVdBaXpVTkdSMWc0VFpCMVpGZ2JPVHBHVWwya3BzSXZla0FNbW1NNTFxNEJuUQ?oc=5,"Wed, 15 Apr 2026 07:00:00 GMT",fdd.org,정유/화학,https://news.google.com/rss/articles/CBMiwgFBVV95cUxNLUl2dThfR2Nnd24zR3ZON1JQRWdzWE9SWjFITU9MRnR1Q3ZIU0Z3MG1vc3VaOFVoN2w3blBTTFBpMTA0bjVpYy15cmZsTXhXU1hXUC1LQlRja0w2cHlaUUxCUVIyY0ZmaURidFVYNnlneEgzUGtaYklXX1FqdEZMdnowbDAzaGpLVGR5WjFUVFFIR0l6NVdBaXpVTkdSMWc0VFpCMVpGZ2JPVHBHVWwya3BzSXZla0FNbW1NNTFxNEJuUQ?oc=5,,False,본문 수집 제한 개수를 초과했습니다.,False,,2026-09-13 09:17:29
중동,정유,refinery Middle East,refinery Middle East Middle East Gulf Saudi UAE Qatar oil LNG defense energy investment,Here’s A List Of Gulf Energy Infrastructure Damaged In Iran War - gCaptain,https://news.google.com/rss/articles/CBMijAFBVV95cUxPSjgtRGdydDNncm9NX3F3OFlpZW5PMTJlNFM3d1VRUnd0azJqVm9pSWdYcTgtNXBNbzVYcDJuZTRoSGo4TkJsd0VISmNXUzBUMGM4QTJ1YjAzdGlUNUF2R0hGOHktSjNJZENnQzVoQWJNM18yUXlVdmUtU2J6Wl9zRG12UVkxZm9YNXNaOA?oc=5,"Sat, 11 Apr 2026 07:00:00 GMT",gCaptain,정유/화학,https://news.google.com/rss/articles/CBMijAFBVV95cUxPSjgtRGdydDNncm9NX3F3OFlpZW5PMTJlNFM3d1VRUnd0azJqVm9pSWdYcTgtNXBNbzVYcDJuZTRoSGo4TkJsd0VISmNXUzBUMGM4QTJ1YjAzdGlUNUF2R0hGOHktSjNJZENnQzVoQWJNM18yUXlVdmUtU2J6Wl9zRG12UVkxZm9YNXNaOA?oc=5,,False,본문 수집 제한 개수를 초과했습니다.,False,,2026-09-13 09:17:29
중동,정유,refinery Middle East,refinery Middle East Middle East Gulf Saudi UAE Qatar oil LNG defense energy investment,Here’s a List of Gulf Energy Infrastructure Damaged in Iran War - EnergyNow.com,https://news.google.com/rss/articles/CBMimwFBVV95cUxNQlM1bDVLeU5NUC1WRGZEY3YzX2twOTJROEczM2QwX3YwbTNTQzh0aWhOS0V5RV96ZGx1TGJOYjE0UkZVUFVJYWIzNWtYQXJ0VmdSWWc2ZXBEcVlHWTZUM0dDcE5TS1JWWkJ6c0RuWHQxZEJDT0ZDd2hFbU9IY1lKVmhKQXlVQ09hd0R1XzRhRkZwajVpOTNsZWo2WQ?oc=5,"Mon, 06 Apr 2026 17:59:45 GMT",EnergyNow.com,정유/화학,https://news.google.com/rss/articles/CBMimwFBVV95cUxNQlM1bDVLeU5NUC1WRGZEY3YzX2twOTJROEczM2QwX3YwbTNTQzh0aWhOS0V5RV96ZGx1TGJOYjE0UkZVUFVJYWIzNWtYQXJ0VmdSWWc2ZXBEcVlHWTZUM0dDcE5TS1JWWkJ6c0RuWHQxZEJDT0ZDd2hFbU9IY1lKVmhKQXlVQ09hd0R1XzRhRkZwajVpOTNsZWo2WQ?oc=5,,False,본문 수집 제한 개수를 초과했습니다.,False,,2026-09-13 09:17:29
중동,국제유가,oil prices Middle East,oil prices Middle East Middle East Gulf Saudi UAE Qatar oil LNG defense energy investment,The Iran conflict’s energy shocks are not yet fully realized - Brookings,https://news.google.com/rss/articles/CBMimwFBVV95cUxQTmtqTVRXbHNTNXpMVW1Rdm53cFNDVGxRNkNLM0l2WnVJMmFLWU1yTzh5OHFXSGo4ZGpiRUR4ODMtaU44WTNqOGc0bzNjZ0RvWGVWVjBTQzZuZ1R1ZVhYT3hPVjIzTm1DRDBKby1LVzNneGUtcE5KU2NXQ2pzVkxHM0tKd09peFNGd3hRSTF5Sm90eXBJbEdpR2FvSQ?oc=5,"Wed, 01 Apr 2026 07:00:00 GMT",Brookings,정유/화학,https://news.google.com/rss/articles/CBMimwFBVV95cUxQTmtqTVRXbHNTNXpMVW1Rdm53cFNDVGxRNkNLM0l2WnVJMmFLWU1yTzh5OHFXSGo4ZGpiRUR4ODMtaU44WTNqOGc0bzNjZ0RvWGVWVjBTQzZuZ1R1ZVhYT3hPVjIzTm1DRDBKby1LVzNneGUtcE5KU2NXQ2pzVkxHM0tKd09peFNGd3hRSTF5Sm90eXBJbEdpR2FvSQ?oc=5,,False,본문 수집 제한 개수를 초과했습니다.,False,,2026-09-13 09:17:29
중동,국제유가,oil prices Middle East,oil prices Middle East Middle East Gulf Saudi UAE Qatar oil LNG defense energy investment,Gulf Situation Assessment: Iran’s Attacks on Arab States Will Backfire - Middle East Forum,https://news.google.com/rss/articles/CBMipgFBVV95cUxOZ2p2NkFfRzhEeDRlR2czdVlrV2NIX2ZvWVpaODdxelMtYzA1b3JiSEJpTFRoNnM3T2dlYmRFU0ZGZ3EwN00tbTAwOXhiQmozOFNqdFNPeW5sS1BySm9wNzR4eFFpQmNILWFDOWZrWDRFOGNmTGdoN2dnTXQ4bHkwNG1OUldoNFQzMHozdG9ra0xRdG94WkxKM29TOFBqWl9pQjZucW1R?oc=5,"Sun, 08 Mar 2026 08:00:00 GMT",Middle East Forum,정유/화학,https://news.google.com/rss/articles/CBMipgFBVV95cUxOZ2p2NkFfRzhEeDRlR2czdVlrV2NIX2ZvWVpaODdxelMtYzA1b3JiSEJpTFRoNnM3T2dlYmRFU0ZGZ3EwN00tbTAwOXhiQmozOFNqdFNPeW5sS1BySm9wNzR4eFFpQmNILWFDOWZrWDRFOGNmTGdoN2dnTXQ4bHkwNG1OUldoNFQzMHozdG9ra0xRdG94WkxKM29TOFBqWl9pQjZucW1R?oc=5,,False,본문 수집 제한 개수를 초과했습니다.,False,,2026-09-13 09:17:29
중동,국제유가,oil prices Middle East,oil prices Middle East Middle East Gulf Saudi UAE Qatar oil LNG defense energy investment,Live Updates: Iran and the Conflict in the Middle East - CGEP,https://news.google.com/rss/articles/CBMilgFBVV95cUxNRng0T204MXdXVU9HSGUtR0J4ckJfWm9YU3V6c2ljaW5OTS01Ukk1NHIxN3pCWURDTGZITlNfYVFkUW5lQmI1b3RMYjBZQVdZZHNnWGpCNjZUaHVlQjZoZUEwWW5FdERTVDBwNVRrblp0MXR6QWpUNW9JSTc1U0lzdEM1SUJOT0szSmZJV0Z2MXJ0Y19hMGc?oc=5,"Mon, 02 Mar 2026 17:11:55 GMT",CGEP,정유/화학,https://news.google.com/rss/articles/CBMilgFBVV95cUxNRng0T204MXdXVU9HSGUtR0J4ckJfWm9YU3V6c2ljaW5OTS01Ukk1NHIxN3pCWURDTGZITlNfYVFkUW5lQmI1b3RMYjBZQVdZZHNnWGpCNjZUaHVlQjZoZUEwWW5FdERTVDBwNVRrblp0MXR6QWpUNW9JSTc1U0lzdEM1SUJOT0szSmZJV0Z2MXJ0Y19hMGc?oc=5,,False,본문 수집 제한 개수를 초과했습니다.,False,,2026-09-13 09:17:29
국내,선박 수주,선박 수주,선박 수주,세계 선박 발주 줄었는데 중국은 85%…K조선 수주 점유율 7%로 - v.daum.net,https://news.google.com/rss/articles/CBMiT0FVX3lxTE1YbE1vMDBqck1waWFrV2pNOERqb0VVc3pTYzEyVGJnYmF2LVhGNW44Q0NrMGVLMXBLZUo2b1JVMzVkeUxBVnRZaENWcmc0c0k?oc=5,"Sat, 12 Sep 2026 23:00:00 GMT",v.daum.net,조선,https://v.daum.net/v/20260913080011940,v.daum.net,True,,True,,2026-09-13 09:18:21
국내,조선,조선,조선,[신간] 조선 후기 국가 운영 매뉴얼 '승정원 업무 규정'…『은대편고』 8년 만에 완역 - 프레시안,https://news.google.com/rss/articles/CBMia0FVX3lxTE9CeTJXRzdCWFRTZzlqQWRrSk5CT19ZY2VwSFJES3l4czU5TFNpQUJTYVBvYzhncHhybUdsUmlKeDVFbXFLUzNZWTM1OXNtOU5iQUx6a2YwMmt3X2t6T1VfZnFYVEJYMWdhcm1j?oc=5,"Sat, 12 Sep 2026 22:55:46 GMT",프레시안,조선,https://www.pressian.com/pages/articles/2026091307554669245,www.pressian.com,True,,True,,2026-09-13 09:18:21
국내,조선,조선,조선,“조선압록강담배공장?” 국밥서 수상한 비닐이… - 문화일보,https://news.google.com/rss/articles/CBMiUEFVX3lxTFBkMzRYOHNOaDUyU01lc0JJNXlicWF6a3BMUGk1d0hKYk85WjhZcVlkbDdYZTdaNTl1UG5BMGhfbTdxNW0tdzBVLVEzMWlib0Z5?oc=5,"Sat, 12 Sep 2026 09:53:08 GMT",문화일보,조선,https://www.munhwa.com/article/11616499,www.munhwa.com,True,,True,,2026-09-13 09:18:21
국내,조선,조선,조선,"국밥 먹는데 '조선압록강담배공장' 비닐이…""이게 왜 여기서 나와?"" - 주간조선",https://news.google.com/rss/articles/CBMiakFVX3lxTE5jaWgwZlN5amlZTnNmaEphZWlKOEhoMlZNMkV5MUFXUzJlNG1kZ0xpS2poVGY1MUVuTlJzXy15cGlZMXF4M01kc2dqaHpaazFFNk9ma2tMVFlEODF2bHJzeUZpN2xPZTlsSXc?oc=5,"Sat, 12 Sep 2026 02:00:00 GMT",주간조선,조선,http://weekly.chosun.com/news/articleView.html?idxno=55224,weekly.chosun.com,True,,True,,2026-09-13 09:18:21
국내,조선,조선,조선,조선 수군 최고 지휘부 있던 곳…거제 가배량진성 '진짜 역사' 찾았다 - v.daum.net,https://news.google.com/rss/articles/CBMiRkFVX3lxTE9CUnZaZGF0ZmdUY0EtVllXSWVFbU94UDN6SnlWdV93OW8xbXZ6d0o2cG5TNEVNUUlMb0ZVd3NjdUNFVlM0UkE?oc=5,"Fri, 11 Sep 2026 21:06:00 GMT",v.daum.net,조선,https://news.google.com/rss/articles/CBMiRkFVX3lxTE9CUnZaZGF0ZmdUY0EtVllXSWVFbU94UDN6SnlWdV93OW8xbXZ6d0o2cG5TNEVNUUlMb0ZVd3NjdUNFVlM0UkE?oc=5,,False,본문 수집 제한 개수를 초과했습니다.,False,,2026-09-13 09:18:21
국내,조선,조선,조선,국회 국방위원장 “국방부가 날 찾아와 파병 설득? 조선일보 오보” - 미디어오늘,https://news.google.com/rss/articles/CBMicEFVX3lxTE9icFk1eVFVNEM4X29GZlJBTGgwT20tSHRfblJXdHp5cER5UGJmOThBNFA1SGRyTjNqRElWbTFENVRmeC16bVZpSzQyclUxTlJNdFdvc3UzZVdpZnVZN0NfN2pueHhudVN4Sy1rbmVnTGM?oc=5,"Fri, 11 Sep 2026 07:27:00 GMT",미디어오늘,조선,https://news.google.com/rss/articles/CBMicEFVX3lxTE9icFk1eVFVNEM4X29GZlJBTGgwT20tSHRfblJXdHp5cER5UGJmOThBNFA1SGRyTjNqRElWbTFENVRmeC16bVZpSzQyclUxTlJNdFdvc3UzZVdpZnVZN0NfN2pueHhudVN4Sy1rbmVnTGM?oc=5,,False,본문 수집 제한 개수를 초과했습니다.,False,,2026-09-13 09:18:21
국내,조선업,조선업,조선업,"[아시아포럼] ""인도 경제 빠르게 성장…韓 기업, 조선업·AI 주목해야"" - newspim.com",https://news.google.com/rss/articles/CBMiXEFVX3lxTE0xRnFCOWhsOTVEblFyOFF1dUxvQ0hGQmxUTk00TkIyai1kOXUzVUNoR3o3N2pDZ1pKZTNKUnBfR3NuRWh3bWVJVDF6bko1bEJYSGtFMHVGMU10LW10?oc=5,"Fri, 11 Sep 2026 03:26:00 GMT",newspim.com,조선,https://news.google.com/rss/articles/CBMiXEFVX3lxTE0xRnFCOWhsOTVEblFyOFF1dUxvQ0hGQmxUTk00TkIyai1kOXUzVUNoR3o3N2pDZ1pKZTNKUnBfR3NuRWh3bWVJVDF6bko1bEJYSGtFMHVGMU10LW10?oc=5,,False,본문 수집 제한 개수를 초과했습니다.,False,,2026-09-13 09:18:21
국내,조선업,조선업,조선업,[이슈대담] 변광용 “수해 복구 총력…조선업 유출 막고 위기 극복할 것” - v.daum.net,https://news.google.com/rss/articles/CBMiT0FVX3lxTFBpME5wSGQwSk5DR1VuZzZlaV9BS1dEenBlRFI0aDZmSFlyRUhUeXRPVVNsYk1tbDVfTE9ta2V1T0E1ZXFSUEhGY2dfTU82QjA?oc=5,"Thu, 10 Sep 2026 11:00:47 GMT",v.daum.net,조선,https://news.google.com/rss/articles/CBMiT0FVX3lxTFBpME5wSGQwSk5DR1VuZzZlaV9BS1dEenBlRFI0aDZmSFlyRUhUeXRPVVNsYk1tbDVfTE9ta2V1T0E1ZXFSUEhGY2dfTU82QjA?oc=5,,False,본문 수집 제한 개수를 초과했습니다.,False,,2026-09-13 09:18:21
국내,LNG선,LNG선,LNG선,[단독] 로열티만 年 수천억…'LNG선 화물창' 국산화 재도전 - 한국경제,https://news.google.com/rss/articles/CBMiWkFVX3lxTE5SLXMtczd1LUdjNVp4eWRjbV82aVkxLWZEVXEwajk1SkIwWTRxRENrampQNDQzLW0yVWVNNmE5LW5XWjZQMlk5T2d5MnRkX29JSG8wUm5LU3FUdw?oc=5,"Thu, 10 Sep 2026 08:44:53 GMT",한국경제,조선,https://news.google.com/rss/articles/CBMiWkFVX3lxTE5SLXMtczd1LUdjNVp4eWRjbV82aVkxLWZEVXEwajk1SkIwWTRxRENrampQNDQzLW0yVWVNNmE5LW5XWjZQMlk5T2d5MnRkX29JSG8wUm5LU3FUdw?oc=5,,False,본문 수집 제한 개수를 초과했습니다.,False,,2026-09-13 09:18:21
국내,LNG선,LNG선,LNG선,[취재후일담] K-조선 친환경 경쟁력 한계…“LNG선 이후 생각할 때” - 아시아투데이,https://news.google.com/rss/articles/CBMibkFVX3lxTE9kT0hxQnBSVUUyMTJKejJJbVFkdDFUVlNfUGZkQzJ0ZlJmdG44bmczd2JhZHBfUEZQNm5Ldk14eHZrMDlkSlRtNjJBVlRBZGxOTDhfSndpVGRjMTVvTjd5RWVMTnRONlpITjRqamhn?oc=5,"Thu, 10 Sep 2026 08:03:07 GMT",아시아투데이,조선,https://news.google.com/rss/articles/CBMibkFVX3lxTE9kT0hxQnBSVUUyMTJKejJJbVFkdDFUVlNfUGZkQzJ0ZlJmdG44bmczd2JhZHBfUEZQNm5Ldk14eHZrMDlkSlRtNjJBVlRBZGxOTDhfSndpVGRjMTVvTjd5RWVMTnRONlpITjRqamhn?oc=5,,False,본문 수집 제한 개수를 초과했습니다.,False,,2026-09-13 09:18:21
국내,해양플랜트,해양플랜트,해양플랜트,기념사하는 이상균 한국조선해양플랜트협회장 - yna.co.kr,https://news.google.com/rss/articles/CBMiYEFVX3lxTE03TENkQnI2SHo0cDBvRVlLa25TUHlXMEVSWW9XS1hUVEF6V3ZKZkhyUmFwMUZGbWVpNGNvMmlvZkZ4bG14RWJOMmM4WURvd1J3N2l3V1Y4QXZkRDlVOWw3UNIBYEFVX3lxTE03TENkQnI2SHo0cDBvRVlLa25TUHlXMEVSWW9XS1hUVEF6V3ZKZkhyUmFwMUZGbWVpNGNvMmlvZkZ4bG14RWJOMmM4WURvd1J3N2l3V1Y4QXZkRDlVOWw3UA?oc=5,"Thu, 10 Sep 2026 08:01:07 GMT",yna.co.kr,조선,https://news.google.com/rss/articles/CBMiYEFVX3lxTE03TENkQnI2SHo0cDBvRVlLa25TUHlXMEVSWW9XS1hUVEF6V3ZKZkhyUmFwMUZGbWVpNGNvMmlvZkZ4bG14RWJOMmM4WURvd1J3N2l3V1Y4QXZkRDlVOWw3UNIBYEFVX3lxTE03TENkQnI2SHo0cDBvRVlLa25TUHlXMEVSWW9XS1hUVEF6V3ZKZkhyUmFwMUZGbWVpNGNvMmlvZkZ4bG14RWJOMmM4WURvd1J3N2l3V1Y4QXZkRDlVOWw3UA?oc=5,,False,본문 수집 제한 개수를 초과했습니다.,False,,2026-09-13 09:18:21
국내,해양플랜트,해양플랜트,해양플랜트,해양플랜트 서비스산업 타당성조사 지원 대상사업 공모 - 데일리뉴스,https://news.google.com/rss/articles/CBMihANBVV95cUxQUFJSUU4wM3RNVzEzejR5U3pjeFQ1TWVMTFQzRGJ0SDhPLWRwMFNsV2ZZdE1Mc1JhbE9TeVhDbjlnVW5wX3hfNTFWZm1LTnNFa2xmeFYzekNLR0RjaWIydFdwZWtaV1A5LTIwY1hXQ2c0UWJPVS1KbTZpSDhqWUhpc2VLM1E5aXJiOEFxbDhYbHlPM0huWm5sRzhQWWc2QXZFbC15UmxzZS1iaGVYWC1oMjF2WGtpV3ZvXzJWRDZmNDlmU2ZpV2JNQ2pUMXFPWjhnNllMUTEyRlk0VXUwd3d2SElmdHpFQ0ItMjFrU1BzbklzQUEzbnotSHhzWnAwcC1tdDJ1UFZLb0Uxa2hzY2tjQlB1cktlaFRtUDlTejVMd0trMXBUQVlJdkQzckZQUFk2RmJzT3FPc1hYRzQ2UXNPd29NbjJzVy1kVzJzcWFuZmhGQW9tT3pWbUREdVdaZFdicjBySVA2WnZJUDJ0RDhKU0xaVTZHeDZjNU8tcmRMQmZfeGVO?oc=5,"Thu, 10 Sep 2026 05:02:00 GMT",데일리뉴스,조선,https://news.google.com/rss/articles/CBMihANBVV95cUxQUFJSUU4wM3RNVzEzejR5U3pjeFQ1TWVMTFQzRGJ0SDhPLWRwMFNsV2ZZdE1Mc1JhbE9TeVhDbjlnVW5wX3hfNTFWZm1LTnNFa2xmeFYzekNLR0RjaWIydFdwZWtaV1A5LTIwY1hXQ2c0UWJPVS1KbTZpSDhqWUhpc2VLM1E5aXJiOEFxbDhYbHlPM0huWm5sRzhQWWc2QXZFbC15UmxzZS1iaGVYWC1oMjF2WGtpV3ZvXzJWRDZmNDlmU2ZpV2JNQ2pUMXFPWjhnNllMUTEyRlk0VXUwd3d2SElmdHpFQ0ItMjFrU1BzbklzQUEzbnotSHhzWnAwcC1tdDJ1UFZLb0Uxa2hzY2tjQlB1cktlaFRtUDlTejVMd0trMXBUQVlJdkQzckZQUFk2RmJzT3FPc1hYRzQ2UXNPd29NbjJzVy1kVzJzcWFuZmhGQW9tT3pWbUREdVdaZFdicjBySVA2WnZJUDJ0RDhKU0xaVTZHeDZjNU8tcmRMQmZfeGVO?oc=5,,False,본문 수집 제한 개수를 초과했습니다.,False,,2026-09-13 09:18:21
국내,조선업,조선업,조선업,조선업 인력 부산행 “현장서 더 뽑아야” - 채널A,https://news.google.com/rss/articles/CBMiY0FVX3lxTE5MX3dLdlhQSGdQc1oySTZ5U2dWSmQ4Sm5WMURiMzFKc0N4YXNGSk01dkNMOWR2dTZKZ0pPYXpNUGF2Q1M1cmJzSXdqd254VUNGVjVuUERURENVbTFJVGEyZVNYTdIBY0FVX3lxTE5MX3dLdlhQSGdQc1oySTZ5U2dWSmQ4Sm5WMURiMzFKc0N4YXNGSk01dkNMOWR2dTZKZ0pPYXpNUGF2Q1M1cmJzSXdqd254VUNGVjVuUERURENVbTFJVGEyZVNYTQ?oc=5,"Thu, 10 Sep 2026 04:02:00 GMT",채널A,조선,https://news.google.com/rss/articles/CBMiY0FVX3lxTE5MX3dLdlhQSGdQc1oySTZ5U2dWSmQ4Sm5WMURiMzFKc0N4YXNGSk01dkNMOWR2dTZKZ0pPYXpNUGF2Q1M1cmJzSXdqd254VUNGVjVuUERURENVbTFJVGEyZVNYTdIBY0FVX3lxTE5MX3dLdlhQSGdQc1oySTZ5U2dWSmQ4Sm5WMURiMzFKc0N4YXNGSk01dkNMOWR2dTZKZ0pPYXpNUGF2Q1M1cmJzSXdqd254VUNGVjVuUERURENVbTFJVGEyZVNYTQ?oc=5,,False,본문 수집 제한 개수를 초과했습니다.,False,,2026-09-13 09:18:21
국내,LNG선,LNG선,LNG선,"러시아 ‘아틱 LNG 2’, 한화오션에 10억달러 배상 요구…Arc7 LNG선 계약 국제중재 - 해사신문",https://news.google.com/rss/articles/CBMia0FVX3lxTE53aUlUV0h4QlRlZjZ5OEhrajF0eVNtbWVmQVlpbGZfc0oyVEk4UVJySTdJSkpVLVA0Z1RmM2xSX0xLRzdPOFdLOERCQlZGdHdrR1piWnlySTNmMHRVakkwVFVPTnBNdkl2Zmlr?oc=5,"Wed, 09 Sep 2026 16:48:00 GMT",해사신문,조선,https://news.google.com/rss/articles/CBMia0FVX3lxTE53aUlUV0h4QlRlZjZ5OEhrajF0eVNtbWVmQVlpbGZfc0oyVEk4UVJySTdJSkpVLVA0Z1RmM2xSX0xLRzdPOFdLOERCQlZGdHdrR1piWnlySTNmMHRVakkwVFVPTnBNdkl2Zmlr?oc=5,,False,본문 수집 제한 개수를 초과했습니다.,False,,2026-09-13 09:18:21
국내,해양플랜트,해양플랜트,해양플랜트,"선박해양플랜트연구소, 해군·ADD와 미래 해양 무인체계 발전 협약 - 로봇신문",https://news.google.com/rss/articles/CBMibEFVX3lxTE8xNG9pczRSSWNQbFhkR3RPVGVTMUhLQl9aajRnWER5SEx3WmhTbVBTb0hGbzRITHlOa0ZHUUEwUklaNGl5UnZkRjFJYkxLOWxlOHlKd1hIU3lkWlRBWHRZQzBNTDlLQzR5YWloVw?oc=5,"Wed, 09 Sep 2026 13:57:48 GMT",로봇신문,조선,https://news.google.com/rss/articles/CBMibEFVX3lxTE8xNG9pczRSSWNQbFhkR3RPVGVTMUhLQl9aajRnWER5SEx3WmhTbVBTb0hGbzRITHlOa0ZHUUEwUklaNGl5UnZkRjFJYkxLOWxlOHlKd1hIU3lkWlRBWHRZQzBNTDlLQzR5YWloVw?oc=5,,False,본문 수집 제한 개수를 초과했습니다.,False,,2026-09-13 09:18:21
국내,해양플랜트,해양플랜트,해양플랜트,해양 무인체계 기술 고도화···해양플랜트연·해군·ADD '맞손' - 헬로디디,https://news.google.com/rss/articles/CBMiakFVX3lxTE1mbW1mZnhyRE9ZM3hrT1FnMjJZTlpwRm54aDJ2QXZwRGFzYm1wMEM2ZWZKWFhULXVjWlFrdXdpZ2ZvbDRUTlgxYlpmdmNUNFIyUl94RlB5T0QtUkpjNGRWZzVkQ09WMUxZR2c?oc=5,"Wed, 09 Sep 2026 07:40:00 GMT",헬로디디,조선,https://news.google.com/rss/articles/CBMiakFVX3lxTE1mbW1mZnhyRE9ZM3hrT1FnMjJZTlpwRm54aDJ2QXZwRGFzYm1wMEM2ZWZKWFhULXVjWlFrdXdpZ2ZvbDRUTlgxYlpmdmNUNFIyUl94RlB5T0QtUkpjNGRWZzVkQ09WMUxZR2c?oc=5,,False,본문 수집 제한 개수를 초과했습니다.,False,,2026-09-13 09:18:21
국내,조선업,조선업,조선업,"日, 조선업 부활에 6000억엔 투자…이마바리·JMU·나무라에 집중 지원 - 해사신문",https://news.google.com/rss/articles/CBMia0FVX3lxTE8zSHhNNjhSR29DUU1XWVFxTUYzcnU5U3FEN3ZtVmhNbHdtaUFlQzdURXc0X1JJRFZROGdRT1paVHI2RmNjcWNEcUo1V1ZXQjlJZmJqWHVQTzdDVHhBZmJ0V1Z3Wng2SmNUZ2I4?oc=5,"Wed, 09 Sep 2026 02:32:44 GMT",해사신문,조선,https://news.google.com/rss/articles/CBMia0FVX3lxTE8zSHhNNjhSR29DUU1XWVFxTUYzcnU5U3FEN3ZtVmhNbHdtaUFlQzdURXc0X1JJRFZROGdRT1paVHI2RmNjcWNEcUo1V1ZXQjlJZmJqWHVQTzdDVHhBZmJ0V1Z3Wng2SmNUZ2I4?oc=5,,False,본문 수집 제한 개수를 초과했습니다.,False,,2026-09-13 09:18:21
국내,조선업,조선업,조선업,"“역대급 호황, 지금도 싸다”…‘조선의 국모’가 찍은 K조선주 1등 - 중앙일보",https://news.google.com/rss/articles/CBMiVkFVX3lxTFAtci1zbGZxT1FFV2R1VjBqTFAtN2hyaHdUU3FvM19ORkhhczRwZzFkek1HcUNUWGV6cmRVWUNzMEpfMU5qQ0pjSXNTNUhJWWxNNDZqYTdR?oc=5,"Tue, 08 Sep 2026 20:00:02 GMT",중앙일보,조선,https://news.google.com/rss/articles/CBMiVkFVX3lxTFAtci1zbGZxT1FFV2R1VjBqTFAtN2hyaHdUU3FvM19ORkhhczRwZzFkek1HcUNUWGV6cmRVWUNzMEpfMU5qQ0pjSXNTNUhJWWxNNDZqYTdR?oc=5,,False,본문 수집 제한 개수를 초과했습니다.,False,,2026-09-13 09:18:21
국내,LNG선,LNG선,LNG선,"日이 개발한 세계 첫 '쌍돛 LNG선', 왜 韓서 만들었나 - v.daum.net",https://news.google.com/rss/articles/CBMiRkFVX3lxTE1VNS1tS01sNGllSGF4UGdrNHZZTU9YS2hRRk54VFg5ZC1oY1p2X2dUYWdoODhxdFZTaW81SEd4ZnEycXRpYkE?oc=5,"Tue, 08 Sep 2026 04:23:11 GMT",v.daum.net,조선,https://news.google.com/rss/articles/CBMiRkFVX3lxTE1VNS1tS01sNGllSGF4UGdrNHZZTU9YS2hRRk54VFg5ZC1oY1p2X2dUYWdoODhxdFZTaW81SEd4ZnEycXRpYkE?oc=5,,False,본문 수집 제한 개수를 초과했습니다.,False,,2026-09-13 09:18:21
국내,선박 수주,선박 수주,선박 수주,[경제일보] 선박부터 수주하고 조선소 만든 HD현대…54년 선행투자 DNA - 아주경제,https://news.google.com/rss/articles/CBMiWEFVX3lxTE94V1BNV3AxT0kzeklzMTJBVHltYnlTUXQ3cGF0VnF0cmxzdGp4OEgzQThaS2oyNjVRQXhjMkM1V1V6MjltTnNtaU5RWmlrX0hQelRZYUVNcFbSAVhBVV95cUxPeFdQTVdwMU9JM3pJczEyQVR5bWJ5U1F0N3BhdFZxdHJsc3RqeDhIM0E4WktqMjY1UUF4YzJDNVdVejI5bU5zbWlOUVppa19IUHpUWWFFTXBW?oc=5,"Tue, 08 Sep 2026 00:09:31 GMT",아주경제,조선,https://news.google.com/rss/articles/CBMiWEFVX3lxTE94V1BNV3AxT0kzeklzMTJBVHltYnlTUXQ3cGF0VnF0cmxzdGp4OEgzQThaS2oyNjVRQXhjMkM1V1V6MjltTnNtaU5RWmlrX0hQelRZYUVNcFbSAVhBVV95cUxPeFdQTVdwMU9JM3pJczEyQVR5bWJ5U1F0N3BhdFZxdHJsc3RqeDhIM0E4WktqMjY1UUF4YzJDNVdVejI5bU5zbWlOUVppa19IUHpUWWFFTXBW?oc=5,,False,본문 수집 제한 개수를 초과했습니다.,False,,2026-09-13 09:18:21
국내,선박 수주,선박 수주,선박 수주,"수주 호황 K조선, 유럽 친환경·AI 선박 공략 - 한겨레",https://news.google.com/rss/articles/CBMickFVX3lxTFBFUTdPZVotNHBSV3JrSzJjMDJmQVMyTUZYRzRUeHpnY3JTbDBLRktvUVp0dG5zd2R0QWN3VndKcVdKZjNoTVJvNHhxUTJaUU1McXBrVUU5eUY4Rmx3dUhjNEpqZXFwN0d2MXFhVEhDZVFnZw?oc=5,"Mon, 07 Sep 2026 10:10:00 GMT",한겨레,조선,https://news.google.com/rss/articles/CBMickFVX3lxTFBFUTdPZVotNHBSV3JrSzJjMDJmQVMyTUZYRzRUeHpnY3JTbDBLRktvUVp0dG5zd2R0QWN3VndKcVdKZjNoTVJvNHhxUTJaUU1McXBrVUU5eUY4Rmx3dUhjNEpqZXFwN0d2MXFhVEhDZVFnZw?oc=5,,False,본문 수집 제한 개수를 초과했습니다.,False,,2026-09-13 09:18:21
국내,선박 수주,선박 수주,선박 수주,8월 선박 수주 中 85% 독식…한국 7% ‘한 자릿수’ 추락 - 해사신문,https://news.google.com/rss/articles/CBMia0FVX3lxTE1WQnJmUUJ4MFZrYm5DamZtVTlJS3RWd1ZCc3dUUTY3dG5DMzJQa1FBZ01fd043VjFBbGJjRmk2VkpvWXVuTTVLbVFNZEM0c181WGF4V2FNcFdXeHlmcmNYMGc3empMNUczQmlv?oc=5,"Mon, 07 Sep 2026 01:43:09 GMT",해사신문,조선,https://news.google.com/rss/articles/CBMia0FVX3lxTE1WQnJmUUJ4MFZrYm5DamZtVTlJS3RWd1ZCc3dUUTY3dG5DMzJQa1FBZ01fd043VjFBbGJjRmk2VkpvWXVuTTVLbVFNZEM0c181WGF4V2FNcFdXeHlmcmNYMGc3empMNUczQmlv?oc=5,,False,본문 수집 제한 개수를 초과했습니다.,False,,2026-09-13 09:18:21
국내,해양플랜트,해양플랜트,해양플랜트,5년 간 해양 플랜트 일감 못 딴 한화오션… 4조원 규모 나미비아 프로젝트 수주 ‘안간힘’ - 조선비즈 - Chosunbiz,https://news.google.com/rss/articles/CBMihAFBVV95cUxQTVJLeGZYVlVkS3JjOEh5ZXQ3b0wzNjBrZl9lcExQTGN2eDdwcHp3b09KVnk4cUNCZzhXcDBnck1qMXAzcTFoNjZTY3gybVpwdXNrQUoyTUExOGRFODNjOEFkak5EUXI4ZDlfZ1lTUlp1b2p2UmpqME1nSVFlWkJPN21aWHbSAZgBQVVfeXFMUEhuMnZDaXp6RkFtUk1ZTUJseUx0bHRrMWxzcXg1anNueXhPX1FMeEMxS1g5RDJXT2locWRrWDF2Q1diNDdsYkdNQWxiWmlpUHdHN1NYMHVvNVhDWnJXX0J3aGlpVVBlTmxnRWNqYklySlJkNHBnVHpUbTVXZ3ZrclkxY2lseUd3T1hyclJzVm03YjBYSEp0NHU?oc=5,"Mon, 07 Sep 2026 00:43:00 GMT",Chosunbiz,조선,https://news.google.com/rss/articles/CBMihAFBVV95cUxQTVJLeGZYVlVkS3JjOEh5ZXQ3b0wzNjBrZl9lcExQTGN2eDdwcHp3b09KVnk4cUNCZzhXcDBnck1qMXAzcTFoNjZTY3gybVpwdXNrQUoyTUExOGRFODNjOEFkak5EUXI4ZDlfZ1lTUlp1b2p2UmpqME1nSVFlWkJPN21aWHbSAZgBQVVfeXFMUEhuMnZDaXp6RkFtUk1ZTUJseUx0bHRrMWxzcXg1anNueXhPX1FMeEMxS1g5RDJXT2locWRrWDF2Q1diNDdsYkdNQWxiWmlpUHdHN1NYMHVvNVhDWnJXX0J3aGlpVVBlTmxnRWNqYklySlJkNHBnVHpUbTVXZ3ZrclkxY2lseUd3T1hyclJzVm03YjBYSEp0NHU?oc=5,,False,본문 수집 제한 개수를 초과했습니다.,False,,2026-09-13 09:18:21
국내,선박 수주,선박 수주,선박 수주,"중국, 세계 선박 수주 85% 싹쓸이…한국 점유율 7%로 밀려 - 지디넷코리아",https://news.google.com/rss/articles/CBMiVkFVX3lxTE1sR2FBbTBqSkppVUg4Z1dCMWlMVVJMQ01lMmRyYkNKVU4wLWRRaUgzOWswT2VxM3JWdG1zeWgwc0gtcG9LbXk1aFVZSE1OeW5vYUtYZG5B?oc=5,"Fri, 04 Sep 2026 00:53:15 GMT",지디넷코리아,조선,https://news.google.com/rss/articles/CBMiVkFVX3lxTE1sR2FBbTBqSkppVUg4Z1dCMWlMVVJMQ01lMmRyYkNKVU4wLWRRaUgzOWswT2VxM3JWdG1zeWgwc0gtcG9LbXk1aFVZSE1OeW5vYUtYZG5B?oc=5,,False,본문 수집 제한 개수를 초과했습니다.,False,,2026-09-13 09:18:21
국내,LNG선,LNG선,LNG선,"UAE ADNOC L&S, 중국에 LNG선 추가 발주… 한중일 조선 3국 수주전 심화 - 글로벌이코노믹",https://news.google.com/rss/articles/CBMiiAFBVV95cUxOZngtOXk3S2Z0aVNUT3ZVWU92Sk1lUHhDYVlveHJRZ2xnNlQtekNXcEFDWGg0dXJrZGJFOTNxZUVjbHpucnJNSERnSXZGM2ZhR0FURU51WFl6clQ3UGtNMWdEU0ZNSXZmVzZPM0VrcS1ONHlYLWdOUVJxTHlONk9RZno3WF9rVXRz?oc=5,"Sat, 29 Aug 2026 07:00:00 GMT",글로벌이코노믹,조선,https://news.google.com/rss/articles/CBMiiAFBVV95cUxOZngtOXk3S2Z0aVNUT3ZVWU92Sk1lUHhDYVlveHJRZ2xnNlQtekNXcEFDWGg0dXJrZGJFOTNxZUVjbHpucnJNSERnSXZGM2ZhR0FURU51WFl6clQ3UGtNMWdEU0ZNSXZmVzZPM0VrcS1ONHlYLWdOUVJxTHlONk9RZno3WF9rVXRz?oc=5,,False,본문 수집 제한 개수를 초과했습니다.,False,,2026-09-13 09:18:21
미국,조선,조선,조선 stock market earnings investment,Retirement Pension Government Bonds Promise 2.6x Returns - 조선일보,https://news.google.com/rss/articles/CBMijgFBVV95cUxPeW15RUc3VjljX3dFRjRySFpMeExzWW1MazhsN3ZBZW84N09UTVNjQUI1XzRlWHp3SFVtY2tlQ1ZzQzVxR0FvR3Z0R1pVRDE5UEJsYWVvemlId05TZ01FVFZLYmlRNzZUbjdBN09Sb1pQcThGeERyZ1RXY2NvcWhPcVdPQmM4VEE5dlQ4RlNB?oc=5,"Mon, 07 Sep 2026 00:22:39 GMT",조선일보,조선,https://www.chosun.com/english/market-money-en/2026/09/07/5HAT4WDMRRH35MSFHY3OK63ZAQ/,www.chosun.com,True,,True,,2026-09-13 09:18:21
미국,LNG선,LNG carrier,LNG carrier stock market earnings investment,"Barclays, Berenberg bullish on GTT as LNG carrier orders set to accelerate - Investing.com",https://news.google.com/rss/articles/CBMiygFBVV95cUxOaF9sY2xWOFc0OENJVFlKQVp4Qk1ZdS1oWFlMNWlJVk5WSF9XZExSdWVUcGl6czkwZkh0bHc4SUNHNEREM1lTQVJZdWE2eVlWakpXZ2RudTJ2eGxJeEQ4ZTF5NkVVZElJX0FJWWRsRUt3cWNQODYtSzh2dVhlWXdDSUdNTlFkdk9aWHBuSFVsazhDdmVVS25EdWxIdlpxeVl2aE5HVEYtczJWZUpiSkg5RFZTeFlGN2pQbFZrQjFVeWJjcHg4ZXhxSWlB?oc=5,"Fri, 04 Sep 2026 10:16:04 GMT",Investing.com,조선,https://news.google.com/rss/articles/CBMiygFBVV95cUxOaF9sY2xWOFc0OENJVFlKQVp4Qk1ZdS1oWFlMNWlJVk5WSF9XZExSdWVUcGl6czkwZkh0bHc4SUNHNEREM1lTQVJZdWE2eVlWakpXZ2RudTJ2eGxJeEQ4ZTF5NkVVZElJX0FJWWRsRUt3cWNQODYtSzh2dVhlWXdDSUdNTlFkdk9aWHBuSFVsazhDdmVVS25EdWxIdlpxeVl2aE5HVEYtczJWZUpiSkg5RFZTeFlGN2pQbFZrQjFVeWJjcHg4ZXhxSWlB?oc=5,,False,403 Client Error: Forbidden for url: https://www.investing.com/news/stock-market-news/barclays-berenberg-bullish-on-gtt-as-lng-carrier-orders-set-to-accelerate-4889262,True,,2026-09-13 09:18:21
미국,LNG선,LNG carrier,LNG carrier stock market earnings investment,Dynagas owns six ships carrying liquefied gas. It will release results Sept. 7. - Stock Titan,https://news.google.com/rss/articles/CBMiwAFBVV95cUxNQUg4SFFCcVFNaWh3UmRmckRpVy12TWdWMXZ4QnVkNFNOMWd1ZHZJT3JBc0hRR0tHRnhpUlNmcm1PbkplMW1mT01RV0ZyZDREYUlDZEotMzhXazJXVmtxTmpweFFUSFdwME16NUx5cG1BUFlvSGN6ajZHUGtyc2I4aDg0UUtyVWIyNHZoLVRWa1NMSS1lakRVcTFpcDM2NHZ3cFVIcnJIV3dDVTdQbFd1eEhfVEVKcTZsWG93a2VuYjc?oc=5,"Tue, 01 Sep 2026 07:00:00 GMT",Stock Titan,조선,https://www.stocktitan.net/news/DLNG/dynagas-lng-partners-lp-announces-date-for-the-release-of-the-second-2a9669sgsg4k.html,www.stocktitan.net,True,,True,,2026-09-13 09:18:21
미국,조선,조선,조선 stock market earnings investment,Securities Firms’ Retained Earnings Hit Record 35 Trillion Won… Stocks Rank Last Among All Sectors - it.chosun.com,https://news.google.com/rss/articles/CBMicEFVX3lxTE9yVWNOZzdwdEhUMEs4SGF6cHVxVGJnVko0T09lZGt4SG4tdkNXNl9qMnB2azh0d3ZnU1FISmtuTW9vbXBYMXdweXA1alZYVlpJcFpfWnpMamFwdDJUdjZxRkw4ZlhJbWMxbzhiOUpWNF_SAXRBVV95cUxQVmEtRWhKWnZfS2JwWEloUlZMR3ZvbjNxUGJDa0J2X2hocloweTNzSHpKeVVuZ2FCUThRTDRER1dwc0c1bm9GeHh3eEd0R1JKNm5CWEpqeGVUQVg5REl1VHZiZnZrUnFrc0ZDNzd5dDZqNFhDQg?oc=5,"Sun, 30 Aug 2026 07:00:00 GMT",it.chosun.com,조선,https://it.chosun.com/news/articleView.html?idxno=2023092169102,it.chosun.com,True,,True,,2026-09-13 09:18:21
미국,선박 수주,shipbuilding orders,shipbuilding orders stock market earnings investment,Hyundai Mipo stock holds steady as shipbuilding demand supports outlook - ad-hoc-news.de,https://news.google.com/rss/articles/CBMiygFBVV95cUxQY3ljMTY4ZmFHZkdoVmhuTUthdTJDRU5IZUZCby0wemJ3c19LTE1wQkw0d0pPV09VM21mMlozOVgwZXQ5LWFPQkJTdTdGekhwdkFkX1d4dVlBVTR2dGRhbHNDUjUzMl9HY3hWdlpjNGYxLU52eGN0X25LQTh1V0xnRjhzaHV5SG4xMldIRnFGay1JdUs5ZjhQd0c4Zl9Qc20xSUcza0ljNG45WUU4YVJNRlVzZ01DM1luMVRJMGU1VnVhRVVRWDRxcnNB?oc=5,"Sat, 29 Aug 2026 19:54:52 GMT",ad-hoc-news.de,조선,https://news.google.com/rss/articles/CBMiygFBVV95cUxQY3ljMTY4ZmFHZkdoVmhuTUthdTJDRU5IZUZCby0wemJ3c19LTE1wQkw0d0pPV09VM21mMlozOVgwZXQ5LWFPQkJTdTdGekhwdkFkX1d4dVlBVTR2dGRhbHNDUjUzMl9HY3hWdlpjNGYxLU52eGN0X25LQTh1V0xnRjhzaHV5SG4xMldIRnFGay1JdUs5ZjhQd0c4Zl9Qc20xSUcza0ljNG45WUU4YVJNRlVzZ01DM1luMVRJMGU1VnVhRVVRWDRxcnNB?oc=5,,False,본문 수집 제한 개수를 초과했습니다.,False,,2026-09-13 09:18:21
미국,조선,조선,조선 stock market earnings investment,"Korea retail investors pivot to big tech, yet revive 3x bets before Nvidia - CHOSUNBIZ - Chosunbiz",https://news.google.com/rss/articles/CBMigAFBVV95cUxNODc3SFFKdks5a1hKUDEtT2lzaEtqWnBWVV92ZWxKU053bElCeFJRZmtoek9NR3RtdDNPUGhiR19tS3lrY3NHb2NETExoLVhSQTR6R0xrOUdiTVBZM1ZBRHFsWVotNm44WnVuVTZnRmRJVGgzVzhlZENrQ1d4ODR5aNIBlAFBVV95cUxNOFVGd1FKaExWSXhhcUdhXzY0d1g0MzhVWlp2WFV4T0VsTnBRWHpxaUVOY292ZHBKWUw1dDZaNHBuNUQyanpoX1ZxU1oycnVKLVhCd0I0M01fejNPMlZDSGduMW12eWctN3V1NklUN2pqVkJMbi1Xb3R2UExoNV9QM09OV1o1SXdSczdNZll6V2p0dWFN?oc=5,"Fri, 28 Aug 2026 07:00:00 GMT",Chosunbiz,조선,https://news.google.com/rss/articles/CBMigAFBVV95cUxNODc3SFFKdks5a1hKUDEtT2lzaEtqWnBWVV92ZWxKU053bElCeFJRZmtoek9NR3RtdDNPUGhiR19tS3lrY3NHb2NETExoLVhSQTR6R0xrOUdiTVBZM1ZBRHFsWVotNm44WnVuVTZnRmRJVGgzVzhlZENrQ1d4ODR5aNIBlAFBVV95cUxNOFVGd1FKaExWSXhhcUdhXzY0d1g0MzhVWlp2WFV4T0VsTnBRWHpxaUVOY292ZHBKWUw1dDZaNHBuNUQyanpoX1ZxU1oycnVKLVhCd0I0M01fejNPMlZDSGduMW12eWctN3V1NklUN2pqVkJMbi1Xb3R2UExoNV9QM09OV1o1SXdSczdNZll6V2p0dWFN?oc=5,,False,본문 수집 제한 개수를 초과했습니다.,False,,2026-09-13 09:18:21
미국,선박 수주,shipbuilding orders,shipbuilding orders stock market earnings investment,Shipbuilding PSU Stocks: 2 Growth Picks for 2026 - Univest,https://news.google.com/rss/articles/CBMigAFBVV95cUxNVUVYUWl2d294TWZFMnM4LUE2eHk5aG9SUTNlR29oNUtMZDVjdmdTTWpQQmRabEE5OGkySWtmSllhdHhENGRRZTZFZ19mYndBMmFVckJVbHZNLUNudE85bWdHRTQ3YzdDZ3dIeS1QZFpEa004S2JiWGxzNi1Pbi1wVQ?oc=5,"Thu, 27 Aug 2026 05:29:00 GMT",Univest,조선,https://news.google.com/rss/articles/CBMigAFBVV95cUxNVUVYUWl2d294TWZFMnM4LUE2eHk5aG9SUTNlR29oNUtMZDVjdmdTTWpQQmRabEE5OGkySWtmSllhdHhENGRRZTZFZ19mYndBMmFVckJVbHZNLUNudE85bWdHRTQ3YzdDZ3dIeS1QZFpEa004S2JiWGxzNi1Pbi1wVQ?oc=5,,False,본문 수집 제한 개수를 초과했습니다.,False,,2026-09-13 09:18:21
미국,LNG선,LNG carrier,LNG carrier stock market earnings investment,7 Best Liquefied Natural Gas (LNG) Stocks for 2026 and How to Invest - The Motley Fool,https://news.google.com/rss/articles/CBMimwFBVV95cUxQYUl1WjFmdVh3bHpOMGJrUjFldUpadFRRa0xYbkp0ckVObEg3WFhndVNseU1mUHJUYlB1Vk16YjlPUk1ibEl5dFhKenBTZWxhNDBhMDlRcHVTU0RqVHNRd0xicWxwVFcyXzNJMjktenlSY2REcld5UmhNeDljSXcteFljV3lxNXZuUHBNWFIyTktZNHdPUW5iUUxWdw?oc=5,"Mon, 17 Aug 2026 07:00:00 GMT",The Motley Fool,조선,https://news.google.com/rss/articles/CBMimwFBVV95cUxQYUl1WjFmdVh3bHpOMGJrUjFldUpadFRRa0xYbkp0ckVObEg3WFhndVNseU1mUHJUYlB1Vk16YjlPUk1ibEl5dFhKenBTZWxhNDBhMDlRcHVTU0RqVHNRd0xicWxwVFcyXzNJMjktenlSY2REcld5UmhNeDljSXcteFljV3lxNXZuUHBNWFIyTktZNHdPUW5iUUxWdw?oc=5,,False,본문 수집 제한 개수를 초과했습니다.,False,,2026-09-13 09:18:21
미국,LNG선,LNG carrier,LNG carrier stock market earnings investment,"Capital Clean Energy Carriers (CCEC) After Q2 Earnings And LNG Delivery, Is It Fully Valued - Yahoo Finance",https://news.google.com/rss/articles/CBMilgFBVV95cUxOLUpJRmpVX1ROelFneG9xa3FnTDJaTllJVFMyOWptN1o2WVlFYkQ1b01Md1EycFJJNW94ellwM3VXZjZ4RXJ4UG5XMkVRaFNiWTgwNUFwZ1J2eXo0SVZTdy1SVmtyVnc3emlreHBKTDd6VnN2aGtvdWhUSXotMlM5d2pjY0hUa0ozVUtqdVFmaXdjTzZkR1E?oc=5,"Tue, 04 Aug 2026 07:00:00 GMT",Yahoo Finance,조선,https://news.google.com/rss/articles/CBMilgFBVV95cUxOLUpJRmpVX1ROelFneG9xa3FnTDJaTllJVFMyOWptN1o2WVlFYkQ1b01Md1EycFJJNW94ellwM3VXZjZ4RXJ4UG5XMkVRaFNiWTgwNUFwZ1J2eXo0SVZTdy1SVmtyVnc3emlreHBKTDd6VnN2aGtvdWhUSXotMlM5d2pjY0hUa0ozVUtqdVFmaXdjTzZkR1E?oc=5,,False,본문 수집 제한 개수를 초과했습니다.,False,,2026-09-13 09:18:21
미국,선박 수주,shipbuilding orders,shipbuilding orders stock market earnings investment,3 best-performing Singapore blue chip stocks in July 2026. What to watch after the rally - Beansprout,https://news.google.com/rss/articles/CBMiakFVX3lxTE5nWHdIVTh6OHhGYUxBTWFZblZ5blJqY1dSSHg3VGZoUzVZLXZHSXdvbkJ2NlQyYmlrY1dQeHJ2WloyUWhsNTg1ZGFFVFY5SWdmOWJTLWxNVjE1elBZUXVuLU05XzVtaUJkRXc?oc=5,"Tue, 04 Aug 2026 07:00:00 GMT",Beansprout,조선,https://news.google.com/rss/articles/CBMiakFVX3lxTE5nWHdIVTh6OHhGYUxBTWFZblZ5blJqY1dSSHg3VGZoUzVZLXZHSXdvbkJ2NlQyYmlrY1dQeHJ2WloyUWhsNTg1ZGFFVFY5SWdmOWJTLWxNVjE1elBZUXVuLU05XzVtaUJkRXc?oc=5,,False,본문 수집 제한 개수를 초과했습니다.,False,,2026-09-13 09:18:21
미국,선박 수주,shipbuilding orders,shipbuilding orders stock market earnings investment,[August.2024]Unlocking the success of Yangzijiang shipbuilding: a deep dive into earnings - Moomoo,https://news.google.com/rss/articles/CBMi2wFBVV95cUxOWGdxS1U5dXNJeE1SOGdwVU1KZkNOMWpyX1VKZ3BMOC1NT2t3Qmp4VW5oam1SWmstSjFqZGdTNHBTdFVYYXpycmxEVWtIX0FVb3ZFalRsVHdDU19sT2FIQ0FYQ1pRT2U3SGcwZlNQNnpmam5qeWxoZE5vZWRDYmNBOXp2SldueWVma25nS25FWWdfMGh3VTEtVEZhRnluOVBDLXk0QUprd3YzdmFVaHZfMjVaY1AtZ3o5Q296RGY2SkRySDliOUs4NGhSaENOcm9Ha2NuWDZMWTNkLVk?oc=5,"Thu, 09 Jul 2026 07:00:00 GMT",Moomoo,조선,https://news.google.com/rss/articles/CBMi2wFBVV95cUxOWGdxS1U5dXNJeE1SOGdwVU1KZkNOMWpyX1VKZ3BMOC1NT2t3Qmp4VW5oam1SWmstSjFqZGdTNHBTdFVYYXpycmxEVWtIX0FVb3ZFalRsVHdDU19sT2FIQ0FYQ1pRT2U3SGcwZlNQNnpmam5qeWxoZE5vZWRDYmNBOXp2SldueWVma25nS25FWWdfMGh3VTEtVEZhRnluOVBDLXk0QUprd3YzdmFVaHZfMjVaY1AtZ3o5Q296RGY2SkRySDliOUs4NGhSaENOcm9Ha2NuWDZMWTNkLVk?oc=5,,False,본문 수집 제한 개수를 초과했습니다.,False,,2026-09-13 09:18:21
미국,조선,조선,조선 stock market earnings investment,Cerebras Stock Drops 20% Despite Strong Earnings as Margin Guidance Rattles Investors - AI Insider,https://news.google.com/rss/articles/CBMivwFBVV95cUxQbDZkclNBTm10aFdPa2pMZjFuVDZUdEp4VGR5ejhwQUhuTC02SXlxS3VFSTdVZVRRWVBQeW4wbVNSZDJjSzRBVC1BeW1VdnJRX2JnRG5iYXg3SmJTbWlYOUJrVFJHeVlSNGhqS3VpR21PLXczTVEzelU5OXk5WUtTdWtsRUVkZGwxWjJWbEVfdXozRVRVLXNTQ0I1VXdlM2lVbUQ2YXZoeXNkYXZMcTQ0amZfeWdObnZIREcxS0o3UQ?oc=5,"Thu, 25 Jun 2026 07:00:00 GMT",AI Insider,조선,https://news.google.com/rss/articles/CBMivwFBVV95cUxQbDZkclNBTm10aFdPa2pMZjFuVDZUdEp4VGR5ejhwQUhuTC02SXlxS3VFSTdVZVRRWVBQeW4wbVNSZDJjSzRBVC1BeW1VdnJRX2JnRG5iYXg3SmJTbWlYOUJrVFJHeVlSNGhqS3VpR21PLXczTVEzelU5OXk5WUtTdWtsRUVkZGwxWjJWbEVfdXozRVRVLXNTQ0I1VXdlM2lVbUQ2YXZoeXNkYXZMcTQ0amZfeWdObnZIREcxS0o3UQ?oc=5,,False,본문 수집 제한 개수를 초과했습니다.,False,,2026-09-13 09:18:21
미국,조선,조선,조선 stock market earnings investment,"KOSPI Falls Below 8,000 Amid 20-Day Foreign Sell-Off - 조선일보",https://news.google.com/rss/articles/CBMijgFBVV95cUxQN3JHdzVvM3hRRTk3NzFKNEZ4UEdESVlwRVJuWHRWSlRwb2ZvRldFWDkwcWdfLVp2TXpQWHE2VVhYOE9nUW93bmNMSmNha2ZKZFpFandURWlyRnMyeHByUE9mdWZFbXpaVDJibzdia2hET1V6WFc5cF9jdnczWG4wX1QwT3NMT1FMY3UtWUJB?oc=5,"Sat, 06 Jun 2026 07:00:00 GMT",조선일보,조선,https://news.google.com/rss/articles/CBMijgFBVV95cUxQN3JHdzVvM3hRRTk3NzFKNEZ4UEdESVlwRVJuWHRWSlRwb2ZvRldFWDkwcWdfLVp2TXpQWHE2VVhYOE9nUW93bmNMSmNha2ZKZFpFandURWlyRnMyeHByUE9mdWZFbXpaVDJibzdia2hET1V6WFc5cF9jdnczWG4wX1QwT3NMT1FMY3UtWUJB?oc=5,,False,본문 수집 제한 개수를 초과했습니다.,False,,2026-09-13 09:18:21
미국,선박 수주,shipbuilding orders,shipbuilding orders stock market earnings investment,Cochin Shipyard Slips 2.6%: Key Support Levels in Focus Amid Profit Booking - Gamma Flip Level - vinanet.vn,https://news.google.com/rss/articles/CBMiswFBVV95cUxQZzF0T1E2NjQ2V3hKUVpRTG5uYVU2d2RINWFpYktyWkFfSlVNejAtTl85djVTV1U5RzgtLURsQmR0MlFhM1V2dkV3YlVXRXlCWTF4TlJyQlVtX0J1UmtxOFl1UUp4dzl2bG1RUnk1R0M1M2ZIazZ5Z3pQb2ZWSUE3WHRhQ2tGV0lybEtnZ3U2SEFudkNFZk9SMUxpNzM5bkZKLUVqbGFjaUdaU0U0Y200Sy15bw?oc=5,"Mon, 01 Jun 2026 07:00:00 GMT",vinanet.vn,조선,https://news.google.com/rss/articles/CBMiswFBVV95cUxQZzF0T1E2NjQ2V3hKUVpRTG5uYVU2d2RINWFpYktyWkFfSlVNejAtTl85djVTV1U5RzgtLURsQmR0MlFhM1V2dkV3YlVXRXlCWTF4TlJyQlVtX0J1UmtxOFl1UUp4dzl2bG1RUnk1R0M1M2ZIazZ5Z3pQb2ZWSUE3WHRhQ2tGV0lybEtnZ3U2SEFudkNFZk9SMUxpNzM5bkZKLUVqbGFjaUdaU0U0Y200Sy15bw?oc=5,,False,본문 수집 제한 개수를 초과했습니다.,False,,2026-09-13 09:18:21
미국,LNG선,LNG carrier,LNG carrier stock market earnings investment,Undervalued LNG Carrier: Dynagas LNG Partners LP (DLNG) - The Acquirer's Multiple,https://news.google.com/rss/articles/CBMilgFBVV95cUxQdFloVzFZLXk3NmdCc2drQ0VYYkNQZmpCMkhfcFRrb29STU9EXy1WR3NRMno2LWJMWHdGZ2ZmY2RHOEVWbGdXZ0FSZnNtc2tpTnlMdkZlWi15TnRLRGZEVkRodjE2SHRoNFpGNGZiNWFMam9nTUU3cS0yaXZPeFpwY0xSYzRkMk9Ia09sajBrVDRSMmZYUnc?oc=5,"Thu, 14 May 2026 07:00:00 GMT",The Acquirer's Multiple,조선,https://news.google.com/rss/articles/CBMilgFBVV95cUxQdFloVzFZLXk3NmdCc2drQ0VYYkNQZmpCMkhfcFRrb29STU9EXy1WR3NRMno2LWJMWHdGZ2ZmY2RHOEVWbGdXZ0FSZnNtc2tpTnlMdkZlWi15TnRLRGZEVkRodjE2SHRoNFpGNGZiNWFMam9nTUU3cS0yaXZPeFpwY0xSYzRkMk9Ia09sajBrVDRSMmZYUnc?oc=5,,False,본문 수집 제한 개수를 초과했습니다.,False,,2026-09-13 09:18:21
일본,조선,조선,조선 日本 株式市場 企業,原油高と米金利上昇で韓国株荒れる FOMCとBOJが方向左右 - CHOSUNBIZ - Chosunbiz,https://news.google.com/rss/articles/CBMigAFBVV95cUxQalN3MlJkTmxaSFZrZER2MEUxdm9BdHhGaXlySGRaUzYyOUgzb09fZ21DRmo2RUo4dzMtSExOQVA5aW16V2Z2ZWtqdkxxQmVhMXVLblo3TkVBQmU2SVVfSUNjRjdMZjJwYW1Vd1Z2cEt5bVNzY2RyeW9zcVlDeDJpQdIBlAFBVV95cUxPNHhlWTM3VlJuQ1NZQklIbDdCenZtMU40b2ZBYThFVFNUQVFsVzVQbE9mRjd1cEVwYmlueE8tWUVvT1ktVzN5WmYtc0NJdTM3LUZZaXcwNzZjRUl1cVZnUlNhVzk1UW1PTXA1czZ1YWE2cy13Ym04a2ppdWdJeU9HTXNOcUViNU1oUnV2MnVUZ3ZIVGE2?oc=5,"Sat, 12 Sep 2026 21:00:00 GMT",Chosunbiz,조선,https://biz.chosun.com/jp/jp-finance/2026/09/13/J4Y2RHMKQNDHNO24M7YKMBYSHM/,biz.chosun.com,False,본문을 추출하지 못했습니다.,True,,2026-09-13 09:18:21
일본,조선,조선,조선 日本 株式市場 企業,エンフレイム上場初日179％高騰 時価総額1709億元 - CHOSUNBIZ - Chosunbiz,https://news.google.com/rss/articles/CBMiekFVX3lxTFBkamJJdVhwbnhvYktueDBySXlTd08wRGtEcHJocllkTVNsSGFiQ2lMUkZyRjJwYWw5bFlfVnBwQkFoRWJxZkRtcHdYU1JOdmlZSUpjUDJ1b3paQ1pLNDJfQzBQR2F3bnBHQnV4dWJEbnV0LVJJSTM2WTZB0gGOAUFVX3lxTE9WOV9fWkJ3ZjZwc2pMT2JhS1NCRlpGSjFMLWs1dUhPNFNveV92b2Z1emoxNENIQW5GOUNBaHNFbVdueUdBbjA2aHBqcklOQTdvNFRNUEMwaU1aSnBLX2ktazhvSF96YTUyajNMMVlQRUJWSGh4TVFqZ3duX2lhLTc4STc2ZlJUWDNIRjROa0E?oc=5,"Fri, 11 Sep 2026 12:36:00 GMT",Chosunbiz,조선,https://biz.chosun.com/jp/jp-it/2026/09/11/W2JGKMQIRBFR3NCYTYGDKVAQBM/,biz.chosun.com,False,본문을 추출하지 못했습니다.,True,,2026-09-13 09:18:21
일본,조선,조선,조선 日本 株式市場 企業,ナイキ株78％急落 S&P100除外 市場支配力低下 - CHOSUNBIZ - Chosunbiz,https://news.google.com/rss/articles/CBMiiAFBVV95cUxPU1NtUnJybTBQbVA2WDZ5a0ozalZ3UDNBdmNrTkE3OEJXa0dqdzRSbHVCSE1HQTZ1VXFXZDZmV1VaOHpELVdkbGwzYTNtNE1JU2tQcFNuOE1aeXg1M0xkck1RTVl6bkdZUlpGUFJJQmdMMzJFVWlfU3BERU9Vek9FcHdvNHQ1RHNi0gGcAUFVX3lxTE5fbFp5VGUxY2VaSTctcS1DdEdxQnd0N3ZyR3ExZ1UyNnFKX3FEWkJ6ZDduci1UOEQ2NmZJaGI5WmJSZ0d5N3Z4bnZFaWs1ckNiU1pJYjc2N215bGh1TnBnczhSeTNzOTY1OWlpQ01KUG9YdmY2ODJkZkJaZ2p3dnA1bkU2cU4zdjlmSkNzbWREd3VaUXFSUjhCWXRRQg?oc=5,"Mon, 07 Sep 2026 05:06:00 GMT",Chosunbiz,조선,https://biz.chosun.com/jp/jp-international/2026/09/07/3N5BI766A5AGXIPSYCAEIEOKOU/,biz.chosun.com,False,본문을 추출하지 못했습니다.,True,,2026-09-13 09:18:21
일본,조선,조선,조선 日本 株式市場 企業,未来アセット証券が日本証券会社買収検討 Toss証券と無関係 - CHOSUNBIZ - Chosunbiz,https://news.google.com/rss/articles/CBMigAFBVV95cUxPczdzZkxDZGItMkZhU1Q4WWs2N3F0bEZzOTI5NV9HRlpjSzlNRmlYR2puMTItN0twanZGaW96SXVkbERmZDZMUWRiaGVVMjFpUEg5MjN0WnZzLUNhaU5XNjJHUHRwUE5JZ0d0c0pTOW4wSFZtZ3NJMFE1WDUtcGRNOdIBlAFBVV95cUxQSUFKRmFFbTRFZWxMV1d5Sk1GWWVFT0xBaVN3bHU1bzQyaVczYlB3LUI0M20zNGRURy1mNkdkdVhJSWtZYnVoc01NSlVMcjctekxVYjljWm1nTlptYnljbHJsT3c2RzVfS0RFdW5mR2ZPVjhpakdvTktreDF3anN1RjdDMUl3NXgtQklvekNUNm5mQlZt?oc=5,"Thu, 27 Aug 2026 07:00:00 GMT",Chosunbiz,조선,https://biz.chosun.com/jp/jp-finance/2026/08/27/D2QRCUPAFJDQLMQPMS5Z7Z7RCY/,biz.chosun.com,False,본문을 추출하지 못했습니다.,True,,2026-09-13 09:18:21
일본,조선,조선,조선 日本 株式市場 企業,AnthropicとOpenAIのIPOが資金吸収懸念 市場でAI債と競合 - CHOSUNBIZ - Chosunbiz,https://news.google.com/rss/articles/CBMigAFBVV95cUxOYlNXQUJRcUFmRndpY2RwNXBMajZsVVVFRmhaS2tTRVRERXpMdmhycms2NEluWUU5NjF6UUZwUEJfMFkxci00T0N4bFo0YWlaVVBWbWhSaVBOWkxtamd3a0w5UkkzeFF2R1RGQ1ZRSGZGZjZnMWV3MnhCRkVqRzQ1S9IBlAFBVV95cUxPdHZIa19uVUdtNmMwWGRrN2FCVFlMM3YxcXNyejNwdjhfU2kxRDJscTluNXFuMFh6Rkc5NmRISWtLMnRqRHlsRXNBamRpZ0VSanZ0QWpiWm5OcnZKUUt2V05YVmNvLURGVTlsNzh6enYwZ1dLcE9TVzZQZ21PeXVaWnJwbFNCNHNYMlMweEFRalVqR21L?oc=5,"Mon, 24 Aug 2026 07:00:00 GMT",Chosunbiz,조선,https://news.google.com/rss/articles/CBMigAFBVV95cUxOYlNXQUJRcUFmRndpY2RwNXBMajZsVVVFRmhaS2tTRVRERXpMdmhycms2NEluWUU5NjF6UUZwUEJfMFkxci00T0N4bFo0YWlaVVBWbWhSaVBOWkxtamd3a0w5UkkzeFF2R1RGQ1ZRSGZGZjZnMWV3MnhCRkVqRzQ1S9IBlAFBVV95cUxPdHZIa19uVUdtNmMwWGRrN2FCVFlMM3YxcXNyejNwdjhfU2kxRDJscTluNXFuMFh6Rkc5NmRISWtLMnRqRHlsRXNBamRpZ0VSanZ0QWpiWm5OcnZKUUt2V05YVmNvLURGVTlsNzh6enYwZ1dLcE9TVzZQZ21PeXVaWnJwbFNCNHNYMlMweEFRalVqR21L?oc=5,,False,본문 수집 제한 개수를 초과했습니다.,False,,2026-09-13 09:18:21
일본,LNG선,LNG船,LNG船 日本 株式市場 企業,日本LNGバンカリング市場は5.51%のCAGRで成長し、2034年までに321.3十億米ドルに達すると予想 - ドリームニュース,https://news.google.com/rss/articles/CBMiU0FVX3lxTE53VTlhSFJ3dnUtMjBjOGRDMzBralU1bndGRGNLcUlJaHhoVlllN0xETW5ncDRUWGN1WVEwN1JuQ0JiMnNoUGFJQjZkeVRfV0VkR0s0?oc=5,"Mon, 24 Aug 2026 07:00:00 GMT",ドリームニュース,조선,https://news.google.com/rss/articles/CBMiU0FVX3lxTE53VTlhSFJ3dnUtMjBjOGRDMzBralU1bndGRGNLcUlJaHhoVlllN0xETW5ncDRUWGN1WVEwN1JuQ0JiMnNoUGFJQjZkeVRfV0VkR0s0?oc=5,,False,본문 수집 제한 개수를 초과했습니다.,False,,2026-09-13 09:18:21
일본,LNG선,LNG船,LNG船 日本 株式市場 企業,LNGバンカリングの日本市場（2026年-2035年）、市場規模・分析レポートを発表 - Newscast.jp,https://news.google.com/rss/articles/CBMiR0FVX3lxTE1UYzVDakRRYml5Nm1uUUsxUkpMTFU5Vml0UE16QmhBV2R3YlFIU2lFRWl5MXJmM2tsZHlnUEhvb25ZS0ZyWkJz?oc=5,"Wed, 19 Aug 2026 07:00:00 GMT",Newscast.jp,조선,https://news.google.com/rss/articles/CBMiR0FVX3lxTE1UYzVDakRRYml5Nm1uUUsxUkpMTFU5Vml0UE16QmhBV2R3YlFIU2lFRWl5MXJmM2tsZHlnUEhvb25ZS0ZyWkJz?oc=5,,False,본문 수집 제한 개수를 초과했습니다.,False,,2026-09-13 09:18:21
일본,LNG선,LNG船,LNG船 日本 株式市場 企業,グローバルLNG船ショアリンクシステム市場規模・株式・需要 - Spherical Insights,https://news.google.com/rss/articles/CBMihAFBVV95cUxQOVRmYmhTTFZBZFR6clE5Q1FCRHNjTmFqUDVDZDM1cTR2U0Ewb2swaWEySFBNdW9CN3o1dmthUG5OQ1I4U2loNE5ta0VEZkJUWWhFNXpUckJYcmRybzcxYjJCZWZJWk9MNk9rT0xUaG1STnFjTlVyTEp0ZFBZVUwzeTFzWU0?oc=5,"Tue, 18 Aug 2026 05:34:22 GMT",Spherical Insights,조선,https://news.google.com/rss/articles/CBMihAFBVV95cUxQOVRmYmhTTFZBZFR6clE5Q1FCRHNjTmFqUDVDZDM1cTR2U0Ewb2swaWEySFBNdW9CN3o1dmthUG5OQ1I4U2loNE5ta0VEZkJUWWhFNXpUckJYcmRybzcxYjJCZWZJWk9MNk9rT0xUaG1STnFjTlVyTEp0ZFBZVUwzeTFzWU0?oc=5,,False,본문 수집 제한 개수를 초과했습니다.,False,,2026-09-13 09:18:21
일본,선박 수주,造船 受注,造船 受注 日本 株式市場 企業,"(Shipbuilding Market) 造船市場、2035年までには2,179億米ドル規模へ拡大予測｜CAGR 3.43％で進む次世代造船技術・脱炭素化・スマート船舶投資の成長戦略 - Newscast.jp",https://news.google.com/rss/articles/CBMiR0FVX3lxTFAyd1JIVEpDbFF0dnJLMTd5NS1ZTTFtTWlOLVNYUGl2cmgtcWxhbzNySkRHV3pGUGNPRzNtMi1SeTk5UFUxa0hR?oc=5,"Mon, 27 Jul 2026 07:00:00 GMT",Newscast.jp,조선,https://news.google.com/rss/articles/CBMiR0FVX3lxTFAyd1JIVEpDbFF0dnJLMTd5NS1ZTTFtTWlOLVNYUGl2cmgtcWxhbzNySkRHV3pGUGNPRzNtMi1SeTk5UFUxa0hR?oc=5,,False,본문 수집 제한 개수를 초과했습니다.,False,,2026-09-13 09:18:21
일본,LNG선,LNG船,LNG船 日本 株式市場 企業,隠れ造船株を探せ 政策期待が再点火、「無人運航」「LNG船」に注目 - 日本経済新聞,https://news.google.com/rss/articles/CBMibEFVX3lxTE1reXp2VGFQYi1EQ0pnaDZsc2xlZzJnYjdqamFNWUFMczBVUnltRWxMdkJISGV0dTBJVm1aOUR1c1AyUzlPcVNLdC1YSE5tX05WSkVBaWlZaUZHRFRZQ0JIejlDVXRWWXY4LXZkNA?oc=5,"Fri, 24 Jul 2026 07:00:00 GMT",日本経済新聞,조선,https://news.google.com/rss/articles/CBMibEFVX3lxTE1reXp2VGFQYi1EQ0pnaDZsc2xlZzJnYjdqamFNWUFMczBVUnltRWxMdkJISGV0dTBJVm1aOUR1c1AyUzlPcVNLdC1YSE5tX05WSkVBaWlZaUZHRFRZQ0JIejlDVXRWWXY4LXZkNA?oc=5,,False,본문 수집 제한 개수를 초과했습니다.,False,,2026-09-13 09:18:21
일본,LNG선,LNG船,LNG船 日本 株式市場 企業,今週のマーケット：日本船、ホルムズ海峡通過で買い復活？米軍猛攻撃なら二番底の展開も - トウシル,https://news.google.com/rss/articles/CBMiWkFVX3lxTE9NNm13bzdGbXlCVkpGRWNDMjhxMnpFWDVjRmtCV3VjS3ZoR2EyY2Eza2RtUE84dnYxeVlaWlFJYXVkQmVhSWJqNi1rRklYS3hYbVJhaDhsN21XUQ?oc=5,"Mon, 06 Apr 2026 07:00:00 GMT",トウシル,조선,https://news.google.com/rss/articles/CBMiWkFVX3lxTE9NNm13bzdGbXlCVkpGRWNDMjhxMnpFWDVjRmtCV3VjS3ZoR2EyY2Eza2RtUE84dnYxeVlaWlFJYXVkQmVhSWJqNi1rRklYS3hYbVJhaDhsN21XUQ?oc=5,,False,본문 수집 제한 개수를 초과했습니다.,False,,2026-09-13 09:18:21
일본,선박 수주,造船 受注,造船 受注 日本 株式市場 企業,主要造船のサプライチェーン 全国1.8万社 取引規模は3兆円 受注「倍増」で1万人超の人手不足、試算生産性向上が課題に - PR TIMES,https://news.google.com/rss/articles/CBMiakFVX3lxTE1VekVzUkl5SzFNeEhzMFRKM09obWdXNC1LX1JzcnhUXzltWS00N3J4by1FUkFXcndBekZualo5bVhsbjhiZ3dmcWtOWkFDOXRaY1dKUEEzOGFGNXJtMjVqYWdJWEN6ckNLaHc?oc=5,"Wed, 18 Mar 2026 07:00:00 GMT",PR TIMES,조선,https://news.google.com/rss/articles/CBMiakFVX3lxTE1VekVzUkl5SzFNeEhzMFRKM09obWdXNC1LX1JzcnhUXzltWS00N3J4by1FUkFXcndBekZualo5bVhsbjhiZ3dmcWtOWkFDOXRaY1dKUEEzOGFGNXJtMjVqYWdJWEN6ckNLaHc?oc=5,,False,본문 수집 제한 개수를 초과했습니다.,False,,2026-09-13 09:18:21
일본,선박 수주,造船 受注,造船 受注 日本 株式市場 企業,造船株にマネー流入 首位の「環境船」株価3年で30倍、NVIDIA超え - 日本経済新聞,https://news.google.com/rss/articles/CBMibEFVX3lxTE5LTEdENHEzVVlFNFFDaWpRS2Vkblktel9QdGpQaHV5MUZvUllxNE1NSlhmUUM5VWZVSzNSbXBNeEQwMU4xZFNrNXdGT2FNYWp0MnRfUWJZUzFTeDZVQ2hweUItbXlDeWVleC1tbw?oc=5,"Sat, 14 Mar 2026 07:00:00 GMT",日本経済新聞,조선,https://news.google.com/rss/articles/CBMibEFVX3lxTE5LTEdENHEzVVlFNFFDaWpRS2Vkblktel9QdGpQaHV5MUZvUllxNE1NSlhmUUM5VWZVSzNSbXBNeEQwMU4xZFNrNXdGT2FNYWp0MnRfUWJZUzFTeDZVQ2hweUItbXlDeWVleC1tbw?oc=5,,False,본문 수집 제한 개수를 초과했습니다.,False,,2026-09-13 09:18:21
일본,선박 수주,造船 受注,造船 受注 日本 株式市場 企業,解散・総選挙は追い風？防衛・造船関連銘柄 - SBI証券,https://news.google.com/rss/articles/CBMif0FVX3lxTE1HS25acVpKUkhUQ0N4WEZoa0lEeWJIMnBjUVB5dmFWVmh3dGlkU0l4OThhRGJaeHAwVElJSEotYnhreUFZdkVQa0k5UUlyZ3oyZ09SVGcyY2V4QkJjS2RGdXN3MVUyS2NkbUYxN0htS3FiMHgyQldSSTRoZVgyYkU?oc=5,"Fri, 16 Jan 2026 08:00:00 GMT",SBI証券,조선,https://news.google.com/rss/articles/CBMif0FVX3lxTE1HS25acVpKUkhUQ0N4WEZoa0lEeWJIMnBjUVB5dmFWVmh3dGlkU0l4OThhRGJaeHAwVElJSEotYnhreUFZdkVQa0k5UUlyZ3oyZ09SVGcyY2V4QkJjS2RGdXN3MVUyS2NkbUYxN0htS3FiMHgyQldSSTRoZVgyYkU?oc=5,,False,본문 수집 제한 개수를 초과했습니다.,False,,2026-09-13 09:18:21
일본,선박 수주,造船 受注,造船 受注 日本 株式市場 企業,国策で再強化方針の造船業界､日本の強みを支える銘柄群 - 四季報オンライン,https://news.google.com/rss/articles/CBMiV0FVX3lxTE1sRkE1SEd6eVdaNkF4N3lRMUNRdmR1MXItNWNNdzJEVHJSZzR1ZGZXVWVJNVVPSHFsdHoyV1VqUkM1ZFppTGRoSVVjdWdybTU5NUUxN0RpZw?oc=5,"Mon, 12 Jan 2026 08:00:00 GMT",四季報オンライン,조선,https://news.google.com/rss/articles/CBMiV0FVX3lxTE1sRkE1SEd6eVdaNkF4N3lRMUNRdmR1MXItNWNNdzJEVHJSZzR1ZGZXVWVJNVVPSHFsdHoyV1VqUkM1ZFppTGRoSVVjdWdybTU5NUUxN0RpZw?oc=5,,False,본문 수집 제한 개수를 초과했습니다.,False,,2026-09-13 09:18:21
중동,LNG선,LNG carrier Qatar UAE,LNG carrier Qatar UAE Middle East Gulf Saudi UAE Qatar oil LNG defense energy investment,The Battle for Hormuz Will Reshape the Global LNG Market - CSIS | Center for Strategic and International Studies,https://news.google.com/rss/articles/CBMif0FVX3lxTE9ZOEQtTEZjTlo1YTRoQWdhSXlwcVVDTGhOeFR4WXdBQWhocWlya05jUV9HYWlMUXo2Wjhjay1PaG54dTlqQTdCRzBVOXk2T0xkRnlfNWNvbVQ0bV9STnlEek5hb1NkYkJ0U2hTVy1zS3FSb1dWNjQySVRRVENQVkk?oc=5,"Wed, 05 Aug 2026 07:00:00 GMT",CSIS | Center for Strategic and International Studies,조선,https://www.csis.org/analysis/battle-hormuz-will-reshape-global-lng-market,www.csis.org,True,,True,,2026-09-13 09:18:21
중동,LNG선,LNG carrier Qatar UAE,LNG carrier Qatar UAE Middle East Gulf Saudi UAE Qatar oil LNG defense energy investment,Qatar Brings Empty LNG Ship Back for First Time Since War Began - gCaptain,https://news.google.com/rss/articles/CBMijgFBVV95cUxOLUlBUzZGNmhqck5lLU5haDJrSUpjSWJLX1E1ekN2MkdBMy1DekR0T1BxMU5yTXJUUWp2TGRJQlNwVnIzRkUyaVZ2QTctMEhTQi0tSG9oTEk3a0NrVUNyTm91ZzJZUkszX3YyY1h6bGZkb25FWFpEYkU4SVNFeTFVdG15NG5namRxM0pzWXZR?oc=5,"Thu, 18 Jun 2026 07:00:00 GMT",gCaptain,조선,https://gcaptain.com/qatar-brings-empty-lng-ship-back-for-first-time-since-war-began/,gcaptain.com,True,,True,,2026-09-13 09:18:21
중동,LNG선,LNG carrier Qatar UAE,LNG carrier Qatar UAE Middle East Gulf Saudi UAE Qatar oil LNG defense energy investment,The Petrodollar Order Under Strain as the Iran War Disrupts Gulf Energy Revenues - 笹川平和財団,https://news.google.com/rss/articles/CBMiZEFVX3lxTFBodU9LM1RheDEyb25Vb216aTVoM0oxTzRHWGhWczdlSm9kTXR3NWw2a3hEaUtaeU5peHlLSFYwcmJkMm00bm84RTd6dmlwMURUQTdmSXVfWlphWWNCbzE3dERIVDg?oc=5,"Tue, 09 Jun 2026 07:00:00 GMT",笹川平和財団,조선,https://news.google.com/rss/articles/CBMiZEFVX3lxTFBodU9LM1RheDEyb25Vb216aTVoM0oxTzRHWGhWczdlSm9kTXR3NWw2a3hEaUtaeU5peHlLSFYwcmJkMm00bm84RTd6dmlwMURUQTdmSXVfWlphWWNCbzE3dERIVDg?oc=5,,False,403 Client Error: Forbidden for url: https://www.spf.org/iina/en/articles/takahashi_10.html,True,,2026-09-13 09:18:21
중동,LNG선,LNG carrier Qatar UAE,LNG carrier Qatar UAE Middle East Gulf Saudi UAE Qatar oil LNG defense energy investment,India's energy security at a crossroads: The Hormuz crisis and an opportunity for US-India cooperation - Atlantic Council,https://news.google.com/rss/articles/CBMi5wFBVV95cUxQem9WQkJEVnBqWDZXZmJ5ZzJzT2hETzQ3SF9FbG1rUWc4SmdsOFRFS1NOaXh1TjdBeFZxTlBfT19kSXRFcWEtSWJHVG5YTExfdFo0dlQ2U09LRkVDUUNzRTdPTHJoSTk0N2wydVdhOVBwbjc4dk50Qmt5WXc2YUtfSTNPUFgtLXNkWDZUVGJjZzFZOGswa09HMkU4Nlh6ZXYyVGJzOWJXODFydTZVQ0drSGo4TGlkWE9BaVNoWVNTZUFTUGRFMURQSWF3OWZSWXJFYlA2Zjh5bk9pYS1oR010UjA0LUMya3c?oc=5,"Fri, 05 Jun 2026 07:00:00 GMT",Atlantic Council,조선,https://www.atlanticcouncil.org/blogs/energysource/indias-energy-security-at-a-crossroads-the-hormuz-crisis-and-an-opportunity-for-us-india-cooperation/,www.atlanticcouncil.org,True,,True,,2026-09-13 09:18:21
중동,LNG선,LNG carrier Qatar UAE,LNG carrier Qatar UAE Middle East Gulf Saudi UAE Qatar oil LNG defense energy investment,Iran Conflict Hits Foundations of Gulf Economies - Stimson Center,https://news.google.com/rss/articles/CBMihAFBVV95cUxONXl4UGVOQWN4bEtObEF6aHQyUUVPeWZUMFVQejJDcTE3RGpSVFBqcjRXdEc0cVBVN2xDWUNhLURMVEdaQlBMTGNXOEtMQWQxc0htS3c0bDByMUtNZkRGM2hEQlo5eGpwRGRoRnlYZTZTdERFcjFXWDhaVmVIWGJzTzlxTG4?oc=5,"Tue, 12 May 2026 07:00:00 GMT",Stimson Center,조선,https://news.google.com/rss/articles/CBMihAFBVV95cUxONXl4UGVOQWN4bEtObEF6aHQyUUVPeWZUMFVQejJDcTE3RGpSVFBqcjRXdEc0cVBVN2xDWUNhLURMVEdaQlBMTGNXOEtMQWQxc0htS3c0bDByMUtNZkRGM2hEQlo5eGpwRGRoRnlYZTZTdERFcjFXWDhaVmVIWGJzTzlxTG4?oc=5,,False,본문 수집 제한 개수를 초과했습니다.,False,,2026-09-13 09:18:21
중동,선박 수주,shipbuilding Middle East LNG,shipbuilding Middle East LNG Middle East Gulf Saudi UAE Qatar oil LNG defense energy investment,Here’s A List Of Gulf Energy Infrastructure Damaged In Iran War - gCaptain,https://news.google.com/rss/articles/CBMijAFBVV95cUxPSjgtRGdydDNncm9NX3F3OFlpZW5PMTJlNFM3d1VRUnd0azJqVm9pSWdYcTgtNXBNbzVYcDJuZTRoSGo4TkJsd0VISmNXUzBUMGM4QTJ1YjAzdGlUNUF2R0hGOHktSjNJZENnQzVoQWJNM18yUXlVdmUtU2J6Wl9zRG12UVkxZm9YNXNaOA?oc=5,"Sat, 11 Apr 2026 07:00:00 GMT",gCaptain,조선,https://news.google.com/rss/articles/CBMijAFBVV95cUxPSjgtRGdydDNncm9NX3F3OFlpZW5PMTJlNFM3d1VRUnd0azJqVm9pSWdYcTgtNXBNbzVYcDJuZTRoSGo4TkJsd0VISmNXUzBUMGM4QTJ1YjAzdGlUNUF2R0hGOHktSjNJZENnQzVoQWJNM18yUXlVdmUtU2J6Wl9zRG12UVkxZm9YNXNaOA?oc=5,,False,본문 수집 제한 개수를 초과했습니다.,False,,2026-09-13 09:18:21
중동,선박 수주,shipbuilding Middle East LNG,shipbuilding Middle East LNG Middle East Gulf Saudi UAE Qatar oil LNG defense energy investment,The Costs of the Iran Conflict for the Gulf - Middle East Council on Global Affairs,https://news.google.com/rss/articles/CBMigwFBVV95cUxNLWZoRmNEdzl3REk3eHZ2NXJtOG8wcWVNYW1BdERGTWI3amluQkxLYmxUQWNmemNzakNoWEdVMEZ3WlVDQ1hEcE5mTTMxbXUxRXRISjBDbGUyVEduVlZFYW9HVjNudUsxRmZHRHBWblVmUVY4anY3dXRsT1JCVks0dUZhTQ?oc=5,"Sun, 08 Mar 2026 11:18:11 GMT",Middle East Council on Global Affairs,조선,https://news.google.com/rss/articles/CBMigwFBVV95cUxNLWZoRmNEdzl3REk3eHZ2NXJtOG8wcWVNYW1BdERGTWI3amluQkxLYmxUQWNmemNzakNoWEdVMEZ3WlVDQ1hEcE5mTTMxbXUxRXRISjBDbGUyVEduVlZFYW9HVjNudUsxRmZHRHBWblVmUVY4anY3dXRsT1JCVks0dUZhTQ?oc=5,,False,본문 수집 제한 개수를 초과했습니다.,False,,2026-09-13 09:18:21
중동,선박 수주,shipbuilding Middle East LNG,shipbuilding Middle East LNG Middle East Gulf Saudi UAE Qatar oil LNG defense energy investment,"Qatar Halts LNG Output, Saudi Refinery, Israeli Oil, Gas Fields Shut Amid Mideast Strikes - gCaptain",https://news.google.com/rss/articles/CBMirAFBVV95cUxOMlVIeWg1RmhlcHY2QzI3UW9ISVpLdk9mSkYxNnF3YkZyV2E3Y2JDX1d1QzNGZXU1RG9WVjNSalRjT19NVGQ1WXZEVlgwQ2ZNbVlIR2tjN1FlVlJMQTk4U0tWZ0s2TkxldFRsTDV1UFhKRHF0R183S1JLMExkZW56Z3c2Mkp1X2FYMmpueGp2eUtsZTZRQ05tVWV1S1NkaUhObEJEdEpfM2IwRjBF?oc=5,"Mon, 02 Mar 2026 08:00:00 GMT",gCaptain,조선,https://news.google.com/rss/articles/CBMirAFBVV95cUxOMlVIeWg1RmhlcHY2QzI3UW9ISVpLdk9mSkYxNnF3YkZyV2E3Y2JDX1d1QzNGZXU1RG9WVjNSalRjT19NVGQ1WXZEVlgwQ2ZNbVlIR2tjN1FlVlJMQTk4U0tWZ0s2TkxldFRsTDV1UFhKRHF0R183S1JLMExkZW56Z3c2Mkp1X2FYMmpueGp2eUtsZTZRQ05tVWV1S1NkaUhObEJEdEpfM2IwRjBF?oc=5,,False,본문 수집 제한 개수를 초과했습니다.,False,,2026-09-13 09:18:21
중동,선박 수주,shipbuilding Middle East LNG,shipbuilding Middle East LNG Middle East Gulf Saudi UAE Qatar oil LNG defense energy investment,China and Russia in the Gulf: A Cacophony of Influence and Interest - Carnegie Endowment for International Peace,https://news.google.com/rss/articles/CBMiswFBVV95cUxOTnV4MDB3MGtSMDY3ejhnWGdmRXMtZVg0Qlh6Um9IWVExZnQ2NGhhZGpfZnlMQ281T3lJRk9aajdiRHZRbGttdmRtMjh0eU9GcnRBd3FULWNiZzlDeGJBcHB6NmFPQkQxU1FhTVZVSWFTaHROVmdLRTNiWGRtR0RpeUxsenBGU3pHYzRSclczb0V4ZHlmUnBqX2VPZFFqQ3VvM1VYYXFzbmIxdTVGUm53bW9Ebw?oc=5,"Thu, 17 Oct 2024 07:00:00 GMT",Carnegie Endowment for International Peace,조선,https://news.google.com/rss/articles/CBMiswFBVV95cUxOTnV4MDB3MGtSMDY3ejhnWGdmRXMtZVg0Qlh6Um9IWVExZnQ2NGhhZGpfZnlMQ281T3lJRk9aajdiRHZRbGttdmRtMjh0eU9GcnRBd3FULWNiZzlDeGJBcHB6NmFPQkQxU1FhTVZVSWFTaHROVmdLRTNiWGRtR0RpeUxsenBGU3pHYzRSclczb0V4ZHlmUnBqX2VPZFFqQ3VvM1VYYXFzbmIxdTVGUm53bW9Ebw?oc=5,,False,본문 수집 제한 개수를 초과했습니다.,False,,2026-09-13 09:18:21
국내,배당,배당,배당,한 살에 이자·배당만 3940만원…미성년 ‘금융부자’ 1606명 달해 - 이투데이,https://news.google.com/rss/articles/CBMiVEFVX3lxTE9FNzNJNk42c3luQkZJeV9ReUt4QmlHRzNuZWZnWDZfM2ZZLU54dHNTMFlTT0poOUJGcG5nOGVINE9HdU5hQmhOeUgzeG1mWVRlNjdMYQ?oc=5,"Sat, 12 Sep 2026 23:22:00 GMT",이투데이,지주/복합,https://www.etoday.co.kr/news/view/2624767,www.etoday.co.kr,True,,True,,2026-09-13 09:18:53
국내,배당,배당,배당,"임창열 경기도의원, GH 이익배당금 감액 점검… 합리적 배당 기준 마련 주문 - 서울Pn",https://news.google.com/rss/articles/CBMiakFVX3lxTE5BNC1lVFJqcmFTVzFtN2dPRXM3WHhlN1NfVTlYTWYzdlpzZGEyTm5oRHJueS1FaFFCQVZWVkdGY3hPQnhLakxKNHU0VjZfYUs3WlgyOGdVXzJGanJRdHhEWWVpYlZqYkdFNEE?oc=5,"Sat, 12 Sep 2026 06:06:46 GMT",서울Pn,지주/복합,https://go.seoul.co.kr/news/newsView.php?id=20260912500062,go.seoul.co.kr,True,,True,,2026-09-13 09:18:53
국내,지주회사,지주회사,지주회사,"지분 먼저냐, 경영 먼저냐…제약 오너가 2030 승계 시계 - 데일리팜",https://news.google.com/rss/articles/CBMiVkFVX3lxTE1sajVqMWdJYk1ZMWM4eGxoaVljcHpINzR2UVF0allhSUZVU0hMcTRsa29vYmxOLUI4NFdsQkhPSV9IaXBKM3JnTjc5NWcyRFp0ZV9vYVhB?oc=5,"Sat, 12 Sep 2026 01:50:13 GMT",데일리팜,지주/복합,https://www.dailypharm.com/user/news/342138,www.dailypharm.com,True,,True,,2026-09-13 09:18:53
국내,배당,배당,배당,"[주末머니]""성장·배당 모두 그립감 좋다"" 9년만에 숙원 푼 이 기업 - v.daum.net",https://news.google.com/rss/articles/CBMiT0FVX3lxTE03NkFuSWFSa1pkWGJ3N1RhREFOblpjRlpaalFTeWZidmVOTFhITkZGSjdpM3JUblNTdFRqMGpEZTNReUU2eU1RMlNLNjFUWGc?oc=5,"Sat, 12 Sep 2026 00:01:00 GMT",v.daum.net,지주/복합,https://v.daum.net/v/20260912090149837,v.daum.net,True,,True,,2026-09-13 09:18:53
국내,배당,배당,배당,"WSJ ""트럼프, 노골적 매표행위…관세철회가 美에 경제적 배당"" - yna.co.kr",https://news.google.com/rss/articles/CBMiW0FVX3lxTE9xQjh4VUJ6VThoQm9XVjRMVjNfcDREcTJaMXJFVzFwaGtyWmFvYkUwTG5BMTUtUFFYeUFYX2dtVkozenZRcnpUZE14RHMwM2pBc3I5M1l1NnRocFXSAWBBVV95cUxNQW0zTFNCMXpkd09XT2dCbWZvM2FaRTJOMHVPSDdlUlp6TGFmRWRvTHZuWDdXNGlPaEcwTVpheXIwWURQQ3l4MEd6ZTNBdHEtQUJHRzlKNG85UTNLWmFvNl8?oc=5,"Fri, 11 Sep 2026 20:36:28 GMT",yna.co.kr,지주/복합,https://news.google.com/rss/articles/CBMiW0FVX3lxTE9xQjh4VUJ6VThoQm9XVjRMVjNfcDREcTJaMXJFVzFwaGtyWmFvYkUwTG5BMTUtUFFYeUFYX2dtVkozenZRcnpUZE14RHMwM2pBc3I5M1l1NnRocFXSAWBBVV95cUxNQW0zTFNCMXpkd09XT2dCbWZvM2FaRTJOMHVPSDdlUlp6TGFmRWRvTHZuWDdXNGlPaEcwTVpheXIwWURQQ3l4MEd6ZTNBdHEtQUJHRzlKNG85UTNLWmFvNl8?oc=5,,False,본문 수집 제한 개수를 초과했습니다.,False,,2026-09-13 09:18:53
국내,기업가치 제고,기업가치 제고,기업가치 제고,"저PBR 기업, 11월 명단 공개된다…거래소 “기업가치 제고 유도” - 데일리안",https://news.google.com/rss/articles/CBMi7gFBVV95cUxPWWNSbXZRN3ZZN0Y0Y0FIb0xUNGV4aExZRHhram9HT3J1R3I4X3QwaEloN25waGJtMzhYWVp5dWZ0XzlIU2NidEo3eVlPZkhCSFdTaDlGTEJQaFZnTTgwVmtaS2FpYVJmTFlYTzdGenM5cVg5a2lKRS1qUlNhZ21MMjBESUpFbEIyUHdJUlp1NGt6M2k1eHdfSmdMUWxmdGJYYjVlcThVX3hJTmxyQ0o4SzkweGNEN3pfSGZvc3dyc3VWZkNZTG9tekhYN1ZOUEVabGtJZDZUZXBtU1NlY0pSQXlvbjNJeTJBMnZ3dzl3?oc=5,"Fri, 11 Sep 2026 09:09:00 GMT",데일리안,지주/복합,https://news.google.com/rss/articles/CBMi7gFBVV95cUxPWWNSbXZRN3ZZN0Y0Y0FIb0xUNGV4aExZRHhram9HT3J1R3I4X3QwaEloN25waGJtMzhYWVp5dWZ0XzlIU2NidEo3eVlPZkhCSFdTaDlGTEJQaFZnTTgwVmtaS2FpYVJmTFlYTzdGenM5cVg5a2lKRS1qUlNhZ21MMjBESUpFbEIyUHdJUlp1NGt6M2k1eHdfSmdMUWxmdGJYYjVlcThVX3hJTmxyQ0o4SzkweGNEN3pfSGZvc3dyc3VWZkNZTG9tekhYN1ZOUEVabGtJZDZUZXBtU1NlY0pSQXlvbjNJeTJBMnZ3dzl3?oc=5,,False,본문 수집 제한 개수를 초과했습니다.,False,,2026-09-13 09:18:53
국내,기업가치 제고,기업가치 제고,기업가치 제고,"디와이에이, ‘기업가치 제고 계획’ 발표 - 더스탁(The Stock)",https://news.google.com/rss/articles/CBMiakFVX3lxTE1LY1ZNeFlUTmtiTE9IMHFLRUo2dy1MMGdWa3ZYZ0ZFNGFWNzZ3dWZIWEpWVE5xeG9NSlNId2pNMXlNTFM4NHlYcmJQaFJYbHc5QmpQUFpVeUM5UHZBbkUydVJTakJhclJNWVE?oc=5,"Fri, 11 Sep 2026 07:32:05 GMT",더스탁(The Stock),지주/복합,https://news.google.com/rss/articles/CBMiakFVX3lxTE1LY1ZNeFlUTmtiTE9IMHFLRUo2dy1MMGdWa3ZYZ0ZFNGFWNzZ3dWZIWEpWVE5xeG9NSlNId2pNMXlNTFM4NHlYcmJQaFJYbHc5QmpQUFpVeUM5UHZBbkUydVJTakJhclJNWVE?oc=5,,False,본문 수집 제한 개수를 초과했습니다.,False,,2026-09-13 09:18:53
국내,기업가치 제고,기업가치 제고,기업가치 제고,"거래소, 저PBR 기업 11월 첫 공개…기업가치 제고 계획 공시하면 1년 면제 - imaeil.com",https://news.google.com/rss/articles/CBMiYkFVX3lxTE9nQ0pVNE9UOW5odjlZemZ1WXVkemlZYS1JSmlJSXpjcFI4TmtwbkJ6SWNjWWd2bUhLZHp5eU5veE1wbHJPUEhXTk5WQ0cyZGp0T3pWcmQ3a1JpV185VjBwLXhB?oc=5,"Fri, 11 Sep 2026 07:14:16 GMT",imaeil.com,지주/복합,https://news.google.com/rss/articles/CBMiYkFVX3lxTE9nQ0pVNE9UOW5odjlZemZ1WXVkemlZYS1JSmlJSXpjcFI4TmtwbkJ6SWNjWWd2bUhLZHp5eU5veE1wbHJPUEhXTk5WQ0cyZGp0T3pWcmQ3a1JpV185VjBwLXhB?oc=5,,False,본문 수집 제한 개수를 초과했습니다.,False,,2026-09-13 09:18:53
국내,기업가치 제고,기업가치 제고,기업가치 제고,"디와이에이, 기업가치 제고 계획 공시…""2028년 매출 1.2조원 목표"" - newspim.com",https://news.google.com/rss/articles/CBMiXEFVX3lxTE1tN1VyTmtJbkJIcmsyWnNNeU9kUXpVd1R2eHdXblZSdm1BMHFlS1RSZDU1YURzeEM1VlVUQldJUGp1NUdXR01XdmVWZjBra0NMYXFZVlZtZmVwZnF3?oc=5,"Fri, 11 Sep 2026 01:12:00 GMT",newspim.com,지주/복합,https://news.google.com/rss/articles/CBMiXEFVX3lxTE1tN1VyTmtJbkJIcmsyWnNNeU9kUXpVd1R2eHdXblZSdm1BMHFlS1RSZDU1YURzeEM1VlVUQldJUGp1NUdXR01XdmVWZjBra0NMYXFZVlZtZmVwZnF3?oc=5,,False,본문 수집 제한 개수를 초과했습니다.,False,,2026-09-13 09:18:53
국내,자회사 실적,자회사 실적,자회사 실적,올해 0.25% 상승 그친 LX홀딩스…자회사 실적·경영권 승계로 실마리 찾을까 - 한국경제,https://news.google.com/rss/articles/CBMiWkFVX3lxTE5YMHdjN3NRRDBGZWpoS2FqT0hXS3RwWk9kUklMQkFEQ3Ntd3lzbnNwLTZ0bDA4ZWp3SFpLazI3YlQ2VW15VzFwbUEzRXBuNWxxSjRLUmZXQ20yUQ?oc=5,"Thu, 10 Sep 2026 23:43:00 GMT",한국경제,지주/복합,https://news.google.com/rss/articles/CBMiWkFVX3lxTE5YMHdjN3NRRDBGZWpoS2FqT0hXS3RwWk9kUklMQkFEQ3Ntd3lzbnNwLTZ0bDA4ZWp3SFpLazI3YlQ2VW15VzFwbUEzRXBuNWxxSjRLUmZXQ20yUQ?oc=5,,False,본문 수집 제한 개수를 초과했습니다.,False,,2026-09-13 09:18:53
국내,지주회사,지주회사,지주회사,구미전자정보기술원 `406억 유보금` 도마...`기술지주회사 설립도 검토` - 경북정치신문,https://news.google.com/rss/articles/CBMiX0FVX3lxTE1LSmotaXVVSEplSzE3Z3A0ZnJVNG0yOEk4UTNYNXB0ZDdZZ0gySHlyLVJYQndDSmNHR2h0NHA4d3l6U05pd2tjcWRvVThaZWtBMjZOQV91b09kcTYwOVdJ?oc=5,"Thu, 10 Sep 2026 06:43:03 GMT",경북정치신문,지주/복합,https://news.google.com/rss/articles/CBMiX0FVX3lxTE1LSmotaXVVSEplSzE3Z3A0ZnJVNG0yOEk4UTNYNXB0ZDdZZ0gySHlyLVJYQndDSmNHR2h0NHA4d3l6U05pd2tjcWRvVThaZWtBMjZOQV91b09kcTYwOVdJ?oc=5,,False,본문 수집 제한 개수를 초과했습니다.,False,,2026-09-13 09:18:53
국내,배당,배당,배당,"배당, 기금에 전기요금까지…모두의 돈주머니 된 삼성전자 - 인베스트조선",https://news.google.com/rss/articles/CBMigwFBVV95cUxPRkxZd0ljRzZTdnJ4V1NTYTE1UWRMaWFmYXU2eUJkaFgzRm1tZXhCeUtrRTgtV2dabzlXampGWTY4bEZ5Y3g5RFB6R0poN0EtRVVQQU9tcGxoSVc4bnJIcVRJOUl5cGlJZFV1Wi1CanRONVI4TDlMWVVsenJlWjd3N3ctMA?oc=5,"Wed, 09 Sep 2026 22:00:33 GMT",인베스트조선,지주/복합,https://news.google.com/rss/articles/CBMigwFBVV95cUxPRkxZd0ljRzZTdnJ4V1NTYTE1UWRMaWFmYXU2eUJkaFgzRm1tZXhCeUtrRTgtV2dabzlXampGWTY4bEZ5Y3g5RFB6R0poN0EtRVVQQU9tcGxoSVc4bnJIcVRJOUl5cGlJZFV1Wi1CanRONVI4TDlMWVVsenJlWjd3N3ctMA?oc=5,,False,본문 수집 제한 개수를 초과했습니다.,False,,2026-09-13 09:18:53
국내,자회사 실적,자회사 실적,자회사 실적,"HDC, 핵심 자회사 실적 호조에 큰 폭 이익 성장 - 알파경제",https://news.google.com/rss/articles/CBMibkFVX3lxTE5lYmZ4XzREVVdKVkItQ24xbmZnazlWd3ltN3pqUUhlQ1NPWmE4MDY3Z0Ftb1dvVHp6QWxFWmYwZGtuSWx3RmtyT201bHJkSEstQjdIR3B4dEx4bmQ2bThpSHhidVppM2dLaDVZLVpR?oc=5,"Wed, 09 Sep 2026 02:28:56 GMT",알파경제,지주/복합,https://news.google.com/rss/articles/CBMibkFVX3lxTE5lYmZ4XzREVVdKVkItQ24xbmZnazlWd3ltN3pqUUhlQ1NPWmE4MDY3Z0Ftb1dvVHp6QWxFWmYwZGtuSWx3RmtyT201bHJkSEstQjdIR3B4dEx4bmQ2bThpSHhidVppM2dLaDVZLVpR?oc=5,,False,본문 수집 제한 개수를 초과했습니다.,False,,2026-09-13 09:18:53
국내,자회사 실적,자회사 실적,자회사 실적,"HD현대, 자회사 실적 호조에 지가치 상승… 목표가↑-흥국 By 인포스탁데일리 - kr.investing.com",https://news.google.com/rss/articles/CBMicEFVX3lxTE9WSHJuWGZiMGpZYk93YWM1MXlrdmZ1U04yeVVVUlNEcmhBaUlsbTlGVktmcnNWYTNiNExPS1hoQ3piNUFUVzUySmkxVWYxOGRseHZZT1NpZkM3bGdIenQ0RUxhLU0zdHEycHBBMXFTQ3I?oc=5,"Wed, 09 Sep 2026 01:36:00 GMT",kr.investing.com,지주/복합,https://news.google.com/rss/articles/CBMicEFVX3lxTE9WSHJuWGZiMGpZYk93YWM1MXlrdmZ1U04yeVVVUlNEcmhBaUlsbTlGVktmcnNWYTNiNExPS1hoQ3piNUFUVzUySmkxVWYxOGRseHZZT1NpZkM3bGdIenQ0RUxhLU0zdHEycHBBMXFTQ3I?oc=5,,False,본문 수집 제한 개수를 초과했습니다.,False,,2026-09-13 09:18:53
국내,자회사 실적,자회사 실적,자회사 실적,"“HD현대, 자회사 실적 개선 힘입어 3분기 영업이익 3조2000억 전망” - 주간동아",https://news.google.com/rss/articles/CBMiaEFVX3lxTE9RcE1GM2tlMTVxaF85YVpuNG9GN1Bta1F1U05OV0lfWHU5R1dmbU8yX1FpTUxkUlpGcmZ5Q2FYdmZRNE9DOWptSE5wTnB5SnEtV2lRT2tzMElBOFZwVURjaVZlRm85STJG?oc=5,"Wed, 09 Sep 2026 01:00:13 GMT",주간동아,지주/복합,https://news.google.com/rss/articles/CBMiaEFVX3lxTE9RcE1GM2tlMTVxaF85YVpuNG9GN1Bta1F1U05OV0lfWHU5R1dmbU8yX1FpTUxkUlpGcmZ5Q2FYdmZRNE9DOWptSE5wTnB5SnEtV2lRT2tzMElBOFZwVURjaVZlRm85STJG?oc=5,,False,본문 수집 제한 개수를 초과했습니다.,False,,2026-09-13 09:18:53
국내,자회사 실적,자회사 실적,자회사 실적,"흥국증권, HD현대 목표가 상향…""자회사 대부분 실적 견조"" - yna.co.kr",https://news.google.com/rss/articles/CBMiW0FVX3lxTE1rRlpVbTY5Vy1EazJpN1QwSTFFLXZjaWNKLWF4QVlHVnFBZzMxTmt6OFlDWTBzUE9GQ2tXRHcxMzhIUFQ2U3VWTjBYY1Q0c3dydHRHR1E2ZGk4V1nSAWBBVV95cUxQSHFVT2xuV1p4NzZETlRpZmp2amVtSHBEa0RHRmJkZ0pSR2UzVmdLcWlRTjN5cks3N0Y4eERYSnFNS2h6S2syTUN6ZU9LeWJvMmI0VzhZMVRfTkd3anp1NDM?oc=5,"Tue, 08 Sep 2026 23:29:22 GMT",yna.co.kr,지주/복합,https://news.google.com/rss/articles/CBMiW0FVX3lxTE1rRlpVbTY5Vy1EazJpN1QwSTFFLXZjaWNKLWF4QVlHVnFBZzMxTmt6OFlDWTBzUE9GQ2tXRHcxMzhIUFQ2U3VWTjBYY1Q0c3dydHRHR1E2ZGk4V1nSAWBBVV95cUxQSHFVT2xuV1p4NzZETlRpZmp2amVtSHBEa0RHRmJkZ0pSR2UzVmdLcWlRTjN5cks3N0Y4eERYSnFNS2h6S2syTUN6ZU9LeWJvMmI0VzhZMVRfTkd3anp1NDM?oc=5,,False,본문 수집 제한 개수를 초과했습니다.,False,,2026-09-13 09:18:53
국내,지주회사,지주회사,지주회사,‘메가특구법’ 증손회사 지분 규제 푼다 - 경향신문,https://news.google.com/rss/articles/CBMiWkFVX3lxTE1jZExxNk9OQVZPeVQyOGZQTmNjRnV5ZldMUjZoZUltNlNiVkpaQ0VVbmlLeUlrNUFQaDZpZkppSXBWNjQzUU1hcjVnSlJhYnVVTGRtRUx0Uk5Dd9IBX0FVX3lxTE9Vc21xUVZkSjNDWm5zaU9nRHg4U3BVaTBRdzZXQU1aOV9IZXUxQ19Ibk5iU2RzOGV0aEw0dTYtOXNPbDcyZVctWkdtVGY0Z2d2UG9lcVo1eTdzTlM3UVlN?oc=5,"Tue, 08 Sep 2026 12:16:00 GMT",경향신문,지주/복합,https://news.google.com/rss/articles/CBMiWkFVX3lxTE1jZExxNk9OQVZPeVQyOGZQTmNjRnV5ZldMUjZoZUltNlNiVkpaQ0VVbmlLeUlrNUFQaDZpZkppSXBWNjQzUU1hcjVnSlJhYnVVTGRtRUx0Uk5Dd9IBX0FVX3lxTE9Vc21xUVZkSjNDWm5zaU9nRHg4U3BVaTBRdzZXQU1aOV9IZXUxQ19Ibk5iU2RzOGV0aEw0dTYtOXNPbDcyZVctWkdtVGY0Z2d2UG9lcVo1eTdzTlM3UVlN?oc=5,,False,본문 수집 제한 개수를 초과했습니다.,False,,2026-09-13 09:18:53
국내,지주회사,지주회사,지주회사,연세대 미래기술지주회사 중소벤처기업부 창업기획자 등록 - 베리타스알파,https://news.google.com/rss/articles/CBMibEFVX3lxTE1kUzJjaWItc2E1SmZrX2w5YUU5TnRCTHhxam9PRHpmN0VFYThMVUdlVWtzaWhUbThBVGpEN3ljdE1Ic0t1OGtCZ2xha3RXODdCamRuZDlwM3lQRmRFdUN5TjJjVjdQdWFkSVVjcA?oc=5,"Tue, 08 Sep 2026 07:53:55 GMT",베리타스알파,지주/복합,https://news.google.com/rss/articles/CBMibEFVX3lxTE1kUzJjaWItc2E1SmZrX2w5YUU5TnRCTHhxam9PRHpmN0VFYThMVUdlVWtzaWhUbThBVGpEN3ljdE1Ic0t1OGtCZ2xha3RXODdCamRuZDlwM3lQRmRFdUN5TjJjVjdQdWFkSVVjcA?oc=5,,False,본문 수집 제한 개수를 초과했습니다.,False,,2026-09-13 09:18:53
국내,지주회사,지주회사,지주회사,"카카오, 지주사 전환 대신 '2개의 엔진'으로 쪼갠 이유는 - 뉴데일리",https://news.google.com/rss/articles/CBMie0FVX3lxTE9aYTVXM0xSa3FlN1czWW9iTmMxOWtWTzgtVzhHNmR1cUliOUJ3T2paeDgtVVdyNGE4cVV1Y2g4bU1KOV8yaGdxQTQ0emU2WGM3UGtTd2g4MlBrVjNhYWwtTm0tT0RJOGZWdnhIeDE0QXNyWkNqYThIZDJTONIBgAFBVV95cUxOX0ExT190NW1pZWtZM1V3SnBjbXNQaEd0QzVVaFBydmhkU3BrZUw3YzFWdFpUaGQtWHliR0ZOaWwzVWZtUHdyaElWNjBlamdJYUYtWTRZVjMtWG1mTXVDYmFDSWJHQnI2RjJDYlBwOXlPbG9OVF9MZXdNd19kd0Uycw?oc=5,"Fri, 21 Aug 2026 07:00:00 GMT",뉴데일리,지주/복합,https://news.google.com/rss/articles/CBMie0FVX3lxTE9aYTVXM0xSa3FlN1czWW9iTmMxOWtWTzgtVzhHNmR1cUliOUJ3T2paeDgtVVdyNGE4cVV1Y2g4bU1KOV8yaGdxQTQ0emU2WGM3UGtTd2g4MlBrVjNhYWwtTm0tT0RJOGZWdnhIeDE0QXNyWkNqYThIZDJTONIBgAFBVV95cUxOX0ExT190NW1pZWtZM1V3SnBjbXNQaEd0QzVVaFBydmhkU3BrZUw3YzFWdFpUaGQtWHliR0ZOaWwzVWZtUHdyaElWNjBlamdJYUYtWTRZVjMtWG1mTXVDYmFDSWJHQnI2RjJDYlBwOXlPbG9OVF9MZXdNd19kd0Uycw?oc=5,,False,본문 수집 제한 개수를 초과했습니다.,False,,2026-09-13 09:18:53
국내,기업가치 제고,기업가치 제고,기업가치 제고,"""PBR 개선"" 기업가치 제고 계획 공시↑…주요 내용 살펴보니 - yna.co.kr",https://news.google.com/rss/articles/CBMiW0FVX3lxTE5NenhZS05Eam4zTGtCM2haTjA0UnZDQTdQN2JJSGV5MTA3RTV2bG1qZ2FPRmNnWmJoS0taV2dNMmhvZTdsZ2JRWmtKSHdSX0xaTzQzMzNseklCUUnSAWBBVV95cUxOUXF4NVUwZEZSd3BJb3BBbEJRZjVseklFd0RGcVJDcDJkNmJ2Y3dGTWJaQ25ZcWJJbm9rTDlUZ281dW5kVHJQdEhHMEJrVnB5TzFZNExkOF9lalRXc2FYY1Y?oc=5,"Fri, 21 Aug 2026 07:00:00 GMT",yna.co.kr,지주/복합,https://news.google.com/rss/articles/CBMiW0FVX3lxTE5NenhZS05Eam4zTGtCM2haTjA0UnZDQTdQN2JJSGV5MTA3RTV2bG1qZ2FPRmNnWmJoS0taV2dNMmhvZTdsZ2JRWmtKSHdSX0xaTzQzMzNseklCUUnSAWBBVV95cUxOUXF4NVUwZEZSd3BJb3BBbEJRZjVseklFd0RGcVJDcDJkNmJ2Y3dGTWJaQ25ZcWJJbm9rTDlUZ281dW5kVHJQdEhHMEJrVnB5TzFZNExkOF9lalRXc2FYY1Y?oc=5,,False,본문 수집 제한 개수를 초과했습니다.,False,,2026-09-13 09:18:53
미국,배당,배당,배당 stock market earnings investment,"Realty Income (O) Stock Price, Quote & Analysis - tipranks.com",https://news.google.com/rss/articles/CBMiSEFVX3lxTE1IRHRjYWxoenh6Z0xyTWJCWUpwemNwUV9YQV9nR1VvX2tRSmJSS1NybWVKcTZEMWRKWm5VWnlQTjlMOGYyRHp6VA?oc=5,"Wed, 09 Sep 2026 07:19:20 GMT",tipranks.com,지주/복합,https://www.tipranks.com/stocks/o,www.tipranks.com,True,,True,,2026-09-13 09:18:53
미국,배당,배당,배당 stock market earnings investment,Best High Yield Dividend Stocks (September 2026) - Investing.com,https://news.google.com/rss/articles/CBMifkFVX3lxTE5nU3JpRmVTQnUzTndGMlZFcTR1Z1YzNHpubUpGM0ZoTDhZM2hhN28xN3loNEc0Vl9aVjNqYi1vdHFiTGVQSHZHV0RleE9PMDRCbGZpT0pEYzNSUlhhYXhtbW1fMVJiQWxHOUx5d1lKRnBPemtxeEwwSFNGdGo5Zw?oc=5,"Thu, 03 Sep 2026 07:00:00 GMT",Investing.com,지주/복합,https://news.google.com/rss/articles/CBMifkFVX3lxTE5nU3JpRmVTQnUzTndGMlZFcTR1Z1YzNHpubUpGM0ZoTDhZM2hhN28xN3loNEc0Vl9aVjNqYi1vdHFiTGVQSHZHV0RleE9PMDRCbGZpT0pEYzNSUlhhYXhtbW1fMVJiQWxHOUx5d1lKRnBPemtxeEwwSFNGdGo5Zw?oc=5,,False,403 Client Error: Forbidden for url: https://www.investing.com/academy/stock-picks/high-yield-dividend-stocks/,True,,2026-09-13 09:18:53
미국,배당,배당,배당 stock market earnings investment,20 Best High-Yield Dividend Stocks for 2026 and How to Invest - The Motley Fool,https://news.google.com/rss/articles/CBMipgFBVV95cUxNbWdzdktUY0ZnaFhiVW8wM2VoTmhBLXlhakhkX2w4X2JCZnZYTXpwTTVJYnNITlAwTzBnaE90emlSV1JBVnJLOEl3bUxOWW1OWlVKdWh4OXpkcGloenNiQURpcHJhNTBrY2tIS3d0VldUV1VHV0pQVU9HaVpXSVQ5RHlvVDNNY28wd2xpdGo1SWxCUTFPcTNCNUs0c2llc3dPSVhWODhB?oc=5,"Wed, 02 Sep 2026 07:00:00 GMT",The Motley Fool,지주/복합,https://www.fool.com/investing/stock-market/types-of-stocks/dividend-stocks/high-yield-dividend-stocks/,www.fool.com,True,,True,,2026-09-13 09:18:53
미국,배당,배당,배당 stock market earnings investment,Should Invesco S&P Ultra Dividend Revenue ETF (RDIV) Be on Your Investing Radar? - Yahoo Finance,https://news.google.com/rss/articles/CBMingFBVV95cUxQUzVVdFZIaklJQ01xOW92UGdUVlo1aFRoV2ZsT0hYUnlDazczUHplV09pd2t0ckRPVXRpTF9WeGJvcndWeVp1WmRaYnE1MUYxa0wwRWU0WW5qdGo3bWdZbjg4YktobDREczZWME1FUjYxZUV0Ml90YktqNUNuSW5pMi1qZUN0TGtoODcxY2UwWS15YmlnOGhMS0hQY0JhZw?oc=5,"Mon, 15 Jun 2026 07:00:00 GMT",Yahoo Finance,지주/복합,https://news.google.com/rss/articles/CBMingFBVV95cUxQUzVVdFZIaklJQ01xOW92UGdUVlo1aFRoV2ZsT0hYUnlDazczUHplV09pd2t0ckRPVXRpTF9WeGJvcndWeVp1WmRaYnE1MUYxa0wwRWU0WW5qdGo3bWdZbjg4YktobDREczZWME1FUjYxZUV0Ml90YktqNUNuSW5pMi1qZUN0TGtoODcxY2UwWS15YmlnOGhMS0hQY0JhZw?oc=5,,False,404 Client Error: Not Found for url: https://finance.yahoo.com/markets/stocks/articles/invesco-p-ultra-dividend-revenue-102002438.html,True,,2026-09-13 09:18:53
미국,배당,배당,배당 stock market earnings investment,TELUS reports strong and industry leading operational and financial results for the fourth quarter and full year 2025; establishes compelling and industry-best 2026 financial targets - PR Newswire,https://news.google.com/rss/articles/CBMi2AJBVV95cUxQYmt1SnFNcFY2azBGOE5mMUNZaVI4eU9sSm9BOE9rSWZXU2ZkNkJTN1ZyVkNkUndRbkQyMEJwVTFncWR2clFHYVJQd3ZBeElHbEM5Sll6Mkdza3M4eFpwalJoODdJRjdaRlhtUUREUFVCOWhKTGpMWFAtVkllTXVRSnlLRC1Ocld0WHNQSmI4LUx2aVd5VUpDem9hU2Q2cDRzOUZfVWFySkN5NGpZLS0tNVc0d3U2RXg5UlRQSVZaWFFPdldxOFdqZ3Y5dG04NU5UVTJVZjVLZEFjMVB5dm1DQXRYd2tOcThieDBMWlp4S1ZlWEdCazU3alpRY0VPRDR4QnpEUGhaS1R2cjJxWWxYT3N5SktKTmVpU0dIX3VLT0MwWkFRdTlSemluNFBEem1GS3BJRDdNZ1Y0d1JxVGhLMlVnRzAyTkdsRHFfejhsd0hkX19iUGNYZQ?oc=5,"Thu, 12 Feb 2026 08:00:00 GMT",PR Newswire,지주/복합,https://news.google.com/rss/articles/CBMi2AJBVV95cUxQYmt1SnFNcFY2azBGOE5mMUNZaVI4eU9sSm9BOE9rSWZXU2ZkNkJTN1ZyVkNkUndRbkQyMEJwVTFncWR2clFHYVJQd3ZBeElHbEM5Sll6Mkdza3M4eFpwalJoODdJRjdaRlhtUUREUFVCOWhKTGpMWFAtVkllTXVRSnlLRC1Ocld0WHNQSmI4LUx2aVd5VUpDem9hU2Q2cDRzOUZfVWFySkN5NGpZLS0tNVc0d3U2RXg5UlRQSVZaWFFPdldxOFdqZ3Y5dG04NU5UVTJVZjVLZEFjMVB5dm1DQXRYd2tOcThieDBMWlp4S1ZlWEdCazU3alpRY0VPRDR4QnpEUGhaS1R2cjJxWWxYT3N5SktKTmVpU0dIX3VLT0MwWkFRdTlSemluNFBEem1GS3BJRDdNZ1Y0d1JxVGhLMlVnRzAyTkdsRHFfejhsd0hkX19iUGNYZQ?oc=5,,False,본문 수집 제한 개수를 초과했습니다.,False,,2026-09-13 09:18:53
미국,지주회사,지주회사,지주회사 stock market earnings investment,GMO’s Top Holdings: Inside Jeremy Grantham’s High-Conviction Mega-Cap Portfolio - The Acquirer's Multiple,https://news.google.com/rss/articles/CBMitgFBVV95cUxOSFVuWU96Zk12ZG1KcEdiOEIwRVV4djN5VHFxRUhJdlRKLVJST3NwM010Qk9iVmY0VWNjVU5DdE9henJQejQ0MVVxMVFFbGptQjZmT2pvX1pYYTJ4TkN3MzNySW9xUmxEUVBWc0F5YUdORDBWYXlGZFNPc1dKcXdWNlF1cTJOS3lRQUY0ZWF1ZXVwS3VKbVBPZFBFb1ZYVms4YXZSRk9lei1qc2plX016WkFmZWxmdw?oc=5,"Sun, 30 Nov 2025 08:00:00 GMT",The Acquirer's Multiple,지주/복합,https://news.google.com/rss/articles/CBMitgFBVV95cUxOSFVuWU96Zk12ZG1KcEdiOEIwRVV4djN5VHFxRUhJdlRKLVJST3NwM010Qk9iVmY0VWNjVU5DdE9henJQejQ0MVVxMVFFbGptQjZmT2pvX1pYYTJ4TkN3MzNySW9xUmxEUVBWc0F5YUdORDBWYXlGZFNPc1dKcXdWNlF1cTJOS3lRQUY0ZWF1ZXVwS3VKbVBPZFBFb1ZYVms4YXZSRk9lei1qc2plX016WkFmZWxmdw?oc=5,,False,본문 수집 제한 개수를 초과했습니다.,False,,2026-09-13 09:18:53
미국,지주회사,지주회사,지주회사 stock market earnings investment,Understanding Holding Companies: Key Advantages and Disadvantages - Investopedia,https://news.google.com/rss/articles/CBMiZkFVX3lxTE93S3lCUVMzTkx5RHRrckhmMkdXQ2VwSUlGWlUzQUtFS29tUWRLa2w3S1N5RkJUcGhFLXVaYmhLVzE2eGF5dkFTb19MYnJWSUZtcHl3RWpYSnFfWE5OeDZmSzlBbGtjUQ?oc=5,"Sun, 26 Mar 2017 00:37:33 GMT",Investopedia,지주/복합,https://news.google.com/rss/articles/CBMiZkFVX3lxTE93S3lCUVMzTkx5RHRrckhmMkdXQ2VwSUlGWlUzQUtFS29tUWRLa2w3S1N5RkJUcGhFLXVaYmhLVzE2eGF5dkFTb19MYnJWSUZtcHl3RWpYSnFfWE5OeDZmSzlBbGtjUQ?oc=5,,False,본문 수집 제한 개수를 초과했습니다.,False,,2026-09-13 09:18:53
일본,기업가치 제고,기업가치 제고,기업가치 제고 日本 株式市場 企業,ビッグ・データ・アナリティクスを活用した 財務・非財務インパクトの測定： 投資家視点のデータ分析による企業価値向上への対応 - PwC,https://news.google.com/rss/articles/CBMingFBVV95cUxNR1JUelJSbi1VYWYxVmR0YjM2aTRMWExTZ0VaYkExOEd4TFJGSjNfN3A3YnZhd3BfY05xSC16eUc5MDJCNm1pREZBcmxfWndaN1Q3Tl90MS1UcVU0TWZTd1JyMXFnamNoaWlMR1ZkZ002c1F1amlxeUVXNWNubnVTRzh5MnkySVFSV1RPSnpyWjZQRnAzdTMtNTZBRGVNdw?oc=5,"Tue, 27 Aug 2024 02:15:53 GMT",PwC,지주/복합,https://www.pwc.com/jp/ja/services/assurance/sustainability/analysis-of-non-financial-impact.html,www.pwc.com,True,,True,,2026-09-13 09:18:53
국내,소재,소재,소재,"에너지연, 에너지 소재 분야 첨단 분석 기술 공유의 장 열어 - 뉴스밴드",https://news.google.com/rss/articles/CBMiaEFVX3lxTFB0Mk5hRHdEZTB4cjNNQ2prLXNraktyZHdGS3R2cjRiTTFNZXNMb1ZkZV9zNEhPLWFVaE12N0ctejl4Yi1yTXdxRVI1WUg0QjZuaVFsVnBaR2RFQ2J4VF9UZDNIczRBVk9j?oc=5,"Sat, 12 Sep 2026 23:57:19 GMT",뉴스밴드,철강/소재,http://www.newsband.kr/news/articleView.html?idxno=571148,www.newsband.kr,True,,True,,2026-09-13 09:19:23
국내,철강,철강,철강,조선·철강 '9월 도미노 파업' 예고…추석 앞두고 제조업 '빨간불' - 뉴스웍스,https://news.google.com/rss/articles/CBMib0FVX3lxTE9PNTJreWczNU10Umd2X2dQY2pMcFU5NWQ3RnpqNGJoLXNsa1ViTzQwRTlrcnNqMDBiZnNQdWNmZHdaV3NTRFcwUXdpeHBIT2hiYjJPaHBpdUp5RGpTSFNWZFFKTFhLNzJFbVVJN0U4TdIBc0FVX3lxTE4yNHcxSTdFQy1HNzRmdUU0Y2xpWDhDNHRKRnBIRkpZVDAwYUNzQzZTQkZISklyY3NkRWxvWFlPZTFNNlk4Vjh4bGpwckpuQ3NWTF9VNkZacXZrMlRGZ3RNWllVRGJwQzktUUlQRWVfVk9KNkE?oc=5,"Sat, 12 Sep 2026 23:00:00 GMT",뉴스웍스,철강/소재,https://www.newsworks.co.kr/news/articleView.html?idxno=853402,www.newsworks.co.kr,True,,True,,2026-09-13 09:19:23
국내,구리,구리,구리,"거래 86% 급감에도 신고가…'토허제' 동탄·기흥·구리, 삼성 대출 변수 - 뉴스1",https://news.google.com/rss/articles/CBMiW0FVX3lxTE00YXg1ZEJockNuN1pOTFI5OHUyUFh2b3ZlN243Tkd4WklrRWlFaWstVHFaeE50MUpNMWU4NTkxdThyd3lHQXhjeVlYT1ZlN2JjYlNhZzJIaGJ1S2vSAWBBVV95cUxOYnZ0S1R4dmk5b0tONWFpaDdCVGh0MWJTdVJhODZGREpkZEN5cDhtWWJUM0EtQk5RbkNDYnBBTk5yN3NEc2NkMzVSZnozVUc1M3FYUFhzTXYwSXltYkFnMlk?oc=5,"Sat, 12 Sep 2026 21:40:00 GMT",뉴스1,철강/소재,https://news.google.com/rss/articles/CBMiW0FVX3lxTE00YXg1ZEJockNuN1pOTFI5OHUyUFh2b3ZlN243Tkd4WklrRWlFaWstVHFaeE50MUpNMWU4NTkxdThyd3lHQXhjeVlYT1ZlN2JjYlNhZzJIaGJ1S2vSAWBBVV95cUxOYnZ0S1R4dmk5b0tONWFpaDdCVGh0MWJTdVJhODZGREpkZEN5cDhtWWJUM0EtQk5RbkNDYnBBTk5yN3NEc2NkMzVSZnozVUc1M3FYUFhzTXYwSXltYkFnMlk?oc=5,,False,403 Client Error: Forbidden for url: https://www.news1.kr/realestate/general/6287811,True,,2026-09-13 09:19:23
국내,철강,철강,철강,"DRI부터 수소환원제철까지, 철강의 미래 '그린 철강' 대해부[기후로운 경제생활] - v.daum.net",https://news.google.com/rss/articles/CBMiT0FVX3lxTE40d2ktU0lRWW9lcWk4eGx2aEFoTEdjQlJTWkFFMXlxbHI1d3AyZDVsQ09LMzd1YzdlUHp3TS13bDQwdDVaYWRwNUl4dnEtb0E?oc=5,"Sat, 12 Sep 2026 20:03:21 GMT",v.daum.net,철강/소재,https://v.daum.net/v/20260913050321307,v.daum.net,True,,True,,2026-09-13 09:19:23
국내,소재,소재,소재,"소재는 일상에서, 퇴고는 100번..유미경 작가를 만나다 - 당진신문",https://news.google.com/rss/articles/CBMiaEFVX3lxTE11eE5lVDVWQ1U2LTNZc2FkNkRnUGxEMmRYRndRa1FCVGVLa3dvVEVyZUJza3VJOXlpRmRFNG9ocmpnb2c0NERJVVVaUHF2dHY1VzVIRUp0b0tVS09lNlBXbUs4a2hpYjR1?oc=5,"Sat, 12 Sep 2026 05:00:00 GMT",당진신문,철강/소재,https://news.google.com/rss/articles/CBMiaEFVX3lxTE11eE5lVDVWQ1U2LTNZc2FkNkRnUGxEMmRYRndRa1FCVGVLa3dvVEVyZUJza3VJOXlpRmRFNG9ocmpnb2c0NERJVVVaUHF2dHY1VzVIRUp0b0tVS09lNlBXbUs4a2hpYjR1?oc=5,,False,본문 수집 제한 개수를 초과했습니다.,False,,2026-09-13 09:19:23
국내,구리,구리,구리,"백악관, 정련 구리 관세 유보…미국 내 비축량은 사상 최대 - 글로벌이코노믹",https://news.google.com/rss/articles/CBMiiAFBVV95cUxOWE44VGpEbUlPNFVnUWRBenM1bEVDU1U4QlJZR2NBY1ZUYm5MbFZvZmhVaWY2SXdMZXlMZXJqeTUzbVFxTFdlV2JjbG40QjBZN2N4dVZBNHhRV2p1RVRBWjVDQ1Y2Z2FSdUFhNnNJbkY4ZzJhNXhNbUcwWm9ORUxDU2hUdDdqNjJs?oc=5,"Sat, 12 Sep 2026 02:33:11 GMT",글로벌이코노믹,철강/소재,https://news.google.com/rss/articles/CBMiiAFBVV95cUxOWE44VGpEbUlPNFVnUWRBenM1bEVDU1U4QlJZR2NBY1ZUYm5MbFZvZmhVaWY2SXdMZXlMZXJqeTUzbVFxTFdlV2JjbG40QjBZN2N4dVZBNHhRV2p1RVRBWjVDQ1Y2Z2FSdUFhNnNJbkY4ZzJhNXhNbUcwWm9ORUxDU2hUdDdqNjJs?oc=5,,False,본문 수집 제한 개수를 초과했습니다.,False,,2026-09-13 09:19:23
국내,소재,소재,소재,"로사톰, 중국산 대신 '러시아산 전기차' 승부…복합소재 자체 플랫폼 띄운다 - 더구루",https://news.google.com/rss/articles/CBMiY0FVX3lxTE1vMkRnNmZrLXZacFVwcXZ4bzRKZ08yZG42UGJ6Um5DWVh0M015NWlkMWZQZG9tbGtHZnhWYnV0VmdVSWpyUXROWEhwZThoM21odE5zcjVnUWN4Vi0wMnpXanRWMA?oc=5,"Sat, 12 Sep 2026 01:15:52 GMT",더구루,철강/소재,https://news.google.com/rss/articles/CBMiY0FVX3lxTE1vMkRnNmZrLXZacFVwcXZ4bzRKZ08yZG42UGJ6Um5DWVh0M015NWlkMWZQZG9tbGtHZnhWYnV0VmdVSWpyUXROWEhwZThoM21odE5zcjVnUWN4Vi0wMnpXanRWMA?oc=5,,False,본문 수집 제한 개수를 초과했습니다.,False,,2026-09-13 09:19:23
국내,구리,구리,구리,"구리소방서, 2026년 하반기 소방공무원 직장교육 실시 - 일간투데이",https://news.google.com/rss/articles/CBMia0FVX3lxTE9TMmlDam1WZl9yYW9XZW1FVDFGUWVxMDdKZWNmY1N0enpyNE5FTWZyX2xXdnlfV0JVMmFUTWhKazE1dFZEbDdRQ0RxTzhTcEpXYU5BeERaYXMtX1plLXJUVlV6aDVQNV9wakVV?oc=5,"Fri, 11 Sep 2026 14:45:00 GMT",일간투데이,철강/소재,https://news.google.com/rss/articles/CBMia0FVX3lxTE9TMmlDam1WZl9yYW9XZW1FVDFGUWVxMDdKZWNmY1N0enpyNE5FTWZyX2xXdnlfV0JVMmFUTWhKazE1dFZEbDdRQ0RxTzhTcEpXYU5BeERaYXMtX1plLXJUVlV6aDVQNV9wakVV?oc=5,,False,본문 수집 제한 개수를 초과했습니다.,False,,2026-09-13 09:19:23
국내,구리,구리,구리,금·은·동 다 솟구친다…뜨거운 ‘메탈 랠리’ - mk.co.kr,https://news.google.com/rss/articles/CBMiVkFVX3lxTE9vT1FIcDB0REw1cmpRS0FudnNhRENJUkVZbU41S3dyLUJkQ3JPWUdYbXllZnpibHlmZ2NpSm9RNkNEX1JacHY2c2ZPS3B4WnRvcjF0ODVn?oc=5,"Fri, 11 Sep 2026 08:03:16 GMT",mk.co.kr,철강/소재,https://news.google.com/rss/articles/CBMiVkFVX3lxTE9vT1FIcDB0REw1cmpRS0FudnNhRENJUkVZbU41S3dyLUJkQ3JPWUdYbXllZnpibHlmZ2NpSm9RNkNEX1JacHY2c2ZPS3B4WnRvcjF0ODVn?oc=5,,False,본문 수집 제한 개수를 초과했습니다.,False,,2026-09-13 09:19:23
국내,철강,철강,철강,"한국, 英에 ""러시아산 LNG 기존 계약 예외 검토"" 요청…철강 조치 개선도 - 머니투데이 - 머니투데이",https://news.google.com/rss/articles/CBMia0FVX3lxTE5MM0JlUjhTbDVmekVsNFBpSnB6c0RRN200cF9HQ1ZKM08tU3JXZmZzQ1FTYzNCdXZZZFFUX19rY1NPYXRocm1hcmozd0UxTjhnT3F2NWViRkxQMldMUjByUWhZRVJ0UURRSW5V0gFwQVVfeXFMUExBZGpybXNnckhLZVdaQk5qN0cybkZ2ZnVPTWQ1UTd4ZzlnMHhIU3lDRUpVYW5GYVpiazZYM21EMzc4RFdwcjJZZnRMeU1OSGpCdDlNN3BKMndBc2Zmdjdjb21Td01jamU4TnRWR1huVw?oc=5,"Fri, 11 Sep 2026 07:43:41 GMT",머니투데이,철강/소재,https://news.google.com/rss/articles/CBMia0FVX3lxTE5MM0JlUjhTbDVmekVsNFBpSnB6c0RRN200cF9HQ1ZKM08tU3JXZmZzQ1FTYzNCdXZZZFFUX19rY1NPYXRocm1hcmozd0UxTjhnT3F2NWViRkxQMldMUjByUWhZRVJ0UURRSW5V0gFwQVVfeXFMUExBZGpybXNnckhLZVdaQk5qN0cybkZ2ZnVPTWQ1UTd4ZzlnMHhIU3lDRUpVYW5GYVpiazZYM21EMzc4RFdwcjJZZnRMeU1OSGpCdDlNN3BKMndBc2Zmdjdjb21Td01jamU4TnRWR1huVw?oc=5,,False,본문 수집 제한 개수를 초과했습니다.,False,,2026-09-13 09:19:23
국내,소재,소재,소재,"한국첨단소재 ""루센트 투자조합 주식 147억원에 추가취득"" - yna.co.kr",https://news.google.com/rss/articles/CBMiYEFVX3lxTE5BMGFzLWo1QWttdXVvTnBVZmJTcmV0ZDZnZDQ1dmlkdnNsdzgtaTRyUzRtNy0tSElPNWVxazZEbDJNWUJ4clAydVBFeElTczRVQ081cno5czVHT1E1YzlnTtIBYEFVX3lxTE5BMGFzLWo1QWttdXVvTnBVZmJTcmV0ZDZnZDQ1dmlkdnNsdzgtaTRyUzRtNy0tSElPNWVxazZEbDJNWUJ4clAydVBFeElTczRVQ081cno5czVHT1E1YzlnTg?oc=5,"Fri, 11 Sep 2026 07:15:50 GMT",yna.co.kr,철강/소재,https://news.google.com/rss/articles/CBMiYEFVX3lxTE5BMGFzLWo1QWttdXVvTnBVZmJTcmV0ZDZnZDQ1dmlkdnNsdzgtaTRyUzRtNy0tSElPNWVxazZEbDJNWUJ4clAydVBFeElTczRVQ081cno5czVHT1E1YzlnTtIBYEFVX3lxTE5BMGFzLWo1QWttdXVvTnBVZmJTcmV0ZDZnZDQ1dmlkdnNsdzgtaTRyUzRtNy0tSElPNWVxazZEbDJNWUJ4clAydVBFeElTczRVQ081cno5czVHT1E1YzlnTg?oc=5,,False,본문 수집 제한 개수를 초과했습니다.,False,,2026-09-13 09:19:23
국내,소재,소재,소재,"[기자수첩] AI로 날개 단 패키지 기판, 존재감 없는 소재 - 디일렉",https://news.google.com/rss/articles/CBMiZkFVX3lxTE15SXFmSHZuS0ZRZVpQNF8yc0tNMkV0LURkelpYWnNrN2lHQkpyeEQ4Mm5INjhGVElKeFdQWVJVaE42Uzh6VGxfLTgxZHYxbUhET3hRb3ZyaFBkcV92WWk1UFdldkhYdw?oc=5,"Fri, 11 Sep 2026 06:36:51 GMT",디일렉,철강/소재,https://news.google.com/rss/articles/CBMiZkFVX3lxTE15SXFmSHZuS0ZRZVpQNF8yc0tNMkV0LURkelpYWnNrN2lHQkpyeEQ4Mm5INjhGVElKeFdQWVJVaE42Uzh6VGxfLTgxZHYxbUhET3hRb3ZyaFBkcV92WWk1UFdldkhYdw?oc=5,,False,본문 수집 제한 개수를 초과했습니다.,False,,2026-09-13 09:19:23
국내,알루미늄,알루미늄,알루미늄,"울산알루미늄, 울산폴리텍과 재직자 28명 직무역량 강화 교육 - hellot.net",https://news.google.com/rss/articles/CBMiX0FVX3lxTE9ldWQ3T1g1OXBFbThNWmJuNWpvd18tTk40eTIyUHZCeHFVMFdGQUpJZjVQWlBKS1RpTXBXeXU3OVlHM0VPUmoxVEpoVXg3eDg3YlJUbXZQTTRFR29nY0pz?oc=5,"Fri, 11 Sep 2026 05:30:13 GMT",hellot.net,철강/소재,https://news.google.com/rss/articles/CBMiX0FVX3lxTE9ldWQ3T1g1OXBFbThNWmJuNWpvd18tTk40eTIyUHZCeHFVMFdGQUpJZjVQWlBKS1RpTXBXeXU3OVlHM0VPUmoxVEpoVXg3eDg3YlJUbXZQTTRFR29nY0pz?oc=5,,False,본문 수집 제한 개수를 초과했습니다.,False,,2026-09-13 09:19:23
국내,철강,철강,철강,"철강은 첫 파업, 조선은 파업 예고…중후장대 노사갈등 언제까지 - ekn.kr",https://news.google.com/rss/articles/CBMiW0FVX3lxTE5zNmtwR252MWJOazluSTlMQm03c0dfX2s5SW05Nmpra1MyRWRZYnliVGJMYWsyRkpva0NtWEdWOFFWdmUxYTdybW9jOU15VlVqbGw1T0RuQW5abHM?oc=5,"Fri, 11 Sep 2026 01:38:01 GMT",ekn.kr,철강/소재,https://news.google.com/rss/articles/CBMiW0FVX3lxTE5zNmtwR252MWJOazluSTlMQm03c0dfX2s5SW05Nmpra1MyRWRZYnliVGJMYWsyRkpva0NtWEdWOFFWdmUxYTdybW9jOU15VlVqbGw1T0RuQW5abHM?oc=5,,False,본문 수집 제한 개수를 초과했습니다.,False,,2026-09-13 09:19:23
국내,구리,구리,구리,"구리농수산물공사, 시장 매출 저조로 경영 평가 3년간 하락 - 인천일보",https://news.google.com/rss/articles/CBMicEFVX3lxTFBUM1JZWUtJVkFfY1FSdWxpNlFSeUptT1ZKNm9UdzlDSTRpcUtRdTZnLVJKckpta0RCcjgtS3VKOUZHYXhxc2hRbW9VeXU1RXFDOUZlMDFqX3k0UHZwa2ZrOHNha0pYREMwb29FNm1sYTM?oc=5,"Fri, 11 Sep 2026 00:16:00 GMT",인천일보,철강/소재,https://news.google.com/rss/articles/CBMicEFVX3lxTFBUM1JZWUtJVkFfY1FSdWxpNlFSeUptT1ZKNm9UdzlDSTRpcUtRdTZnLVJKckpta0RCcjgtS3VKOUZHYXhxc2hRbW9VeXU1RXFDOUZlMDFqX3k0UHZwa2ZrOHNha0pYREMwb29FNm1sYTM?oc=5,,False,본문 수집 제한 개수를 초과했습니다.,False,,2026-09-13 09:19:23
국내,비철금속,비철금속,비철금속,[LME-0910] 비철금속 선물지표-니켈 알루미늄 아연 동 주석 납 - 페로타임즈,https://news.google.com/rss/articles/CBMibEFVX3lxTFA4RVZqd2RCRHpsVWdLU1dNQU1VNXBnWjg5WU5SZXBZMlJPSnR3aV9DeW91NC1ySVNua0JMMEY2ZFc1TE9sY1ptQ05ReG1JUEduM0xhYUNFQzVicU0wMDFDOW9yaVRyVHlDWFFwTg?oc=5,"Fri, 11 Sep 2026 00:11:30 GMT",페로타임즈,철강/소재,https://news.google.com/rss/articles/CBMibEFVX3lxTFA4RVZqd2RCRHpsVWdLU1dNQU1VNXBnWjg5WU5SZXBZMlJPSnR3aV9DeW91NC1ySVNua0JMMEY2ZFc1TE9sY1ptQ05ReG1JUEduM0xhYUNFQzVicU0wMDFDOW9yaVRyVHlDWFFwTg?oc=5,,False,본문 수집 제한 개수를 초과했습니다.,False,,2026-09-13 09:19:23
국내,비철금속,비철금속,비철금속,[표] LME 비철금속 및 환율 동향(9월 10일) - 철강금속신문,https://news.google.com/rss/articles/CBMiakFVX3lxTE1qUnh1QTFMUmpGWTB0aWZKQVhRQk9wUG1BUk1GeUVWMzJtNWdGY2hCTzJPclFtRFdkV041U0I1ZlFhY1NKamJSSnd0RUx6ZlJ2XzBRQ2VualJlb2V6UC15WmZWOWdwS0lrX1E?oc=5,"Fri, 11 Sep 2026 00:05:33 GMT",철강금속신문,철강/소재,https://news.google.com/rss/articles/CBMiakFVX3lxTE1qUnh1QTFMUmpGWTB0aWZKQVhRQk9wUG1BUk1GeUVWMzJtNWdGY2hCTzJPclFtRFdkV041U0I1ZlFhY1NKamJSSnd0RUx6ZlJ2XzBRQ2VualJlb2V6UC15WmZWOWdwS0lrX1E?oc=5,,False,본문 수집 제한 개수를 초과했습니다.,False,,2026-09-13 09:19:23
국내,비철금속,비철금속,비철금속,[EBN 데이터센터] 비철금속 가격 출렁…美 구리 관세 불확실성 여파 - ebn.co.kr,https://news.google.com/rss/articles/CBMiaEFVX3lxTE5zUFVQLUtOcDU4RXY1aHQ3RFVobmxvb2IxdmJNNlptVHBfdVBpdWZPSkJiZmhEWDRCUUR5OUIwbUtjeXFYVGFzUDlWelZqTHY0TTZ4UHJ6QnM1djY5T3paWGRJQWsxNWpa?oc=5,"Fri, 11 Sep 2026 00:00:00 GMT",ebn.co.kr,철강/소재,https://news.google.com/rss/articles/CBMiaEFVX3lxTE5zUFVQLUtOcDU4RXY1aHQ3RFVobmxvb2IxdmJNNlptVHBfdVBpdWZPSkJiZmhEWDRCUUR5OUIwbUtjeXFYVGFzUDlWelZqTHY0TTZ4UHJ6QnM1djY5T3paWGRJQWsxNWpa?oc=5,,False,본문 수집 제한 개수를 초과했습니다.,False,,2026-09-13 09:19:23
국내,알루미늄,알루미늄,알루미늄,"알코아, 관세 인하에도 美 알루미늄 프리미엄 고공행진 지속 전망 - kr.investing.com",https://news.google.com/rss/articles/CBMid0FVX3lxTE1LZDdzY2xmMHkyaXZSN2hXYURuTVE2MGVxWjhQQldud3J1WVZZRm9STFBJWm5SNXRNRHJhRnZLTTZsV3diYnJCSEZQbTdxREFMeFBaSTNtUnBDZGMyaDI4c1pULVA2U2hEdS04OVpRRG9uREE5eGlv?oc=5,"Thu, 10 Sep 2026 18:17:00 GMT",kr.investing.com,철강/소재,https://news.google.com/rss/articles/CBMid0FVX3lxTE1LZDdzY2xmMHkyaXZSN2hXYURuTVE2MGVxWjhQQldud3J1WVZZRm9STFBJWm5SNXRNRHJhRnZLTTZsV3diYnJCSEZQbTdxREFMeFBaSTNtUnBDZGMyaDI4c1pULVA2U2hEdS04OVpRRG9uREE5eGlv?oc=5,,False,본문 수집 제한 개수를 초과했습니다.,False,,2026-09-13 09:19:23
국내,알루미늄,알루미늄,알루미늄,"중국 알루미늄업체, 자국 생산능력 한계로 해외 제련소 투자 확대 - thecommoditiesnews.com",https://news.google.com/rss/articles/CBMid0FVX3lxTE03REhpRjFlYWVES2tiQUJQZ2pZX25QazI1QTdETnRZSkYzRHBfMVNMcmJ4NFV4c0FYOFRyNmhFUktMV3d4SjY4ZDdyc3pJZy1vRDdiZVBtVXBBazJ3MkhLQ1lST2lhTThnbWJHc2s3ZjFPdGdfaElZ?oc=5,"Thu, 10 Sep 2026 08:58:05 GMT",thecommoditiesnews.com,철강/소재,https://news.google.com/rss/articles/CBMid0FVX3lxTE03REhpRjFlYWVES2tiQUJQZ2pZX25QazI1QTdETnRZSkYzRHBfMVNMcmJ4NFV4c0FYOFRyNmhFUktMV3d4SjY4ZDdyc3pJZy1vRDdiZVBtVXBBazJ3MkhLQ1lST2lhTThnbWJHc2s3ZjFPdGdfaElZ?oc=5,,False,본문 수집 제한 개수를 초과했습니다.,False,,2026-09-13 09:19:23
국내,비철금속,비철금속,비철금속,비철금속 업종 약세인데… 첨단 소재주는 홀로 웃었다 - 핀포인트뉴스,https://news.google.com/rss/articles/CBMic0FVX3lxTE9wdzhyYWVtMFpvTEF1WlROM2pGdUVDUko4ZkN1XzdvaG91QzB5WFRVRkdKbWtucW5ubnUxZHRrY0xCS25jNmFNTkkyODFSaEFET04ySnBycHpfR0lqNFZFZTg4NGpZeEx5a3k4bWRadTBfZGfSAXdBVV95cUxNcFlKeEtfMG1XOVlETGtBa1lqZE9SU1o2S0p0WDVsbjBTQWhRM2JyTE81aXZHWFd1LUd3TTZ4VExtZ2tNclFxMnpWUWZTQW1IcE1Ra3dCVmFoUVhvc3BhWnM3cmRQU3cxSmZaMEZXaGk3bDR2Y1ZXQQ?oc=5,"Thu, 10 Sep 2026 04:57:38 GMT",핀포인트뉴스,철강/소재,https://news.google.com/rss/articles/CBMic0FVX3lxTE9wdzhyYWVtMFpvTEF1WlROM2pGdUVDUko4ZkN1XzdvaG91QzB5WFRVRkdKbWtucW5ubnUxZHRrY0xCS25jNmFNTkkyODFSaEFET04ySnBycHpfR0lqNFZFZTg4NGpZeEx5a3k4bWRadTBfZGfSAXdBVV95cUxNcFlKeEtfMG1XOVlETGtBa1lqZE9SU1o2S0p0WDVsbjBTQWhRM2JyTE81aXZHWFd1LUd3TTZ4VExtZ2tNclFxMnpWUWZTQW1IcE1Ra3dCVmFoUVhvc3BhWnM3cmRQU3cxSmZaMEZXaGk3bDR2Y1ZXQQ?oc=5,,False,본문 수집 제한 개수를 초과했습니다.,False,,2026-09-13 09:19:23
국내,알루미늄,알루미늄,알루미늄,"울산알루미늄, 폴리텍대와 재직자 직무역량 강화 - 철강금속신문",https://news.google.com/rss/articles/CBMiakFVX3lxTE84ZWlEZHBKd0dQS3ZRekJNQUtLWUx1ZWpyOFBsS3dVTHFqYVhORUtxQUJPQVdvX2dXSGdIWGlrS285RWY4MjlBc1c0S1dhMzVjOEFZWXpJWldiM1pGNW1OOFgtRFRucXNyc0E?oc=5,"Thu, 10 Sep 2026 01:55:00 GMT",철강금속신문,철강/소재,https://news.google.com/rss/articles/CBMiakFVX3lxTE84ZWlEZHBKd0dQS3ZRekJNQUtLWUx1ZWpyOFBsS3dVTHFqYVhORUtxQUJPQVdvX2dXSGdIWGlrS285RWY4MjlBc1c0S1dhMzVjOEFZWXpJWldiM1pGNW1OOFgtRFRucXNyc0E?oc=5,,False,본문 수집 제한 개수를 초과했습니다.,False,,2026-09-13 09:19:23
국내,비철금속,비철금속,비철금속,"[EBN 데이터센터] 비철금속 가격 혼조…구리 현물·니켈 강세, 주석 약세 - 네이트",https://news.google.com/rss/articles/CBMiU0FVX3lxTE1yNS1sQWJpRmNvQkVHcVZmbTI1bTNEZEJtWlJ4SWE2VUdwaEswWkhyQnkwRUZhNVRmRERtZTRtN3FpZ093Um9CN3ZPSi1oMWx5ODNr?oc=5,"Wed, 09 Sep 2026 01:40:00 GMT",네이트,철강/소재,https://news.google.com/rss/articles/CBMiU0FVX3lxTE1yNS1sQWJpRmNvQkVHcVZmbTI1bTNEZEJtWlJ4SWE2VUdwaEswWkhyQnkwRUZhNVRmRERtZTRtN3FpZ093Um9CN3ZPSi1oMWx5ODNr?oc=5,,False,본문 수집 제한 개수를 초과했습니다.,False,,2026-09-13 09:19:23
국내,철강,철강,철강,"한자연, 한국철강협회와 MOU… 자동차용 철강·금속소재 경쟁력 강화 - 다나와 자동차",https://news.google.com/rss/articles/CBMif0FVX3lxTE0xRUdYendIbDl5YTFhWFJMM1VuYzBPYmJZWjVmZDhUTzg3MGYxRng5SDZrOHR1Q1A3WU1TZXVOaVlzcEFYY19HNG96eFFpOW1ZZncyX2ktVkRwV2k2Zl9hcTRkOGN6V1NhSjEwV2Jaa1FES0tVSjlxWUdlRUFMcUE?oc=5,"Tue, 08 Sep 2026 07:00:00 GMT",다나와 자동차,철강/소재,https://news.google.com/rss/articles/CBMif0FVX3lxTE0xRUdYendIbDl5YTFhWFJMM1VuYzBPYmJZWjVmZDhUTzg3MGYxRng5SDZrOHR1Q1A3WU1TZXVOaVlzcEFYY19HNG96eFFpOW1ZZncyX2ktVkRwV2k2Zl9hcTRkOGN6V1NhSjEwV2Jaa1FES0tVSjlxWUdlRUFMcUE?oc=5,,False,본문 수집 제한 개수를 초과했습니다.,False,,2026-09-13 09:19:23
국내,알루미늄,알루미늄,알루미늄,알루미늄 공급망 '삼중고'…판재·양극박株 '꿈틀' - 글로벌이코노믹,https://news.google.com/rss/articles/CBMihwFBVV95cUxQTXA5S3ZPckJRcUVEaXdvQVFHT1RLZWlVYUxfVWVfWlRzTVM5N3FBSzN5OUg3TjdHem5rQjhTVlBWbU5pUEt3Y3Q2V1hCRWowdkxSSDNRdDFlbXhfMWY2TGMzMUNDU2FKSHo0cXdHZnhpXzZzZTBwdDJ6enZXbDk1UlVtNHlPRjA?oc=5,"Tue, 08 Sep 2026 05:57:32 GMT",글로벌이코노믹,철강/소재,https://news.google.com/rss/articles/CBMihwFBVV95cUxQTXA5S3ZPckJRcUVEaXdvQVFHT1RLZWlVYUxfVWVfWlRzTVM5N3FBSzN5OUg3TjdHem5rQjhTVlBWbU5pUEt3Y3Q2V1hCRWowdkxSSDNRdDFlbXhfMWY2TGMzMUNDU2FKSHo0cXdHZnhpXzZzZTBwdDJ6enZXbDk1UlVtNHlPRjA?oc=5,,False,본문 수집 제한 개수를 초과했습니다.,False,,2026-09-13 09:19:23
미국,구리,구리,구리 stock market earnings investment,5 Best Mining Stocks for 2026 and How to Invest - The Motley Fool,https://news.google.com/rss/articles/CBMiiwFBVV95cUxOeG10amNLd2k3X3ZMa19vUjVaT19venRMZWZGeUtDcmlMU2RmendaV18xQWg4Q0kxWU0wMkZISXB2R2Y2ZmhxZ0YtWFJWY3NXdUtTR3ZQZHl1WExoTWRlU3UtaDhhY1dMWWVfd1BoNHBuWnR6TjB1ZWlxc2t6WWlra2w4aEY5UklCMm9V?oc=5,"Wed, 02 Sep 2026 07:00:00 GMT",The Motley Fool,철강/소재,https://www.fool.com/investing/stock-market/market-sectors/materials/mining-stocks/,www.fool.com,True,,True,,2026-09-13 09:19:23
미국,알루미늄,알루미늄,알루미늄 stock market earnings investment,4 Best Aluminum Stocks for 2026 and How to Invest - The Motley Fool,https://news.google.com/rss/articles/CBMinwFBVV95cUxNeUprSVFYX005cTJaN1BLTmJ0dTdKek5iSzlNNEZkZHlmYlp6dER6dXkwRUdUamVNVllmSEFyOUVPMHpBdjJfcnhLNXZCdHRWRnd2ZnpER19ZT1ZSN2x3b0tENFdkYTU5OG9UTHlPNFZkVjR6SHRFT2dCMFZ2dFA2c2RHSkg5eWRVMl9QaWtXcHJwa1FWNUNZUkxodXZGU1E?oc=5,"Mon, 17 Aug 2026 07:00:00 GMT",The Motley Fool,철강/소재,https://www.fool.com/investing/stock-market/market-sectors/materials/metal-stocks/aluminum-stocks/,www.fool.com,True,,True,,2026-09-13 09:19:23
미국,알루미늄,알루미늄,알루미늄 stock market earnings investment,"Century Aluminum (CENX) Posts Strong Q2 Earnings, Is A 31% Undervalued View Justified? - Yahoo Finance",https://news.google.com/rss/articles/CBMioAFBVV95cUxPdFNjZmotTzVCRFVuWUI4WXpjQXFTNHVWMHk3WWlLcTNQZ2tIdFFKZktVSndnMEZyVC11YmNNdlgtcWVnWnA3dHlyeDZ6NUJkcmlTTEZRZlVKWnp4cDFwb3JGSF9nUHMyMXNSbm1hOEpKaW1SdXcyUHg2eF9fVHRXMFdmd2dHbkIyWGFpRkxIM3BoQVZBekhsdWVpNkFvRmhK?oc=5,"Sat, 08 Aug 2026 07:00:00 GMT",Yahoo Finance,철강/소재,https://finance.yahoo.com/markets/stocks/articles/century-aluminum-cenx-posts-strong-032305958.html,finance.yahoo.com,True,,True,,2026-09-13 09:19:23
미국,소재,소재,소재 stock market earnings investment,"Oklo Q2 2026 slides: first criticality achieved, $3B liquidity - Investing.com",https://news.google.com/rss/articles/CBMitwFBVV95cUxPbVE3bU5CeWN5UlBuT2VFUEFPY3pyU2VuVlhwZUlPSHFxb1FFeXlmSUc5SzhDX2wtRnRWbDU0SlJ1eXhob01pV2tqVlREVjVrQ3p1M2ZsSklBN3cyUlZOUU92WHFrR1p2TklHVWdOUWUyYkIwWkg3V0NpbGhuZEhDaVRQdWJfU2NHV2drV1ZWMEcwWUM4eV9ZSTFidC1mdHp2S2wwYkRUaXRLUHpUTWxyQ1ZhZ01RSzg?oc=5,"Fri, 07 Aug 2026 07:00:00 GMT",Investing.com,철강/소재,https://news.google.com/rss/articles/CBMitwFBVV95cUxPbVE3bU5CeWN5UlBuT2VFUEFPY3pyU2VuVlhwZUlPSHFxb1FFeXlmSUc5SzhDX2wtRnRWbDU0SlJ1eXhob01pV2tqVlREVjVrQ3p1M2ZsSklBN3cyUlZOUU92WHFrR1p2TklHVWdOUWUyYkIwWkg3V0NpbGhuZEhDaVRQdWJfU2NHV2drV1ZWMEcwWUM4eV9ZSTFidC1mdHp2S2wwYkRUaXRLUHpUTWxyQ1ZhZ01RSzg?oc=5,,False,403 Client Error: Forbidden for url: https://www.investing.com/news/company-news/oklo-q2-2026-slides-first-criticality-achieved-3b-liquidity-93CH-4846923,True,,2026-09-13 09:19:23
미국,구리,구리,구리 stock market earnings investment,5 Best Photonics Stocks to Buy for 2026 | Investing - U.S. News Money,https://news.google.com/rss/articles/CBMiekFVX3lxTE9TZ1VOVkk0a2x2NmpQQm1nMk9tdDQ4WjlpUTdFQy1QU0hMdG1yS193Uzg0aDE0V29adF9CLXg5SFhkUFlNaUVRRlZxSE5WVTh5aUFLbkVxdC1pdzlPNUpDYkRZaExSTUNtV21aTWsydFJDUklZbE9rczN3?oc=5,"Tue, 04 Aug 2026 07:00:00 GMT",U.S. News Money,철강/소재,https://news.google.com/rss/articles/CBMiekFVX3lxTE9TZ1VOVkk0a2x2NmpQQm1nMk9tdDQ4WjlpUTdFQy1QU0hMdG1yS193Uzg0aDE0V29adF9CLXg5SFhkUFlNaUVRRlZxSE5WVTh5aUFLbkVxdC1pdzlPNUpDYkRZaExSTUNtV21aTWsydFJDUklZbE9rczN3?oc=5,,False,본문 수집 제한 개수를 초과했습니다.,False,,2026-09-13 09:19:23
미국,소재,소재,소재 stock market earnings investment,"Earnings call transcript: AXT tops Q2 2026 estimates, shares jump after hours - Investing.com Nigeria",https://news.google.com/rss/articles/CBMiygFBVV95cUxPeXoyWWtyUlZEU0toMzVQZ0FZZjRqTEx6TTA3a214MVJMaFA3TjZjcU45SEdTczZYWm9oSlVtNm93aGpzVF9ic2FPX0xfNUZGaWt4NHNPaThJOFQ3djFFYkxDcFpGOFl5T1V1cm9JNWNERTE2NEZ0SEh5TkhtXzRfNHk3SVBBajRwa0JmaklhZXhqY2hLVXBYOUJnMkxIUzlsNmNQSmoyNTFKUUs2QnkxUXZReVN3djh2blB1cTJrZlFYeWxBS0swdlRB?oc=5,"Thu, 30 Jul 2026 07:00:00 GMT",Investing.com Nigeria,철강/소재,https://news.google.com/rss/articles/CBMiygFBVV95cUxPeXoyWWtyUlZEU0toMzVQZ0FZZjRqTEx6TTA3a214MVJMaFA3TjZjcU45SEdTczZYWm9oSlVtNm93aGpzVF9ic2FPX0xfNUZGaWt4NHNPaThJOFQ3djFFYkxDcFpGOFl5T1V1cm9JNWNERTE2NEZ0SEh5TkhtXzRfNHk3SVBBajRwa0JmaklhZXhqY2hLVXBYOUJnMkxIUzlsNmNQSmoyNTFKUUs2QnkxUXZReVN3djh2blB1cTJrZlFYeWxBS0swdlRB?oc=5,,False,본문 수집 제한 개수를 초과했습니다.,False,,2026-09-13 09:19:23
미국,소재,소재,소재 stock market earnings investment,Earnings call transcript: Samsung SDI returns to profit in Q2 2026 as stock falls - Investing.com,https://news.google.com/rss/articles/CBMi0gFBVV95cUxPb3NsdkRNYXBYZHVRSTZ5aldIWFVST2lIeGlvNzh4YkFrVjRPOUpONEZPdzdsSlJnTzFLb0kzWVFTOGdYZHlraUhPb0Q2TEFqaVVfZ2ZtSTVlcHVsQ0p5ODJCaE9lVlhQZzYtTjZwcEV5TGZoVHRfZFM1TEJzalVWa1pXTjZ3UXhPM3Y1OU0tRXk5Y1N1MTZ2NV9CdzhDVFVNVGMyYkJoZ1NFME9EVS1jSWJpVDZnNXRFalRMVE5HNmk0RnNMdlN1XzZlRllZRVNFOEE?oc=5,"Thu, 30 Jul 2026 07:00:00 GMT",Investing.com,철강/소재,https://news.google.com/rss/articles/CBMi0gFBVV95cUxPb3NsdkRNYXBYZHVRSTZ5aldIWFVST2lIeGlvNzh4YkFrVjRPOUpONEZPdzdsSlJnTzFLb0kzWVFTOGdYZHlraUhPb0Q2TEFqaVVfZ2ZtSTVlcHVsQ0p5ODJCaE9lVlhQZzYtTjZwcEV5TGZoVHRfZFM1TEJzalVWa1pXTjZ3UXhPM3Y1OU0tRXk5Y1N1MTZ2NV9CdzhDVFVNVGMyYkJoZ1NFME9EVS1jSWJpVDZnNXRFalRMVE5HNmk0RnNMdlN1XzZlRllZRVNFOEE?oc=5,,False,본문 수집 제한 개수를 초과했습니다.,False,,2026-09-13 09:19:23
미국,알루미늄,알루미늄,알루미늄 stock market earnings investment,Aluminum Giant Rio Tinto Not Planning to Invest in U.S. For Tariff Discount - WSJ,https://news.google.com/rss/articles/CBMioAFBVV95cUxNaWN4LVVGa2Q4cE95MzR1dS0wWXVLa3V4a1p1YUZwaG9QTXU3OGtUMGZ0MlMwUjdVU3Ytd1hDT1VvWjdCTUdYZDhYU2lLNTR6Rmp3OE52ZDlqTmlidG9nU1FibjQ0NExMSEhmZDFSYmZiY3gyMjU5emlYaWQtY3cxVGItcTRtbURuSVlVcWhFcXJvQUlTZlBsSjc0dGJTN292?oc=5,"Tue, 28 Jul 2026 07:00:00 GMT",WSJ,철강/소재,https://news.google.com/rss/articles/CBMioAFBVV95cUxNaWN4LVVGa2Q4cE95MzR1dS0wWXVLa3V4a1p1YUZwaG9QTXU3OGtUMGZ0MlMwUjdVU3Ytd1hDT1VvWjdCTUdYZDhYU2lLNTR6Rmp3OE52ZDlqTmlidG9nU1FibjQ0NExMSEhmZDFSYmZiY3gyMjU5emlYaWQtY3cxVGItcTRtbURuSVlVcWhFcXJvQUlTZlBsSjc0dGJTN292?oc=5,,False,본문 수집 제한 개수를 초과했습니다.,False,,2026-09-13 09:19:23
미국,알루미늄,알루미늄,알루미늄 stock market earnings investment,"Earnings call transcript: Kaiser Aluminum posts Q2 2026 beat, shares jump 10.6% - Investing.com",https://news.google.com/rss/articles/CBMiywFBVV95cUxORnpYODU1RUF4UFhVMHRlcnBHYkFGNFNpX3BBTndzQV9XUmNmQ2FJbGRnMVNMNDlyZHk5R3hwZlJqQVZNZDNqb2o4WTA0cloyYW5IeU1zSUlEaEh3ZmRUNlVldEU5ZXRuTUxrYW5XX0gtMkdhR0hUVEV1SEZKSmtHTHhJUFFrTXBJYlhGakZUbC1IYkJMVzgxNy1PRmlqSms0REdBa0wwMFl2WnNGUnRHczlIc1YtTW1ULS1vdTd6OV9oUDBJRnRxZXN2Yw?oc=5,"Thu, 23 Jul 2026 07:00:00 GMT",Investing.com,철강/소재,https://news.google.com/rss/articles/CBMiywFBVV95cUxORnpYODU1RUF4UFhVMHRlcnBHYkFGNFNpX3BBTndzQV9XUmNmQ2FJbGRnMVNMNDlyZHk5R3hwZlJqQVZNZDNqb2o4WTA0cloyYW5IeU1zSUlEaEh3ZmRUNlVldEU5ZXRuTUxrYW5XX0gtMkdhR0hUVEV1SEZKSmtHTHhJUFFrTXBJYlhGakZUbC1IYkJMVzgxNy1PRmlqSms0REdBa0wwMFl2WnNGUnRHczlIc1YtTW1ULS1vdTd6OV9oUDBJRnRxZXN2Yw?oc=5,,False,본문 수집 제한 개수를 초과했습니다.,False,,2026-09-13 09:19:23
미국,철강,철강,철강 stock market earnings investment,"Steel Dynamics, Inc. Q2 2026 Earnings Call Summary - Yahoo Finance",https://news.google.com/rss/articles/CBMilgFBVV95cUxQdjFfZ1FjNWpHc1kxb0ZjSkZybHRwdjhiM0Z5QzF5NWwwZ0d3NkFWTUM3dHdCRUtwcF9aaWk3c0M0cmRKWE50azVfaEZHYjNIYl9yeTRlY1Q4SUR0LXlPZ1VOMTdCZmdSb0ZfazdDX3U0NFVpMjhUaExEVmFObGp1Qi1oTGZGbDktaFBiam9Wck5aUE9TN3c?oc=5,"Tue, 21 Jul 2026 07:00:00 GMT",Yahoo Finance,철강/소재,https://news.google.com/rss/articles/CBMilgFBVV95cUxQdjFfZ1FjNWpHc1kxb0ZjSkZybHRwdjhiM0Z5QzF5NWwwZ0d3NkFWTUM3dHdCRUtwcF9aaWk3c0M0cmRKWE50azVfaEZHYjNIYl9yeTRlY1Q4SUR0LXlPZ1VOMTdCZmdSb0ZfazdDX3U0NFVpMjhUaExEVmFObGp1Qi1oTGZGbDktaFBiam9Wck5aUE9TN3c?oc=5,,False,본문 수집 제한 개수를 초과했습니다.,False,,2026-09-13 09:19:23
미국,소재,소재,소재 stock market earnings investment,Apple vs. Broadcom: Is Either Stock a Buy After Their $30 Billion Chip Partnership? - Yahoo Finance,https://news.google.com/rss/articles/CBMimwFBVV95cUxQMFY0dnlKcEVGUTE2RE8ydFQ0UUs1aERNWXlsMjZ0cTJLX0FRdGVpN1IwMUtvTXNncUZET1pkUE1PQ0lBbDN0ODBodUFwdWItN3MtTzlVeEppR1pGRVM3RUlTSHJUa3F6Y3p5RkdLeEtHQ3d5ZW9iU3JuVTVxS2Z1bml3T3ZNTDRsbmpNVlN1SDBpMFFQTHd2cGU0dw?oc=5,"Fri, 10 Jul 2026 07:00:00 GMT",Yahoo Finance,철강/소재,https://news.google.com/rss/articles/CBMimwFBVV95cUxQMFY0dnlKcEVGUTE2RE8ydFQ0UUs1aERNWXlsMjZ0cTJLX0FRdGVpN1IwMUtvTXNncUZET1pkUE1PQ0lBbDN0ODBodUFwdWItN3MtTzlVeEppR1pGRVM3RUlTSHJUa3F6Y3p5RkdLeEtHQ3d5ZW9iU3JuVTVxS2Z1bml3T3ZNTDRsbmpNVlN1SDBpMFFQTHd2cGU0dw?oc=5,,False,본문 수집 제한 개수를 초과했습니다.,False,,2026-09-13 09:19:23
미국,구리,구리,구리 stock market earnings investment,5 Best-performing Copper Stocks on the TSX in 2026 - Investing News Network,https://news.google.com/rss/articles/CBMirgFBVV95cUxPRE9QOE82ZElJTnJVcWhZSkYtTWlNOXBTTDNYR0ZjT2NQQ0poWjRKbUZVZlU2OWZmaFVBRHQ3XzVqRkFGdkhNTW9kVVktTVVKUE1RUHNRc21PeFZmVnVSS1U2T1pqMEcwLXlsbi1QV0d4bGRHNXVfLUZFc3NXazdYSnZSbVMyblhGYXJwWWZ3VlZCUEN4cEt6cEJ6dUZHT0pBLURTbmZ2c3lNNU55cHc?oc=5,"Mon, 22 Jun 2026 07:00:00 GMT",Investing News Network,철강/소재,https://news.google.com/rss/articles/CBMirgFBVV95cUxPRE9QOE82ZElJTnJVcWhZSkYtTWlNOXBTTDNYR0ZjT2NQQ0poWjRKbUZVZlU2OWZmaFVBRHQ3XzVqRkFGdkhNTW9kVVktTVVKUE1RUHNRc21PeFZmVnVSS1U2T1pqMEcwLXlsbi1QV0d4bGRHNXVfLUZFc3NXazdYSnZSbVMyblhGYXJwWWZ3VlZCUEN4cEt6cEJ6dUZHT0pBLURTbmZ2c3lNNU55cHc?oc=5,,False,본문 수집 제한 개수를 초과했습니다.,False,,2026-09-13 09:19:23
미국,소재,소재,소재 stock market earnings investment,"JR Global REIT Files for Receivership Despite Profitability, Risking 28,000 Investors - 조선일보",https://news.google.com/rss/articles/CBMijgFBVV95cUxPWFBKZWpuUXFKVXN1ZmNRcjAyczRRR1FGTEdQX19FbS13X2hkVEw2ODlVSWVvMjJNYkcxazY1eUpPU1VPMURLZnNZRmp0a19DQWhnSWk0R3lJM0llc2l1VWwwa216cEZNMmVuMldxbmk2LThjaVg5VmliYUZqNVNpUzlXaWRIc3NQVFZSQWVn?oc=5,"Thu, 18 Jun 2026 07:00:00 GMT",조선일보,철강/소재,https://news.google.com/rss/articles/CBMijgFBVV95cUxPWFBKZWpuUXFKVXN1ZmNRcjAyczRRR1FGTEdQX19FbS13X2hkVEw2ODlVSWVvMjJNYkcxazY1eUpPU1VPMURLZnNZRmp0a19DQWhnSWk0R3lJM0llc2l1VWwwa216cEZNMmVuMldxbmk2LThjaVg5VmliYUZqNVNpUzlXaWRIc3NQVFZSQWVn?oc=5,,False,본문 수집 제한 개수를 초과했습니다.,False,,2026-09-13 09:19:23
미국,비철금속,비철금속,비철금속 stock market earnings investment,"Tokyo market opens sharply higher: Nikkei average continues strong gains; Kioxia surges to briefly become Japan's most valuable company with a market cap of ¥44 trillion, surpassing Toyota; Mitsubishi Heavy Industries rallies on news of small reactors; Soft - Moomoo",https://news.google.com/rss/articles/CBMirwFBVV95cUxQRFd6QnNmRTVrN252c3ZGNU5ZbEcxMnl2V0xLOFpkSkdzRUFERXMwS2F5M0doYjlfclIwODJueGpjcWE0M1VKTENrNXFpQUltVFl2Wkd4X2tJVl9XNFd3WWJBa2JLeHBZWHBhejFJd1U5WV9fRlJHb2VKZjRsVE40MUs5TWlDN3Vib2dmUW8xMWxQYTdJM1JiblN0UXl6LXJnNDMtSG9VR1ExZDdBbjVz?oc=5,"Fri, 12 Jun 2026 07:00:00 GMT",Moomoo,철강/소재,https://news.google.com/rss/articles/CBMirwFBVV95cUxQRFd6QnNmRTVrN252c3ZGNU5ZbEcxMnl2V0xLOFpkSkdzRUFERXMwS2F5M0doYjlfclIwODJueGpjcWE0M1VKTENrNXFpQUltVFl2Wkd4X2tJVl9XNFd3WWJBa2JLeHBZWHBhejFJd1U5WV9fRlJHb2VKZjRsVE40MUs5TWlDN3Vib2dmUW8xMWxQYTdJM1JiblN0UXl6LXJnNDMtSG9VR1ExZDdBbjVz?oc=5,,False,본문 수집 제한 개수를 초과했습니다.,False,,2026-09-13 09:19:23
미국,철강,철강,철강 stock market earnings investment,"Despite Hitting a $1 Trillion Valuation, Micron Remains My Favorite Stock for 2026 - 24/7 Wall St.",https://news.google.com/rss/articles/CBMiwgFBVV95cUxOQmdOc3hMRzJwMVhZVGRjODFoUEJuT2tac1Zyb3M5UlBwMTg1XzBWaURIaGNRWjdZZ1g0TzQ5NU5wSGpMUTh0RjZNZjdRd2FGMURVejdiUkEzQ2x1M3d4c3FpS3o5UHQ2TnpuTzNyS3RiaU9CVTVpbXBCZnBoYXVlcFBLamFKaU9mbWFWa0NJYXlBcE5pbk4ybGlxdk5jUndDdGhRREwyb25TVDhVTTF0cVpxaVRyeTNpcTBoQ1NaTUpMdw?oc=5,"Thu, 28 May 2026 07:00:00 GMT",24/7 Wall St.,철강/소재,https://news.google.com/rss/articles/CBMiwgFBVV95cUxOQmdOc3hMRzJwMVhZVGRjODFoUEJuT2tac1Zyb3M5UlBwMTg1XzBWaURIaGNRWjdZZ1g0TzQ5NU5wSGpMUTh0RjZNZjdRd2FGMURVejdiUkEzQ2x1M3d4c3FpS3o5UHQ2TnpuTzNyS3RiaU9CVTVpbXBCZnBoYXVlcFBLamFKaU9mbWFWa0NJYXlBcE5pbk4ybGlxdk5jUndDdGhRREwyb25TVDhVTTF0cVpxaVRyeTNpcTBoQ1NaTUpMdw?oc=5,,False,본문 수집 제한 개수를 초과했습니다.,False,,2026-09-13 09:19:23
미국,알루미늄,알루미늄,알루미늄 stock market earnings investment,"Century Aluminum, Stock Of The Day, Rides Major Roll Into Buy Range - Investor's Business Daily",https://news.google.com/rss/articles/CBMisAFBVV95cUxOcjhhZ2tDdElIM0FUMVZUd191TzdvSWpKOXdrZWt1Wm1tckIxT3ExQWdIb1pTYzNHeUVYYkRGZzVXNEJBaUhXTkFBWkJVekJwRVNIeEpHMjNyWURLdk1aT0F4ajFwbXFzZVR5NGtLaklFYVVXWkRvaWdyeEZ6cDNJQ0lsc0tGZXVqa1lqczJNZUhPN0ZjYlQ1MUtuTkFLZU04SndwcW9xMDNtQnpwMVB2VQ?oc=5,"Thu, 28 May 2026 07:00:00 GMT",Investor's Business Daily,철강/소재,https://news.google.com/rss/articles/CBMisAFBVV95cUxOcjhhZ2tDdElIM0FUMVZUd191TzdvSWpKOXdrZWt1Wm1tckIxT3ExQWdIb1pTYzNHeUVYYkRGZzVXNEJBaUhXTkFBWkJVekJwRVNIeEpHMjNyWURLdk1aT0F4ajFwbXFzZVR5NGtLaklFYVVXWkRvaWdyeEZ6cDNJQ0lsc0tGZXVqa1lqczJNZUhPN0ZjYlQ1MUtuTkFLZU04SndwcW9xMDNtQnpwMVB2VQ?oc=5,,False,본문 수집 제한 개수를 초과했습니다.,False,,2026-09-13 09:19:23
미국,철강,철강,철강 stock market earnings investment,Steel Stocks Rebound on Chinese Export Cuts - 조선일보,https://news.google.com/rss/articles/CBMijgFBVV95cUxNY1NrbkI2WURCN1hJU3VKOWJxOWVzS29FV3JocHFoVktpUm00ZE1SQXdvNTJRRmo2NGRYbkUyYnJjcHN0S3RjeUEtcGVKNEJNaU40Umt5NVBMc0R4cC0yWV9pbUJsWnpuZ3M5RUtwdEVUUUd3allrMEloeHZOYWItS3FGX2Fna0ZZcHM1SXV3?oc=5,"Wed, 06 May 2026 07:00:00 GMT",조선일보,철강/소재,https://news.google.com/rss/articles/CBMijgFBVV95cUxNY1NrbkI2WURCN1hJU3VKOWJxOWVzS29FV3JocHFoVktpUm00ZE1SQXdvNTJRRmo2NGRYbkUyYnJjcHN0S3RjeUEtcGVKNEJNaU40Umt5NVBMc0R4cC0yWV9pbUJsWnpuZ3M5RUtwdEVUUUd3allrMEloeHZOYWItS3FGX2Fna0ZZcHM1SXV3?oc=5,,False,본문 수집 제한 개수를 초과했습니다.,False,,2026-09-13 09:19:23
미국,구리,구리,구리 stock market earnings investment,Freeport-McMoran Beat Q1 2026 Earnings. Why Is the Stock Still Under $61? - TIKR.com,https://news.google.com/rss/articles/CBMinAFBVV95cUxQbWR6aDQwMVBmRWZYbzJyTUJZOUdERVBfeUFXNjM0SXEtdVp0eXF3M1l1RU8yX19fMVdta0wwREZDVlh0VGppM25VVG54dTFwUnY1Y1p3X0U3dGp3QTN0V3BPbXU3d0ZKR21Xb0NsRWxGR3I3eXp3YWhrd01BQ0poR2FwZldGcFF1cDRHMWstT1RFQ1FXcHNudkM4bTk?oc=5,"Tue, 28 Apr 2026 07:00:00 GMT",TIKR.com,철강/소재,https://news.google.com/rss/articles/CBMinAFBVV95cUxQbWR6aDQwMVBmRWZYbzJyTUJZOUdERVBfeUFXNjM0SXEtdVp0eXF3M1l1RU8yX19fMVdta0wwREZDVlh0VGppM25VVG54dTFwUnY1Y1p3X0U3dGp3QTN0V3BPbXU3d0ZKR21Xb0NsRWxGR3I3eXp3YWhrd01BQ0poR2FwZldGcFF1cDRHMWstT1RFQ1FXcHNudkM4bTk?oc=5,,False,본문 수집 제한 개수를 초과했습니다.,False,,2026-09-13 09:19:23
미국,철강,철강,철강 stock market earnings investment,Nucor Reports Results for the First Quarter of 2026 - PR Newswire,https://news.google.com/rss/articles/CBMiqwFBVV95cUxNLXpZNGV0WXFpSnNUTGlzZW9ydmhPU3lydk9NUlo1LXJwVWxUTjNVTERsZms3NVNxYkFFR3pBWm5rci0zRzh1djJwSk9xcFc0UzdlQl9HM2ZIMDk0ZlBTdEFwblJxektYTXg4cXFnTkdGaEczWWRWN2VEbEZfS05JMUg3YUE2V0ZDX19Vb3ZVYUtIS0wzV1pma3RnTnUyakFBdDNjbXFpYndXdVk?oc=5,"Mon, 27 Apr 2026 07:00:00 GMT",PR Newswire,철강/소재,https://news.google.com/rss/articles/CBMiqwFBVV95cUxNLXpZNGV0WXFpSnNUTGlzZW9ydmhPU3lydk9NUlo1LXJwVWxUTjNVTERsZms3NVNxYkFFR3pBWm5rci0zRzh1djJwSk9xcFc0UzdlQl9HM2ZIMDk0ZlBTdEFwblJxektYTXg4cXFnTkdGaEczWWRWN2VEbEZfS05JMUg3YUE2V0ZDX19Vb3ZVYUtIS0wzV1pma3RnTnUyakFBdDNjbXFpYndXdVk?oc=5,,False,본문 수집 제한 개수를 초과했습니다.,False,,2026-09-13 09:19:23
미국,구리,구리,구리 stock market earnings investment,Copper Companies with Exposure to Grid Expansion - VanEck,https://news.google.com/rss/articles/CBMipAFBVV95cUxORlZzbEpJTHhteUxJQ0ZVb2QyVGNBVmg2RFBDZ3l3TEtxVjU4OTI4YkFxODd5YzJPTDVzaVAwdDUybU1FZGwtU3VTZ0lfOXV4UHlMNFlxVDU1Tno0T3BGQjhGSEJKcmlCdTRlbURhOXRieExXT05yc3VqcURETmJEbGxZdkhWWE90eUhyOXJMYXZUUERhaUJld3p2MHRYcVVLZjVhMw?oc=5,"Thu, 02 Apr 2026 07:00:00 GMT",VanEck,철강/소재,https://news.google.com/rss/articles/CBMipAFBVV95cUxORlZzbEpJTHhteUxJQ0ZVb2QyVGNBVmg2RFBDZ3l3TEtxVjU4OTI4YkFxODd5YzJPTDVzaVAwdDUybU1FZGwtU3VTZ0lfOXV4UHlMNFlxVDU1Tno0T3BGQjhGSEJKcmlCdTRlbURhOXRieExXT05yc3VqcURETmJEbGxZdkhWWE90eUhyOXJMYXZUUERhaUJld3p2MHRYcVVLZjVhMw?oc=5,,False,본문 수집 제한 개수를 초과했습니다.,False,,2026-09-13 09:19:23
미국,철강,철강,철강 stock market earnings investment,Supreme Court Showdown: 2 Stocks Poised for a Trump Tariff Triumph - 24/7 Wall St.,https://news.google.com/rss/articles/CBMirgFBVV95cUxQTFB5VFJ5UndKYlhEMG9JZ29WY2F0RG9IZjB0am9WaEdUNjRJTHNQcHYxWUxYTDc1UDlMSEdkVGstWGN0ZjlVU252X0owUmZodDk3YTVQZHhjcUV5NmV2TTdEX0pNLTZ3V3ktaExiTGh3TWJicEdneXZPTWxHQ0hfbTNnMThTcXFLSVZwUDc2XzlRZUxtd3BueDFDM0hlUUtjYmtEbzh2bFFJdnkyYVE?oc=5,"Thu, 08 Jan 2026 08:00:00 GMT",24/7 Wall St.,철강/소재,https://news.google.com/rss/articles/CBMirgFBVV95cUxQTFB5VFJ5UndKYlhEMG9JZ29WY2F0RG9IZjB0am9WaEdUNjRJTHNQcHYxWUxYTDc1UDlMSEdkVGstWGN0ZjlVU252X0owUmZodDk3YTVQZHhjcUV5NmV2TTdEX0pNLTZ3V3ktaExiTGh3TWJicEdneXZPTWxHQ0hfbTNnMThTcXFLSVZwUDc2XzlRZUxtd3BueDFDM0hlUUtjYmtEbzh2bFFJdnkyYVE?oc=5,,False,본문 수집 제한 개수를 초과했습니다.,False,,2026-09-13 09:19:23
미국,비철금속,비철금속,비철금속 stock market earnings investment,Analysis of revised Mining Code in Democratic Republic of the Congo - Law.asia,https://news.google.com/rss/articles/CBMiX0FVX3lxTE10LU1DTVBFTkhHZjlTaDk2dVd3cENjVURfQzhGT0pjX29mOFBkY3RtUnphaTByTU55NDRNTGlJYlRKaFA3VDZBd09wcVlOb2N5dktFNUtLX0dqWHdOOHh3?oc=5,"Wed, 07 May 2025 07:00:00 GMT",Law.asia,철강/소재,https://news.google.com/rss/articles/CBMiX0FVX3lxTE10LU1DTVBFTkhHZjlTaDk2dVd3cENjVURfQzhGT0pjX29mOFBkY3RtUnphaTByTU55NDRNTGlJYlRKaFA3VDZBd09wcVlOb2N5dktFNUtLX0dqWHdOOHh3?oc=5,,False,본문 수집 제한 개수를 초과했습니다.,False,,2026-09-13 09:19:23
국내,5G,5G,5G,"경기도 ""재난현장서도 사용가능한 행정망"" 5G 이동민원 플랫폼 국무총리상 수상 - gukjenews.com",https://news.google.com/rss/articles/CBMibkFVX3lxTE1HdjFDT3RwcVVvV0dGOTltRDUxNG56bUdUenZQTW9LeG9ZVk9tSk56U0JFMS1KQXdEQ1ZDV3JEWHRqWExaVHJkeXBJZjlkYzNLeFAyRW8zV1NJcUlCTVEteUJMQnFEY3VLMlZOYV9B?oc=5,"Sun, 13 Sep 2026 00:08:03 GMT",gukjenews.com,통신,https://www.gukjenews.com/news/articleView.html?idxno=3693390,www.gukjenews.com,True,,True,,2026-09-13 09:20:11
국내,5G,5G,5G,"경기도, '5G 이동민원 플랫폼' 국무총리상 수상 - 뉴시스",https://news.google.com/rss/articles/CBMiYEFVX3lxTE0wek9yQjVTb1d3SnFHWkN4VHQ1ckgtWXFXdUFvazFkMk9pb2RQM196SDJqeUVybC1zNlB5dkpsVVNjREhJR2NCM2t6RHdXTjd4aWp6Y2w3a3hWdXJBWkhMMtIBeEFVX3lxTE5uWXNxWUdGdXJTRF9oR3Jac092eko5ZEdqaUxFUEFxRF9MeTktNDBNWm9kalBFN2RCa1hESVRKMzVIT2IxdS1vNXJTTUxYZjhNR3J3OEF4MEduVmhHaEdveXM2NHV1UFVFWnFvZnA1TzhjcmYzWnZ3TA?oc=5,"Sat, 12 Sep 2026 23:42:21 GMT",뉴시스,통신,https://www.newsis.com/view/NISX20260913_0003787063,www.newsis.com,True,,True,,2026-09-13 09:20:11
국내,5G,5G,5G,"경기도 ‘5G 이동민원 플랫폼’, 지자체 정보통신 우수사례 국무총리상 - 이코노뉴스",https://news.google.com/rss/articles/CBMib0FVX3lxTE9WdXY2WEZXSWlTZXNTWE92X0ktQ0FWRXFGRTZ2TlR2enEyeldHTWNJS0c1ajZ6MXRvcFZMQXFaRGlXdGprVFVtMEpNeDNnYzBKNVYyaTdRRDJRbjZJclpYOHNNalppaVdjNTNHcjhJbw?oc=5,"Sat, 12 Sep 2026 23:27:16 GMT",이코노뉴스,통신,https://www.econonews.co.kr/news/articleView.html?idxno=444231,www.econonews.co.kr,True,,True,,2026-09-13 09:20:11
국내,배당,배당,배당,한 살에 이자·배당만 3940만원…미성년 ‘금융부자’ 1606명 달해 - 이투데이,https://news.google.com/rss/articles/CBMiVEFVX3lxTE9FNzNJNk42c3luQkZJeV9ReUt4QmlHRzNuZWZnWDZfM2ZZLU54dHNTMFlTT0poOUJGcG5nOGVINE9HdU5hQmhOeUgzeG1mWVRlNjdMYQ?oc=5,"Sat, 12 Sep 2026 23:22:00 GMT",이투데이,통신,https://www.etoday.co.kr/news/view/2624767,www.etoday.co.kr,True,,True,,2026-09-13 09:20:11
국내,통신사,통신사,통신사,"통신사 넷제로 달성, 재생에너지에 달렸다 - 지디넷코리아",https://news.google.com/rss/articles/CBMiVkFVX3lxTE5mX2NnYTcwRkNfY2pHNW5mUnpLWTFaTndnMnQ3UU5MYXRwc2JIY1dJVFVMRk1wRUQ1Y3lYX0R3WXBCRGJhbGhXUVUtc3huem9kd19Rdm5R?oc=5,"Sat, 12 Sep 2026 22:50:01 GMT",지디넷코리아,통신,https://news.google.com/rss/articles/CBMiVkFVX3lxTE5mX2NnYTcwRkNfY2pHNW5mUnpLWTFaTndnMnQ3UU5MYXRwc2JIY1dJVFVMRk1wRUQ1Y3lYX0R3WXBCRGJhbGhXUVUtc3huem9kd19Rdm5R?oc=5,,False,본문 수집 제한 개수를 초과했습니다.,False,,2026-09-13 09:20:11
국내,배당,배당,배당,"임창열 경기도의원, GH 이익배당금 감액 점검… 합리적 배당 기준 마련 주문 - 서울Pn",https://news.google.com/rss/articles/CBMiakFVX3lxTE5BNC1lVFJqcmFTVzFtN2dPRXM3WHhlN1NfVTlYTWYzdlpzZGEyTm5oRHJueS1FaFFCQVZWVkdGY3hPQnhLakxKNHU0VjZfYUs3WlgyOGdVXzJGanJRdHhEWWVpYlZqYkdFNEE?oc=5,"Sat, 12 Sep 2026 06:06:46 GMT",서울Pn,통신,https://news.google.com/rss/articles/CBMiakFVX3lxTE5BNC1lVFJqcmFTVzFtN2dPRXM3WHhlN1NfVTlYTWYzdlpzZGEyTm5oRHJueS1FaFFCQVZWVkdGY3hPQnhLakxKNHU0VjZfYUs3WlgyOGdVXzJGanJRdHhEWWVpYlZqYkdFNEE?oc=5,,False,본문 수집 제한 개수를 초과했습니다.,False,,2026-09-13 09:20:11
국내,배당,배당,배당,"[주末머니]""성장·배당 모두 그립감 좋다"" 9년만에 숙원 푼 이 기업 - v.daum.net",https://news.google.com/rss/articles/CBMiT0FVX3lxTE03NkFuSWFSa1pkWGJ3N1RhREFOblpjRlpaalFTeWZidmVOTFhITkZGSjdpM3JUblNTdFRqMGpEZTNReUU2eU1RMlNLNjFUWGc?oc=5,"Sat, 12 Sep 2026 00:01:00 GMT",v.daum.net,통신,https://news.google.com/rss/articles/CBMiT0FVX3lxTE03NkFuSWFSa1pkWGJ3N1RhREFOblpjRlpaalFTeWZidmVOTFhITkZGSjdpM3JUblNTdFRqMGpEZTNReUU2eU1RMlNLNjFUWGc?oc=5,,False,본문 수집 제한 개수를 초과했습니다.,False,,2026-09-13 09:20:11
국내,통신 요금,통신 요금,통신 요금,美 8월 CPI 미스터리…시장 뒤흔든 '휴대전화 요금' | - 연합인포맥스,https://news.google.com/rss/articles/CBMidEFVX3lxTE9UYWdfRVF0ZnF5SWhRQXRnLVlFX1BtQWQ1bTRoM1hDdHFCM3Z2bTVlbS1CSVg0ZW1QazJWRGgwOVZtblNQeUQwdVNPcUFYa2hTSnowX2F4bGg5N2FHNGFIc3J2TEZld29LOG1iN29nRVF5b3Vn?oc=5,"Fri, 11 Sep 2026 21:27:17 GMT",연합인포맥스,통신,https://news.google.com/rss/articles/CBMidEFVX3lxTE9UYWdfRVF0ZnF5SWhRQXRnLVlFX1BtQWQ1bTRoM1hDdHFCM3Z2bTVlbS1CSVg0ZW1QazJWRGgwOVZtblNQeUQwdVNPcUFYa2hTSnowX2F4bGg5N2FHNGFIc3J2TEZld29LOG1iN29nRVF5b3Vn?oc=5,,False,본문 수집 제한 개수를 초과했습니다.,False,,2026-09-13 09:20:11
국내,통신주,통신주,통신주,"통신주, M&A 기대에 상승 - mydailybyte.com",https://news.google.com/rss/articles/CBMimAFBVV95cUxOU2NqTlZlUldHdjNJdWxoNlpqNVJKc3hDM1hmTG1jdHdOZWFyMGVpX1lIcVJ1YVoyYWpyNFRpellwYm44UUFXbG9sTUU3eE5GZDdMN0tNbGVQZUhVLUpuZkREVWJVcF9PZzVNZmpnMm1XTDdsNURyR1F5bjRZdE1GUmJiRkU5TS1ObjdLektobFlUdmUyQTlDUg?oc=5,"Fri, 11 Sep 2026 21:27:00 GMT",mydailybyte.com,통신,https://news.google.com/rss/articles/CBMimAFBVV95cUxOU2NqTlZlUldHdjNJdWxoNlpqNVJKc3hDM1hmTG1jdHdOZWFyMGVpX1lIcVJ1YVoyYWpyNFRpellwYm44UUFXbG9sTUU3eE5GZDdMN0tNbGVQZUhVLUpuZkREVWJVcF9PZzVNZmpnMm1XTDdsNURyR1F5bjRZdE1GUmJiRkU5TS1ObjdLektobFlUdmUyQTlDUg?oc=5,,False,본문 수집 제한 개수를 초과했습니다.,False,,2026-09-13 09:20:11
국내,배당,배당,배당,"WSJ ""트럼프, 노골적 매표행위…관세철회가 美에 경제적 배당"" - yna.co.kr",https://news.google.com/rss/articles/CBMiW0FVX3lxTE9xQjh4VUJ6VThoQm9XVjRMVjNfcDREcTJaMXJFVzFwaGtyWmFvYkUwTG5BMTUtUFFYeUFYX2dtVkozenZRcnpUZE14RHMwM2pBc3I5M1l1NnRocFXSAWBBVV95cUxNQW0zTFNCMXpkd09XT2dCbWZvM2FaRTJOMHVPSDdlUlp6TGFmRWRvTHZuWDdXNGlPaEcwTVpheXIwWURQQ3l4MEd6ZTNBdHEtQUJHRzlKNG85UTNLWmFvNl8?oc=5,"Fri, 11 Sep 2026 20:36:28 GMT",yna.co.kr,통신,https://news.google.com/rss/articles/CBMiW0FVX3lxTE9xQjh4VUJ6VThoQm9XVjRMVjNfcDREcTJaMXJFVzFwaGtyWmFvYkUwTG5BMTUtUFFYeUFYX2dtVkozenZRcnpUZE14RHMwM2pBc3I5M1l1NnRocFXSAWBBVV95cUxNQW0zTFNCMXpkd09XT2dCbWZvM2FaRTJOMHVPSDdlUlp6TGFmRWRvTHZuWDdXNGlPaEcwTVpheXIwWURQQ3l4MEd6ZTNBdHEtQUJHRzlKNG85UTNLWmFvNl8?oc=5,,False,본문 수집 제한 개수를 초과했습니다.,False,,2026-09-13 09:20:11
국내,통신사,통신사,통신사,해외 eSIM 싸다고 샀더니…中 통신사 로밍망 ‘주의보’ - 아시아타임즈,https://news.google.com/rss/articles/CBMiXkFVX3lxTE1kdklCT2Jxbi1sSWpyQVN3Nkh4RjQ3X0dXRkdjaklqWGNfZDYyTTJjajcybFhHQldpbENUcUI1bUtEMzdvSFZndnQ1VHBtdVNnYmhFei1GVHM4Z2Rjcmc?oc=5,"Thu, 10 Sep 2026 06:09:00 GMT",아시아타임즈,통신,https://news.google.com/rss/articles/CBMiXkFVX3lxTE1kdklCT2Jxbi1sSWpyQVN3Nkh4RjQ3X0dXRkdjaklqWGNfZDYyTTJjajcybFhHQldpbENUcUI1bUtEMzdvSFZndnQ1VHBtdVNnYmhFei1GVHM4Z2Rjcmc?oc=5,,False,본문 수집 제한 개수를 초과했습니다.,False,,2026-09-13 09:20:11
국내,통신사,통신사,통신사,아이폰 듀오 출격…329만원 '초고가 폴더블'에 통신사 마케팅전 불붙나 - ebn.co.kr,https://news.google.com/rss/articles/CBMiaEFVX3lxTE9hX0ZhUlE5NnFodkp1YWs1cUxwRnhPUk9SeU9xM2tCWW16NzctSWNpT3BjVHU1bzJNLVRLT2hWeWRBbnE1M29HMERrS2stSGpERjhZY1NZNUpFWE9UTzdoRzFGWWhaM0M4?oc=5,"Thu, 10 Sep 2026 04:54:20 GMT",ebn.co.kr,통신,https://news.google.com/rss/articles/CBMiaEFVX3lxTE9hX0ZhUlE5NnFodkp1YWs1cUxwRnhPUk9SeU9xM2tCWW16NzctSWNpT3BjVHU1bzJNLVRLT2hWeWRBbnE1M29HMERrS2stSGpERjhZY1NZNUpFWE9UTzdoRzFGWWhaM0M4?oc=5,,False,본문 수집 제한 개수를 초과했습니다.,False,,2026-09-13 09:20:11
국내,통신 요금,통신 요금,통신 요금,통신요금 못 내 발신 끊겨도…10월부터 자살예방 ‘109’는 뚫린다 - 거제신문,https://news.google.com/rss/articles/CBMibkFVX3lxTE0zYThMTE9uVndpWWFyT1JxLUUxUDE1STF0T1gzb2QwUk5hV0lnS3JvbVp1VE0xNEdIYUVKR3VES2dEZEJxMWJ0NEZjUHFEQldBNlo4amJRTjFCVWYxRnY0Wl9OM1dNdnVtM09RdVVn?oc=5,"Thu, 10 Sep 2026 02:20:01 GMT",거제신문,통신,https://news.google.com/rss/articles/CBMibkFVX3lxTE0zYThMTE9uVndpWWFyT1JxLUUxUDE1STF0T1gzb2QwUk5hV0lnS3JvbVp1VE0xNEdIYUVKR3VES2dEZEJxMWJ0NEZjUHFEQldBNlo4amJRTjFCVWYxRnY0Wl9OM1dNdnVtM09RdVVn?oc=5,,False,본문 수집 제한 개수를 초과했습니다.,False,,2026-09-13 09:20:11
국내,통신사,통신사,통신사,"SKT 정재헌, 아세안서 AI 협력 확대…통신사들과 연대 - yna.co.kr",https://news.google.com/rss/articles/CBMiYEFVX3lxTE9fYmhoZkd1UlRvN24yd1J4T3czY1B6V0tCQTdqVHpsemI1UkxybHVjSk9yQlNxbW5CZmZRSFRkVU5iSGhEd3Nza2RRQlpYbUFheGxjdUdMa2YyWGxDcVdad9IBYEFVX3lxTE9fYmhoZkd1UlRvN24yd1J4T3czY1B6V0tCQTdqVHpsemI1UkxybHVjSk9yQlNxbW5CZmZRSFRkVU5iSGhEd3Nza2RRQlpYbUFheGxjdUdMa2YyWGxDcVdadw?oc=5,"Wed, 09 Sep 2026 23:53:30 GMT",yna.co.kr,통신,https://news.google.com/rss/articles/CBMiYEFVX3lxTE9fYmhoZkd1UlRvN24yd1J4T3czY1B6V0tCQTdqVHpsemI1UkxybHVjSk9yQlNxbW5CZmZRSFRkVU5iSGhEd3Nza2RRQlpYbUFheGxjdUdMa2YyWGxDcVdad9IBYEFVX3lxTE9fYmhoZkd1UlRvN24yd1J4T3czY1B6V0tCQTdqVHpsemI1UkxybHVjSk9yQlNxbW5CZmZRSFRkVU5iSGhEd3Nza2RRQlpYbUFheGxjdUdMa2YyWGxDcVdadw?oc=5,,False,본문 수집 제한 개수를 초과했습니다.,False,,2026-09-13 09:20:11
국내,배당,배당,배당,"배당, 기금에 전기요금까지…모두의 돈주머니 된 삼성전자 - 인베스트조선",https://news.google.com/rss/articles/CBMigwFBVV95cUxPRkxZd0ljRzZTdnJ4V1NTYTE1UWRMaWFmYXU2eUJkaFgzRm1tZXhCeUtrRTgtV2dabzlXampGWTY4bEZ5Y3g5RFB6R0poN0EtRVVQQU9tcGxoSVc4bnJIcVRJOUl5cGlJZFV1Wi1CanRONVI4TDlMWVVsenJlWjd3N3ctMA?oc=5,"Wed, 09 Sep 2026 22:00:33 GMT",인베스트조선,통신,https://news.google.com/rss/articles/CBMigwFBVV95cUxPRkxZd0ljRzZTdnJ4V1NTYTE1UWRMaWFmYXU2eUJkaFgzRm1tZXhCeUtrRTgtV2dabzlXampGWTY4bEZ5Y3g5RFB6R0poN0EtRVVQQU9tcGxoSVc4bnJIcVRJOUl5cGlJZFV1Wi1CanRONVI4TDlMWVVsenJlWjd3N3ctMA?oc=5,,False,본문 수집 제한 개수를 초과했습니다.,False,,2026-09-13 09:20:11
국내,통신사,통신사,통신사,"[배종찬의 보안 빅데이터] 뚫리면 ‘끝장’, 보안 더 중요해진 통신사 - 보안뉴스",https://news.google.com/rss/articles/CBMia0FVX3lxTE5JT1FkT1BneGZxN0pFaVUyMU5sQXZNTTJPNEpiS1FDYkRSZEpNQ3BtVHFYTXFxNGRWTkRmV1YtWXAzNGlOZEZsOVpnZVh0ODdoWGF2QnZ4RkMtaHVZVzRtRi1fdmc5ZzY2Tm9r?oc=5,"Wed, 09 Sep 2026 08:59:00 GMT",보안뉴스,통신,https://news.google.com/rss/articles/CBMia0FVX3lxTE5JT1FkT1BneGZxN0pFaVUyMU5sQXZNTTJPNEpiS1FDYkRSZEpNQ3BtVHFYTXFxNGRWTkRmV1YtWXAzNGlOZEZsOVpnZVh0ODdoWGF2QnZ4RkMtaHVZVzRtRi1fdmc5ZzY2Tm9r?oc=5,,False,본문 수집 제한 개수를 초과했습니다.,False,,2026-09-13 09:20:11
국내,5G,5G,5G,공장 현장에서의 5G의 미래 - hellot.net,https://news.google.com/rss/articles/CBMiX0FVX3lxTFByQ3VYVy16VFZxTERxa1NnRk5CenRsQkc4Y2dJakRCc29UakNEdHJNTnVpU1l4T1Y2M3FNLW83N2lQSW1DdTM1ZHFrd2FiUWN4ZGFPRllnbTFMVnFaTW0w?oc=5,"Wed, 09 Sep 2026 04:56:45 GMT",hellot.net,통신,https://news.google.com/rss/articles/CBMiX0FVX3lxTFByQ3VYVy16VFZxTERxa1NnRk5CenRsQkc4Y2dJakRCc29UakNEdHJNTnVpU1l4T1Y2M3FNLW83N2lQSW1DdTM1ZHFrd2FiUWN4ZGFPRllnbTFMVnFaTW0w?oc=5,,False,본문 수집 제한 개수를 초과했습니다.,False,,2026-09-13 09:20:11
국내,통신 요금,통신 요금,통신 요금,"""10월부터 통신요금 미납해도 ‘자살예방 109’ 연결"" - 매일일보",https://news.google.com/rss/articles/CBMiZEFVX3lxTFBEMnNEOW41SXlkUEZjSmhSSTVEaHlVcnpSc2ZnRkVxM0Z2bWdyTlljTEF4TWtGeVlrU250QXlOYkdUVGYwTmY0M011Rm1WR3VOMWJDa3RyWTl0S2drY0R3WmhlM2g?oc=5,"Wed, 09 Sep 2026 04:49:30 GMT",매일일보,통신,https://news.google.com/rss/articles/CBMiZEFVX3lxTFBEMnNEOW41SXlkUEZjSmhSSTVEaHlVcnpSc2ZnRkVxM0Z2bWdyTlljTEF4TWtGeVlrU250QXlOYkdUVGYwTmY0M011Rm1WR3VOMWJDa3RyWTl0S2drY0R3WmhlM2g?oc=5,,False,본문 수집 제한 개수를 초과했습니다.,False,,2026-09-13 09:20:11
국내,5G,5G,5G,[비즈톡톡] “해외서 5G 로밍했는데 데이터 속도 느리네”… 여행용 eSIM의 불편한 진실 - 조선비즈 - Chosunbiz,https://news.google.com/rss/articles/CBMiggFBVV95cUxQUlJId1BhUjc4bzdyQ1p3SFFrdUsxRG9jQ1F4aGRJRmxKWWZfaXEwRDRMWkp1N1J0MFFOdXpJUUdLYWw3eGRnbnVNTE1RSm5raElDZDJwYmdLblN0ZDlyd2xraU8yOTZ0WG1HMkdnb0JTUHlBN1lLVHNKR3Q1WnRZRE5B0gGWAUFVX3lxTFBidUZtRXZ6MXNBSFo1ZjlTY3E1bUZWaVhmSVptTnFOaFBjT29GVUFRRUgxWk1oSWE4eWF0ZlREbmRPV1A0cnhhdUR0ajhycTVValR0b3czVzBNT2lmT2RNSXA5VkZNaFJCc1RTWVhaNVZUVVB1SGFHQ1pVU2FXZXhzc3R4OF90ZFI1QkE3Qy1xOHF3RkJUUQ?oc=5,"Tue, 08 Sep 2026 21:00:00 GMT",Chosunbiz,통신,https://news.google.com/rss/articles/CBMiggFBVV95cUxQUlJId1BhUjc4bzdyQ1p3SFFrdUsxRG9jQ1F4aGRJRmxKWWZfaXEwRDRMWkp1N1J0MFFOdXpJUUdLYWw3eGRnbnVNTE1RSm5raElDZDJwYmdLblN0ZDlyd2xraU8yOTZ0WG1HMkdnb0JTUHlBN1lLVHNKR3Q1WnRZRE5B0gGWAUFVX3lxTFBidUZtRXZ6MXNBSFo1ZjlTY3E1bUZWaVhmSVptTnFOaFBjT29GVUFRRUgxWk1oSWE4eWF0ZlREbmRPV1A0cnhhdUR0ajhycTVValR0b3czVzBNT2lmT2RNSXA5VkZNaFJCc1RTWVhaNVZUVVB1SGFHQ1pVU2FXZXhzc3R4OF90ZFI1QkE3Qy1xOHF3RkJUUQ?oc=5,,False,본문 수집 제한 개수를 초과했습니다.,False,,2026-09-13 09:20:11
국내,통신 요금,통신 요금,통신 요금,"자살예방상담전화 109, 10월부터 통신요금 미납해도 연결된다 - imedialife.co.kr",https://news.google.com/rss/articles/CBMib0FVX3lxTFAxWXcwc0hsT3Q3QjA0VVc1dldYemJSSVN2X3hWSEVpMHBKQjN2WnVFQUZETkh1WlFGZmdxRnZzOUdNR0NCY2lINWFLaEFlWkxmbjJwLVJHSmhZV2VGTzJXaVlVS1I2ZFVPYXZJT2RwTQ?oc=5,"Tue, 08 Sep 2026 19:23:51 GMT",imedialife.co.kr,통신,https://news.google.com/rss/articles/CBMib0FVX3lxTFAxWXcwc0hsT3Q3QjA0VVc1dldYemJSSVN2X3hWSEVpMHBKQjN2WnVFQUZETkh1WlFGZmdxRnZzOUdNR0NCY2lINWFLaEFlWkxmbjJwLVJHSmhZV2VGTzJXaVlVS1I2ZFVPYXZJT2RwTQ?oc=5,,False,본문 수집 제한 개수를 초과했습니다.,False,,2026-09-13 09:20:11
국내,통신 요금,통신 요금,통신 요금,통신요금 밀려도 자살예방상담 ‘109’ 연결된다…내달 1일부터 우선 적용 - v.daum.net,https://news.google.com/rss/articles/CBMiT0FVX3lxTFBzWTRTZHdmZVlKSUpBWHhSMm1ZYkRYeDJ3aVBSQ1lFdXc0cjBfM3pNNmdvSm42MUhUUlQ2cWJGTHhQRUI2YVNxZkhBQ0NRckU?oc=5,"Tue, 08 Sep 2026 04:06:20 GMT",v.daum.net,통신,https://news.google.com/rss/articles/CBMiT0FVX3lxTFBzWTRTZHdmZVlKSUpBWHhSMm1ZYkRYeDJ3aVBSQ1lFdXc0cjBfM3pNNmdvSm42MUhUUlQ2cWJGTHhQRUI2YVNxZkhBQ0NRckU?oc=5,,False,본문 수집 제한 개수를 초과했습니다.,False,,2026-09-13 09:20:11
국내,통신주,통신주,통신주,"골드만삭스, 유럽 주요 통신주 상승 잠재력 확대 주목 - kr.investing.com",https://news.google.com/rss/articles/CBMid0FVX3lxTE9LRVV6ZHdlbWJxYnl6MDhDTDNYZU1HSzM0NjhzWDhnUmtOQjhYdTEwT1pWWWV1cU1aYVNtM0ZlOGFubUdRLVQzczRqcGNwcUx6N19yN2hjbnMwS1ZFYVpOUXR1Ylc1TDdCeGJVZGlsa1l6VWNDYWJV?oc=5,"Mon, 07 Sep 2026 12:14:00 GMT",kr.investing.com,통신,https://news.google.com/rss/articles/CBMid0FVX3lxTE9LRVV6ZHdlbWJxYnl6MDhDTDNYZU1HSzM0NjhzWDhnUmtOQjhYdTEwT1pWWWV1cU1aYVNtM0ZlOGFubUdRLVQzczRqcGNwcUx6N19yN2hjbnMwS1ZFYVpOUXR1Ylc1TDdCeGJVZGlsa1l6VWNDYWJV?oc=5,,False,본문 수집 제한 개수를 초과했습니다.,False,,2026-09-13 09:20:11
국내,통신주,통신주,통신주,AI·6G 투자 시계 빨라진다…통신주 성장 기대감 '쑥'[애널리스트의 시각] - v.daum.net,https://news.google.com/rss/articles/CBMiT0FVX3lxTFA4UGs0eDUtSFZ5dzM5blh6VXFab1cxLXFvMjlneWMwNy1vR1BmdVRkR2l4V3hpSExfVFBrajJsWnZjV0JOZlM3TVh2Mng4OFk?oc=5,"Thu, 03 Sep 2026 23:54:05 GMT",v.daum.net,통신,https://news.google.com/rss/articles/CBMiT0FVX3lxTFA4UGs0eDUtSFZ5dzM5blh6VXFab1cxLXFvMjlneWMwNy1vR1BmdVRkR2l4V3hpSExfVFBrajJsWnZjV0JOZlM3TVh2Mng4OFk?oc=5,,False,본문 수집 제한 개수를 초과했습니다.,False,,2026-09-13 09:20:11
국내,통신주,통신주,통신주,"""이제 시작일 뿐"" 더 오른다는 '통신주'…증권가 진단 이유[주末머니] - 아시아경제",https://news.google.com/rss/articles/CBMiYEFVX3lxTFBYc0NOMk1FWExKUWpmaHY5VE5UTkNKNnRqb0V1TnZaaC13d2NjY1pZNUt2WEhGRVhhOFhEbkpLellWY1QyaVAyUUYxbDU4TGkxSUY0bmlOcHRBSmt3ajR2Zw?oc=5,"Fri, 27 Feb 2026 08:00:00 GMT",아시아경제,통신,https://news.google.com/rss/articles/CBMiYEFVX3lxTFBYc0NOMk1FWExKUWpmaHY5VE5UTkNKNnRqb0V1TnZaaC13d2NjY1pZNUt2WEhGRVhhOFhEbkpLellWY1QyaVAyUUYxbDU4TGkxSUY0bmlOcHRBSmt3ajR2Zw?oc=5,,False,본문 수집 제한 개수를 초과했습니다.,False,,2026-09-13 09:20:11
국내,통신주,통신주,통신주,통신주 다함께 올랐지만 모건스탠리가 꼭 집은 '통신주 1위'는? - 더구루,https://news.google.com/rss/articles/CBMiYkFVX3lxTFBsWkNKVXA5RWoxTHRjSVJsVm9hQVhJX0xkTzFoYWJmVXFOM1VhLVlTZ3FSQnNqRHZNVTZ6N2hRWGhCMzdGckUtSlR4Qy1GMFRXYm5Tb2RoWGlnWlc5aWZncFhn?oc=5,"Thu, 26 Feb 2026 08:00:00 GMT",더구루,통신,https://news.google.com/rss/articles/CBMiYkFVX3lxTFBsWkNKVXA5RWoxTHRjSVJsVm9hQVhJX0xkTzFoYWJmVXFOM1VhLVlTZ3FSQnNqRHZNVTZ6N2hRWGhCMzdGckUtSlR4Qy1GMFRXYm5Tb2RoWGlnWlc5aWZncFhn?oc=5,,False,본문 수집 제한 개수를 초과했습니다.,False,,2026-09-13 09:20:11
미국,배당,배당,배당 stock market earnings investment,"Realty Income (O) Stock Price, Quote & Analysis - tipranks.com",https://news.google.com/rss/articles/CBMiSEFVX3lxTE1IRHRjYWxoenh6Z0xyTWJCWUpwemNwUV9YQV9nR1VvX2tRSmJSS1NybWVKcTZEMWRKWm5VWnlQTjlMOGYyRHp6VA?oc=5,"Wed, 09 Sep 2026 07:19:20 GMT",tipranks.com,통신,https://www.tipranks.com/stocks/o,www.tipranks.com,True,,True,,2026-09-13 09:20:11
미국,배당,배당,배당 stock market earnings investment,Best High Yield Dividend Stocks (September 2026) - Investing.com,https://news.google.com/rss/articles/CBMifkFVX3lxTE5nU3JpRmVTQnUzTndGMlZFcTR1Z1YzNHpubUpGM0ZoTDhZM2hhN28xN3loNEc0Vl9aVjNqYi1vdHFiTGVQSHZHV0RleE9PMDRCbGZpT0pEYzNSUlhhYXhtbW1fMVJiQWxHOUx5d1lKRnBPemtxeEwwSFNGdGo5Zw?oc=5,"Thu, 03 Sep 2026 07:00:00 GMT",Investing.com,통신,https://news.google.com/rss/articles/CBMifkFVX3lxTE5nU3JpRmVTQnUzTndGMlZFcTR1Z1YzNHpubUpGM0ZoTDhZM2hhN28xN3loNEc0Vl9aVjNqYi1vdHFiTGVQSHZHV0RleE9PMDRCbGZpT0pEYzNSUlhhYXhtbW1fMVJiQWxHOUx5d1lKRnBPemtxeEwwSFNGdGo5Zw?oc=5,,False,403 Client Error: Forbidden for url: https://www.investing.com/academy/stock-picks/high-yield-dividend-stocks/,True,,2026-09-13 09:20:11
미국,배당,배당,배당 stock market earnings investment,20 Best High-Yield Dividend Stocks for 2026 and How to Invest - The Motley Fool,https://news.google.com/rss/articles/CBMipgFBVV95cUxNbWdzdktUY0ZnaFhiVW8wM2VoTmhBLXlhakhkX2w4X2JCZnZYTXpwTTVJYnNITlAwTzBnaE90emlSV1JBVnJLOEl3bUxOWW1OWlVKdWh4OXpkcGloenNiQURpcHJhNTBrY2tIS3d0VldUV1VHV0pQVU9HaVpXSVQ5RHlvVDNNY28wd2xpdGo1SWxCUTFPcTNCNUs0c2llc3dPSVhWODhB?oc=5,"Wed, 02 Sep 2026 07:00:00 GMT",The Motley Fool,통신,https://www.fool.com/investing/stock-market/types-of-stocks/dividend-stocks/high-yield-dividend-stocks/,www.fool.com,True,,True,,2026-09-13 09:20:11
미국,5G,5G,5G stock market earnings investment,Can 5G Tailwinds Help These 3 Wireless Stocks Beat Estimates? - TradingView,https://news.google.com/rss/articles/CBMitwFBVV95cUxQbDVjejFLMWFfUzZwd0RsSk5Rd1FkVFJBZVpMcWViRjdYSlgyQ3RXQ3NfVzZxYnJ4RkpfTmhiRHE0aUFhLWdsS0ZpclBXVXd2UDJKOUljS2lwOUJYeEs2aWFlLVZQX0wtd3hQMm1fMGI5Q083Q243eGYwTlhrSl9kTVFVUnVlT3JvYkFYbWd2dU1TakZoWG1TLWpub3gxMlE5aEFLM2pwNWFDYjg4SUpHWlJ3dVRLWTA?oc=5,"Mon, 27 Jul 2026 07:00:00 GMT",TradingView,통신,https://www.tradingview.com/news/zacks:6ff22a8a5094b:0-can-5g-tailwinds-help-these-3-wireless-stocks-beat-estimates/,www.tradingview.com,True,,True,,2026-09-13 09:20:11
미국,5G,5G,5G stock market earnings investment,"Should You Buy, Sell or Hold Verizon Stock Before Q2 Earnings? - The Globe and Mail",https://news.google.com/rss/articles/CBMi2gFBVV95cUxOcVpCdXpDY3FXaDlnb0Rjc3ByMi1fWkpQY0U2RklJTXhDTkZCSUtWMUt5S3VkcGlPblpYRnNPVEItdTljY3hUT2VxMDcwaUowQjVWUXJLQ1VvXzlLRklHY0llT09JOUNob2lEMFJVR0hBTlBGaUxCekFYay05N251cURXV3MzbXBBUU1qX1RYMUljVk5JZHppUURPcUpuOGRHOGk2clNpcjk1UWVDcnpWWXRMX09NNUdONHlZUW1DN2VsczdpRGRGempmQjViMUNBSzJCLW5MVmJHZw?oc=5,"Tue, 21 Jul 2026 07:00:00 GMT",The Globe and Mail,통신,https://news.google.com/rss/articles/CBMi2gFBVV95cUxOcVpCdXpDY3FXaDlnb0Rjc3ByMi1fWkpQY0U2RklJTXhDTkZCSUtWMUt5S3VkcGlPblpYRnNPVEItdTljY3hUT2VxMDcwaUowQjVWUXJLQ1VvXzlLRklHY0llT09JOUNob2lEMFJVR0hBTlBGaUxCekFYay05N251cURXV3MzbXBBUU1qX1RYMUljVk5JZHppUURPcUpuOGRHOGk2clNpcjk1UWVDcnpWWXRMX09NNUdONHlZUW1DN2VsczdpRGRGempmQjViMUNBSzJCLW5MVmJHZw?oc=5,,False,본문 수집 제한 개수를 초과했습니다.,False,,2026-09-13 09:20:11
미국,5G,5G,5G stock market earnings investment,Nokia Stock Tries to Retake €10 Level Pre-Earnings as 5G Growth Fails Offsetting Weak Profit Momentum - FXLeaders,https://news.google.com/rss/articles/CBMi3AFBVV95cUxOQldpM09peG9UYXVnTC1hTmoxekdULWV1bTdKb2RfZmlDa0ZkaTNacFdvU0tfN1gwSzNmUXo1bkk5U0lLVGpmdUYtNm9ub2xpN1VrZ0t1NWpUTnN6TDNzeDlITXFJbDZzYzlnQmh5SFlGU25OaDY0Nk1SN0VaM3o4LTUtT1RtSmJnWk00MF9Kb0Y5Rk1zdjVVMmNFVjZXeThUcHlmSjJDXy1fQXMtMVRuSjlSZ1hvLTFYVGhjMUNsLXcwazMxS2JIUmhxQWx0TEgwemdLRTJzVG5rb0R6?oc=5,"Mon, 20 Jul 2026 07:00:00 GMT",FXLeaders,통신,https://news.google.com/rss/articles/CBMi3AFBVV95cUxOQldpM09peG9UYXVnTC1hTmoxekdULWV1bTdKb2RfZmlDa0ZkaTNacFdvU0tfN1gwSzNmUXo1bkk5U0lLVGpmdUYtNm9ub2xpN1VrZ0t1NWpUTnN6TDNzeDlITXFJbDZzYzlnQmh5SFlGU25OaDY0Nk1SN0VaM3o4LTUtT1RtSmJnWk00MF9Kb0Y5Rk1zdjVVMmNFVjZXeThUcHlmSjJDXy1fQXMtMVRuSjlSZ1hvLTFYVGhjMUNsLXcwazMxS2JIUmhxQWx0TEgwemdLRTJzVG5rb0R6?oc=5,,False,본문 수집 제한 개수를 초과했습니다.,False,,2026-09-13 09:20:11
미국,5G,5G,5G stock market earnings investment,5 Best 5G Stocks to Buy in 2026 | Investing - U.S. News Money,https://news.google.com/rss/articles/CBMic0FVX3lxTE1UNnJCcl9hTWxGM01xQjA1MDUxQkJ3T2c5dzlZcFAzNnJrVGhRUDBoUFFPV0p6WmdhWkU3TWtlTDY2cWYyZy1aZkFmX3ZzZzJhNmRGSXhpem9nU2RENGFXaEJXdE0yNDBoSm1zSFlFX0lSMVk?oc=5,"Wed, 15 Jul 2026 07:00:00 GMT",U.S. News Money,통신,https://news.google.com/rss/articles/CBMic0FVX3lxTE1UNnJCcl9hTWxGM01xQjA1MDUxQkJ3T2c5dzlZcFAzNnJrVGhRUDBoUFFPV0p6WmdhWkU3TWtlTDY2cWYyZy1aZkFmX3ZzZzJhNmRGSXhpem9nU2RENGFXaEJXdE0yNDBoSm1zSFlFX0lSMVk?oc=5,,False,본문 수집 제한 개수를 초과했습니다.,False,,2026-09-13 09:20:11
미국,배당,배당,배당 stock market earnings investment,Should Invesco S&P Ultra Dividend Revenue ETF (RDIV) Be on Your Investing Radar? - Yahoo Finance,https://news.google.com/rss/articles/CBMingFBVV95cUxQUzVVdFZIaklJQ01xOW92UGdUVlo1aFRoV2ZsT0hYUnlDazczUHplV09pd2t0ckRPVXRpTF9WeGJvcndWeVp1WmRaYnE1MUYxa0wwRWU0WW5qdGo3bWdZbjg4YktobDREczZWME1FUjYxZUV0Ml90YktqNUNuSW5pMi1qZUN0TGtoODcxY2UwWS15YmlnOGhMS0hQY0JhZw?oc=5,"Mon, 15 Jun 2026 07:00:00 GMT",Yahoo Finance,통신,https://news.google.com/rss/articles/CBMingFBVV95cUxQUzVVdFZIaklJQ01xOW92UGdUVlo1aFRoV2ZsT0hYUnlDazczUHplV09pd2t0ckRPVXRpTF9WeGJvcndWeVp1WmRaYnE1MUYxa0wwRWU0WW5qdGo3bWdZbjg4YktobDREczZWME1FUjYxZUV0Ml90YktqNUNuSW5pMi1qZUN0TGtoODcxY2UwWS15YmlnOGhMS0hQY0JhZw?oc=5,,False,본문 수집 제한 개수를 초과했습니다.,False,,2026-09-13 09:20:11
미국,5G,5G,5G stock market earnings investment,American Tower’s SWOT analysis: stock gains analyst support amid 5G growth - Investing.com,https://news.google.com/rss/articles/CBMiygFBVV95cUxNRXIyaEZPNk5XVzBjYUg4ODE1eWtGbGI4YjFVUGEwb1hPTUdPcXJKMXFDdGpDTUoyQ1YzVFd5SDVkV2piTGJicGk0SjN0YWkwSFdrR3IxU2NTWDRERkI5Q01uTUgyZmRfVVAtTWxHLXVQLW5kLWdPa1VoeENqZE1hVFdjMlBIVXdWemp1ZzZhck9jTUNsZ1ZXTWROQUhqY3dCeFI3X2pPR19nNjNCaE11aFNBSGpRWEFscEhuVENvdXpCLVY4LVRRYW9B?oc=5,"Mon, 25 May 2026 07:00:00 GMT",Investing.com,통신,https://news.google.com/rss/articles/CBMiygFBVV95cUxNRXIyaEZPNk5XVzBjYUg4ODE1eWtGbGI4YjFVUGEwb1hPTUdPcXJKMXFDdGpDTUoyQ1YzVFd5SDVkV2piTGJicGk0SjN0YWkwSFdrR3IxU2NTWDRERkI5Q01uTUgyZmRfVVAtTWxHLXVQLW5kLWdPa1VoeENqZE1hVFdjMlBIVXdWemp1ZzZhck9jTUNsZ1ZXTWROQUhqY3dCeFI3X2pPR19nNjNCaE11aFNBSGpRWEFscEhuVENvdXpCLVY4LVRRYW9B?oc=5,,False,본문 수집 제한 개수를 초과했습니다.,False,,2026-09-13 09:20:11
미국,배당,배당,배당 stock market earnings investment,TELUS reports strong and industry leading operational and financial results for the fourth quarter and full year 2025; establishes compelling and industry-best 2026 financial targets - PR Newswire,https://news.google.com/rss/articles/CBMi2AJBVV95cUxQYmt1SnFNcFY2azBGOE5mMUNZaVI4eU9sSm9BOE9rSWZXU2ZkNkJTN1ZyVkNkUndRbkQyMEJwVTFncWR2clFHYVJQd3ZBeElHbEM5Sll6Mkdza3M4eFpwalJoODdJRjdaRlhtUUREUFVCOWhKTGpMWFAtVkllTXVRSnlLRC1Ocld0WHNQSmI4LUx2aVd5VUpDem9hU2Q2cDRzOUZfVWFySkN5NGpZLS0tNVc0d3U2RXg5UlRQSVZaWFFPdldxOFdqZ3Y5dG04NU5UVTJVZjVLZEFjMVB5dm1DQXRYd2tOcThieDBMWlp4S1ZlWEdCazU3alpRY0VPRDR4QnpEUGhaS1R2cjJxWWxYT3N5SktKTmVpU0dIX3VLT0MwWkFRdTlSemluNFBEem1GS3BJRDdNZ1Y0d1JxVGhLMlVnRzAyTkdsRHFfejhsd0hkX19iUGNYZQ?oc=5,"Thu, 12 Feb 2026 08:00:00 GMT",PR Newswire,통신,https://news.google.com/rss/articles/CBMi2AJBVV95cUxQYmt1SnFNcFY2azBGOE5mMUNZaVI4eU9sSm9BOE9rSWZXU2ZkNkJTN1ZyVkNkUndRbkQyMEJwVTFncWR2clFHYVJQd3ZBeElHbEM5Sll6Mkdza3M4eFpwalJoODdJRjdaRlhtUUREUFVCOWhKTGpMWFAtVkllTXVRSnlLRC1Ocld0WHNQSmI4LUx2aVd5VUpDem9hU2Q2cDRzOUZfVWFySkN5NGpZLS0tNVc0d3U2RXg5UlRQSVZaWFFPdldxOFdqZ3Y5dG04NU5UVTJVZjVLZEFjMVB5dm1DQXRYd2tOcThieDBMWlp4S1ZlWEdCazU3alpRY0VPRDR4QnpEUGhaS1R2cjJxWWxYT3N5SktKTmVpU0dIX3VLT0MwWkFRdTlSemluNFBEem1GS3BJRDdNZ1Y0d1JxVGhLMlVnRzAyTkdsRHFfejhsd0hkX19iUGNYZQ?oc=5,,False,본문 수집 제한 개수를 초과했습니다.,False,,2026-09-13 09:20:11
일본,5G,5G,5G 日本 株式市場 企業,日本の6G市場2026～2035年、市場規模・企業動向・分析レポートを発表 - アットプレス,https://news.google.com/rss/articles/CBMiT0FVX3lxTFBQOU44QjBaOXRlRTZhNUx6M3hTbnB2LWt1Vnp1YzBmdURhdUl5a0pwaGxoc2pLeGpVcERIWm9qZVNTNnFmb2JLdUNfTEY4QUk?oc=5,"Mon, 07 Sep 2026 07:30:00 GMT",アットプレス,통신,https://www.atpress.ne.jp/news/4504073,www.atpress.ne.jp,True,,True,,2026-09-13 09:20:11
일본,5G,5G,5G 日本 株式市場 企業,ICTの日本市場（2026年-2035年）、市場規模・分析レポートを発表 - アットプレス,https://news.google.com/rss/articles/CBMiT0FVX3lxTE11azkzN2g5ZlZPdkFzb0lZRlgyNThGcjUyUWZhX3NtX2VKQjlmNDJNb2FZeDNPZjdUUmZ5MDRvMnh4RDVpYWdEUFM0Zkd3Rkk?oc=5,"Wed, 19 Aug 2026 07:00:00 GMT",アットプレス,통신,https://www.atpress.ne.jp/news/5596112,www.atpress.ne.jp,True,,True,,2026-09-13 09:20:11
일본,5G,5G,5G 日本 株式市場 企業,レポートオーシャン株式会社プレスリリース : 航空における5G市場は2035年120億米ドルへ、航空機内接続・スマート空港・低遅延通信の普及でCAGR21.97％の高成長 - ドリームニュース,https://news.google.com/rss/articles/CBMiU0FVX3lxTE50dGJvMnV6WkhjTU5XZGdrWVItUFFnMWdOd1pKWUlnSDFyekRmREt2YmZZOXhYSWE4R3VlckI5cS1ILXRzTWpudUlNRGREZ0Q1eHFv?oc=5,"Wed, 05 Aug 2026 07:00:00 GMT",ドリームニュース,통신,https://www.dreamnews.jp/press/0000358287,www.dreamnews.jp,True,,True,,2026-09-13 09:20:11
일본,5G,5G,5G 日本 株式市場 企業,【JPIセミナー】総務省「5G・ローカル5G・Beyond 5G（6G）を巡る 移動通信政策の最新動向と政策展望」8月4日(火)開催 - PR TIMES,https://news.google.com/rss/articles/CBMiakFVX3lxTE1vMG5qaGtkMFpRZU1QamNTM3dLbWZQNFdqNC1raUN2aVNkWHBJVnNEb0JGbHQ3cU4wLW5EN1dNbDZINDd6STJVTUk2UndGYXZpUmN1X1ZrbWplUEloZEt0bjhvVzhHMFJua1E?oc=5,"Thu, 23 Jul 2026 07:00:00 GMT",PR TIMES,통신,https://prtimes.jp/main/html/rd/p/000001889.000042328.html,prtimes.jp,True,,True,,2026-09-13 09:20:11
일본,5G,5G,5G 日本 株式市場 企業,日本5Gインフラ市場、AI・プライベートネットワーク・オープンRAN・企業デジタル化が接続性を再定義し、2035年に658億米ドルへ急成長見込み - Newscast.jp,https://news.google.com/rss/articles/CBMiR0FVX3lxTE8yREVSNDUzaVpFTGxRVlBrWjVyT3EzcHJHNjdJQkp5dkl2UWw2NjdTMVlYUHpEQVA1LVNadVVhd01tVC1HejNJ?oc=5,"Fri, 26 Jun 2026 07:00:00 GMT",Newscast.jp,통신,https://news.google.com/rss/articles/CBMiR0FVX3lxTE8yREVSNDUzaVpFTGxRVlBrWjVyT3EzcHJHNjdJQkp5dkl2UWw2NjdTMVlYUHpEQVA1LVNadVVhd01tVC1HejNJ?oc=5,,False,본문 수집 제한 개수를 초과했습니다.,False,,2026-09-13 09:20:11
중동,5G,5G,5G Middle East Gulf Saudi UAE Qatar oil LNG defense energy investment,Non-intervention with impact: quantifying China’s regional footprint in the Middle East - iari.site,https://news.google.com/rss/articles/CBMitgFBVV95cUxObmRvc1BLM2RKdm5ya2IxMExZZkl3VUNleXF0RG5iR1V4S2d3Tk5UVXRXMEhNa3JqNk1lUVpadkE3bkg4bjNGZUNNdXZiWFhab0JtMWROMTRHdnY3TndMRFB5b0VNUTAyaTBDZFdwQmw1UU16b0hhUmZJOXB2RV84NklCVWdIWDd1RmpubVdrRmhnT2N6RTNWSUJveU5QZ1o4MXdNN2RhdVFTWHdGSjQxZnZSdGFiQQ?oc=5,"Sat, 17 Jan 2026 08:00:00 GMT",iari.site,통신,https://news.google.com/rss/articles/CBMitgFBVV95cUxObmRvc1BLM2RKdm5ya2IxMExZZkl3VUNleXF0RG5iR1V4S2d3Tk5UVXRXMEhNa3JqNk1lUVpadkE3bkg4bjNGZUNNdXZiWFhab0JtMWROMTRHdnY3TndMRFB5b0VNUTAyaTBDZFdwQmw1UU16b0hhUmZJOXB2RV84NklCVWdIWDd1RmpubVdrRmhnT2N6RTNWSUJveU5QZ1o4MXdNN2RhdVFTWHdGSjQxZnZSdGFiQQ?oc=5,,False,403 Client Error: Forbidden for url: https://iari.site/2026/01/17/non-intervention-with-impact-quantifying-chinas-regional-footprint-in-the-middle-east/,True,,2026-09-13 09:20:11
중동,5G,5G,5G Middle East Gulf Saudi UAE Qatar oil LNG defense energy investment,The Gulf in 2026: Expert Outlook - Gulf International Forum,https://news.google.com/rss/articles/CBMiYEFVX3lxTFB1Z1R6NmQzd2NNeGRvekFPbEdkREpwZEJDSWVIU1BBVkt6NXhmMHdia2tFdi1yYk5Qa09TS1hYMW1helZUVmdyR3RZVldGakJmVF9OV3g5LTEtY19DSFI4Vg?oc=5,"Sun, 04 Jan 2026 08:00:00 GMT",Gulf International Forum,통신,https://news.google.com/rss/articles/CBMiYEFVX3lxTFB1Z1R6NmQzd2NNeGRvekFPbEdkREpwZEJDSWVIU1BBVkt6NXhmMHdia2tFdi1yYk5Qa09TS1hYMW1helZUVmdyR3RZVldGakJmVF9OV3g5LTEtY19DSFI4Vg?oc=5,,False,403 Client Error: Forbidden for url: https://gulfif.org/the-gulf-in-2026-expert-outlook/,True,,2026-09-13 09:20:11
중동,5G,5G,5G Middle East Gulf Saudi UAE Qatar oil LNG defense energy investment,"Trump Middle East 2025 Tour: Gulf Deals, Diplomacy & AI Shift - behorizon.org",https://news.google.com/rss/articles/CBMifkFVX3lxTE83bTJBeTEtR2Z0Q1NrNzkwVEtJZGJ2VXZDLWZqM3B0WG5seWxvYW5ESGdZeXpWb0YweXdrYk4zYjE4Znp1VUVRNFJkZ1JNdFJPSkVwUXItRm1fRU9wdkt3aTNHRnluUTZQdUtCN3dkTnZwVXk4RS1KV0EyRnZsUQ?oc=5,"Mon, 19 May 2025 07:00:00 GMT",behorizon.org,통신,https://behorizon.org/trumps-2025-gulf-tour-deals-diplomacy-and-dilemmas/,behorizon.org,True,,True,,2026-09-13 09:20:11
중동,5G,5G,5G Middle East Gulf Saudi UAE Qatar oil LNG defense energy investment,Middle East - heritage.org,https://news.google.com/rss/articles/CBMingFBVV95cUxPMEw1U1ozSWg3aUdjeVdxZ1VoVC1IZHg5ek9sZE1UZlNpLWpuTzkxWXNiV2RRR3duMXRBMkF3Sk9nc2VkWFJTcGJjeE9LZk96aVdycEs1NmpfLVJaSXd4MV9ONmp4a3FjSGhRUGZTRmpGTkJ6Nkg5VUt4Y3RRZTZTRnJXYXp6TzRzZUkweTFhaWoxaTlNOGdlSWFkZ0Q1dw?oc=5,"Sat, 13 Jan 2018 02:43:03 GMT",heritage.org,통신,https://news.google.com/rss/articles/CBMingFBVV95cUxPMEw1U1ozSWg3aUdjeVdxZ1VoVC1IZHg5ek9sZE1UZlNpLWpuTzkxWXNiV2RRR3duMXRBMkF3Sk9nc2VkWFJTcGJjeE9LZk96aVdycEs1NmpfLVJaSXd4MV9ONmp4a3FjSGhRUGZTRmpGTkJ6Nkg5VUt4Y3RRZTZTRnJXYXp6TzRzZUkweTFhaWoxaTlNOGdlSWFkZ0Q1dw?oc=5,,False,403 Client Error: Forbidden for url: https://www.heritage.org/military-strength/assessing-the-global-operating-environment/middle-east,True,,2026-09-13 09:20:11
국내,해외 매출,해외 매출,해외 매출,"롯데칠성·하이트진로, 해외공장 다른 셈법 - 글로벌이코노믹",https://news.google.com/rss/articles/CBMiiwFBVV95cUxQbnRaUnVTVG1EX3lfYmRCMjEwNUZaQ29TQjBwcGd3VjRaWFpOdFhlcVBQRTRnZXB5d0pGTG5nd29yUEdYV1llRzFvd1dqdEFNNk9rYmRJTTlFNWhxUE45aWllTm02ZUtZZzFLcnktZnlkYVF2MkZWM0w0RGU2dF9UUG9DdWlwU2pFR0Jr?oc=5,"Sun, 13 Sep 2026 00:00:00 GMT",글로벌이코노믹,패션/의류,https://www.g-enews.com/article/Distribution/2026/09/2026091115271222701d2373fc0f_1,www.g-enews.com,True,,True,,2026-09-13 09:20:50
국내,해외 매출,해외 매출,해외 매출,"팔도, 러시아 GB푸드 품고 해외 매출 8000억 돌파 '눈앞' - 더구루",https://news.google.com/rss/articles/CBMiZkFVX3lxTE4tdGc2b0NWeGlhUVl5cFhuMmdWWHpQTmlsRDdMa0VIS2hEOU9RN0dqeWFFVl9FS3JCaHcxV3ZuZGN0M25hX0VBREdyZWdmeFZPOE9jZlVvVW81X0xUbGxxSlA4ODNtdw?oc=5,"Sat, 12 Sep 2026 23:30:24 GMT",더구루,패션/의류,https://www.theguru.co.kr/mobile/article.html?no=106934,www.theguru.co.kr,True,,True,,2026-09-13 09:20:50
국내,해외 매출,해외 매출,해외 매출,"아모레퍼시픽, 글로벌 진출 가속…내년 상반기까지 매출 10% 성장 노린다 | - 연합인포맥스",https://news.google.com/rss/articles/CBMidEFVX3lxTFBVZWZDTXFqRXA4Uks3QlBVTXhQQUhwVWZRTjdpbG9IZlpVRHZZOGFnT2JSSGpVcDFuMW04ODVQZ0t6SjhvdnIzcVRMZVdGQU5Xdk9faWxtdUtzMkcxazdTTlMxd3pLSkNTYmZpaHZob2VucUND?oc=5,"Sat, 12 Sep 2026 23:04:29 GMT",연합인포맥스,패션/의류,https://news.einfomax.co.kr/news/articleViewAmp.html?idxno=4434570,news.einfomax.co.kr,True,,True,,2026-09-13 09:20:50
국내,해외 매출,해외 매출,해외 매출,환율 급락에 식품업계 '희비'···수출·입 의존도 따라 대응책 '제각각' - 서울파이낸스,https://news.google.com/rss/articles/CBMiakFVX3lxTE1GRjRmWXVXdklRVmZnQ044VE1ybEJORFZnSDFXZzhycnBEUkdHQ3BObTQ2b19lczhzYmsxdFdqb01kLXhBejJXcnJaQzRVbWQ4X1JYSjVjTUdYT1pOQ3g2ZlgzMWxqMlJSMkE?oc=5,"Sat, 12 Sep 2026 23:00:00 GMT",서울파이낸스,패션/의류,https://www.seoulfn.com/news/articleView.html?idxno=637775,www.seoulfn.com,True,,True,,2026-09-13 09:20:50
국내,브랜드,브랜드,브랜드,"4500원→2000원…1세대 커피 브랜드, '저가 시장'서 2막 노린다 - v.daum.net",https://news.google.com/rss/articles/CBMiT0FVX3lxTE1ZUGdZbXlOSXNkR2NQVEZ5R0ZONVZPRmhfeDhKaEJHQk12OXJrcUJWUmVSbWVOSDgxVllzNmJ4Mzhoa1M2RjBISDdGVjVSX2s?oc=5,"Sat, 12 Sep 2026 22:31:00 GMT",v.daum.net,패션/의류,https://news.google.com/rss/articles/CBMiT0FVX3lxTE1ZUGdZbXlOSXNkR2NQVEZ5R0ZONVZPRmhfeDhKaEJHQk12OXJrcUJWUmVSbWVOSDgxVllzNmJ4Mzhoa1M2RjBISDdGVjVSX2s?oc=5,,False,본문 수집 제한 개수를 초과했습니다.,False,,2026-09-13 09:20:50
국내,브랜드,브랜드,브랜드,"대형 건설사, '브랜드타운'으로 뭉친다...벌어지는 정비사업 양극화 - v.daum.net",https://news.google.com/rss/articles/CBMiT0FVX3lxTE00VDJSUU1kRnNxcWYxUEhBSnFya1hxVWlza0lNdmRsd19yZkdxazlza1VVbTgxeTZFNmNjR2RiRHg4aWMtSGRtZUZYQU0weTg?oc=5,"Sat, 12 Sep 2026 22:00:00 GMT",v.daum.net,패션/의류,https://news.google.com/rss/articles/CBMiT0FVX3lxTE00VDJSUU1kRnNxcWYxUEhBSnFya1hxVWlza0lNdmRsd19yZkdxazlza1VVbTgxeTZFNmNjR2RiRHg4aWMtSGRtZUZYQU0weTg?oc=5,,False,본문 수집 제한 개수를 초과했습니다.,False,,2026-09-13 09:20:50
국내,브랜드,브랜드,브랜드,K-뷰티 상위 톱10 생산 비중 5.7%로 감소…브랜드 늘고 수출국 다변화 - 뉴스1,https://news.google.com/rss/articles/CBMiZEFVX3lxTE93V2lMZzNpWV90aHVZYm52eFBXaTFPSnM4M0V3ZDI0X1IwNU5yaW1fOTNJZVl4M3hEUFZZMEh6dVpOUGFrazdoUDNiNW5ZcHBYaTJ3dGtuU2xZNFpfaVgxWGYzSWfSAWpBVV95cUxNUzBZUnc5Uk1pcTJ1WlZLRGF0T1hZdml4a2w5b3kxU19ERzVHbU83SW9SUngxWTJHOTdvYUtXeUpHMEg3VUlmQmFrYmhoTzFhNl9iSlhVSGFLZVBDR01hUE10bWZzNWZ5d05R?oc=5,"Sat, 12 Sep 2026 21:20:00 GMT",뉴스1,패션/의류,https://news.google.com/rss/articles/CBMiZEFVX3lxTE93V2lMZzNpWV90aHVZYm52eFBXaTFPSnM4M0V3ZDI0X1IwNU5yaW1fOTNJZVl4M3hEUFZZMEh6dVpOUGFrazdoUDNiNW5ZcHBYaTJ3dGtuU2xZNFpfaVgxWGYzSWfSAWpBVV95cUxNUzBZUnc5Uk1pcTJ1WlZLRGF0T1hZdml4a2w5b3kxU19ERzVHbU83SW9SUngxWTJHOTdvYUtXeUpHMEg3VUlmQmFrYmhoTzFhNl9iSlhVSGFLZVBDR01hUE10bWZzNWZ5d05R?oc=5,,False,본문 수집 제한 개수를 초과했습니다.,False,,2026-09-13 09:20:50
국내,패션,패션,패션,"진짜 변호사 룩이란, 아말 클루니의 우아함 끝판왕 패션 - W Korea",https://news.google.com/rss/articles/CBMi0AJBVV95cUxOSl80Rks4SkZMMlU4Vy1nUzdiQWJ2dmtTOHZwdEZ4OXI5Y0tVWWNYdzUwcl9XU3VwbVRWYzFOcWVLWnZPRjE4NHpNbGQ2aGE0cXAyOEhoR2JUWFE1Z1ZpcmdmQjFsZEJpNktBYUczOXJNbHZkNG9pQ0tyVkZxelk3VTFoR3NYWk5fSlJ6UkhmdzQ4TVduV29YREpFSGl5RlZHNlJ2dkEydXM1NEpZRXBwczgzdlJUWGVGUjVEMnFCRm1vSXZPSDQ2bVZiYUtKLWtOaGptQnU3eWZ3OTl2UU90bkVJbDlCSnJ6d013WllPRGoxQTFyVWVoOXNXclBUUHNSUTdKUUpjMTgwWVRTalNnVTRhQkhCWUtRQnV1dk5fc0w0T1lUaEJQWXVyT3BZNW9RS1NPcDZ5U2sxS3dvWW84eG5ob0gzYmtYUWRMMlk1Mmw?oc=5,"Sat, 12 Sep 2026 09:08:50 GMT",W Korea,패션/의류,https://news.google.com/rss/articles/CBMi0AJBVV95cUxOSl80Rks4SkZMMlU4Vy1nUzdiQWJ2dmtTOHZwdEZ4OXI5Y0tVWWNYdzUwcl9XU3VwbVRWYzFOcWVLWnZPRjE4NHpNbGQ2aGE0cXAyOEhoR2JUWFE1Z1ZpcmdmQjFsZEJpNktBYUczOXJNbHZkNG9pQ0tyVkZxelk3VTFoR3NYWk5fSlJ6UkhmdzQ4TVduV29YREpFSGl5RlZHNlJ2dkEydXM1NEpZRXBwczgzdlJUWGVGUjVEMnFCRm1vSXZPSDQ2bVZiYUtKLWtOaGptQnU3eWZ3OTl2UU90bkVJbDlCSnJ6d013WllPRGoxQTFyVWVoOXNXclBUUHNSUTdKUUpjMTgwWVRTalNnVTRhQkhCWUtRQnV1dk5fc0w0T1lUaEJQWXVyT3BZNW9RS1NPcDZ5U2sxS3dvWW84eG5ob0gzYmtYUWRMMlk1Mmw?oc=5,,False,본문 수집 제한 개수를 초과했습니다.,False,,2026-09-13 09:20:50
국내,소비 회복,소비 회복,소비 회복,내수 회복 기대에 유통株 들썩… 청담글로벌·한화갤러리아 모처럼 함박웃음 - 핀포인트뉴스,https://news.google.com/rss/articles/CBMic0FVX3lxTFA0RV9RYTNUaUg3b3RCV3RtTWo0QkZrcUs0c1F5SFdkajEyT2JMVTB4aDYyZmVfWUM2WTNNc0lpT1BoTGxFMU1WWmRHVFFfZnVoNzdpcXR1SUwtVExEaWxDTU5CRXdEazZiMnVJc2didTFqbUXSAXdBVV95cUxNeE5DcndTVEczYnoxanNLOFpEVkFWeEFVd3pfazc2aDlQT0hVMmhPUjZ2RkJHRHBCSlN4VVV3b0RJM2FNT29MSExrREw5R0g4SkdWbmdwdTF0STVYSEVxejJ0bV9rUE9pc0xVNkZFdVdFTzhiNWNlWQ?oc=5,"Sat, 12 Sep 2026 04:46:23 GMT",핀포인트뉴스,패션/의류,https://news.google.com/rss/articles/CBMic0FVX3lxTFA0RV9RYTNUaUg3b3RCV3RtTWo0QkZrcUs0c1F5SFdkajEyT2JMVTB4aDYyZmVfWUM2WTNNc0lpT1BoTGxFMU1WWmRHVFFfZnVoNzdpcXR1SUwtVExEaWxDTU5CRXdEazZiMnVJc2didTFqbUXSAXdBVV95cUxNeE5DcndTVEczYnoxanNLOFpEVkFWeEFVd3pfazc2aDlQT0hVMmhPUjZ2RkJHRHBCSlN4VVV3b0RJM2FNT29MSExrREw5R0g4SkdWbmdwdTF0STVYSEVxejJ0bV9rUE9pc0xVNkZFdVdFTzhiNWNlWQ?oc=5,,False,본문 수집 제한 개수를 초과했습니다.,False,,2026-09-13 09:20:50
국내,브랜드,브랜드,브랜드,'매장서 씻고 경복궁 달린다'…북촌 점령한 러닝 브랜드 [강윤지의 유통체크인] - 네이트,https://news.google.com/rss/articles/CBMiU0FVX3lxTFBubEM1cHdza0FydnZYUDV0OXB0Z0tsSFNLWWNmcXMxMkZZaHQtX2ZRbHloNjNnNGFIYU5wZ05JR0JfSWFFZjBHcnl6RjBFUHRFUktV?oc=5,"Fri, 11 Sep 2026 23:01:00 GMT",네이트,패션/의류,https://news.google.com/rss/articles/CBMiU0FVX3lxTFBubEM1cHdza0FydnZYUDV0OXB0Z0tsSFNLWWNmcXMxMkZZaHQtX2ZRbHloNjNnNGFIYU5wZ05JR0JfSWFFZjBHcnl6RjBFUHRFUktV?oc=5,,False,본문 수집 제한 개수를 초과했습니다.,False,,2026-09-13 09:20:50
국내,패션,패션,패션,"뷰티는 체험으로, 패션은 경쟁으로…방송가 새 공식 - v.daum.net",https://news.google.com/rss/articles/CBMiT0FVX3lxTFBzeVg4OWR3QnJselZJU0N6cEpsN2FMWEVjYmliMWtCQTI0Z0pDaUUzYUFZenZ2X2JBNkxsRExYYU90cjFCUW5XSUlNUEZ2UTg?oc=5,"Fri, 11 Sep 2026 20:59:31 GMT",v.daum.net,패션/의류,https://news.google.com/rss/articles/CBMiT0FVX3lxTFBzeVg4OWR3QnJselZJU0N6cEpsN2FMWEVjYmliMWtCQTI0Z0pDaUUzYUFZenZ2X2JBNkxsRExYYU90cjFCUW5XSUlNUEZ2UTg?oc=5,,False,본문 수집 제한 개수를 초과했습니다.,False,,2026-09-13 09:20:50
국내,의류,의류,의류,[더나은미래 주간브리핑] 재고 의류가 옷장으로…자본·법·AI로 넓히는 사회문제 해법 - 더나은미래,https://news.google.com/rss/articles/CBMiUkFVX3lxTE1rTmo3R0RKZk50YlJRQ1pBMmltRURjemNCaHJUTDhrVThqMko1eWtMeGxIRldZN3VWZGtla0VoSThfSXUwMzlZM0VuS0tsYXZYNlE?oc=5,"Fri, 11 Sep 2026 08:00:00 GMT",더나은미래,패션/의류,https://news.google.com/rss/articles/CBMiUkFVX3lxTE1rTmo3R0RKZk50YlJRQ1pBMmltRURjemNCaHJUTDhrVThqMko1eWtMeGxIRldZN3VWZGtla0VoSThfSXUwMzlZM0VuS0tsYXZYNlE?oc=5,,False,본문 수집 제한 개수를 초과했습니다.,False,,2026-09-13 09:20:50
국내,해외 매출,해외 매출,해외 매출,"유한양행 해외 매출, 원료藥 중심 2270억···비결은 CDMO·합성기술 - 시사저널e",https://news.google.com/rss/articles/CBMickFVX3lxTE93VzdBbk1hbTg4b25vc2lYaUVMTzFOWE1WN0ltdzJ6S1JrdHdJYUc0VThFQlhkQXpLUW03UnBYdlZWb2MyVDRYWEhYVVc2eVA0THV1czJDS1FsTE1pMW9neU5rem5BRzByV0w0eTRZdnliQdIBdkFVX3lxTFBQTXlTTWROWVBjcWVFaEtvOUVKSTVvdk9JZHVUOWdNR0JDb0otYWxSdUdhN0pGbGlHSVJnMlVHTF9kS3gtVldnU1NLUGt1bVYyMFBWOGJFYVdIb2FxQXZRNVFUZDlBV1Yzb01YVk5rcTFlMWxhX1E?oc=5,"Fri, 11 Sep 2026 07:31:13 GMT",시사저널e,패션/의류,https://news.google.com/rss/articles/CBMickFVX3lxTE93VzdBbk1hbTg4b25vc2lYaUVMTzFOWE1WN0ltdzJ6S1JrdHdJYUc0VThFQlhkQXpLUW03UnBYdlZWb2MyVDRYWEhYVVc2eVA0THV1czJDS1FsTE1pMW9neU5rem5BRzByV0w0eTRZdnliQdIBdkFVX3lxTFBQTXlTTWROWVBjcWVFaEtvOUVKSTVvdk9JZHVUOWdNR0JDb0otYWxSdUdhN0pGbGlHSVJnMlVHTF9kS3gtVldnU1NLUGt1bVYyMFBWOGJFYVdIb2FxQXZRNVFUZDlBV1Yzb01YVk5rcTFlMWxhX1E?oc=5,,False,본문 수집 제한 개수를 초과했습니다.,False,,2026-09-13 09:20:50
국내,패션,패션,패션,"신세계 의정부점, 키즈부터 영패션까지⋯ ‘젊은 가족’ 잡는다 - 브릿지경제",https://news.google.com/rss/articles/CBMiWkFVX3lxTE05MlJCS2UyVmkwUUpJU1gxWEczNjltZnVYQzByc0pCYTNQel9nc1l6WUZrYVIwdUNVNG9Ld1ZQRU9NSWNBWGhUNE1yMlNIaHVnbkFCZlNqZVNuUQ?oc=5,"Fri, 11 Sep 2026 07:00:00 GMT",브릿지경제,패션/의류,https://news.google.com/rss/articles/CBMiWkFVX3lxTE05MlJCS2UyVmkwUUpJU1gxWEczNjltZnVYQzByc0pCYTNQel9nc1l6WUZrYVIwdUNVNG9Ld1ZQRU9NSWNBWGhUNE1yMlNIaHVnbkFCZlNqZVNuUQ?oc=5,,False,본문 수집 제한 개수를 초과했습니다.,False,,2026-09-13 09:20:50
국내,의류,의류,의류,"동국대, ‘맞춤형 재활케어의류 개발 추진’ - TIN뉴스",https://news.google.com/rss/articles/CBMiREFVX3lxTFBfRnN6SXhYbEpvV0dDV01YN3V1Zzd0M1ROZXc3SHVja0JrUUNiTWxCaW1GT1MzTi05T3RWRkFISjZyaEV5?oc=5,"Fri, 11 Sep 2026 05:47:00 GMT",TIN뉴스,패션/의류,https://news.google.com/rss/articles/CBMiREFVX3lxTFBfRnN6SXhYbEpvV0dDV01YN3V1Zzd0M1ROZXc3SHVja0JrUUNiTWxCaW1GT1MzTi05T3RWRkFISjZyaEV5?oc=5,,False,본문 수집 제한 개수를 초과했습니다.,False,,2026-09-13 09:20:50
국내,소비 회복,소비 회복,소비 회복,"“경기 회복 흐름이라는데”…소비·물가에 중동전쟁까지, 곳곳 불안 신호 - mk.co.kr",https://news.google.com/rss/articles/CBMiVEFVX3lxTE1SMkdYdkRXUTg3amxPamgydFF4eXpTbGE4QjQzRXlFVzJzQjRkZDNHR1pPMHdURkxBRDh5cl9lcVJjQ2k3VkdqN3pvN2ZaazBGWXBWNw?oc=5,"Fri, 11 Sep 2026 02:09:40 GMT",mk.co.kr,패션/의류,https://news.google.com/rss/articles/CBMiVEFVX3lxTE1SMkdYdkRXUTg3amxPamgydFF4eXpTbGE4QjQzRXlFVzJzQjRkZDNHR1pPMHdURkxBRDh5cl9lcVJjQ2k3VkdqN3pvN2ZaazBGWXBWNw?oc=5,,False,본문 수집 제한 개수를 초과했습니다.,False,,2026-09-13 09:20:50
국내,브랜드,브랜드,브랜드,"사생활 논란 김수현, 스위스 시계 브랜드와 5억 7000만원대 계약금 소송 최종 승소 - 스포츠경향",https://news.google.com/rss/articles/CBMiXkFVX3lxTE9kSGgwWmhaUUt1SzRlc1AwZ3JjeXBZc2MyTzJPUjlocUdiVGVmdWI0dU5vTzU2U1pJM1V2Uml3OXZfa3VJaHNWNlM4TTNDdzdtWVFxTEVBbEZjb25RS0HSAWNBVV95cUxNWTFMZFd5LVFWRC03X01yamxGazU2a0p1ek9yUHBmaU1DWVRmM0ZlOHEzcVNkbDlsR240bUUwelBOZGR5OGp1Mk9TOENndnRxMU5PRDlFejNTUlhCa3UzMjdKeTg?oc=5,"Fri, 11 Sep 2026 01:10:00 GMT",스포츠경향,패션/의류,https://news.google.com/rss/articles/CBMiXkFVX3lxTE9kSGgwWmhaUUt1SzRlc1AwZ3JjeXBZc2MyTzJPUjlocUdiVGVmdWI0dU5vTzU2U1pJM1V2Uml3OXZfa3VJaHNWNlM4TTNDdzdtWVFxTEVBbEZjb25RS0HSAWNBVV95cUxNWTFMZFd5LVFWRC03X01yamxGazU2a0p1ek9yUHBmaU1DWVRmM0ZlOHEzcVNkbDlsR240bUUwelBOZGR5OGp1Mk9TOENndnRxMU5PRDlFejNTUlhCa3UzMjdKeTg?oc=5,,False,본문 수집 제한 개수를 초과했습니다.,False,,2026-09-13 09:20:50
국내,패션,패션,패션,"파리를 홀린 화사, 패션 피플 사이에서도 단연 눈에 띈 이유 - harpersbazaar.co.kr",https://news.google.com/rss/articles/CBMiW0FVX3lxTE9GTWIzOW1lcHlyRlh3T2Z2U0NLUi0tRnRReEJaMnJQU2s4dUpMWVBDdlpxM2l4RXhBdWxVWmxwWWQwTnoyWURYOVJtdk1kR1ZGdlpFQnVzenFpZVU?oc=5,"Thu, 10 Sep 2026 08:24:06 GMT",harpersbazaar.co.kr,패션/의류,https://news.google.com/rss/articles/CBMiW0FVX3lxTE9GTWIzOW1lcHlyRlh3T2Z2U0NLUi0tRnRReEJaMnJQU2s4dUpMWVBDdlpxM2l4RXhBdWxVWmxwWWQwTnoyWURYOVJtdk1kR1ZGdlpFQnVzenFpZVU?oc=5,,False,본문 수집 제한 개수를 초과했습니다.,False,,2026-09-13 09:20:50
국내,의류,의류,의류,"아보엠, 공식 홈페이지 오픈…신규 의류 컬렉션 출시 - 중앙일보",https://news.google.com/rss/articles/CBMiVkFVX3lxTE9jVjJaNDdndDZ0b2dnZTJpd2pMN1YzSmVnTmVEcmoyZ3FVT0JCZy12R2hLTXRDdGt0SXNCSGlrVzNZUW0wR2JEeUdsdEVlSkoxcVFzTzhR?oc=5,"Thu, 10 Sep 2026 08:10:00 GMT",중앙일보,패션/의류,https://news.google.com/rss/articles/CBMiVkFVX3lxTE9jVjJaNDdndDZ0b2dnZTJpd2pMN1YzSmVnTmVEcmoyZ3FVT0JCZy12R2hLTXRDdGt0SXNCSGlrVzNZUW0wR2JEeUdsdEVlSkoxcVFzTzhR?oc=5,,False,본문 수집 제한 개수를 초과했습니다.,False,,2026-09-13 09:20:50
국내,소비 회복,소비 회복,소비 회복,"대구시, 소상공인 금융 부담 낮추고 소비 회복 지원 - 중도일보",https://news.google.com/rss/articles/CBMibEFVX3lxTE9BMzdJaFRDbmlJQ2lRWkRoeUJTVkFGemR5dFBzNE5scVVJOWR6MlFEQ0Q4XzBzS3NkUDhWTTJzRkNNd3dkb09tUmttTXN6SmlDcUdIRHRCS1JtekwyeC1tQ1QyTjVzZXlGcEF0Wg?oc=5,"Thu, 10 Sep 2026 07:41:40 GMT",중도일보,패션/의류,https://news.google.com/rss/articles/CBMibEFVX3lxTE9BMzdJaFRDbmlJQ2lRWkRoeUJTVkFGemR5dFBzNE5scVVJOWR6MlFEQ0Q4XzBzS3NkUDhWTTJzRkNNd3dkb09tUmttTXN6SmlDcUdIRHRCS1JtekwyeC1tQ1QyTjVzZXlGcEF0Wg?oc=5,,False,본문 수집 제한 개수를 초과했습니다.,False,,2026-09-13 09:20:50
국내,의류,의류,의류,“폭염·한파에도 까딱없어요!”…자율 보온·냉각 의류 소재 첫 개발 - v.daum.net,https://news.google.com/rss/articles/CBMiVEFVX3lxTE1pMF9OTUlUZEJyRnNpeUk1emMxZGVibkpSYWtUbFpYRnVlcElOcXZScm52c1NzdHdLbEZhZGxaTkd4X2pvUmxHakM4OVIydU9jd1BrYw?oc=5,"Thu, 10 Sep 2026 01:05:00 GMT",v.daum.net,패션/의류,https://news.google.com/rss/articles/CBMiVEFVX3lxTE1pMF9OTUlUZEJyRnNpeUk1emMxZGVibkpSYWtUbFpYRnVlcElOcXZScm52c1NzdHdLbEZhZGxaTkd4X2pvUmxHakM4OVIydU9jd1BrYw?oc=5,,False,본문 수집 제한 개수를 초과했습니다.,False,,2026-09-13 09:20:50
국내,패션,패션,패션,뉴욕 출근길은 가을옷도 그냥 대충 입지 않아요 - 엘르 코리아 │ ELLE KOREA,https://news.google.com/rss/articles/CBMiT0FVX3lxTE5sRkxtSEgtbWp3eWhIbjJfVnNFS2cwZkZhMk9tTldheEJiOFJ6NGR2NG1HZTRrSnVxaVlGVTdDbFRWQmJxcjZldUdWSTB0VTQ?oc=5,"Thu, 10 Sep 2026 00:06:43 GMT",엘르 코리아 │ ELLE KOREA,패션/의류,https://news.google.com/rss/articles/CBMiT0FVX3lxTE5sRkxtSEgtbWp3eWhIbjJfVnNFS2cwZkZhMk9tTldheEJiOFJ6NGR2NG1HZTRrSnVxaVlGVTdDbFRWQmJxcjZldUdWSTB0VTQ?oc=5,,False,본문 수집 제한 개수를 초과했습니다.,False,,2026-09-13 09:20:50
국내,의류,의류,의류,경찰 제복 10년 만에 교체…의류로 '재탄생' - yna.co.kr,https://news.google.com/rss/articles/CBMiYEFVX3lxTE5kYkV0T2hqTk50aTRNNkw4bW52dHNXaVBpX2hMVUlrM1UwY3JScWR4MjRmdWtvZ3Izc3czNHg0OGtBUFVZdVVRSllwY2E4am5NQk5KS3NCYWpyR2h5T29IUNIBYEFVX3lxTE5kYkV0T2hqTk50aTRNNkw4bW52dHNXaVBpX2hMVUlrM1UwY3JScWR4MjRmdWtvZ3Izc3czNHg0OGtBUFVZdVVRSllwY2E4am5NQk5KS3NCYWpyR2h5T29IUA?oc=5,"Wed, 09 Sep 2026 20:18:04 GMT",yna.co.kr,패션/의류,https://news.google.com/rss/articles/CBMiYEFVX3lxTE5kYkV0T2hqTk50aTRNNkw4bW52dHNXaVBpX2hMVUlrM1UwY3JScWR4MjRmdWtvZ3Izc3czNHg0OGtBUFVZdVVRSllwY2E4am5NQk5KS3NCYWpyR2h5T29IUNIBYEFVX3lxTE5kYkV0T2hqTk50aTRNNkw4bW52dHNXaVBpX2hMVUlrM1UwY3JScWR4MjRmdWtvZ3Izc3czNHg0OGtBUFVZdVVRSllwY2E4am5NQk5KS3NCYWpyR2h5T29IUA?oc=5,,False,본문 수집 제한 개수를 초과했습니다.,False,,2026-09-13 09:20:50
국내,소비 회복,소비 회복,소비 회복,기술료·판가 인상·소비 회복…실적주 투자 기회 4배까지 살리려면 - 아시아경제,https://news.google.com/rss/articles/CBMiYEFVX3lxTE11bFpYc2doZ1ZvOU9wXzd4alRFeVhDazNzWXI0T1RJM3NMQ2hIelZkdUN0b0lTcHI2YVNBVEVLcEhaYVhNNHhHNmRzZlVQdHNrRjFMOFhvZXc4OXZIY0JIUw?oc=5,"Wed, 09 Sep 2026 04:32:00 GMT",아시아경제,패션/의류,https://news.google.com/rss/articles/CBMiYEFVX3lxTE11bFpYc2doZ1ZvOU9wXzd4alRFeVhDazNzWXI0T1RJM3NMQ2hIelZkdUN0b0lTcHI2YVNBVEVLcEhaYVhNNHhHNmRzZlVQdHNrRjFMOFhvZXc4OXZIY0JIUw?oc=5,,False,본문 수집 제한 개수를 초과했습니다.,False,,2026-09-13 09:20:50
국내,소비 회복,소비 회복,소비 회복,반도체 수출 호조에 소비 회복까지…2분기 GDP 0.6% 성장 - 산경투데이,https://news.google.com/rss/articles/CBMicEFVX3lxTE96TFR1Nk9ZQjlEVG5RcFZxelhaYV9mSl9tQUtGRi1HZzVDeXJYbTRNZXBiemRHTFVjYXRLQmphNGNzZFBEcnhJZGFJRGUzNXZtbnlXbm1xYTBhc0ZFY1A1U0gxUWdrNTAxdGNMUlBtUWHSAXRBVV95cUxPWHhYNVRscmJZVXpUZHBDQm9LMWMtRWpuX2dTUkJ3cjFpeGY1ckVyMTBFN1ZWVXcydC1hN1hrdjRZblBsR09HTnZtSDZKMVNDdkF3Q3hoVnp1Q0RUdzNxcTUtR0p4aWlSdFVSMWRxLU5qNy1CcQ?oc=5,"Tue, 08 Sep 2026 00:40:38 GMT",산경투데이,패션/의류,https://news.google.com/rss/articles/CBMicEFVX3lxTE96TFR1Nk9ZQjlEVG5RcFZxelhaYV9mSl9tQUtGRi1HZzVDeXJYbTRNZXBiemRHTFVjYXRLQmphNGNzZFBEcnhJZGFJRGUzNXZtbnlXbm1xYTBhc0ZFY1A1U0gxUWdrNTAxdGNMUlBtUWHSAXRBVV95cUxPWHhYNVRscmJZVXpUZHBDQm9LMWMtRWpuX2dTUkJ3cjFpeGY1ckVyMTBFN1ZWVXcydC1hN1hrdjRZblBsR09HTnZtSDZKMVNDdkF3Q3hoVnp1Q0RUdzNxcTUtR0p4aWlSdFVSMWRxLU5qNy1CcQ?oc=5,,False,본문 수집 제한 개수를 초과했습니다.,False,,2026-09-13 09:20:50
미국,해외 매출,해외 매출,해외 매출 stock market earnings investment,Earnings call transcript: Samsung Fire & Marine posts record H1 2026 profit - Investing.com,https://news.google.com/rss/articles/CBMiyAFBVV95cUxQWmNFYTJCMzRrcHRnYTE2bEEweGszYzlldUhnNU45bGhtMFcyUENkRTZnWWZDT080akRkZnNJMlVDaHV4X0xERUpsdHZzZkNra2hpam5iOUtFZG1UQkJyakdIYXFGZzN6U1NrVk5NUF9PUkdYRmZ2WF9jTEUtb3J2cWoxMXlGX1RabWlab0Z2MEF3cnJZT0t5bzAtcXcxTEFka3RzQUVnUEtoT3dQR0tWZlphVXk4TDZaMl9nbTBYN2RyeGNiNEJVdQ?oc=5,"Thu, 13 Aug 2026 07:00:00 GMT",Investing.com,패션/의류,https://news.google.com/rss/articles/CBMiyAFBVV95cUxQWmNFYTJCMzRrcHRnYTE2bEEweGszYzlldUhnNU45bGhtMFcyUENkRTZnWWZDT080akRkZnNJMlVDaHV4X0xERUpsdHZzZkNra2hpam5iOUtFZG1UQkJyakdIYXFGZzN6U1NrVk5NUF9PUkdYRmZ2WF9jTEUtb3J2cWoxMXlGX1RabWlab0Z2MEF3cnJZT0t5bzAtcXcxTEFka3RzQUVnUEtoT3dQR0tWZlphVXk4TDZaMl9nbTBYN2RyeGNiNEJVdQ?oc=5,,False,403 Client Error: Forbidden for url: https://www.investing.com/news/transcripts/earnings-call-transcript-samsung-fire--marine-posts-record-h1-2026-profit-93CH-4859007,True,,2026-09-13 09:20:50
미국,브랜드,브랜드,브랜드 stock market earnings investment,Earnings call transcript: Installed Building Products tops Q2 2026 estimates - Investing.com,https://news.google.com/rss/articles/CBMiywFBVV95cUxOOHhjVk1BOElfMUdfYk5LN2tnQ0lqemdOM2thdVZ1dlppNWRSamk5cXIxSG91bkNFSnA5aHljRm95UDc4QzdxYWhTYV9WbzJwRFI4VEF4Zk12S1lWdkJSVXdxY08tdUo0NHV0a3c3VThaYzZkZ2pZSkg1bmU5QkhncjdISExBdGpBcjVvNnozVHFfUWZ6d2xrRTZvN2w3U2U3c3ZTUk50T1U2VEpWelZ0SFlxRE44QlhXOC1XVWtCRV9RTEcxRlZhb2tPUQ?oc=5,"Thu, 06 Aug 2026 07:00:00 GMT",Investing.com,패션/의류,https://news.google.com/rss/articles/CBMiywFBVV95cUxOOHhjVk1BOElfMUdfYk5LN2tnQ0lqemdOM2thdVZ1dlppNWRSamk5cXIxSG91bkNFSnA5aHljRm95UDc4QzdxYWhTYV9WbzJwRFI4VEF4Zk12S1lWdkJSVXdxY08tdUo0NHV0a3c3VThaYzZkZ2pZSkg1bmU5QkhncjdISExBdGpBcjVvNnozVHFfUWZ6d2xrRTZvN2w3U2U3c3ZTUk50T1U2VEpWelZ0SFlxRE44QlhXOC1XVWtCRV9RTEcxRlZhb2tPUQ?oc=5,,False,403 Client Error: Forbidden for url: https://www.investing.com/news/transcripts/earnings-call-transcript-installed-building-products-tops-q2-2026-estimates-93CH-4843195,True,,2026-09-13 09:20:50
미국,해외 매출,해외 매출,해외 매출 stock market earnings investment,Earnings call transcript: Netmarble posts modest Q2 2026 revenue beat as stock falls - Investing.com,https://news.google.com/rss/articles/CBMi1gFBVV95cUxQMEZ2Nk1Bb1pvYktHQ0oxWTN6ZWJlVGVyZV82bVI5OWRnQV8xdWI2UF9kRW5HUWdtbWMxLUR5VGhNVVJ0ZktHeE1DOVpVd0xPQUhZR1RwR2ZuWmVmSURUQ1hmR0JkSC1ZM1pGb2JOc3BRQ2ZzWlFjMkRJbWtmc05HMjRURm5hLXluQV9fcDFGcGpUdzZ6MnpwLUI4UGVyVl9rLVZYa3pqc3gtS3laUGoycE45aE5aTkxhWVBjN0JGVTBVMEVGdDhWN2NoWVdxS2tNa0pBNDRB?oc=5,"Wed, 05 Aug 2026 07:00:00 GMT",Investing.com,패션/의류,https://news.google.com/rss/articles/CBMi1gFBVV95cUxQMEZ2Nk1Bb1pvYktHQ0oxWTN6ZWJlVGVyZV82bVI5OWRnQV8xdWI2UF9kRW5HUWdtbWMxLUR5VGhNVVJ0ZktHeE1DOVpVd0xPQUhZR1RwR2ZuWmVmSURUQ1hmR0JkSC1ZM1pGb2JOc3BRQ2ZzWlFjMkRJbWtmc05HMjRURm5hLXluQV9fcDFGcGpUdzZ6MnpwLUI4UGVyVl9rLVZYa3pqc3gtS3laUGoycE45aE5aTkxhWVBjN0JGVTBVMEVGdDhWN2NoWVdxS2tNa0pBNDRB?oc=5,,False,403 Client Error: Forbidden for url: https://www.investing.com/news/transcripts/earnings-call-transcript-netmarble-posts-modest-q2-2026-revenue-beat-as-stock-falls-93CH-4836541,True,,2026-09-13 09:20:50
미국,의류,의류,의류 stock market earnings investment,7 Best Apparel Stocks for 2026 and How to Invest - The Motley Fool,https://news.google.com/rss/articles/CBMingFBVV95cUxNOWRySk96bVNIanlYQmxoSFYxR0NVbzc5TDhJRnU1RG4tc3lsODd5RHVzb2JMb1hxRjB2bVVDRzIxNFYwT2t0aGk5Tm0xOWNpVjgybk9GSzQyZXRCUzRqazJncHJxOENoSmx1QTZyVGJ6Y1dzbHNNVTVGcGtoZzNsUzZUMjJTOGFMZl9MTU1pV2JUQ3JOdDdVcVlLc2Zwdw?oc=5,"Sun, 02 Aug 2026 07:00:00 GMT",The Motley Fool,패션/의류,https://www.fool.com/investing/stock-market/market-sectors/consumer-discretionary/apparel-stocks/,www.fool.com,True,,True,,2026-09-13 09:20:50
미국,해외 매출,해외 매출,해외 매출 stock market earnings investment,Domino's Pizza Announces Second Quarter 2026 Financial Results - Domino's Pizza,https://news.google.com/rss/articles/CBMiuwFBVV95cUxQNUhscTRwNWtOUXU3NUJ4akJOaXhEbnZQNWhkaU9ETVh2bGJObVVfX0ZnZTVBY0FSSUlDcEhPeTRqMmRFSGNlQnFWdjBvd2dLN3pCX3JhME9RS3U5Z2dfQ0ZRbTVyUUw0UEl3YUJHNF9JSFN2OXRHNUQ2VGF2bUs1RUNOZnpzSFFXNTR5aHRkRzlMQlprOTRYcU1qR25Jc05XcUVBOExhbWpOREhZN3BXeXRPTmt3ZTN5Y0Rr?oc=5,"Mon, 20 Jul 2026 07:00:00 GMT",Domino's Pizza,패션/의류,https://news.google.com/rss/articles/CBMiuwFBVV95cUxQNUhscTRwNWtOUXU3NUJ4akJOaXhEbnZQNWhkaU9ETVh2bGJObVVfX0ZnZTVBY0FSSUlDcEhPeTRqMmRFSGNlQnFWdjBvd2dLN3pCX3JhME9RS3U5Z2dfQ0ZRbTVyUUw0UEl3YUJHNF9JSFN2OXRHNUQ2VGF2bUs1RUNOZnpzSFFXNTR5aHRkRzlMQlprOTRYcU1qR25Jc05XcUVBOExhbWpOREhZN3BXeXRPTmt3ZTN5Y0Rr?oc=5,,False,본문 수집 제한 개수를 초과했습니다.,False,,2026-09-13 09:20:50
미국,브랜드,브랜드,브랜드 stock market earnings investment,"PVH Corp.: Better Brand Execution, But The Earnings Bridge Is Still Messy (NYSE:PVH) - Seeking Alpha",https://news.google.com/rss/articles/CBMiowFBVV95cUxQZ0RMdHl0Rzg1cGtkV245N1ZIQUFIbEVXN1QtbHF5WDVmbVZmbDNkVjladUZyaEl5MVdRUDhkMGtRaDlLRWhzWXkzenk3cXR4V2pJb1d0aVowejhVR3FVd0JTcFpydHdBaFY3c0VSRW01MzM1ZjVkMTV5VmFhcU5GaGtjUndFRVdzRGxZMTlZbVdJSUFadmFNSFB6WGVLaDViMmc0?oc=5,"Mon, 06 Jul 2026 07:00:00 GMT",Seeking Alpha,패션/의류,https://news.google.com/rss/articles/CBMiowFBVV95cUxQZ0RMdHl0Rzg1cGtkV245N1ZIQUFIbEVXN1QtbHF5WDVmbVZmbDNkVjladUZyaEl5MVdRUDhkMGtRaDlLRWhzWXkzenk3cXR4V2pJb1d0aVowejhVR3FVd0JTcFpydHdBaFY3c0VSRW01MzM1ZjVkMTV5VmFhcU5GaGtjUndFRVdzRGxZMTlZbVdJSUFadmFNSFB6WGVLaDViMmc0?oc=5,,False,본문 수집 제한 개수를 초과했습니다.,False,,2026-09-13 09:20:50
미국,해외 매출,해외 매출,해외 매출 stock market earnings investment,SpaceX’s nearly $3 trillion rally comes with one big catch: Chart of the Day - Yahoo Finance,https://news.google.com/rss/articles/CBMixwFBVV95cUxOZ1NNQmNmenhyZ2VZU3BEUktiaVhfQUVULXRrbXVLTVdqSkxoT3Fqc0d0YXlPbi1sTThMZjZxZVd4bGJQWmlPV0EwYnAzRld2NFVxUjd0MG1tU2ZQcjdjVUZ6OV9DQjhDMVRoZm94bjN1TmtaSldTM1hGVlp1TTRRZHpJR054VzRSc2VEQXRMc2V5VU1ia1Z0VlAxSUhtMWJ4M0hMTlp3LXBmc2czYmthRFR2Z3ZuQ1YtblRPQzJISWZoV3ZfY3VN?oc=5,"Wed, 17 Jun 2026 07:00:00 GMT",Yahoo Finance,패션/의류,https://news.google.com/rss/articles/CBMixwFBVV95cUxOZ1NNQmNmenhyZ2VZU3BEUktiaVhfQUVULXRrbXVLTVdqSkxoT3Fqc0d0YXlPbi1sTThMZjZxZVd4bGJQWmlPV0EwYnAzRld2NFVxUjd0MG1tU2ZQcjdjVUZ6OV9DQjhDMVRoZm94bjN1TmtaSldTM1hGVlp1TTRRZHpJR054VzRSc2VEQXRMc2V5VU1ia1Z0VlAxSUhtMWJ4M0hMTlp3LXBmc2czYmthRFR2Z3ZuQ1YtblRPQzJISWZoV3ZfY3VN?oc=5,,False,본문 수집 제한 개수를 초과했습니다.,False,,2026-09-13 09:20:50
미국,해외 매출,해외 매출,해외 매출 stock market earnings investment,"Kospi Index Slumps Over 6% at One Point, Samsung Electronics Falls Over 7%, SK Hynix Drops More Than 9%, AI Bubble Fears Partially Erupt - TradingKey",https://news.google.com/rss/articles/CBMi-gFBVV95cUxNZ1E3aUxlZ2U0WDE1N2dBM0hiaVFpMzBQYVE0eGt1N3o0aW0tRmhZNzVKYkZaVWdicElJekxMTGdmRWlTTFJTRE82WXVXZ2pwbndDQTYtbVlyS3c0VFNxQzVWZXhYN0d1NFppbHpLWHNab2t4QU9aZUh4V29mbWxaTjc1cElzTXZNblN6Q3d6LU9QMDdJdElGaTRnZEMwS1pia1NIMVA3WU96WnJuRGFmaEpZMWRvRGRaZEJ4djUzbjgwYVZ0NXVuQkk4enBMVUFNcGxkYWpSeFN2SzNLTTJ6YW90WkViS24zTDRlN1pMUXdFQW5kaldXeUFn?oc=5,"Thu, 04 Jun 2026 07:00:00 GMT",TradingKey,패션/의류,https://news.google.com/rss/articles/CBMi-gFBVV95cUxNZ1E3aUxlZ2U0WDE1N2dBM0hiaVFpMzBQYVE0eGt1N3o0aW0tRmhZNzVKYkZaVWdicElJekxMTGdmRWlTTFJTRE82WXVXZ2pwbndDQTYtbVlyS3c0VFNxQzVWZXhYN0d1NFppbHpLWHNab2t4QU9aZUh4V29mbWxaTjc1cElzTXZNblN6Q3d6LU9QMDdJdElGaTRnZEMwS1pia1NIMVA3WU96WnJuRGFmaEpZMWRvRGRaZEJ4djUzbjgwYVZ0NXVuQkk4enBMVUFNcGxkYWpSeFN2SzNLTTJ6YW90WkViS24zTDRlN1pMUXdFQW5kaldXeUFn?oc=5,,False,본문 수집 제한 개수를 초과했습니다.,False,,2026-09-13 09:20:50
미국,의류,의류,의류 stock market earnings investment,NKE Stock Slips Below 50-Day SMA: A Warning Sign for Investors? - Yahoo Finance,https://news.google.com/rss/articles/CBMikwFBVV95cUxQMjZOWjRNY0VsU0FGMjRLQXFoaktxeVVLSm5JVHZrQ29ZVVVBdWhDUnZpV3Fsc0p2QVM5WXNZU2Y1Qnl5VC0taUVJT3NIYjIzcF8zeHJnSlRmTkxyYXhFRFFaQjc3aUQwQ0d6QktKNnN3cmgzQzk2dnAyYU9LWnFPYkIxT211Zk9pV3otLVdHeUg4TFU?oc=5,"Wed, 03 Jun 2026 07:00:00 GMT",Yahoo Finance,패션/의류,https://news.google.com/rss/articles/CBMikwFBVV95cUxQMjZOWjRNY0VsU0FGMjRLQXFoaktxeVVLSm5JVHZrQ29ZVVVBdWhDUnZpV3Fsc0p2QVM5WXNZU2Y1Qnl5VC0taUVJT3NIYjIzcF8zeHJnSlRmTkxyYXhFRFFaQjc3aUQwQ0d6QktKNnN3cmgzQzk2dnAyYU9LWnFPYkIxT211Zk9pV3otLVdHeUg4TFU?oc=5,,False,본문 수집 제한 개수를 초과했습니다.,False,,2026-09-13 09:20:50
미국,브랜드,브랜드,브랜드 stock market earnings investment,"L’Oréal fragrance and hair boost Q1 growth, outpacing global beauty market. - Personal Care Insights",https://news.google.com/rss/articles/CBMidkFVX3lxTE9ORVYtY21zam1qcjBKcGQ2OFd1andZeXh5R0Y0ekJ1OUR3XzB4cHkxNmp3alloYlgzSWxmUkdjZjVjRDJuYk9EREI0QXQxUHdTRnpsdXo1UzdmUWVqOTdsenlIYWFNQ0lfZ19CYkNVLVpRSVdZOGc?oc=5,"Thu, 23 Apr 2026 07:00:00 GMT",Personal Care Insights,패션/의류,https://news.google.com/rss/articles/CBMidkFVX3lxTE9ORVYtY21zam1qcjBKcGQ2OFd1andZeXh5R0Y0ekJ1OUR3XzB4cHkxNmp3alloYlgzSWxmUkdjZjVjRDJuYk9EREI0QXQxUHdTRnpsdXo1UzdmUWVqOTdsenlIYWFNQ0lfZ19CYkNVLVpRSVdZOGc?oc=5,,False,본문 수집 제한 개수를 초과했습니다.,False,,2026-09-13 09:20:50
미국,브랜드,브랜드,브랜드 stock market earnings investment,Top Wide-Moat Stocks to Buy for Long-Term Wealth and Stability - Yahoo Finance,https://news.google.com/rss/articles/CBMikwFBVV95cUxQd19lM0Y0MWhJOGhUQUU5aHgwWDJSMkRaWjI5WDliZVEyT3c2R3RmMFVSclFrdzFjVHFzM1pqNEpnR28zN3ltQjlBQnJkNzdBQmx3c3hBR1dJWG80RENBOEJCcUNNN3JDSUtpcllXWVcxWHRjcnAzeVI0M3prY004bVRUbm1GcXEwU0s5WHRVVXN0Q3M?oc=5,"Tue, 14 Apr 2026 07:00:00 GMT",Yahoo Finance,패션/의류,https://news.google.com/rss/articles/CBMikwFBVV95cUxQd19lM0Y0MWhJOGhUQUU5aHgwWDJSMkRaWjI5WDliZVEyT3c2R3RmMFVSclFrdzFjVHFzM1pqNEpnR28zN3ltQjlBQnJkNzdBQmx3c3hBR1dJWG80RENBOEJCcUNNN3JDSUtpcllXWVcxWHRjcnAzeVI0M3prY004bVRUbm1GcXEwU0s5WHRVVXN0Q3M?oc=5,,False,본문 수집 제한 개수를 초과했습니다.,False,,2026-09-13 09:20:50
미국,브랜드,브랜드,브랜드 stock market earnings investment,"Down 47% In Last 12 Months, Can PayPal Stock Recover in 2026? - TIKR.com",https://news.google.com/rss/articles/CBMisAFBVV95cUxNa3pHRVYxRnJDUGxrZGxDV2tPWEpxcGhmMXp1TnBiWVRoRmpIQzBOS3N5RlFIZE5mazM4Rmh4NWVDcjYxMXVKdjk0aWhwYU5nbFZSU2VBSmc5S1BLMER3WDV1Ri1EMmtUWi1ieGZ6Rll5cFRoRHhYZHBjUS1XcTdrTHR6WnlVbmtMUHdMNXVrRHh2Nk92czVHc2lvOHZCLWViTVhYZ0FsNUFlaHlOTnZoZg?oc=5,"Thu, 12 Feb 2026 08:00:00 GMT",TIKR.com,패션/의류,https://news.google.com/rss/articles/CBMisAFBVV95cUxNa3pHRVYxRnJDUGxrZGxDV2tPWEpxcGhmMXp1TnBiWVRoRmpIQzBOS3N5RlFIZE5mazM4Rmh4NWVDcjYxMXVKdjk0aWhwYU5nbFZSU2VBSmc5S1BLMER3WDV1Ri1EMmtUWi1ieGZ6Rll5cFRoRHhYZHBjUS1XcTdrTHR6WnlVbmtMUHdMNXVrRHh2Nk92czVHc2lvOHZCLWViTVhYZ0FsNUFlaHlOTnZoZg?oc=5,,False,본문 수집 제한 개수를 초과했습니다.,False,,2026-09-13 09:20:50
미국,패션,패션,패션 stock market earnings investment,Rent the Runway shares surge after fashion rental company reports stronger quarterly sales - CNBC,https://news.google.com/rss/articles/CBMifkFVX3lxTE1VTHhvVHU2aFpELVF5YTMzVGt3Zkp1M2p4a2wxYlV6eVEyTGpMcjRjSm1aeE9tb2hCYk5QN0FwVTg4dHh4TU5kdHVoRzd0Umozd0dfajdIRXFfTUFRdktNOEVIcFltWlNiN3ZtSkVVQzBNeDNGRGZBLVd1ei1Sd9IBgwFBVV95cUxQMW1aOG8tRHEzcE5UTkhSS3VCb1BsamhmUWVIZVBlcWVfS2RETWVFSmotTmxsV2pHbHZKWlVZazRvM21sS281XzBDdmdrTVFRTDJ3REdFajh1R3lReXVHc1pFNk9BYXBuVnhwdWxwc2hOV25GYWM5Rk1HQjhMMDhUYTUxUQ?oc=5,"Wed, 07 Dec 2022 08:00:00 GMT",CNBC,패션/의류,https://news.google.com/rss/articles/CBMifkFVX3lxTE1VTHhvVHU2aFpELVF5YTMzVGt3Zkp1M2p4a2wxYlV6eVEyTGpMcjRjSm1aeE9tb2hCYk5QN0FwVTg4dHh4TU5kdHVoRzd0Umozd0dfajdIRXFfTUFRdktNOEVIcFltWlNiN3ZtSkVVQzBNeDNGRGZBLVd1ei1Sd9IBgwFBVV95cUxQMW1aOG8tRHEzcE5UTkhSS3VCb1BsamhmUWVIZVBlcWVfS2RETWVFSmotTmxsV2pHbHZKWlVZazRvM21sS281XzBDdmdrTVFRTDJ3REdFajh1R3lReXVHc1pFNk9BYXBuVnhwdWxwc2hOV25GYWM5Rk1HQjhMMDhUYTUxUQ?oc=5,,False,본문 수집 제한 개수를 초과했습니다.,False,,2026-09-13 09:20:50
일본,해외 매출,해외 매출,해외 매출 日本 株式市場 企業,"클래시스, 요시카와 타다시를 일본 법인장 선임 - 벤처스퀘어",https://news.google.com/rss/articles/CBMiTkFVX3lxTE9FMmh2T1R4WktpQWNobElaVG5YZjI0N1hXT050VzUzU3FhcjNaNE5ELTBRQkVaVms1bXlXaWhjX1J6M1E3LWE1elcyWVBWZw?oc=5,"Tue, 06 Jan 2026 23:19:19 GMT",벤처스퀘어,패션/의류,https://www.venturesquare.net/959734/,www.venturesquare.net,True,,True,,2026-09-13 09:20:50
일본,패션,패션,패션 日本 株式市場 企業,"패션테크기업 커버써먼, 중국·일본·대만 등 아시아 시장 진출 본격화 - 벤처스퀘어",https://news.google.com/rss/articles/CBMiTkFVX3lxTFByWmlqZXBkUGdBX2tXUG42TlRqSmlaOE1Fb1lDRTU5a2NWX3U5YS1hYzZGalJXc2VMbktTMmFfbmhoRVBMUU5PVDR5OWJidw?oc=5,"Tue, 06 Jan 2026 14:33:14 GMT",벤처스퀘어,패션/의류,https://www.venturesquare.net/966575/,www.venturesquare.net,True,,True,,2026-09-13 09:20:50
일본,패션,패션,패션 日本 株式市場 企業,中国株式市場、時価総額で日本超える - 조선일보,https://news.google.com/rss/articles/CBMie0FVX3lxTE9kQ2RwWFdodGFBaGNleXc1LXYxWVJ4ZGVMZkQtX2tmSzlueXdTdjFoM05sdjRwWTZJMU9RSXhsOGRMbnJRM3FuSFYtT0ROZXRNeWlSU28xSnZ2Q3ViRzQ0dGRPV0dpdW12NHlEdGJicWlhWWJiMmQ0d1ZBUQ?oc=5,"Fri, 31 Aug 2007 07:00:00 GMT",조선일보,패션/의류,https://www.chosun.com/site/data/html_dir/2007/08/31/2007083163009.html,www.chosun.com,False,본문을 추출하지 못했습니다.,True,,2026-09-13 09:20:50
국내,AI 서비스,AI 서비스,AI 서비스,KT '모두의 AI' 승부수…6천만 서비스에 AI 심는다 - v.daum.net,https://news.google.com/rss/articles/CBMiT0FVX3lxTE9PZHpOZXQtS3diT29sM2hicjh3NEQzZ0hhZWpoZ1V6SnVCSUducXc5WXpLVnJTZVFvSEYySTJfWWVyR2NpSEVrelpXN2cxUFU?oc=5,"Sun, 13 Sep 2026 00:02:00 GMT",v.daum.net,플랫폼/인터넷,https://v.daum.net/v/20260913090210794,v.daum.net,True,,True,,2026-09-13 09:21:31
국내,AI 서비스,AI 서비스,AI 서비스,"검색부터 구매·예약까지 한 번에…KT, 모두의 AI 서비스 전략 공개 - dt.co.kr",https://news.google.com/rss/articles/CBMiTkFVX3lxTE1UWDV2ODlCOXIxVWJPMThTeDFoS1MyLXJoZzFGN0NhZ01DSzJmOGZQeXBHRGlNb1RRN0tNQVNMNTZHMmtDeWZpSS0tT1htZw?oc=5,"Sun, 13 Sep 2026 00:00:00 GMT",dt.co.kr,플랫폼/인터넷,https://www.dt.co.kr/article/12083522,www.dt.co.kr,True,,True,,2026-09-13 09:21:31
국내,인터넷,인터넷,인터넷,"아모데이 “AI 에이전트 무리, 6~12개월 내 인터넷 전체 장악 가능” 경고 - wikitree.co.kr",https://news.google.com/rss/articles/CBMiVkFVX3lxTFBHM0FfUF9RX21sWVdoOXRjY0JqWEVMMHFpR2hCSkdxbUhHWHdpRWhCZ3c5d3RuQzF5SUhMQ2hVVzFRVWM4V1JyTks0NUtDaG5KZ1pDRGJR?oc=5,"Sat, 12 Sep 2026 22:05:00 GMT",wikitree.co.kr,플랫폼/인터넷,https://www.wikitree.co.kr/articles/1159112,www.wikitree.co.kr,True,,True,,2026-09-13 09:21:31
국내,커머스,커머스,커머스,에이전트 커머스: 이번엔 결제 업계가 승자될까? - kr.investing.com,https://news.google.com/rss/articles/CBMicEFVX3lxTE1zak5kYXFnYkJXS2NoZU9SM19BWlVuTjNfV0JaZ2llR2RCb3FjMjBEaENUdk5WSlZURzU1X1N3V3YyWlJMRk45YW0yc1c1Y2xpRnBpQzI0ZVh5VV9VaERGcU9hZHp1dEcwTEhFMjBJX2I?oc=5,"Sat, 12 Sep 2026 21:03:00 GMT",kr.investing.com,플랫폼/인터넷,https://news.google.com/rss/articles/CBMicEFVX3lxTE1zak5kYXFnYkJXS2NoZU9SM19BWlVuTjNfV0JaZ2llR2RCb3FjMjBEaENUdk5WSlZURzU1X1N3V3YyWlJMRk45YW0yc1c1Y2xpRnBpQzI0ZVh5VV9VaERGcU9hZHp1dEcwTEhFMjBJX2I?oc=5,,False,403 Client Error: Forbidden for url: https://kr.investing.com/news/stock-market-news/article-2092496,True,,2026-09-13 09:21:31
국내,플랫폼,플랫폼,플랫폼,"""청년정책 통합 플랫폼 '온통청년', 지난해 방문자 반토막"" - 파이낸셜뉴스",https://news.google.com/rss/articles/CBMiWkFVX3lxTE9KZXNqVWlTSjR5eDh6RkRtdEYxNXZnZURpaF9LaGVTOUtpZWo4VmZ5OWtieGxpVGFWWEEyMG45MjFCRTFqbzV3RFlvcVZQVEtEZ3F3QXUyS01tdw?oc=5,"Sat, 12 Sep 2026 21:01:22 GMT",파이낸셜뉴스,플랫폼/인터넷,https://news.google.com/rss/articles/CBMiWkFVX3lxTE9KZXNqVWlTSjR5eDh6RkRtdEYxNXZnZURpaF9LaGVTOUtpZWo4VmZ5OWtieGxpVGFWWEEyMG45MjFCRTFqbzV3RFlvcVZQVEtEZ3F3QXUyS01tdw?oc=5,,False,본문 수집 제한 개수를 초과했습니다.,False,,2026-09-13 09:21:31
국내,인터넷,인터넷,인터넷,"대한항공·아시아나, 15일부터 ‘스타링크’ 기내 와이파이 무료 제공 - v.daum.net",https://news.google.com/rss/articles/CBMiT0FVX3lxTE5kYU1yUnRXX0pDc0F0N3RsUDJTRnpHTTdTa1pqdW95dFlEZEZ2MXkxOWllVHF0SVZfdmUxUHRXQURfbDdvVS13T3J0Y0FyMUE?oc=5,"Sat, 12 Sep 2026 20:58:13 GMT",v.daum.net,플랫폼/인터넷,https://news.google.com/rss/articles/CBMiT0FVX3lxTE5kYU1yUnRXX0pDc0F0N3RsUDJTRnpHTTdTa1pqdW95dFlEZEZ2MXkxOWllVHF0SVZfdmUxUHRXQURfbDdvVS13T3J0Y0FyMUE?oc=5,,False,본문 수집 제한 개수를 초과했습니다.,False,,2026-09-13 09:21:31
국내,인터넷,인터넷,인터넷,"처음부터 알아둘 결과의 불확실성, 인터넷 무료 게임 - Calgary Roughnecks",https://news.google.com/rss/articles/CBMi3AFBVV95cUxNbjFzOGU3T2R5RDFoSTkyNkxUX2t2VTRwdUxtalBBZjE1eFJtRmlfVnVUVkdFdHFqNm04c2tETU0yNkYzMG5SYmttaGZ0RXJXX2FHVmd2TG5zbnQ5NldiSHVLTGFfcENCZEUyUDh3X3o0Y3o0eEg1RVF1TmFkcE9wWmpUcnNPekFNZXNnYTZqS19WX2hsYXU4cXJibnVYYVVEZUFFbkluNXNtaXFlc2JzWGRjVGNaTXFtaXMwc1JCMVE1TklSSzFocHQ1b21pcEY1bm1uN3JST2NnUEJy?oc=5,"Sat, 12 Sep 2026 15:03:04 GMT",Calgary Roughnecks,플랫폼/인터넷,https://news.google.com/rss/articles/CBMi3AFBVV95cUxNbjFzOGU3T2R5RDFoSTkyNkxUX2t2VTRwdUxtalBBZjE1eFJtRmlfVnVUVkdFdHFqNm04c2tETU0yNkYzMG5SYmttaGZ0RXJXX2FHVmd2TG5zbnQ5NldiSHVLTGFfcENCZEUyUDh3X3o0Y3o0eEg1RVF1TmFkcE9wWmpUcnNPekFNZXNnYTZqS19WX2hsYXU4cXJibnVYYVVEZUFFbkluNXNtaXFlc2JzWGRjVGNaTXFtaXMwc1JCMVE1TklSSzFocHQ1b21pcEY1bm1uN3JST2NnUEJy?oc=5,,False,본문 수집 제한 개수를 초과했습니다.,False,,2026-09-13 09:21:31
국내,인터넷,인터넷,인터넷,로또 1241회 1등 당첨명당 공개…인터넷 복권 사이트서 5명 대박 - 경기일보,https://news.google.com/rss/articles/CBMiW0FVX3lxTE5nVWRNeHAzVm1xcGNidkN0c3JXeEs1S3dlaWFsTXdaOEJYMXgwZ2t5alcwZWNKZ0tlRkpzX3JEUklRelA4aHFKVHhQNGRfYVJWOVVNcVdYeWxKT0E?oc=5,"Sat, 12 Sep 2026 11:49:36 GMT",경기일보,플랫폼/인터넷,https://news.google.com/rss/articles/CBMiW0FVX3lxTE5nVWRNeHAzVm1xcGNidkN0c3JXeEs1S3dlaWFsTXdaOEJYMXgwZ2t5alcwZWNKZ0tlRkpzX3JEUklRelA4aHFKVHhQNGRfYVJWOVVNcVdYeWxKT0E?oc=5,,False,본문 수집 제한 개수를 초과했습니다.,False,,2026-09-13 09:21:31
국내,광고 매출,광고 매출,광고 매출,"“광고발 아닌 ‘매출 1억’ 직영점으로 증명했다”… 곰탕·도가니 전문 ‘동남집’, 불황 뚫는 맞춤형 창업 모델 대공개 - 얼리어답터뉴스",https://news.google.com/rss/articles/CBMiSkFVX3lxTE8xam1jVHdJV3A3Z1d4bGNIbl80S211TVJTeFVUb2hpU25MSXc1dDlsSExib2RNckFQM2NLOU01bS1UUFlsWVhjNDV3?oc=5,"Sat, 12 Sep 2026 07:05:42 GMT",얼리어답터뉴스,플랫폼/인터넷,https://news.google.com/rss/articles/CBMiSkFVX3lxTE8xam1jVHdJV3A3Z1d4bGNIbl80S211TVJTeFVUb2hpU25MSXc1dDlsSExib2RNckFQM2NLOU01bS1UUFlsWVhjNDV3?oc=5,,False,본문 수집 제한 개수를 초과했습니다.,False,,2026-09-13 09:21:31
국내,플랫폼,플랫폼,플랫폼,"로사톰, 중국산 대신 '러시아산 전기차' 승부…복합소재 자체 플랫폼 띄운다 - 더구루",https://news.google.com/rss/articles/CBMiY0FVX3lxTE1vMkRnNmZrLXZacFVwcXZ4bzRKZ08yZG42UGJ6Um5DWVh0M015NWlkMWZQZG9tbGtHZnhWYnV0VmdVSWpyUXROWEhwZThoM21odE5zcjVnUWN4Vi0wMnpXanRWMA?oc=5,"Sat, 12 Sep 2026 01:15:52 GMT",더구루,플랫폼/인터넷,https://news.google.com/rss/articles/CBMiY0FVX3lxTE1vMkRnNmZrLXZacFVwcXZ4bzRKZ08yZG42UGJ6Um5DWVh0M015NWlkMWZQZG9tbGtHZnhWYnV0VmdVSWpyUXROWEhwZThoM21odE5zcjVnUWN4Vi0wMnpXanRWMA?oc=5,,False,본문 수집 제한 개수를 초과했습니다.,False,,2026-09-13 09:21:31
국내,광고 매출,광고 매출,광고 매출,[GAM]애크만 4년 전 쓴맛 본 넷플릭스 매입 ① 광고-스트리밍 압도적 승자 - newspim.com,https://news.google.com/rss/articles/CBMiXEFVX3lxTFBUNFNKMVNSbWtzcTdRYm84SzlGVVhoRjFHalVSRFZBM0NsS1pPdWFDaTFDeHh2MUpNNnVHM2xDQ1hKcmxwUG9nRHdOc2oyX1hQcm5zazF5alNtOEtV?oc=5,"Fri, 11 Sep 2026 23:00:00 GMT",newspim.com,플랫폼/인터넷,https://news.google.com/rss/articles/CBMiXEFVX3lxTFBUNFNKMVNSbWtzcTdRYm84SzlGVVhoRjFHalVSRFZBM0NsS1pPdWFDaTFDeHh2MUpNNnVHM2xDQ1hKcmxwUG9nRHdOc2oyX1hQcm5zazF5alNtOEtV?oc=5,,False,본문 수집 제한 개수를 초과했습니다.,False,,2026-09-13 09:21:31
국내,커머스,커머스,커머스,"비자 신뢰 지수 “에이전틱 커머스 확산, 결국 소비자 신뢰가 좌우” - nanumy.co.kr",https://news.google.com/rss/articles/CBMibEFVX3lxTE10cnUyVm5RaUZQZHhUZWItaklZWjY0MC02a2xsVTI2LU5hcmpjSGp5Vjl3VGk3c3U3X0NHN005NGJoSFpTQlR0MGdTUUpvQzRub1RZUkVRMkM5LWlvSlNzeUl1RXIzdTA5T1gzWQ?oc=5,"Fri, 11 Sep 2026 22:47:43 GMT",nanumy.co.kr,플랫폼/인터넷,https://news.google.com/rss/articles/CBMibEFVX3lxTE10cnUyVm5RaUZQZHhUZWItaklZWjY0MC02a2xsVTI2LU5hcmpjSGp5Vjl3VGk3c3U3X0NHN005NGJoSFpTQlR0MGdTUUpvQzRub1RZUkVRMkM5LWlvSlNzeUl1RXIzdTA5T1gzWQ?oc=5,,False,본문 수집 제한 개수를 초과했습니다.,False,,2026-09-13 09:21:31
국내,플랫폼,플랫폼,플랫폼,[기획] 컬리 실적 반등 이끈 사업 다각화…영역 넓히는 버티컬 플랫폼 - 서울경제TV,https://news.google.com/rss/articles/CBMiZEFVX3lxTE0zZG4xcXR5QTZCaHpiZWs2UXg2c0NJZUUyNER5U1hReVZKUk5uajJrNEs4V3prRU1qajZSVWVQWloxNEVFWDRVVlRTTWRwMEFUSGlRQ0lWMTlMaEZ1eWlpRnNfM1I?oc=5,"Fri, 11 Sep 2026 22:00:07 GMT",서울경제TV,플랫폼/인터넷,https://news.google.com/rss/articles/CBMiZEFVX3lxTE0zZG4xcXR5QTZCaHpiZWs2UXg2c0NJZUUyNER5U1hReVZKUk5uajJrNEs4V3prRU1qajZSVWVQWloxNEVFWDRVVlRTTWRwMEFUSGlRQ0lWMTlMaEZ1eWlpRnNfM1I?oc=5,,False,본문 수집 제한 개수를 초과했습니다.,False,,2026-09-13 09:21:31
국내,플랫폼,플랫폼,플랫폼,"한국석유공사, 132억 투입해 생성형 AI 플랫폼 구축 `박차`…대기업 참여 예외 인정 받아 - ddaily.co.kr",https://news.google.com/rss/articles/CBMiZEFVX3lxTE8tcUFOWDc5bUxFUlJYc2NFMHVpcWFTcFdRNE9rbDAtRS1MRWNwWFZ6S0JCX29QbkpFTEZrdklXT3RpRFVYWHBmcUQ5ejNtX1VKcmlnMUhyU1hBbnF6MUZ0TnBkeHk?oc=5,"Fri, 11 Sep 2026 21:00:00 GMT",ddaily.co.kr,플랫폼/인터넷,https://news.google.com/rss/articles/CBMiZEFVX3lxTE8tcUFOWDc5bUxFUlJYc2NFMHVpcWFTcFdRNE9rbDAtRS1MRWNwWFZ6S0JCX29QbkpFTEZrdklXT3RpRFVYWHBmcUQ5ejNtX1VKcmlnMUhyU1hBbnF6MUZ0TnBkeHk?oc=5,,False,본문 수집 제한 개수를 초과했습니다.,False,,2026-09-13 09:21:31
국내,커머스,커머스,커머스,AI가 손님 부르고 직매입으로 돈 번다… 카카오의 커머스 확장법 - IT조선,https://news.google.com/rss/articles/CBMicEFVX3lxTE5PdWc2cVJYYjJHMmd3RWo0MWZ4YmJrN0VHU0xpWmNHLWRBZEtZTUR2MmFLOG4tMmpGTGM4NWlPeF9Eem1kR2ZCdTJVR2ozZVBwcFI3MklHcjFjdTJ3TEhpWDRSLUxvRzVPazd0LTRNS1_SAXRBVV95cUxQWXFBMXNXeTFwM1FOMldEa0V5YVBPekp3a01JMjI4dlZBUTRIVEVaazZ2QXdnNjNnci11V1AyTlR4T1p1OUJYN05KeW5BNFRLcmVBOGwzclpDTzNNWDdybTRFTUpFWlVUa3p2SjBSNXJETThIVw?oc=5,"Fri, 11 Sep 2026 20:00:00 GMT",IT조선,플랫폼/인터넷,https://news.google.com/rss/articles/CBMicEFVX3lxTE5PdWc2cVJYYjJHMmd3RWo0MWZ4YmJrN0VHU0xpWmNHLWRBZEtZTUR2MmFLOG4tMmpGTGM4NWlPeF9Eem1kR2ZCdTJVR2ozZVBwcFI3MklHcjFjdTJ3TEhpWDRSLUxvRzVPazd0LTRNS1_SAXRBVV95cUxQWXFBMXNXeTFwM1FOMldEa0V5YVBPekp3a01JMjI4dlZBUTRIVEVaazZ2QXdnNjNnci11V1AyTlR4T1p1OUJYN05KeW5BNFRLcmVBOGwzclpDTzNNWDdybTRFTUpFWlVUa3p2SjBSNXJETThIVw?oc=5,,False,본문 수집 제한 개수를 초과했습니다.,False,,2026-09-13 09:21:31
국내,광고 매출,광고 매출,광고 매출,"인플루언서 광고하고 매출 올랐는데, 정말 광고 때문일까요? - 마케팅 - 정보공유 - 아이보스",https://news.google.com/rss/articles/CBMiT0FVX3lxTE1tMm9EeFl2RHktX1dkdzRFWUNMZVB2cFdyc0xyWDhKdFVhbnRUbXBCNzlpQmtVY19SRkhCTk1teTJJX3RXRndxY3ZlY21ZZlk?oc=5,"Fri, 11 Sep 2026 16:39:23 GMT",아이보스,플랫폼/인터넷,https://news.google.com/rss/articles/CBMiT0FVX3lxTE1tMm9EeFl2RHktX1dkdzRFWUNMZVB2cFdyc0xyWDhKdFVhbnRUbXBCNzlpQmtVY19SRkhCTk1teTJJX3RXRndxY3ZlY21ZZlk?oc=5,,False,본문 수집 제한 개수를 초과했습니다.,False,,2026-09-13 09:21:31
국내,AI 서비스,AI 서비스,AI 서비스,"조달청, 직원이 직접 만든 AI로 조달업무 혁신…7종 서비스 공개 - 뉴스1",https://news.google.com/rss/articles/CBMiYEFVX3lxTE9JU2xFM2NwX0RxTlYyejlqeGY5QmVrRDVUYmtxSVVmWXdDaE9VaS1uY1hpVWZtQnFsbktwR0xYWGl2M0RyUDc1Rm5sNEVHMDJjdWFWZlo5cUV2M2dVaWZHZtIBZkFVX3lxTE5HZ0U0THR2TFVHMDlVS3QwemQxRzVYQWhQckQwYktERlpBNnVlVWk0MDJsWk1lQlFka2tnc1g5NTlkQXVoeUFtUFFjUGgxLVl5aWtzX3FhcFlxSUJodklud3IxYjVLZw?oc=5,"Fri, 11 Sep 2026 05:54:36 GMT",뉴스1,플랫폼/인터넷,https://news.google.com/rss/articles/CBMiYEFVX3lxTE9JU2xFM2NwX0RxTlYyejlqeGY5QmVrRDVUYmtxSVVmWXdDaE9VaS1uY1hpVWZtQnFsbktwR0xYWGl2M0RyUDc1Rm5sNEVHMDJjdWFWZlo5cUV2M2dVaWZHZtIBZkFVX3lxTE5HZ0U0THR2TFVHMDlVS3QwemQxRzVYQWhQckQwYktERlpBNnVlVWk0MDJsWk1lQlFka2tnc1g5NTlkQXVoeUFtUFFjUGgxLVl5aWtzX3FhcFlxSUJodklud3IxYjVLZw?oc=5,,False,본문 수집 제한 개수를 초과했습니다.,False,,2026-09-13 09:21:31
국내,커머스,커머스,커머스,라이브커머스 방송으로 경북농산물 판매 - 농민신문,https://news.google.com/rss/articles/CBMiWkFVX3lxTE1BODV6S1g1SDVTcUJ4ZUZNZ19neldhcFR6UC1vRTNUeS1aeVR4LU1YT3V4aHRPWEZOaWs2Q3ZQakV1REIxcjZDamtLSHkwaWw1eFR0dWVSOGRQZw?oc=5,"Fri, 11 Sep 2026 04:12:00 GMT",농민신문,플랫폼/인터넷,https://news.google.com/rss/articles/CBMiWkFVX3lxTE1BODV6S1g1SDVTcUJ4ZUZNZ19neldhcFR6UC1vRTNUeS1aeVR4LU1YT3V4aHRPWEZOaWs2Q3ZQakV1REIxcjZDamtLSHkwaWw1eFR0dWVSOGRQZw?oc=5,,False,본문 수집 제한 개수를 초과했습니다.,False,,2026-09-13 09:21:31
국내,AI 서비스,AI 서비스,AI 서비스,"카카오, ‘카카오툴즈’에 7개 서비스 추가…에이전틱 AI 생태계 확대 - 테크월드",https://news.google.com/rss/articles/CBMiaEFVX3lxTE1mZ2ZKU1VBaWxUamU1RENHMVZUM0IyYjVSR2xzbFpJWUgwUklfXy1Ta3VIaGl4dTFLRk4yVGZCNDl2NUpnb2Y2aDVPVURqWGpubk5xSGhIbTlUak1DOXRPSXhTZnBHZDE2?oc=5,"Fri, 11 Sep 2026 03:17:51 GMT",테크월드,플랫폼/인터넷,https://news.google.com/rss/articles/CBMiaEFVX3lxTE1mZ2ZKU1VBaWxUamU1RENHMVZUM0IyYjVSR2xzbFpJWUgwUklfXy1Ta3VIaGl4dTFLRk4yVGZCNDl2NUpnb2Y2aDVPVURqWGpubk5xSGhIbTlUak1DOXRPSXhTZnBHZDE2?oc=5,,False,본문 수집 제한 개수를 초과했습니다.,False,,2026-09-13 09:21:31
국내,플랫폼,플랫폼,플랫폼,공단 PPA 플랫폼에만 인센티브 몰아주기?...고조되는 RE100 시장 왜곡 우려 - 전기신문,https://news.google.com/rss/articles/CBMibEFVX3lxTE1FQXlHUHFnSHM1bnBOYmRCNFN5YnotSTkyY0NmaGpGSTJtQk9nbWpSZEswdUt6TTlCNE1ZOE9ZQks1ZWNBRmxPLVBCeGpQSm44T1UzZ2pkYnJsYVdZNTFFSlJpU2EyNGdjSTNWVNIBcEFVX3lxTFAyamx4VXVqaVRHUTBYZDI3ZlBaVF9rYkJUOE5XUnRHU0NaYm1wNUJhZWtwWmZyLVZMdEtrUzNQTkd6WHNuNG1NVU9RRXpWYjV1dVFTYWFDSWIxQng4WE1obEF0STVfWjdLR1B0bEQwb3I?oc=5,"Thu, 10 Sep 2026 10:48:23 GMT",전기신문,플랫폼/인터넷,https://news.google.com/rss/articles/CBMibEFVX3lxTE1FQXlHUHFnSHM1bnBOYmRCNFN5YnotSTkyY0NmaGpGSTJtQk9nbWpSZEswdUt6TTlCNE1ZOE9ZQks1ZWNBRmxPLVBCeGpQSm44T1UzZ2pkYnJsYVdZNTFFSlJpU2EyNGdjSTNWVNIBcEFVX3lxTFAyamx4VXVqaVRHUTBYZDI3ZlBaVF9rYkJUOE5XUnRHU0NaYm1wNUJhZWtwWmZyLVZMdEtrUzNQTkd6WHNuNG1NVU9RRXpWYjV1dVFTYWFDSWIxQng4WE1obEF0STVfWjdLR1B0bEQwb3I?oc=5,,False,본문 수집 제한 개수를 초과했습니다.,False,,2026-09-13 09:21:31
국내,커머스,커머스,커머스,"[단독] 카카오, 커머스 물류 조직 신설…'새벽배송' 경쟁 참전 예고 - 전자신문",https://news.google.com/rss/articles/CBMiTkFVX3lxTE92UmF0SjFpd2MzWE9rSzhXUTdVUGFwS3UzVWN3ZTlJbENxc1c4MEh4MTN3bm1lUlVTaXk0UmNDRE9MVF9hUHRNT0pZNnBEUQ?oc=5,"Thu, 10 Sep 2026 07:00:00 GMT",전자신문,플랫폼/인터넷,https://news.google.com/rss/articles/CBMiTkFVX3lxTE92UmF0SjFpd2MzWE9rSzhXUTdVUGFwS3UzVWN3ZTlJbENxc1c4MEh4MTN3bm1lUlVTaXk0UmNDRE9MVF9hUHRNT0pZNnBEUQ?oc=5,,False,본문 수집 제한 개수를 초과했습니다.,False,,2026-09-13 09:21:31
국내,광고 매출,광고 매출,광고 매출,故 최진실과 광고 찍었다가…'매출 15%' 상승에 배우 데뷔했다는 가수 이상우 ('같이삽시다') - v.daum.net,https://news.google.com/rss/articles/CBMiT0FVX3lxTE9YckR0RkZabHFUSGQxY3QxVUR5TUxOWWlYOElaQmlvUXYyXzJHZF9TZjhVSEU0V081SDJkNmYtbnFhc2pRQ3c0MU5HWEk5TVE?oc=5,"Thu, 10 Sep 2026 02:04:00 GMT",v.daum.net,플랫폼/인터넷,https://news.google.com/rss/articles/CBMiT0FVX3lxTE9YckR0RkZabHFUSGQxY3QxVUR5TUxOWWlYOElaQmlvUXYyXzJHZF9TZjhVSEU0V081SDJkNmYtbnFhc2pRQ3c0MU5HWEk5TVE?oc=5,,False,본문 수집 제한 개수를 초과했습니다.,False,,2026-09-13 09:21:31
국내,AI 서비스,AI 서비스,AI 서비스,"SKT, '모두의 AI' 컨소시엄 출범…의료·돌봄·교육 등 8개 특화 서비스 개발 - 전자신문",https://news.google.com/rss/articles/CBMiTkFVX3lxTFBHWFVLaUtidFBQczdmdEtaQjBHV192ZFFXZEF2TlAyWmUtUDVpWGc4X0Z3cEI4SkowTXNBMVBlRVctS1pKZFIyM0IyZzMzZw?oc=5,"Thu, 10 Sep 2026 01:08:46 GMT",전자신문,플랫폼/인터넷,https://news.google.com/rss/articles/CBMiTkFVX3lxTFBHWFVLaUtidFBQczdmdEtaQjBHV192ZFFXZEF2TlAyWmUtUDVpWGc4X0Z3cEI4SkowTXNBMVBlRVctS1pKZFIyM0IyZzMzZw?oc=5,,False,본문 수집 제한 개수를 초과했습니다.,False,,2026-09-13 09:21:31
국내,인터넷,인터넷,인터넷,"[2026년 특별기획] 대한민국 물류의 피지컬 인터넷 혁명, LAPI ① - 물류신문",https://news.google.com/rss/articles/CBMia0FVX3lxTE1vdF9iVGV5TmRNcml1cFMwWHl6b2VIdDVPX2pWNGFVMGdpQXJ5T0VjdmpyN3YxTXJxdEZDWXIxR2tIZmFnYWRrT2o0bG5Td2M2a245UFpvZUlNSmx4VWNKSUFtQXhWN1FFVUdN?oc=5,"Wed, 09 Sep 2026 01:32:12 GMT",물류신문,플랫폼/인터넷,https://news.google.com/rss/articles/CBMia0FVX3lxTE1vdF9iVGV5TmRNcml1cFMwWHl6b2VIdDVPX2pWNGFVMGdpQXJ5T0VjdmpyN3YxTXJxdEZDWXIxR2tIZmFnYWRrT2o0bG5Td2M2a245UFpvZUlNSmx4VWNKSUFtQXhWN1FFVUdN?oc=5,,False,본문 수집 제한 개수를 초과했습니다.,False,,2026-09-13 09:21:31
국내,광고 매출,광고 매출,광고 매출,"오픈AI, '챗GPT' 광고 200일 만에 연 매출 1.4조 돌파 - AI타임스",https://news.google.com/rss/articles/CBMiakFVX3lxTE1WNTdZZ2tuRXNubnVMbFRsRU9MUF9hcE1tb1EwOEVUUmdRNURKQm1FeVNsUzRIbEZFQ1U4QUhjM3lkYVMySnJjaWRrYTRXQlg1U2paMlBPaWY1dlgzVG8yQVEyY2I4MWNHYkE?oc=5,"Wed, 02 Sep 2026 07:00:00 GMT",AI타임스,플랫폼/인터넷,https://news.google.com/rss/articles/CBMiakFVX3lxTE1WNTdZZ2tuRXNubnVMbFRsRU9MUF9hcE1tb1EwOEVUUmdRNURKQm1FeVNsUzRIbEZFQ1U4QUhjM3lkYVMySnJjaWRrYTRXQlg1U2paMlBPaWY1dlgzVG8yQVEyY2I4MWNHYkE?oc=5,,False,본문 수집 제한 개수를 초과했습니다.,False,,2026-09-13 09:21:31
미국,플랫폼,플랫폼,플랫폼 stock market earnings investment,3 Best Streaming Service Stocks for 2026 and How to Invest - The Motley Fool,https://news.google.com/rss/articles/CBMisAFBVV95cUxNQnBaWGwzNVF6YWcyeEplT29aLWxBNjVackxoTWxmU1R0cWNjWnRMMEk0TWp3SWpCSE1wUW9kWFRZeGI3dXp4djg5Nk1qdHJ2R2oycEM3d1hUOE1YamJJRXBvRkdHSEZEcG1KUGMzdDlITEItdklWT0FacDlfVl9sWHhVbHJNT2NUcFJLdlJjeHhmMTlVODQ2VVd6S2t3aXYwTk9BRWVJUUU3dzh1SjJOZg?oc=5,"Wed, 12 Aug 2026 07:00:00 GMT",The Motley Fool,플랫폼/인터넷,https://www.fool.com/investing/stock-market/market-sectors/communication/media-stocks/streaming-service-stocks/,www.fool.com,True,,True,,2026-09-13 09:21:31
미국,광고 매출,광고 매출,광고 매출 stock market earnings investment,Earnings call transcript: NHN posts record Q2 2026 profit as stock jumps 15.6% - Investing.com,https://news.google.com/rss/articles/CBMiywFBVV95cUxQMmZfTktadEMwbXBmMTMxOWFfVVBQei1SMGkzM0xTcXZMamN2N3NOSjVWcHZiUDVkZzNobEE0OENoWnNYRjhxd25HYXo3eWhOWXBoMGxQTnUwdXVZcGM1LVJVdUFzV1pOUzJwNy1KU3h5cTM5MzFXMDZSVGlWbWlQbzhubFRGSUg5eTdoTm8yZ0N1bU5PN0c4eFlJMU51eE94QmQ1bDlCZjVJT1ZyVlowSTNhMzVDMUxtUUhfTFFFUlpUSmdObnJjRmJxRQ?oc=5,"Mon, 10 Aug 2026 07:00:00 GMT",Investing.com,플랫폼/인터넷,https://news.google.com/rss/articles/CBMiywFBVV95cUxQMmZfTktadEMwbXBmMTMxOWFfVVBQei1SMGkzM0xTcXZMamN2N3NOSjVWcHZiUDVkZzNobEE0OENoWnNYRjhxd25HYXo3eWhOWXBoMGxQTnUwdXVZcGM1LVJVdUFzV1pOUzJwNy1KU3h5cTM5MzFXMDZSVGlWbWlQbzhubFRGSUg5eTdoTm8yZ0N1bU5PN0c4eFlJMU51eE94QmQ1bDlCZjVJT1ZyVlowSTNhMzVDMUxtUUhfTFFFUlpUSmdObnJjRmJxRQ?oc=5,,False,403 Client Error: Forbidden for url: https://www.investing.com/news/transcripts/earnings-call-transcript-nhn-posts-record-q2-2026-profit-as-stock-jumps-156-93CH-4850695,True,,2026-09-13 09:21:31
미국,AI 서비스,AI 서비스,AI 서비스 stock market earnings investment,"I’m Hitting Buy On $20,000 of ServiceNow Stock Despite The Melt Down | NOW Stock - 24/7 Wall St.",https://news.google.com/rss/articles/CBMiuwFBVV95cUxQcXZUQVVtNVRXQ1YycS12Yk9CN0VQOVNhSFQyVjJPbHFsQlcxQnhocTRySWYwUXVaelBnaWFDQkFGMFhMaTk5TVd3VjRfdGU0OVE1Y3o4eUg5VUpzaTNEeUV3QmZJa3Y1UXBTbW9XYjZnWGd6dEpDT29haHlMZ1NBMFNtMkw2cEtGWlg2cExTY3BZNUo5dHV5cnAyMms0aWJRTnpMUlkyVjVDUElaYWZIVXV0NlhKcUhjUVlz?oc=5,"Tue, 04 Aug 2026 07:00:00 GMT",24/7 Wall St.,플랫폼/인터넷,https://247wallst.com/investing/2026/08/04/im-hitting-buy-on-20000-of-servicenow-stock-despite-the-melt-down-now-stock/,247wallst.com,True,,True,,2026-09-13 09:21:31
미국,AI 서비스,AI 서비스,AI 서비스 stock market earnings investment,Better AI Software Stock: Palantir vs. ServiceNow - Yahoo Finance,https://news.google.com/rss/articles/CBMinwFBVV95cUxQb2Z2dXNUZGhWd2VuVWFidkhua3NyME8xdWprcTBXdFNQSjJIRGF1NjZteENCVEVDdGluc0FCVW1QSkhvMG9Kbm01ZmE3Z2VrWldXQkwxZURjak9TWVM5THFLWHVSRE4tbEwzUGVQN05UY1FYclZYclNvME1jT2dJSGhJSzJXYXhIZW02UnR5M0Q3UmNYSU9YZFI3NU1oeXc?oc=5,"Sun, 26 Jul 2026 07:00:00 GMT",Yahoo Finance,플랫폼/인터넷,https://finance.yahoo.com/markets/stocks/articles/better-ai-software-stock-palantir-160700505.html,finance.yahoo.com,True,,True,,2026-09-13 09:21:31
미국,광고 매출,광고 매출,광고 매출 stock market earnings investment,OpenAI Is on Pace to Miss Its Own Ad Revenue Forecast by 90%. Here's What It Means For The AI Trade - 247wallst.com,https://news.google.com/rss/articles/CBMi1wFBVV95cUxOZW1IUFNOS3gtUG5kSTJhZDduNWxYLVFLNE8tY3JHZ2s1U09qaTN0N2tBYzQwTUpSYWNNZndSUVpSWXZBanVTN19vYmtULWh1R1UxeW55dEdoTi1seVhDYWhWUHZtZmt1S3NsOXZBdVhKWk5ERmxLRXk4Y2FPblhZWmZaTTZ0aTI1RFpFeDZoMS1yU3Bob2c2bkZIQmRYQTlRbDZjS05sNkFTWEtrSk5OUGliSGZIektWT1Q0bFBHd0tBQnBQdWFDNHl5eHpFc1NnY1BrOWtEVQ?oc=5,"Tue, 21 Jul 2026 07:00:00 GMT",247wallst.com,플랫폼/인터넷,https://news.google.com/rss/articles/CBMi1wFBVV95cUxOZW1IUFNOS3gtUG5kSTJhZDduNWxYLVFLNE8tY3JHZ2s1U09qaTN0N2tBYzQwTUpSYWNNZndSUVpSWXZBanVTN19vYmtULWh1R1UxeW55dEdoTi1seVhDYWhWUHZtZmt1S3NsOXZBdVhKWk5ERmxLRXk4Y2FPblhZWmZaTTZ0aTI1RFpFeDZoMS1yU3Bob2c2bkZIQmRYQTlRbDZjS05sNkFTWEtrSk5OUGliSGZIektWT1Q0bFBHd0tBQnBQdWFDNHl5eHpFc1NnY1BrOWtEVQ?oc=5,,False,본문 수집 제한 개수를 초과했습니다.,False,,2026-09-13 09:21:31
미국,플랫폼,플랫폼,플랫폼 stock market earnings investment,Big Tech earnings will put focus on AI spending - Yahoo Finance,https://news.google.com/rss/articles/CBMiqwFBVV95cUxQTUpKb09HSlBOVThtU0twc2h1c2lZZlE5Mzc3UzMwMFV6U1ZJSGVUR3Q2WU1vNUMxSXY0VGZLSGs5X3U5RVN3eUNQbnB0VXJZSFd1Z2FzRS1MV1ZmZ0lHSFQ5dzBfLXVNQVFiOVp5SDJVSVBhNXJ5U3ZtUWZCc3ozc2Y5OENUUFRZR3lNbnpMeElqZ0RmTk43M1RPS05ENVg0TXlXdWF3TWY5VFU?oc=5,"Thu, 16 Jul 2026 07:00:00 GMT",Yahoo Finance,플랫폼/인터넷,https://news.google.com/rss/articles/CBMiqwFBVV95cUxQTUpKb09HSlBOVThtU0twc2h1c2lZZlE5Mzc3UzMwMFV6U1ZJSGVUR3Q2WU1vNUMxSXY0VGZLSGs5X3U5RVN3eUNQbnB0VXJZSFd1Z2FzRS1MV1ZmZ0lHSFQ5dzBfLXVNQVFiOVp5SDJVSVBhNXJ5U3ZtUWZCc3ozc2Y5OENUUFRZR3lNbnpMeElqZ0RmTk43M1RPS05ENVg0TXlXdWF3TWY5VFU?oc=5,,False,본문 수집 제한 개수를 초과했습니다.,False,,2026-09-13 09:21:31
미국,인터넷,인터넷,인터넷 stock market earnings investment,"SpaceX Faces Post-IPO Volatility, Yet Wall Street Predicts Significant Stock Price Gains - Investopedia",https://news.google.com/rss/articles/CBMi3AFBVV95cUxPd2JGMlZPd1hCeFE1UUhYSC1FWk5nWml0NHpNTXV6NlRJTWk0OHRRc3lzcDJib2tTekNxNUZiMG9BTzdrbG52eUVRYUN6dG1fc1NEZGhYWmNpQ2FhV0x6ZkdkWUg0WWtLTDJQaHl2ZTRPaWRkcXc5NXBtNzY1cW1iR0Z1Ym5VN3I3LUZ5clJqYkZHUUIwSVFoMVZtcjRZVEJ4d1l3Tk5YVWlwaHJMNVhobWhrS195ZTQ4WmRMYWVyODJ0bHNEdUJKUGdvWFNXa0laRUlaSnhCcnVBb2JX?oc=5,"Wed, 01 Jul 2026 07:00:00 GMT",Investopedia,플랫폼/인터넷,https://news.google.com/rss/articles/CBMi3AFBVV95cUxPd2JGMlZPd1hCeFE1UUhYSC1FWk5nWml0NHpNTXV6NlRJTWk0OHRRc3lzcDJib2tTekNxNUZiMG9BTzdrbG52eUVRYUN6dG1fc1NEZGhYWmNpQ2FhV0x6ZkdkWUg0WWtLTDJQaHl2ZTRPaWRkcXc5NXBtNzY1cW1iR0Z1Ym5VN3I3LUZ5clJqYkZHUUIwSVFoMVZtcjRZVEJ4d1l3Tk5YVWlwaHJMNVhobWhrS195ZTQ4WmRMYWVyODJ0bHNEdUJKUGdvWFNXa0laRUlaSnhCcnVBb2JX?oc=5,,False,본문 수집 제한 개수를 초과했습니다.,False,,2026-09-13 09:21:31
미국,AI 서비스,AI 서비스,AI 서비스 stock market earnings investment,Stock Market Forecast For Next Six Months: Why More Gains May Lie Ahead - Investor's Business Daily,https://news.google.com/rss/articles/CBMijAFBVV95cUxNeTFDTVlOLU9tckVpTGRXVDVPZV82elNENmpvN2pQSkpISk1iQmJoZXg0QzFCb0Zhb1ByNVR2eGhLSDZWU2thRVcydG9GTTZyY2tOOXZTdENHTW5ac3N0VERtVkZUdG1HbVV1aFVHcS1kdWtuLUN4S1MtSmlSQ0w3Mk5rbHl0bjJ2ZE5VeA?oc=5,"Wed, 01 Jul 2026 07:00:00 GMT",Investor's Business Daily,플랫폼/인터넷,https://news.google.com/rss/articles/CBMijAFBVV95cUxNeTFDTVlOLU9tckVpTGRXVDVPZV82elNENmpvN2pQSkpISk1iQmJoZXg0QzFCb0Zhb1ByNVR2eGhLSDZWU2thRVcydG9GTTZyY2tOOXZTdENHTW5ac3N0VERtVkZUdG1HbVV1aFVHcS1kdWtuLUN4S1MtSmlSQ0w3Mk5rbHl0bjJ2ZE5VeA?oc=5,,False,본문 수집 제한 개수를 초과했습니다.,False,,2026-09-13 09:21:31
미국,인터넷,인터넷,인터넷 stock market earnings investment,Turbocharged Earnings Are Pushing Stocks Higher. There’s a Catch. - WSJ,https://news.google.com/rss/articles/CBMioAFBVV95cUxNTmhRbmd1RkdLX0t0azNlS0Y4MVYwckNlTjFUSEFRdFdGN19MTE9pMDBTaUIxdzRSdmFkYUhCTHF6ZGxKQ19hNVVoTjFFZEwwNV9mZTBtU1l0WDVjMkVubFBQUnRrWlpiSXhVcklWWnNzV29qbHNvdE1CMWwySk9BNmxRNXdYZmNmZUxQWENERHNxaDRId0VTcnhnOEZabHhr?oc=5,"Thu, 18 Jun 2026 07:00:00 GMT",WSJ,플랫폼/인터넷,https://news.google.com/rss/articles/CBMioAFBVV95cUxNTmhRbmd1RkdLX0t0azNlS0Y4MVYwckNlTjFUSEFRdFdGN19MTE9pMDBTaUIxdzRSdmFkYUhCTHF6ZGxKQ19hNVVoTjFFZEwwNV9mZTBtU1l0WDVjMkVubFBQUnRrWlpiSXhVcklWWnNzV29qbHNvdE1CMWwySk9BNmxRNXdYZmNmZUxQWENERHNxaDRId0VTcnhnOEZabHhr?oc=5,,False,본문 수집 제한 개수를 초과했습니다.,False,,2026-09-13 09:21:31
미국,인터넷,인터넷,인터넷 stock market earnings investment,Equity Market Commentary - June 2026 - Morgan Stanley,https://news.google.com/rss/articles/CBMiwgFBVV95cUxNNlVRc3lId2FsUVpnWFB1MUF4ZWRKMTlYTmJwaUI2dWZsUVMzNHdZaU1MX19COVdscG0zZWk4aEVFbktlRUx3OXA3UThjNFVSMTlDQWNaLVVCZTlRVVFqUmVsUUpTMzRFeXljWWU1ekt6NmtCMkYwcm55ZWVuMGxwY0VRTXk0VVA4bDFpczFqODJoQ0FPWUFIbTR5S2NfUElMQl9uUWo3OGJScVhrSDJ5Z3hydUU2bFp3MTE3QXVSdExFQQ?oc=5,"Wed, 17 Jun 2026 07:00:00 GMT",Morgan Stanley,플랫폼/인터넷,https://news.google.com/rss/articles/CBMiwgFBVV95cUxNNlVRc3lId2FsUVpnWFB1MUF4ZWRKMTlYTmJwaUI2dWZsUVMzNHdZaU1MX19COVdscG0zZWk4aEVFbktlRUx3OXA3UThjNFVSMTlDQWNaLVVCZTlRVVFqUmVsUUpTMzRFeXljWWU1ekt6NmtCMkYwcm55ZWVuMGxwY0VRTXk0VVA4bDFpczFqODJoQ0FPWUFIbTR5S2NfUElMQl9uUWo3OGJScVhrSDJ5Z3hydUU2bFp3MTE3QXVSdExFQQ?oc=5,,False,본문 수집 제한 개수를 초과했습니다.,False,,2026-09-13 09:21:31
미국,플랫폼,플랫폼,플랫폼 stock market earnings investment,Micron: A look at Memory ahead of earnings - S&P Global,https://news.google.com/rss/articles/CBMiuwFBVV95cUxNMjktMVNJdE1oQVd0b0VhUmJZNUM5NVNwLUFvZXBjTHVINDFXNVBlc0FUSzBpb2NCb0VwcGhwMk5uLW9yU1h4RElPTmVqQy1oUWJNU0ZHY3JoQkJhQzQxaVdjUXF6dElvQk40Z0lMNFV6SDhxVDJWYVFkeWpidUtNSkZNaXlnaTVlT2xDUThnWTZqM2N5OWNzZVdxOEFoNjUyTGhheXRzVktuRW9QQVh2Yjc4T3B6YzIyNzJn?oc=5,"Mon, 15 Jun 2026 07:00:00 GMT",S&P Global,플랫폼/인터넷,https://news.google.com/rss/articles/CBMiuwFBVV95cUxNMjktMVNJdE1oQVd0b0VhUmJZNUM5NVNwLUFvZXBjTHVINDFXNVBlc0FUSzBpb2NCb0VwcGhwMk5uLW9yU1h4RElPTmVqQy1oUWJNU0ZHY3JoQkJhQzQxaVdjUXF6dElvQk40Z0lMNFV6SDhxVDJWYVFkeWpidUtNSkZNaXlnaTVlT2xDUThnWTZqM2N5OWNzZVdxOEFoNjUyTGhheXRzVktuRW9QQVh2Yjc4T3B6YzIyNzJn?oc=5,,False,본문 수집 제한 개수를 초과했습니다.,False,,2026-09-13 09:21:31
미국,광고 매출,광고 매출,광고 매출 stock market earnings investment,Roku Hits 100 Million Streaming Households: Is ROKU Stock Still Undervalued at $122? - TIKR.com,https://news.google.com/rss/articles/CBMiqwFBVV95cUxQd1drMU9OUVFHdkpZRU5iUzUzN3JaSHg5RzExVlNWb05xY3dtaTlPVUhGMmg0cUtTYnpCenVDY2N1TjM3NmdHRGFCU2J5ak5zQk5pLWtmRExxQ2NFbFgzeldNLTdPdWFXUWRzTzB5SHhBRkszV2MxTGZlbHRfOHdIMUtXb2ZZREtfdFRCU0xqOWlzU2JYV3Zzakgtdkg0ME1JNzM5aEl1LTR1T0k?oc=5,"Sun, 07 Jun 2026 07:00:00 GMT",TIKR.com,플랫폼/인터넷,https://news.google.com/rss/articles/CBMiqwFBVV95cUxQd1drMU9OUVFHdkpZRU5iUzUzN3JaSHg5RzExVlNWb05xY3dtaTlPVUhGMmg0cUtTYnpCenVDY2N1TjM3NmdHRGFCU2J5ak5zQk5pLWtmRExxQ2NFbFgzeldNLTdPdWFXUWRzTzB5SHhBRkszV2MxTGZlbHRfOHdIMUtXb2ZZREtfdFRCU0xqOWlzU2JYV3Zzakgtdkg0ME1JNzM5aEl1LTR1T0k?oc=5,,False,본문 수집 제한 개수를 초과했습니다.,False,,2026-09-13 09:21:31
미국,플랫폼,플랫폼,플랫폼 stock market earnings investment,"Toast Stock Q1 2026 Earnings Preview: What EBITDA, Locations, and ToastIQ Must Deliver - TIKR.com",https://news.google.com/rss/articles/CBMirgFBVV95cUxOX295bHVveUE1WHJSaFdqRk1aRGU4ZVB1NE5ZLXBISWV6VGFVbkJRNHRkdHF3OV9TVFEyeFREbXFaQTdJT0gyeHdzUmtEaTBURWVCT1JQVkIySlAxQmJ1U0JkTWZfZnlWQjNNQ05pLW80dDFmWlhnRmN3YjNnOFl1dW9faWZlVzI4NnpidUhsb2JlODdjbUktRWRQRGxRZ0tLUG03V0tIOGhGR1ZBUEE?oc=5,"Thu, 07 May 2026 07:00:00 GMT",TIKR.com,플랫폼/인터넷,https://news.google.com/rss/articles/CBMirgFBVV95cUxOX295bHVveUE1WHJSaFdqRk1aRGU4ZVB1NE5ZLXBISWV6VGFVbkJRNHRkdHF3OV9TVFEyeFREbXFaQTdJT0gyeHdzUmtEaTBURWVCT1JQVkIySlAxQmJ1U0JkTWZfZnlWQjNNQ05pLW80dDFmWlhnRmN3YjNnOFl1dW9faWZlVzI4NnpidUhsb2JlODdjbUktRWRQRGxRZ0tLUG03V0tIOGhGR1ZBUEE?oc=5,,False,본문 수집 제한 개수를 초과했습니다.,False,,2026-09-13 09:21:31
미국,AI 서비스,AI 서비스,AI 서비스 stock market earnings investment,Agents for financial services - Anthropic,https://news.google.com/rss/articles/CBMiWEFVX3lxTE1IS1R3ZVd5NUxtWGJjRlFBQXZfOXJPS2xlY0wtaWZhSmx0M2RNaFUwN3FCU1Y3bTh5dkhqOEtIUE94UXFtT2l1MEk0WFZyUVRYV1Fsc1JrMEU?oc=5,"Tue, 05 May 2026 07:00:00 GMT",Anthropic,플랫폼/인터넷,https://news.google.com/rss/articles/CBMiWEFVX3lxTE1IS1R3ZVd5NUxtWGJjRlFBQXZfOXJPS2xlY0wtaWZhSmx0M2RNaFUwN3FCU1Y3bTh5dkhqOEtIUE94UXFtT2l1MEk0WFZyUVRYV1Fsc1JrMEU?oc=5,,False,본문 수집 제한 개수를 초과했습니다.,False,,2026-09-13 09:21:31
미국,플랫폼,플랫폼,플랫폼 stock market earnings investment,3 Stocks to Buy Before Their Discounts Disappear Again - Morningstar,https://news.google.com/rss/articles/CBMiqwFBVV95cUxOeTNEWHFReEE2SEV1Ync4ZUttMUtUa3ljZjMzck5PZG1JZV9GNUQ3MG9Vc3JPb05nNVVvS0ZEbTBwdk9YODhvOUlWSUM2ZXVLNWR4TXFaYms4WmtLWndCTmI1NXBXTXlGQkpzLWFXdEtZMDFDeXdhYkpfUjZCVmlrdzMzemhRcmxNaVVwcm5famFxcTBZLWV4VE92VzNRU2YybHBEZXlvMzV6dDA?oc=5,"Mon, 27 Apr 2026 07:00:00 GMT",Morningstar,플랫폼/인터넷,https://news.google.com/rss/articles/CBMiqwFBVV95cUxOeTNEWHFReEE2SEV1Ync4ZUttMUtUa3ljZjMzck5PZG1JZV9GNUQ3MG9Vc3JPb05nNVVvS0ZEbTBwdk9YODhvOUlWSUM2ZXVLNWR4TXFaYms4WmtLWndCTmI1NXBXTXlGQkpzLWFXdEtZMDFDeXdhYkpfUjZCVmlrdzMzemhRcmxNaVVwcm5famFxcTBZLWV4VE92VzNRU2YybHBEZXlvMzV6dDA?oc=5,,False,본문 수집 제한 개수를 초과했습니다.,False,,2026-09-13 09:21:31
미국,AI 서비스,AI 서비스,AI 서비스 stock market earnings investment,"Alibaba Earnings: Adjusted EBITA Misses on Investments, but Long-Term Outlook Remains Positive - Morningstar",https://news.google.com/rss/articles/CBMivAFBVV95cUxQMl9lQXpJbFJfOU9vOUN1Z1lrZDNPMllLMnFiWW5ISF92MDcwaWZlajZBc01xNTBadDgzRFVGX1U1eTdMZkVWMTZVQnJ6X0NlY0NTR1FUdFhOdl9ZbDJHZHlTaG1zZzNKSjBuZmg3VVJZa2h1M21GNlVJNGlwVjBmZFI0VmRlWXM2ekRrSnIyd1J2LS15OWZWc2VZMDJydGNvbTY2cDFIV1hiaThFUHQ5NUVLWTVyRXVXeThWSg?oc=5,"Fri, 20 Mar 2026 07:00:00 GMT",Morningstar,플랫폼/인터넷,https://news.google.com/rss/articles/CBMivAFBVV95cUxQMl9lQXpJbFJfOU9vOUN1Z1lrZDNPMllLMnFiWW5ISF92MDcwaWZlajZBc01xNTBadDgzRFVGX1U1eTdMZkVWMTZVQnJ6X0NlY0NTR1FUdFhOdl9ZbDJHZHlTaG1zZzNKSjBuZmg3VVJZa2h1M21GNlVJNGlwVjBmZFI0VmRlWXM2ekRrSnIyd1J2LS15OWZWc2VZMDJydGNvbTY2cDFIV1hiaThFUHQ5NUVLWTVyRXVXeThWSg?oc=5,,False,본문 수집 제한 개수를 초과했습니다.,False,,2026-09-13 09:21:31
미국,광고 매출,광고 매출,광고 매출 stock market earnings investment,China's Baidu revenue falls as AI cloud growth fails to offset ad weakness - Yahoo Finance,https://news.google.com/rss/articles/CBMiiAFBVV95cUxPdGMxSmFDZ0pBbmtQeXNpWFp1RUZEVXNyTHRwYjZCdzFKOEtVM0pncmFqM1hQU0dKQ281WGJTazFucnhuaWZQTHJOcVJuN21XVnhKVEV0LUowV3lVQkxpYTFnUk1pVHJacC1Bdm5HcHZycTY3VEFEbEZ0d3Z2RDBxU01ScHBPdTBl?oc=5,"Thu, 26 Feb 2026 08:00:00 GMT",Yahoo Finance,플랫폼/인터넷,https://news.google.com/rss/articles/CBMiiAFBVV95cUxPdGMxSmFDZ0pBbmtQeXNpWFp1RUZEVXNyTHRwYjZCdzFKOEtVM0pncmFqM1hQU0dKQ281WGJTazFucnhuaWZQTHJOcVJuN21XVnhKVEV0LUowV3lVQkxpYTFnUk1pVHJacC1Bdm5HcHZycTY3VEFEbEZ0d3Z2RDBxU01ScHBPdTBl?oc=5,,False,본문 수집 제한 개수를 초과했습니다.,False,,2026-09-13 09:21:31
미국,인터넷,인터넷,인터넷 stock market earnings investment,Is AI a bubble? 5 signs to watch for - Fidelity Investments,https://news.google.com/rss/articles/CBMid0FVX3lxTE1NVmFDdy1MUmRVTTRJY2xHQVJHV294V2d6MDRncWhFLXZob2VEWHlhZ0p4NXFpR25fNHZvZUJrR2EwelBwdWpyVXlNMmNfSjc3dnBiNFhXbjc5bkVvMEJfVEg5TXNBNmVDYllkczFYam9DTWdoaDBz?oc=5,"Wed, 11 Feb 2026 19:20:51 GMT",Fidelity Investments,플랫폼/인터넷,https://news.google.com/rss/articles/CBMid0FVX3lxTE1NVmFDdy1MUmRVTTRJY2xHQVJHV294V2d6MDRncWhFLXZob2VEWHlhZ0p4NXFpR25fNHZvZUJrR2EwelBwdWpyVXlNMmNfSjc3dnBiNFhXbjc5bkVvMEJfVEg5TXNBNmVDYllkczFYam9DTWdoaDBz?oc=5,,False,본문 수집 제한 개수를 초과했습니다.,False,,2026-09-13 09:21:31
미국,인터넷,인터넷,인터넷 stock market earnings investment,Bonds Starting to Offer More Diversification - BlackRock,https://news.google.com/rss/articles/CBMimgFBVV95cUxPSjk4ZWJFbGg5YVZDMWlXX2VCb1NYVkY5NE1pOE54OUxJT0RYSVdUMWZ4M3ltbXlLaURXdFhicmI3LUw5MXd2YWJpcHlvelQtd09oLXlINUlaZDVxMjBTcjA2dXh0c0hHVUlHRHdZQl9QOWx0dmRrTFp5cUZLemJWbkZ1dWdZUkNhX2FMMWxQTmV3NkxENDQ5bENn?oc=5,"Mon, 22 Dec 2025 08:00:00 GMT",BlackRock,플랫폼/인터넷,https://news.google.com/rss/articles/CBMimgFBVV95cUxPSjk4ZWJFbGg5YVZDMWlXX2VCb1NYVkY5NE1pOE54OUxJT0RYSVdUMWZ4M3ltbXlLaURXdFhicmI3LUw5MXd2YWJpcHlvelQtd09oLXlINUlaZDVxMjBTcjA2dXh0c0hHVUlHRHdZQl9QOWx0dmRrTFp5cUZLemJWbkZ1dWdZUkNhX2FMMWxQTmV3NkxENDQ5bENn?oc=5,,False,본문 수집 제한 개수를 초과했습니다.,False,,2026-09-13 09:21:31
미국,커머스,커머스,커머스 stock market earnings investment,How is Alibaba’s Quick Commerce Shaking up the Market? - Supply Chain Digital,https://news.google.com/rss/articles/CBMiigFBVV95cUxOWFZwSktZck5FbjFwbGVkLUFtTEhHLU1zODc3blF6WjZRaUVnWk1xVjhsUk9sRUc4V2J1WG5TRllMYkp6Y0h6aFFJRFBzWldIS0FMUExJOFl3cTFUUmFNYlNzYXR0NDh0NzBGekNjd016M0JXYnhZaGtwclRKNzRSMS1fU3dMTGNDQWc?oc=5,"Thu, 27 Nov 2025 08:00:00 GMT",Supply Chain Digital,플랫폼/인터넷,https://news.google.com/rss/articles/CBMiigFBVV95cUxOWFZwSktZck5FbjFwbGVkLUFtTEhHLU1zODc3blF6WjZRaUVnWk1xVjhsUk9sRUc4V2J1WG5TRllMYkp6Y0h6aFFJRFBzWldIS0FMUExJOFl3cTFUUmFNYlNzYXR0NDh0NzBGekNjd016M0JXYnhZaGtwclRKNzRSMS1fU3dMTGNDQWc?oc=5,,False,본문 수집 제한 개수를 초과했습니다.,False,,2026-09-13 09:21:31
미국,광고 매출,광고 매출,광고 매출 stock market earnings investment,Trade Desk tanks 39% for worst day ever on CFO departure and competition from Amazon - CNBC,https://news.google.com/rss/articles/CBMingFBVV95cUxNdHhtckgyMktCS3FqMWZZT1l2QVV0NjB1OGNXM2x0R25xUzRTY2M5ZjRROGQzVllaOEY3WW4yVkVxNzlrallTZFFCNnlVeUlrV3ZTTTh6WnEyaEZ4dlVVTmxERkZjZ1RiZkhnN0NDdklmTkstVTZpRUlwVktvWXFxeVZqQzZLa045aENBYjN2VkRZd1U5bWpuRGZSeS1mUQ?oc=5,"Fri, 08 Aug 2025 07:00:00 GMT",CNBC,플랫폼/인터넷,https://news.google.com/rss/articles/CBMingFBVV95cUxNdHhtckgyMktCS3FqMWZZT1l2QVV0NjB1OGNXM2x0R25xUzRTY2M5ZjRROGQzVllaOEY3WW4yVkVxNzlrallTZFFCNnlVeUlrV3ZTTTh6WnEyaEZ4dlVVTmxERkZjZ1RiZkhnN0NDdklmTkstVTZpRUlwVktvWXFxeVZqQzZLa045aENBYjN2VkRZd1U5bWpuRGZSeS1mUQ?oc=5,,False,본문 수집 제한 개수를 초과했습니다.,False,,2026-09-13 09:21:31
일본,AI 서비스,AI 서비스,AI 서비스 日本 株式市場 企業,「企業価値100兆ウォン」ディープシーク、どれほど稼いでいるのか…上場控え観戦ポイント - s.japanese.joins.com,https://news.google.com/rss/articles/CBMiekFVX3lxTE1sSVl1Ry1qeU96M1pNaUNXQVZUcnNxSkFUOUx3aUNBYUlXZlVXSkhNTjdneW9OU043SS1TWXozSW00OHpXRHRWR1BYUUJSNWU4WjBnMGNlNHR3MVk1REZVX201LXZ2enlVckFkcFhab1dhVGxrdF9pM3Bn?oc=5,"Fri, 11 Sep 2026 07:02:00 GMT",s.japanese.joins.com,플랫폼/인터넷,https://s.japanese.joins.com/JArticle/354948?servcode=A00&sectcode=A00,s.japanese.joins.com,True,,True,,2026-09-13 09:21:31
일본,AI 서비스,AI 서비스,AI 서비스 日本 株式市場 企業,韓国とは異なる日本株式市場…同じ半導体急落でも静かだった日本 - s.japanese.joins.com,https://news.google.com/rss/articles/CBMiekFVX3lxTFBNRnkyMjdXOXNBTjVnbHlsNmdwaFRGaFVJU1Y0bWdhZUduN3RZcWtibzFVM2xobENWbXdmblFFZXdxMjVJRnQ1elFmOWQ4TmxRa24xTFJ6LW92MVRWVzUwUWFTMW9nVmR6c0o3MUstV0lGUEhjcUdNNXJR?oc=5,"Tue, 14 Jul 2026 07:00:00 GMT",s.japanese.joins.com,플랫폼/인터넷,https://s.japanese.joins.com/JArticle/351982?sectcode=A00&servcode=A00,s.japanese.joins.com,True,,True,,2026-09-13 09:21:31
일본,AI 서비스,AI 서비스,AI 서비스 日本 株式市場 企業,ソフトバンク、トヨタを抜き日本時価総額首位に - s.japanese.joins.com,https://news.google.com/rss/articles/CBMiekFVX3lxTFBoeDdiX1RRU1NxUDAxbGN5el9rY001Vzd2T3NEUFQ5NU1IZ2JZdjZSVDFFVFBfaGlhZU5HQjFkYkNjblU2b2FwTkZOMGJHMThkSzhITkdXUnNpSUs4MjhGMkJ6cEJpcmFpQ1NVNjZuakxtWm9RZ0xzS1Zn?oc=5,"Tue, 02 Jun 2026 07:00:00 GMT",s.japanese.joins.com,플랫폼/인터넷,https://s.japanese.joins.com/JArticle/349936?sectcode=A00&servcode=A00,s.japanese.joins.com,True,,True,,2026-09-13 09:21:31
일본,AI 서비스,AI 서비스,AI 서비스 日本 株式市場 企業,株式会社coffee houseとの業務提携契約締結のお知らせ - PR TIMES,https://news.google.com/rss/articles/CBMiakFVX3lxTE8tUkd0UWRjd2VUdFU2N3ViM0dVY2d5eUJZM0pfbThRd1hxX2ZRRGxIem9BcWhqY0xSdkVnV09ETTFGcjA0T2xjYW9OLVN5aUFOUjF5Mkw5TjJPUTJFYzN4d1FyOVQ1TFhBQVE?oc=5,"Mon, 27 Jan 2025 08:00:00 GMT",PR TIMES,플랫폼/인터넷,https://prtimes.jp/main/html/rd/p/000000228.000004458.html,prtimes.jp,True,,True,,2026-09-13 09:21:31
일본,AI 서비스,AI 서비스,AI 서비스 日本 株式市場 企業,トレンドマイクロ (JP) | エンタープライズ向けグローバルAIサイバーセキュリティプラットフォーム - www.trendmicro.com,https://news.google.com/rss/articles/CBMiWkFVX3lxTFBOMEtWVFYzWDhwZWZrcEo5cHFMX1pXWGFMckNlUWdObFRUc19UaUU0TnhzbUVZT2F2NXFDcUdJTmNYQ0xIODA5U0w1dUVmNjU2UFY1UzBKX1dzUQ?oc=5,"Fri, 01 Sep 2017 14:21:45 GMT",www.trendmicro.com,플랫폼/인터넷,https://news.google.com/rss/articles/CBMiWkFVX3lxTFBOMEtWVFYzWDhwZWZrcEo5cHFMX1pXWGFMckNlUWdObFRUc19UaUU0TnhzbUVZT2F2NXFDcUdJTmNYQ0xIODA5U0w1dUVmNjU2UFY1UzBKX1dzUQ?oc=5,,False,본문 수집 제한 개수를 초과했습니다.,False,,2026-09-13 09:21:31
국내,미국 수출,미국 수출,미국 수출,K-마스크팩 10년 미국 수출한 코웰코스메디…‘미모랑’ 앞세워 20여 개국 공략 - peoplegate.co.kr,https://news.google.com/rss/articles/CBMipAFBVV95cUxOOFhHaVIyaElsNEtSbWF4M3RKX29pNEFEVWJ3cE9nSXBKTFgxQ0tEaHZLUERVV2wzMWhGTXk2d2ZyeGRLYkZ3QVFSbG9JdGxSOEhoUS1oQ2s5SUJVd094LTYySmN0LW1WS1pWNUEyZWQwTExya1dZdnUyYVljSW9OZ3Rvb3VkMVl3bGF2bG9sS3VrZ0FWSDRSZmw4YkxFaEIzWnZkQQ?oc=5,"Sat, 12 Sep 2026 22:32:00 GMT",peoplegate.co.kr,화장품/소비재,https://news.google.com/rss/articles/CBMipAFBVV95cUxOOFhHaVIyaElsNEtSbWF4M3RKX29pNEFEVWJ3cE9nSXBKTFgxQ0tEaHZLUERVV2wzMWhGTXk2d2ZyeGRLYkZ3QVFSbG9JdGxSOEhoUS1oQ2s5SUJVd094LTYySmN0LW1WS1pWNUEyZWQwTExya1dZdnUyYVljSW9OZ3Rvb3VkMVl3bGF2bG9sS3VrZ0FWSDRSZmw4YkxFaEIzWnZkQQ?oc=5,,False,429 Client Error: Too Many Requests for url: https://www.google.com/sorry/index?continue=https://www.peoplegate.co.kr/2026/09/news-cowell-cosmedi-kbeauty-mimorang-mask-pack-global-export.html&q=EgQUbSaiGJrZl9UGIi36F5pHwQUKcc5FXIBmAlrEBDoKb0M4pKbMlvlZMHrNUUh-l2YGgUdE27gaCw0yAnJSWgFD,True,,2026-09-13 09:22:22
국내,K뷰티,K뷰티,K뷰티,K-뷰티 상위 톱10 생산 비중 5.7%로 감소…브랜드 늘고 수출국 다변화 - 뉴스1,https://news.google.com/rss/articles/CBMiZEFVX3lxTE93V2lMZzNpWV90aHVZYm52eFBXaTFPSnM4M0V3ZDI0X1IwNU5yaW1fOTNJZVl4M3hEUFZZMEh6dVpOUGFrazdoUDNiNW5ZcHBYaTJ3dGtuU2xZNFpfaVgxWGYzSWfSAWpBVV95cUxNUzBZUnc5Uk1pcTJ1WlZLRGF0T1hZdml4a2w5b3kxU19ERzVHbU83SW9SUngxWTJHOTdvYUtXeUpHMEg3VUlmQmFrYmhoTzFhNl9iSlhVSGFLZVBDR01hUE10bWZzNWZ5d05R?oc=5,"Sat, 12 Sep 2026 21:20:00 GMT",뉴스1,화장품/소비재,https://news.google.com/rss/articles/CBMiZEFVX3lxTE93V2lMZzNpWV90aHVZYm52eFBXaTFPSnM4M0V3ZDI0X1IwNU5yaW1fOTNJZVl4M3hEUFZZMEh6dVpOUGFrazdoUDNiNW5ZcHBYaTJ3dGtuU2xZNFpfaVgxWGYzSWfSAWpBVV95cUxNUzBZUnc5Uk1pcTJ1WlZLRGF0T1hZdml4a2w5b3kxU19ERzVHbU83SW9SUngxWTJHOTdvYUtXeUpHMEg3VUlmQmFrYmhoTzFhNl9iSlhVSGFLZVBDR01hUE10bWZzNWZ5d05R?oc=5,,False,403 Client Error: Forbidden for url: https://www.news1.kr/industry/general-industry/6283399,True,,2026-09-13 09:22:22
국내,소비재,소비재,소비재,아프리카서 한국 소비재 수출대전 최초 개최 - 데일리뉴스,https://news.google.com/rss/articles/CBMiwwJBVV95cUxPSm56bkJQUHlJRzR0YUcxbElLTmlaT0kxSTRpTEpJbGtKTGExQWdKUGVpaWFMOVBVbTNLLVFiZ0gxRDZlQUNETjJaMmFZWlJ4X3pwWVdSNE11MXpjaVFXdElVQ2VhRzh5aFJVMGhqcm0tUm5EOFdhUy13QUpPdnVqaG5heURZZ3BETTNFNnk0YV8xcVBDNVpvbkJWWElLcHBFRTNDdVpZa2Z0M2xfTTdJWElBNVEzTGtfTUE5cjBzUkRjZ2xTSElsRHZzWE1zRlBuWV9Tcm5UVHVVeS1xY3lHcFV4dEk3T0R5SHRNZUxvLTVLcEZQVTZFOXVSSkRzeHQ1TTRFM1lGdmpPLTEwcTI3LXRPQW9jVGM0T0p4WExfT2NFMk0zdTZIVTV4UDhCSGYxeGhuVWtYRmxKb1p6MjI2RG41OA?oc=5,"Sat, 12 Sep 2026 19:24:00 GMT",데일리뉴스,화장품/소비재,https://idailynews.co.kr/article/%EC%95%84%ED%94%84%EB%A6%AC%EC%B9%B4%EC%84%9C-%ED%95%9C%EA%B5%AD-%EC%86%8C%EB%B9%84%EC%9E%AC-%EC%88%98%EC%B6%9C%EB%8C%80%EC%A0%84-%EC%B5%9C%EC%B4%88-%EA%B0%9C%EC%B5%9C-9481fa79bfbf1f25ea97,idailynews.co.kr,True,,True,,2026-09-13 09:22:22
국내,중국 소비,중국 소비,중국 소비,"외국인, 중국에서 2,636억 위안 썼다 - knpp.co.kr",https://news.google.com/rss/articles/CBMiQ0FVX3lxTE4zUEIwN2FSZmVjelNKaE56YUpUaVg4SThaSHRqUy1Xd2V0UThwa1lYMllNWEdxLTVncjZucVFFeW1NUFE?oc=5,"Sat, 12 Sep 2026 15:31:40 GMT",knpp.co.kr,화장품/소비재,http://knpp.co.kr/news/547658,knpp.co.kr,True,,True,,2026-09-13 09:22:22
국내,K뷰티,K뷰티,K뷰티,[현장]K-뷰티 타고 뜨는 '약국템'…무신사·온누리 결합에 약국가 긴장 - 약사공론,https://news.google.com/rss/articles/CBMibEFVX3lxTE5KZ19XWXNwQ2NxODNsVUdOcjJJQy1OSTF3NmlXUjVBbEJiOGk4VDRKdG9mN3lVZFN4SmxZeEt5UHVuV3daZ2ZORy1hRWJIUUI5N2hrNlE5MF81Zld4RnpfUV9rNjdoUzhNRHR4Vw?oc=5,"Sat, 12 Sep 2026 14:48:19 GMT",약사공론,화장품/소비재,https://news.google.com/rss/articles/CBMibEFVX3lxTE5KZ19XWXNwQ2NxODNsVUdOcjJJQy1OSTF3NmlXUjVBbEJiOGk4VDRKdG9mN3lVZFN4SmxZeEt5UHVuV3daZ2ZORy1hRWJIUUI5N2hrNlE5MF81Zld4RnpfUV9rNjdoUzhNRHR4Vw?oc=5,,False,본문 수집 제한 개수를 초과했습니다.,False,,2026-09-13 09:22:22
국내,중국 소비,중국 소비,중국 소비,"중국 8월 소비자물가 0.8% 상승…숫자는 안정, 체감물가는 엇갈렸다 - 얼리어답터뉴스",https://news.google.com/rss/articles/CBMiSkFVX3lxTFA3c0J3bENObFBST05BdUEtOEFqM0NfekQyU3U3b0hQenJabVVyVmZuNzVSbnkxVjhaTVg1ZUR3TVI5d05iYUpMOUxR?oc=5,"Sat, 12 Sep 2026 12:48:34 GMT",얼리어답터뉴스,화장품/소비재,https://news.google.com/rss/articles/CBMiSkFVX3lxTFA3c0J3bENObFBST05BdUEtOEFqM0NfekQyU3U3b0hQenJabVVyVmZuNzVSbnkxVjhaTVg1ZUR3TVI5d05iYUpMOUxR?oc=5,,False,본문 수집 제한 개수를 초과했습니다.,False,,2026-09-13 09:22:22
국내,미국 수출,미국 수출,미국 수출,"미국, 한국산 유정용 강관 반덤핑 관세 유지 확정…5개국 대상 2차 일몰재심 완료 - 글로벌이코노믹",https://news.google.com/rss/articles/CBMiiAFBVV95cUxQRnNHWWtUdUZIRXkxWDB6UjBHS3NkRW9ISHJ0VWlkYjVBYzhEVF9qYndENlFHbzBneUF0a2JXWHFaMzZGX3BfUTljV0ttb0FOS3dIWXpmNXdMaDFTZkdCU25TZkk1UTdVNEVZdFFsZXhLTWRIbUFMMVpXcWRFdkt2XzBTUlpTMDRQ?oc=5,"Sat, 12 Sep 2026 12:00:31 GMT",글로벌이코노믹,화장품/소비재,https://news.google.com/rss/articles/CBMiiAFBVV95cUxQRnNHWWtUdUZIRXkxWDB6UjBHS3NkRW9ISHJ0VWlkYjVBYzhEVF9qYndENlFHbzBneUF0a2JXWHFaMzZGX3BfUTljV0ttb0FOS3dIWXpmNXdMaDFTZkdCU25TZkk1UTdVNEVZdFFsZXhLTWRIbUFMMVpXcWRFdkt2XzBTUlpTMDRQ?oc=5,,False,본문 수집 제한 개수를 초과했습니다.,False,,2026-09-13 09:22:22
국내,소비재,소비재,소비재,올리브영·무신사·신세계백화점과 해외로…K-소비재 188개사 집중 지원 - 산학뉴스,https://news.google.com/rss/articles/CBMia0FVX3lxTE8yVnNkMEFGcDhQU3c0UWdxdTJ4eGh2emUwaTd4MlF3cjZRZkNpMmVZcmlxbUVySEVJWmFENlVsbG5mZVVqTmhpa1RpUVdlMTVtZU1OZG4yU3IyVjRXdC1LSGhkZ25MYUxuTzlr?oc=5,"Sat, 12 Sep 2026 10:35:06 GMT",산학뉴스,화장품/소비재,https://news.google.com/rss/articles/CBMia0FVX3lxTE8yVnNkMEFGcDhQU3c0UWdxdTJ4eGh2emUwaTd4MlF3cjZRZkNpMmVZcmlxbUVySEVJWmFENlVsbG5mZVVqTmhpa1RpUVdlMTVtZU1OZG4yU3IyVjRXdC1LSGhkZ25MYUxuTzlr?oc=5,,False,본문 수집 제한 개수를 초과했습니다.,False,,2026-09-13 09:22:22
국내,미국 수출,미국 수출,미국 수출,"트럼프 “중국자동차, 미국서 공장 짓고 생산하면 OK…일자리 창출이 핵심” - 경기일보",https://news.google.com/rss/articles/CBMiW0FVX3lxTFBMQmdodEx6OVcyUkNEUV9fRVhxWU5HYVdmUThsUFpqcGdRVXI5SEdZRS1xaFZZbEZMTVRCT0F3TTE0Q2lFeTVmeE9qekY3MkRWNVN0amNyTFgzbzg?oc=5,"Sat, 12 Sep 2026 06:25:24 GMT",경기일보,화장품/소비재,https://news.google.com/rss/articles/CBMiW0FVX3lxTFBMQmdodEx6OVcyUkNEUV9fRVhxWU5HYVdmUThsUFpqcGdRVXI5SEdZRS1xaFZZbEZMTVRCT0F3TTE0Q2lFeTVmeE9qekY3MkRWNVN0amNyTFgzbzg?oc=5,,False,본문 수집 제한 개수를 초과했습니다.,False,,2026-09-13 09:22:22
국내,화장품,화장품,화장품,갈비·화장품 싸게 사고 팝업도 즐기고…추석 앞둔 유통가 할인전 - 조선일보,https://news.google.com/rss/articles/CBMiigFBVV95cUxPOHhZVkhERGlzVEdZUVVQSVdkeWthZzRHR04xSGRjUUt4YmhwbjRDNTRzcHJiYVc2QVpNNnFaaDZkaHl4a0cyZWJmcV9LSk1BZFVIbFNhS3A2YU94dC1ZM1RpbUVMRG0wb0hQZUNJa3drZmVLa2NwYXo0Zmp3dnVrTFhKc3E5dzdTb3c?oc=5,"Sat, 12 Sep 2026 04:09:16 GMT",조선일보,화장품/소비재,https://news.google.com/rss/articles/CBMiigFBVV95cUxPOHhZVkhERGlzVEdZUVVQSVdkeWthZzRHR04xSGRjUUt4YmhwbjRDNTRzcHJiYVc2QVpNNnFaaDZkaHl4a0cyZWJmcV9LSk1BZFVIbFNhS3A2YU94dC1ZM1RpbUVMRG0wb0hQZUNJa3drZmVLa2NwYXo0Zmp3dnVrTFhKc3E5dzdTb3c?oc=5,,False,본문 수집 제한 개수를 초과했습니다.,False,,2026-09-13 09:22:22
국내,K뷰티,K뷰티,K뷰티,日 대표 증권사도 “한국으로”…K뷰티에 꽂힌 글로벌 큰손들 [김연하의 킬링이슈] - sedaily.com,https://news.google.com/rss/articles/CBMiUkFVX3lxTFBwQ1YwNXpDelNmMl91OHdZUHA3aTZYOVZsbEt3bHp2N3h0RUxSZXdjZTlXeS12R3BYOVVLb1hId0JldXdURjdEVTJlNkRLMlVPZEHSAVNBVV95cUxOUFA5UWZSaEhqNkVUQkdocGZmbk5JQkNRS1JQR0NVdU5MdW1zVGNrOVN1ZmRIcVlnSFN0My1FdTk2WEZiN2RLWXdodmtJWF9wM21TRQ?oc=5,"Sat, 12 Sep 2026 03:20:00 GMT",sedaily.com,화장품/소비재,https://news.google.com/rss/articles/CBMiUkFVX3lxTFBwQ1YwNXpDelNmMl91OHdZUHA3aTZYOVZsbEt3bHp2N3h0RUxSZXdjZTlXeS12R3BYOVVLb1hId0JldXdURjdEVTJlNkRLMlVPZEHSAVNBVV95cUxOUFA5UWZSaEhqNkVUQkdocGZmbk5JQkNRS1JQR0NVdU5MdW1zVGNrOVN1ZmRIcVlnSFN0My1FdTk2WEZiN2RLWXdodmtJWF9wM21TRQ?oc=5,,False,본문 수집 제한 개수를 초과했습니다.,False,,2026-09-13 09:22:22
국내,K뷰티,K뷰티,K뷰티,"""올리브영 잡아라""…K-뷰티 특화 매장으로 도전장 - yna.co.kr",https://news.google.com/rss/articles/CBMiW0FVX3lxTFBvenJOdmdxVnJMdEd3Y05RQmpfUW02aFhBRkhRckRPcG1GdTMwVmFZVUhPdjJiR2E5MnpicjBnS2FkUUVXd1F2eUltQUtKUTNhYkVURmtxYTZidkHSAWBBVV95cUxQUmJWa25aWWI4cnRWRnFteThjVmRjdDk2RWRibEJwUEJTS2hUbGs3blBId21INW5TaUpfSVdiV1I5SFVWbkc4SnE0UnF6b1E4VEdsMHJaQ0ZlcTlkM1g0S2k?oc=5,"Sat, 12 Sep 2026 00:20:04 GMT",yna.co.kr,화장품/소비재,https://news.google.com/rss/articles/CBMiW0FVX3lxTFBvenJOdmdxVnJMdEd3Y05RQmpfUW02aFhBRkhRckRPcG1GdTMwVmFZVUhPdjJiR2E5MnpicjBnS2FkUUVXd1F2eUltQUtKUTNhYkVURmtxYTZidkHSAWBBVV95cUxQUmJWa25aWWI4cnRWRnFteThjVmRjdDk2RWRibEJwUEJTS2hUbGs3blBId21INW5TaUpfSVdiV1I5SFVWbkc4SnE0UnF6b1E4VEdsMHJaQ0ZlcTlkM1g0S2k?oc=5,,False,본문 수집 제한 개수를 초과했습니다.,False,,2026-09-13 09:22:22
국내,K뷰티,K뷰티,K뷰티,"""스페인어·아랍어 할 사람 찾습니다""…K뷰티 잘나가자 달라진 채용 - 머니투데이 - 머니투데이",https://news.google.com/rss/articles/CBMiakFVX3lxTE9jRXJUSU1OTDNpMFBnVzJKQjBnd2paMmZGVjBTZVRnWEhOQjE0cWNESlIwcHYwTGp5LVZ4VHROdnZfUHk5Y2M5RXJPQmFweGV0cHBZcWhTd2RubnlLWkZiejV6UXp5YTVLLWfSAW9BVV95cUxORTFjVEc4U2FsQnVra1FtdjNkaWRoYWRTWlRkNEtPZE9EWVhvenAzWEZxS0JJR3RyZnZacGhhV0JiZFlsQ0Nkck4xTjd1QkRWc05ZVEppTlZCN1J3V0FoXzlYUGdTWFJucjdzODRMUEk?oc=5,"Sat, 12 Sep 2026 00:00:00 GMT",머니투데이,화장품/소비재,https://news.google.com/rss/articles/CBMiakFVX3lxTE9jRXJUSU1OTDNpMFBnVzJKQjBnd2paMmZGVjBTZVRnWEhOQjE0cWNESlIwcHYwTGp5LVZ4VHROdnZfUHk5Y2M5RXJPQmFweGV0cHBZcWhTd2RubnlLWkZiejV6UXp5YTVLLWfSAW9BVV95cUxORTFjVEc4U2FsQnVra1FtdjNkaWRoYWRTWlRkNEtPZE9EWVhvenAzWEZxS0JJR3RyZnZacGhhV0JiZFlsQ0Nkck4xTjd1QkRWc05ZVEppTlZCN1J3V0FoXzlYUGdTWFJucjdzODRMUEk?oc=5,,False,본문 수집 제한 개수를 초과했습니다.,False,,2026-09-13 09:22:22
국내,화장품,화장품,화장품,"""주식·아파트 대출로 10억 날려""…'정도전' 이병욱, 화장품 방문판매원 된 근황 - 파이낸셜뉴스",https://news.google.com/rss/articles/CBMiWkFVX3lxTE5haFNaMUFvQ0MxYTBaTzJoWlNFSlpEV1VIeTVNYzU3OHpwcmRZZ2E2WlJZdGZ1VFhvUnZDQjVIZmNneE5uMmlXeTRlRlI1bGxEQ19SVkRiZlJldw?oc=5,"Fri, 11 Sep 2026 22:40:00 GMT",파이낸셜뉴스,화장품/소비재,https://news.google.com/rss/articles/CBMiWkFVX3lxTE5haFNaMUFvQ0MxYTBaTzJoWlNFSlpEV1VIeTVNYzU3OHpwcmRZZ2E2WlJZdGZ1VFhvUnZDQjVIZmNneE5uMmlXeTRlRlI1bGxEQ19SVkRiZlJldw?oc=5,,False,본문 수집 제한 개수를 초과했습니다.,False,,2026-09-13 09:22:22
국내,화장품,화장품,화장품,"충북바이오산학융합원-충북대, K-바이오·화장품 인재 '함께 양성' - 뉴데일리 충청세종",https://news.google.com/rss/articles/CBMiekFVX3lxTE1jSHVGZ0ZZYkNvUlF2TjgwVFgtdWJLREEwVDBtSGlSaHB6MGloRS1FWGZRY29CWGNnMzhaNlk0Wk52dFJPY2QzaWdoNjBLcTRjeThwZTBoVFJxZk5WOElMTGNEVkFjd2w0MUJPU0dwNV93bDZmOG5JWktB0gF_QVVfeXFMT3haYTNwZTRoeUNOWm1VVWFlQ3M3VUc0Y0pDOEJnZEFOUWVYNWk4V3FBeDAwWGZzUXMyUGgyWGlNME42MWFMRlhOXzRGcnNuaVUyOWlwcHByRDJYZjFmcmV2el9sMV96eVpMa1o2X2tISTBSaVNlM216aGZjQkZzMA?oc=5,"Fri, 11 Sep 2026 09:15:44 GMT",뉴데일리 충청세종,화장품/소비재,https://news.google.com/rss/articles/CBMiekFVX3lxTE1jSHVGZ0ZZYkNvUlF2TjgwVFgtdWJLREEwVDBtSGlSaHB6MGloRS1FWGZRY29CWGNnMzhaNlk0Wk52dFJPY2QzaWdoNjBLcTRjeThwZTBoVFJxZk5WOElMTGNEVkFjd2w0MUJPU0dwNV93bDZmOG5JWktB0gF_QVVfeXFMT3haYTNwZTRoeUNOWm1VVWFlQ3M3VUc0Y0pDOEJnZEFOUWVYNWk4V3FBeDAwWGZzUXMyUGgyWGlNME42MWFMRlhOXzRGcnNuaVUyOWlwcHByRDJYZjFmcmV2el9sMV96eVpMa1o2X2tISTBSaVNlM216aGZjQkZzMA?oc=5,,False,본문 수집 제한 개수를 초과했습니다.,False,,2026-09-13 09:22:22
국내,중국 소비,중국 소비,중국 소비,"중국 소비시장, ‘물건’에서 ‘경험’으로 - 뉴스N연합",https://news.google.com/rss/articles/CBMiSkFVX3lxTE91eDJ2cllBN2h0WmVxSHNBY0puSjZmZy0xaV9OVUxmbE50OGRkckFLZmszaE9iMDJSellET0ZHbTlYREQwdEF1MTRn?oc=5,"Fri, 11 Sep 2026 07:00:00 GMT",뉴스N연합,화장품/소비재,https://news.google.com/rss/articles/CBMiSkFVX3lxTE91eDJ2cllBN2h0WmVxSHNBY0puSjZmZy0xaV9OVUxmbE50OGRkckFLZmszaE9iMDJSellET0ZHbTlYREQwdEF1MTRn?oc=5,,False,본문 수집 제한 개수를 초과했습니다.,False,,2026-09-13 09:22:22
국내,화장품,화장품,화장품,"한국화장품제조, 23% 뛰며 52주 신고가…K뷰티 수출 호조에 거래 폭발 - 잡포스트",https://news.google.com/rss/articles/CBMibkFVX3lxTE1GT0oxaHZydU1LLVhHN2NzRExBemVhbXplVFpCeWJnaXpfNzM5MTFNX0ZOVUh3NkN0VmRQRjQzMVpIWi1Vc2VLOUJnMVVrbVh0MWdvUDVNN0R5ZVBfSWZoWXpROVF0MFNlYlpfcW530gFyQVVfeXFMTTduX3ZDSmd1S0w2c3loeHBpS0RLenNyY3VEU3oteFFmR3dFNkNrRVhMRUctek82WHdVTi1pUEpVS1Znam9mTERQdE5halBKcWpEQmRsUGRZMklxUmJnOFRfRnVJWm9oeEgxZjBSOGN4a2NB?oc=5,"Fri, 11 Sep 2026 05:38:53 GMT",잡포스트,화장품/소비재,https://news.google.com/rss/articles/CBMibkFVX3lxTE1GT0oxaHZydU1LLVhHN2NzRExBemVhbXplVFpCeWJnaXpfNzM5MTFNX0ZOVUh3NkN0VmRQRjQzMVpIWi1Vc2VLOUJnMVVrbVh0MWdvUDVNN0R5ZVBfSWZoWXpROVF0MFNlYlpfcW530gFyQVVfeXFMTTduX3ZDSmd1S0w2c3loeHBpS0RLenNyY3VEU3oteFFmR3dFNkNrRVhMRUctek82WHdVTi1pUEpVS1Znam9mTERQdE5halBKcWpEQmRsUGRZMklxUmJnOFRfRnVJWm9oeEgxZjBSOGN4a2NB?oc=5,,False,본문 수집 제한 개수를 초과했습니다.,False,,2026-09-13 09:22:22
국내,소비재,소비재,소비재,"중국 소비재 브랜드의 한국 상륙, 새로운 경쟁의 시작 - kpmg.com",https://news.google.com/rss/articles/CBMicEFVX3lxTE5tbkR3bHhDczB2QTRVTVNmZHVPMV9qRTRNNFNldncxMlR1ZWV3WTFsQzd4WlBtUmJ4QWdsU2h4dWF2SkJNYmt2S1haMHpHU2xOSm0ySXl1U1dPRFhaUVhCcXhobmNyaE1qMkZEZ3hza3o?oc=5,"Fri, 11 Sep 2026 00:43:41 GMT",kpmg.com,화장품/소비재,https://news.google.com/rss/articles/CBMicEFVX3lxTE5tbkR3bHhDczB2QTRVTVNmZHVPMV9qRTRNNFNldncxMlR1ZWV3WTFsQzd4WlBtUmJ4QWdsU2h4dWF2SkJNYmt2S1haMHpHU2xOSm0ySXl1U1dPRFhaUVhCcXhobmNyaE1qMkZEZ3hza3o?oc=5,,False,본문 수집 제한 개수를 초과했습니다.,False,,2026-09-13 09:22:22
국내,화장품,화장품,화장품,“외국인들 화장품 쇼핑 여기서 끝내겠네”…무신사 400평 뷰티 매장 가보니 [현장] - mk.co.kr,https://news.google.com/rss/articles/CBMiVkFVX3lxTE90WVF3OXhGZ0FFLWViaHplYnlxYW5yZkhrNlJobmlLTE1CVFlhSG1fRkFNaEdtMFVKYTRhMk9wOGxsUXhVUS1sRWVqRERRQTkxblhNUkhR?oc=5,"Thu, 10 Sep 2026 23:10:41 GMT",mk.co.kr,화장품/소비재,https://news.google.com/rss/articles/CBMiVkFVX3lxTE90WVF3OXhGZ0FFLWViaHplYnlxYW5yZkhrNlJobmlLTE1CVFlhSG1fRkFNaEdtMFVKYTRhMk9wOGxsUXhVUS1sRWVqRERRQTkxblhNUkhR?oc=5,,False,본문 수집 제한 개수를 초과했습니다.,False,,2026-09-13 09:22:22
국내,소비재,소비재,소비재,"수출상담·팝업 한자리에…중진공, K-소비재 中企 800여 곳 모집 - 서울경제TV",https://news.google.com/rss/articles/CBMiZEFVX3lxTFBXZVlIN3gtVHFUNjdDSXp1VFQ2VUVrNF9iQXlUb3d4TF9kcVk5a1hCcGpKS19NaVNtWThwNUI0UDBrRDRHZVhsaURtX1dGaEZYdE5GNFEwYTBlOEhWcWVHLVdHQkE?oc=5,"Thu, 10 Sep 2026 02:58:38 GMT",서울경제TV,화장품/소비재,https://news.google.com/rss/articles/CBMiZEFVX3lxTFBXZVlIN3gtVHFUNjdDSXp1VFQ2VUVrNF9iQXlUb3d4TF9kcVk5a1hCcGpKS19NaVNtWThwNUI0UDBrRDRHZVhsaURtX1dGaEZYdE5GNFEwYTBlOEhWcWVHLVdHQkE?oc=5,,False,본문 수집 제한 개수를 초과했습니다.,False,,2026-09-13 09:22:22
국내,미국 수출,미국 수출,미국 수출,연말 이후 달라지는 첨단 IC 공급망: 승인 IC 설계기업(Approved IC Designer) 제도와 기업 대응 과제 - lawtimes.co.kr,https://news.google.com/rss/articles/CBMickFVX3lxTE5mVnluMkpHVWpVdXBTWDZNTTBIdVoxTmpTeVE3YXB2dVJ3eFlwZzAtbXRnR0VJYkFYSzFoS1VRWHFOTy02alJiNUtLM25WOFo1R3NIRjQyTG5PX0RXT0o0Snp1YzdUNHZDQ2ZERk9oSGxKd9IBckFVX3lxTE5mVnluMkpHVWpVdXBTWDZNTTBIdVoxTmpTeVE3YXB2dVJ3eFlwZzAtbXRnR0VJYkFYSzFoS1VRWHFOTy02alJiNUtLM25WOFo1R3NIRjQyTG5PX0RXT0o0Snp1YzdUNHZDQ2ZERk9oSGxKdw?oc=5,"Thu, 10 Sep 2026 02:20:20 GMT",lawtimes.co.kr,화장품/소비재,https://news.google.com/rss/articles/CBMickFVX3lxTE5mVnluMkpHVWpVdXBTWDZNTTBIdVoxTmpTeVE3YXB2dVJ3eFlwZzAtbXRnR0VJYkFYSzFoS1VRWHFOTy02alJiNUtLM25WOFo1R3NIRjQyTG5PX0RXT0o0Snp1YzdUNHZDQ2ZERk9oSGxKd9IBckFVX3lxTE5mVnluMkpHVWpVdXBTWDZNTTBIdVoxTmpTeVE3YXB2dVJ3eFlwZzAtbXRnR0VJYkFYSzFoS1VRWHFOTy02alJiNUtLM25WOFo1R3NIRjQyTG5PX0RXT0o0Snp1YzdUNHZDQ2ZERk9oSGxKdw?oc=5,,False,본문 수집 제한 개수를 초과했습니다.,False,,2026-09-13 09:22:22
국내,미국 수출,미국 수출,미국 수출,"제주관광대, 산학협력으로 제주 특산물 간편식 미국 수출에 기여 - 한국대학신문",https://news.google.com/rss/articles/CBMiZkFVX3lxTE9lajVVcWNuOVhwWnI0SUh3a1RLUGNNdEFyemNWV1ZJbXY3S09GOHZJemxKM3EyTjQ3OHk1RHNPYkIwVkF4NUlHWXczU3VHVmFMN0V2YnlpRHBpWVZ1NkQ4cDh3ZHBSQQ?oc=5,"Wed, 09 Sep 2026 07:00:00 GMT",한국대학신문,화장품/소비재,https://news.google.com/rss/articles/CBMiZkFVX3lxTE9lajVVcWNuOVhwWnI0SUh3a1RLUGNNdEFyemNWV1ZJbXY3S09GOHZJemxKM3EyTjQ3OHk1RHNPYkIwVkF4NUlHWXczU3VHVmFMN0V2YnlpRHBpWVZ1NkQ4cDh3ZHBSQQ?oc=5,,False,본문 수집 제한 개수를 초과했습니다.,False,,2026-09-13 09:22:22
국내,소비재,소비재,소비재,"중기부, 글로벌 일류 지원 'K-소비재' 기업 188곳 선정 - 지디넷코리아",https://news.google.com/rss/articles/CBMiVkFVX3lxTE5wMGl2NkpTakJzbTFxQkZZSzdmVldzX3VWZFpIVTctU0xaekV2MXlHSGJDU1ZNZ3ZXQnB3Y3A3c3IzLUg5Ny1qOUtURXZWVDNvZmhHcWNB?oc=5,"Tue, 08 Sep 2026 14:09:58 GMT",지디넷코리아,화장품/소비재,https://news.google.com/rss/articles/CBMiVkFVX3lxTE5wMGl2NkpTakJzbTFxQkZZSzdmVldzX3VWZFpIVTctU0xaekV2MXlHSGJDU1ZNZ3ZXQnB3Y3A3c3IzLUg5Ny1qOUtURXZWVDNvZmhHcWNB?oc=5,,False,본문 수집 제한 개수를 초과했습니다.,False,,2026-09-13 09:22:22
국내,중국 소비,중국 소비,중국 소비,"﻿대출 기간 40년·이자 지원 확대…중국, 소비와 부동산 살리기 총력 - 서울일보",https://news.google.com/rss/articles/CBMia0FVX3lxTE1KWUhhOUZiTlMxbGRXLXhwZ0pMMktvYmlsSzBQdjVZUTVERnFZZmo5VzlZRUlLcUpNelBudnVkTEs3OEhyc1RSVmtBZEZmeTZqTUNxY1dLRW1OTDRyTU9ZMTlqSTRwdV9TSzZj0gFvQVVfeXFMUDUtcXNBck1oaDROUjdpUjhVQW1yX1p0QVl1TEhwMTkwUWlobjZnTWk4WXFyMjNNWmFlZDJJWXRZUUV4QXVzUzdSV1UySzduOHpNY3REWFVWRWJZdl82WHVpRUZMSFFzY2FJallFRlhF?oc=5,"Tue, 08 Sep 2026 07:50:29 GMT",서울일보,화장품/소비재,https://news.google.com/rss/articles/CBMia0FVX3lxTE1KWUhhOUZiTlMxbGRXLXhwZ0pMMktvYmlsSzBQdjVZUTVERnFZZmo5VzlZRUlLcUpNelBudnVkTEs3OEhyc1RSVmtBZEZmeTZqTUNxY1dLRW1OTDRyTU9ZMTlqSTRwdV9TSzZj0gFvQVVfeXFMUDUtcXNBck1oaDROUjdpUjhVQW1yX1p0QVl1TEhwMTkwUWlobjZnTWk4WXFyMjNNWmFlZDJJWXRZUUV4QXVzUzdSV1UySzduOHpNY3REWFVWRWJZdl82WHVpRUZMSFFzY2FJallFRlhF?oc=5,,False,본문 수집 제한 개수를 초과했습니다.,False,,2026-09-13 09:22:22
국내,중국 소비,중국 소비,중국 소비,중국 소비시장의 규제와 강화에 적극 대응해야 - 중소기업투데이,https://news.google.com/rss/articles/CBMiaEFVX3lxTE93T2FXeGtfQXdRcFd2SzBkekFZbFA2ZE1LS3lOajU0d192dWV2YlM0VU1xZ1pRN3hjNnFWTmVpSHR0MUFsN19pRjFMZ2pJbVNSNkdXeE5XcU4yMnlIRHBHRXZPLVB1b2Zj0gFsQVVfeXFMUFE2V0FJenlyc09scktGeE5GVVdiRVNnM3JoR3I2SDV3Z0JhRzdfV0dlaW1uM05ZZkVpQUROWTdrRktZa2xXcUVXWW9jR0doQ3ExVzF6ZWNOalFyRWNmSjJqSzVKMU5fSXNyRzMw?oc=5,"Sun, 06 Sep 2026 07:37:45 GMT",중소기업투데이,화장품/소비재,https://news.google.com/rss/articles/CBMiaEFVX3lxTE93T2FXeGtfQXdRcFd2SzBkekFZbFA2ZE1LS3lOajU0d192dWV2YlM0VU1xZ1pRN3hjNnFWTmVpSHR0MUFsN19pRjFMZ2pJbVNSNkdXeE5XcU4yMnlIRHBHRXZPLVB1b2Zj0gFsQVVfeXFMUFE2V0FJenlyc09scktGeE5GVVdiRVNnM3JoR3I2SDV3Z0JhRzdfV0dlaW1uM05ZZkVpQUROWTdrRktZa2xXcUVXWW9jR0doQ3ExVzF6ZWNOalFyRWNmSjJqSzVKMU5fSXNyRzMw?oc=5,,False,본문 수집 제한 개수를 초과했습니다.,False,,2026-09-13 09:22:22
미국,미국 수출,미국 수출,미국 수출 stock market earnings investment,"Brent Tops $105 as U.S. Yields Near 5%, Squeezing Markets - Seoul Economic Daily",https://news.google.com/rss/articles/CBMipAFBVV95cUxQQnNZMFROTFJmWEM5YVotajRMUTg1clFXNTRZZW9lWHVLay1MOTYtVlJZN0xrYWVXM3hLaWVrS3JPeFExN2tRb1o2OF9xNXhVbEc0ZU5ScEZTT2h5cXM2ek5aN0NHWkR0eEtkLWZTanduakVERDZERHpfSjlVQTg1ZXJpT0Rjalk0Y0lFQ0F1Tk1UTEJ1NmFpRFRaNnhRemRKRVdlMw?oc=5,"Fri, 11 Sep 2026 01:00:05 GMT",Seoul Economic Daily,화장품/소비재,https://en.sedaily.com/finance/2026/09/11/brent-tops-105-as-us-yields-near-5-percent-squeezing-markets,en.sedaily.com,True,,True,,2026-09-13 09:22:22
미국,미국 수출,미국 수출,미국 수출 stock market earnings investment,TSMC Revenue Jumps 53% to Record for Second Straight Month - Seoul Economic Daily,https://news.google.com/rss/articles/CBMiowFBVV95cUxNV3VTc0wtNjZQdGctVElWbFExWmFFYXNQeXZHZE9rM2NDWDNManpCTkhZYndPR2dZQWlwcEdmdS00eEZsMjFnVUJBbnM4TG5XOW1fTUpyNm41SVNfeTdWejQtQlVDOUpJbGowUlFpOFhma2I1TGh6N1NtaWFuQXEzOTgxRV82U181U2E0LXlzYUpsVmxkWUNycHlPRDB1d0U0WWNN?oc=5,"Fri, 11 Sep 2026 01:00:05 GMT",Seoul Economic Daily,화장품/소비재,https://en.sedaily.com/society/2026/09/11/tsmc-revenue-jumps-53-percent-to-record-for-second-straight,en.sedaily.com,True,,True,,2026-09-13 09:22:22
미국,K뷰티,K뷰티,K뷰티 stock market earnings investment,"SK Securities sees K-beauty expansion in US, Europe but warns on stocks - CHOSUNBIZ - Chosunbiz",https://news.google.com/rss/articles/CBMigAFBVV95cUxPell1cU1yaXpDNkExWmFVV19YVzE2SmJfazJoZVVuVTN0ZkxOYnNiMU9BbmhHNVA2QW9iUGs3aGo3WDBOcWRkOFdYSEtNOGZ5ZVBsMEJVUGY4X3NMZzhhaHd0MjJGNVlQS0lOZm9UZHhIbXUwT3RNeHkwWFFBSS1GTtIBlAFBVV95cUxOa1NVaEtScXFFQ2JvWV93b0x0cXlYRTlOamdIb0RhdVMxUVNxc0h2aC1hWGZfMnplb1pMcG5WTlg0MjFiLU9adEd5LTVONGE1Q2tlY1BtaU1CWkh5T0RQdHZDeUszd1ZhR0ZIZDZia0JldDR2T0dFNGVnYmp6T0g4UzY5UlotVWFpcEp6SThXVzdFa0Jf?oc=5,"Sun, 06 Sep 2026 23:20:00 GMT",Chosunbiz,화장품/소비재,https://biz.chosun.com/en/en-finance/2026/09/07/S4WIU7KHGJFOPLYHFBVKBY3K6I/,biz.chosun.com,False,본문을 추출하지 못했습니다.,True,,2026-09-13 09:22:22
미국,소비재,소비재,소비재 stock market earnings investment,7 Dividend Stocks to Buy and Hold Forever | Investing - U.S. News Money,https://news.google.com/rss/articles/CBMiiwFBVV95cUxOb1ZhT00ybWF0ODg1WnQ2dVpVWFdncTRLcXgxcnpuVkQ1RUl0R1c4b1lGMk9SaGNmRkltRUEyTkxJN0d5OG1vLTV6aDRnWS1nVG1yYkdXUnk1N3JsNGh3Wkc1SnhETHk0RnlNTy1DWWRMcXpBTzBiQ2FDMHduUmozcTZubkFreVJfeWhn?oc=5,"Thu, 03 Sep 2026 07:00:00 GMT",U.S. News Money,화장품/소비재,https://news.google.com/rss/articles/CBMiiwFBVV95cUxOb1ZhT00ybWF0ODg1WnQ2dVpVWFdncTRLcXgxcnpuVkQ1RUl0R1c4b1lGMk9SaGNmRkltRUEyTkxJN0d5OG1vLTV6aDRnWS1nVG1yYkdXUnk1N3JsNGh3Wkc1SnhETHk0RnlNTy1DWWRMcXpBTzBiQ2FDMHduUmozcTZubkFreVJfeWhn?oc=5,,False,"HTTPSConnectionPool(host='money.usnews.com', port=443): Read timed out. (read timeout=10)",True,,2026-09-13 09:22:22
미국,미국 수출,미국 수출,미국 수출 stock market earnings investment,Intercontinental Exchange (ICE) Hits Record Natural Gas Open Interest As LNG Demand Grows - Yahoo Finance,https://news.google.com/rss/articles/CBMinwFBVV95cUxPV1pNVmRJTE1sbHoxa0tHa3pCMW5fUldfRmRxSDVKbXNyUGFjTldmQXJLQUxHYnc5N2pxcXZab0FZRkhMRC1FYldNVlU3UjJVbDI1VmlaRVRYQktRVXJQS3drN185Qy1reWdkY3BUUXlmVl9KdnhvUGZvQktDU3RCcU1yZl9SVkNIc1ZuVFczSWJjOWRwYnJhbDMwaUJfMnc?oc=5,"Fri, 17 Jul 2026 07:00:00 GMT",Yahoo Finance,화장품/소비재,https://news.google.com/rss/articles/CBMinwFBVV95cUxPV1pNVmRJTE1sbHoxa0tHa3pCMW5fUldfRmRxSDVKbXNyUGFjTldmQXJLQUxHYnc5N2pxcXZab0FZRkhMRC1FYldNVlU3UjJVbDI1VmlaRVRYQktRVXJQS3drN185Qy1reWdkY3BUUXlmVl9KdnhvUGZvQktDU3RCcU1yZl9SVkNIc1ZuVFczSWJjOWRwYnJhbDMwaUJfMnc?oc=5,,False,본문 수집 제한 개수를 초과했습니다.,False,,2026-09-13 09:22:22
미국,중국 소비,중국 소비,중국 소비 stock market earnings investment,China's Q2 economic growth cools to 3-1/2-year low as imbalances worsen - Yahoo Finance,https://news.google.com/rss/articles/CBMifEFVX3lxTFBQcHIycDlBQ3czNTRUZnZJQjlMYmJJMmVDUWVrcWZWNzZVdk0wZ2VGWG96bXNleEJsXzZDdmtVTldSLTVPM1RNLWNqaVpMU09LaFpFY2p1OWRNNVFpT3F0NnUyVlFsSTZsRWRqQ3U4dFhyZnFBR0toNzh3cXI?oc=5,"Wed, 15 Jul 2026 07:00:00 GMT",Yahoo Finance,화장품/소비재,https://news.google.com/rss/articles/CBMifEFVX3lxTFBQcHIycDlBQ3czNTRUZnZJQjlMYmJJMmVDUWVrcWZWNzZVdk0wZ2VGWG96bXNleEJsXzZDdmtVTldSLTVPM1RNLWNqaVpMU09LaFpFY2p1OWRNNVFpT3F0NnUyVlFsSTZsRWRqQ3U4dFhyZnFBR0toNzh3cXI?oc=5,,False,본문 수집 제한 개수를 초과했습니다.,False,,2026-09-13 09:22:22
미국,미국 수출,미국 수출,미국 수출 stock market earnings investment,SK hynix Earnings Outlook Lowered... Will KOSPI Overheating Debate Reignite? (Comprehensive) - 아시아경제,https://news.google.com/rss/articles/CBMiZEFVX3lxTFByTGVHeUpLdWQ2VW5qLVJja3c0OUFJZVZtSmRiOHFnWEpyQ1BMNDlWUVFnQ29LdUxjWVNZaWRzbGxkWENpY2pQMGYyZldWR2prMmo3S1U4SDJZNm92RGRFYmMtQWY?oc=5,"Mon, 13 Jul 2026 07:00:00 GMT",아시아경제,화장품/소비재,https://news.google.com/rss/articles/CBMiZEFVX3lxTFByTGVHeUpLdWQ2VW5qLVJja3c0OUFJZVZtSmRiOHFnWEpyQ1BMNDlWUVFnQ29LdUxjWVNZaWRzbGxkWENpY2pQMGYyZldWR2prMmo3S1U4SDJZNm92RGRFYmMtQWY?oc=5,,False,본문 수집 제한 개수를 초과했습니다.,False,,2026-09-13 09:22:22
미국,소비재,소비재,소비재 stock market earnings investment,Stock Market Forecast For Next Six Months: Why More Gains May Lie Ahead - Investor's Business Daily,https://news.google.com/rss/articles/CBMijAFBVV95cUxNeTFDTVlOLU9tckVpTGRXVDVPZV82elNENmpvN2pQSkpISk1iQmJoZXg0QzFCb0Zhb1ByNVR2eGhLSDZWU2thRVcydG9GTTZyY2tOOXZTdENHTW5ac3N0VERtVkZUdG1HbVV1aFVHcS1kdWtuLUN4S1MtSmlSQ0w3Mk5rbHl0bjJ2ZE5VeA?oc=5,"Wed, 01 Jul 2026 07:00:00 GMT",Investor's Business Daily,화장품/소비재,https://news.google.com/rss/articles/CBMijAFBVV95cUxNeTFDTVlOLU9tckVpTGRXVDVPZV82elNENmpvN2pQSkpISk1iQmJoZXg0QzFCb0Zhb1ByNVR2eGhLSDZWU2thRVcydG9GTTZyY2tOOXZTdENHTW5ac3N0VERtVkZUdG1HbVV1aFVHcS1kdWtuLUN4S1MtSmlSQ0w3Mk5rbHl0bjJ2ZE5VeA?oc=5,,False,본문 수집 제한 개수를 초과했습니다.,False,,2026-09-13 09:22:22
미국,소비재,소비재,소비재 stock market earnings investment,"3 Absurdly Cheap Stocks to Buy With $1,000 While the Market Is This Nervous - Yahoo Finance",https://news.google.com/rss/articles/CBMilwFBVV95cUxNX1R6emdkTUhWanpKX0ZKLWZCdldTdWp3TGFMb2FTTmRhVmRVVWR1MVc1SUNJa1pqLWJ0RjVLel9NVUcwUTd5clpuSURTenEyYW5VdnFDWlIyakU4dXVyREJyVU0zcEduckRxSlctTEhUZzcyV2tKZlVJOVI4bDMyZTZhaVBGXzExVVV4UHFXZG5CNVo0Yi1z?oc=5,"Fri, 05 Jun 2026 07:00:00 GMT",Yahoo Finance,화장품/소비재,https://news.google.com/rss/articles/CBMilwFBVV95cUxNX1R6emdkTUhWanpKX0ZKLWZCdldTdWp3TGFMb2FTTmRhVmRVVWR1MVc1SUNJa1pqLWJ0RjVLel9NVUcwUTd5clpuSURTenEyYW5VdnFDWlIyakU4dXVyREJyVU0zcEduckRxSlctTEhUZzcyV2tKZlVJOVI4bDMyZTZhaVBGXzExVVV4UHFXZG5CNVo0Yi1z?oc=5,,False,본문 수집 제한 개수를 초과했습니다.,False,,2026-09-13 09:22:22
미국,소비재,소비재,소비재 stock market earnings investment,Coca Cola Stock Will Hit a New All-Time High On This Date - 247wallst.com,https://news.google.com/rss/articles/CBMiowFBVV95cUxQM3diVmdmMEVaLXNBc01JaE1jaFM1cHpGSnI0Ri1NM3E0RmRMb2hCcF9wNVZmQnpYcTB6cjlMdFhkTExwUGhhb1BrY2N0WGNFUE1IUUN6T1JxcnJjUllEdmx2Slh2bEo3T0VpWWhSUWt0cFBaakJBTXNpQUJKbFh6NWYtT1ZOR3haVFozcTc1NF9MQXE4ZTNLNHFUR2RiYXF2THk0?oc=5,"Mon, 01 Jun 2026 07:00:00 GMT",247wallst.com,화장품/소비재,https://news.google.com/rss/articles/CBMiowFBVV95cUxQM3diVmdmMEVaLXNBc01JaE1jaFM1cHpGSnI0Ri1NM3E0RmRMb2hCcF9wNVZmQnpYcTB6cjlMdFhkTExwUGhhb1BrY2N0WGNFUE1IUUN6T1JxcnJjUllEdmx2Slh2bEo3T0VpWWhSUWt0cFBaakJBTXNpQUJKbFh6NWYtT1ZOR3haVFozcTc1NF9MQXE4ZTNLNHFUR2RiYXF2THk0?oc=5,,False,본문 수집 제한 개수를 초과했습니다.,False,,2026-09-13 09:22:22
미국,화장품,화장품,화장품 stock market earnings investment,"Investors' attention is focused on semiconductor stocks, which are market leaders, amid sharp volati.. - 매일경제",https://news.google.com/rss/articles/CBMiT0FVX3lxTE5NNG9ab1lZeHI1OW5pRlBJTWUxdFBLMVh6emY5eUhac2ZEX0ROSkJrZDVVb0R0Y0g3QmFfUkJsVHFDV1A0OGhYNW05YVh0M0U?oc=5,"Sun, 24 May 2026 07:00:00 GMT",매일경제,화장품/소비재,https://news.google.com/rss/articles/CBMiT0FVX3lxTE5NNG9ab1lZeHI1OW5pRlBJTWUxdFBLMVh6emY5eUhac2ZEX0ROSkJrZDVVb0R0Y0g3QmFfUkJsVHFDV1A0OGhYNW05YVh0M0U?oc=5,,False,본문 수집 제한 개수를 초과했습니다.,False,,2026-09-13 09:22:22
미국,미국 수출,미국 수출,미국 수출 stock market earnings investment,AMD Stock Forecast | Q1 2026 Earnings in Focus - Capital.com,https://news.google.com/rss/articles/CBMie0FVX3lxTE9fS0gzcEQ1SjY2Sk95U19lVzFDcUE1cjYzLUhqSlUzQnVDZE8zY1JiUDJjQ2tULTZmZFMyNm9aS3o3eVk1Ui1EVEVzb2JCdzJXVmQ2eEtYemFoRzVJa2RMeVZKcmJFNWt4bFBuc2xzMF9MLXRWcU9iV194dw?oc=5,"Mon, 04 May 2026 07:00:00 GMT",Capital.com,화장품/소비재,https://news.google.com/rss/articles/CBMie0FVX3lxTE9fS0gzcEQ1SjY2Sk95U19lVzFDcUE1cjYzLUhqSlUzQnVDZE8zY1JiUDJjQ2tULTZmZFMyNm9aS3o3eVk1Ui1EVEVzb2JCdzJXVmQ2eEtYemFoRzVJa2RMeVZKcmJFNWt4bFBuc2xzMF9MLXRWcU9iV194dw?oc=5,,False,본문 수집 제한 개수를 초과했습니다.,False,,2026-09-13 09:22:22
미국,K뷰티,K뷰티,K뷰티 stock market earnings investment,IBM Plunges 13% in Biggest Drop in 25 Years as AI Shock Ripples Through Wall Street - kmjournal.net,https://news.google.com/rss/articles/CBMiakFVX3lxTE1kVzFCaUUyYUd4YnVDV1lmZURkcGxNNENzNnlYc2t1MU5fcklRTkhON3Rhak9sdjZCVmVObTBDOEMtQ09zLUtMaEhwSVZsd2RJbUllNm04b0U1QUxxdTFBRjNzWDRvTGx5dEE?oc=5,"Tue, 24 Feb 2026 08:00:00 GMT",kmjournal.net,화장품/소비재,https://news.google.com/rss/articles/CBMiakFVX3lxTE1kVzFCaUUyYUd4YnVDV1lmZURkcGxNNENzNnlYc2t1MU5fcklRTkhON3Rhak9sdjZCVmVObTBDOEMtQ09zLUtMaEhwSVZsd2RJbUllNm04b0U1QUxxdTFBRjNzWDRvTGx5dEE?oc=5,,False,본문 수집 제한 개수를 초과했습니다.,False,,2026-09-13 09:22:22
미국,K뷰티,K뷰티,K뷰티 stock market earnings investment,"Google, Amazon, Microsoft, Meta to Spend $650 Billion on AI as Investors Question the Payoff - kmjournal.net",https://news.google.com/rss/articles/CBMiakFVX3lxTE1WbjR4SkxPSlN6ZHFYUldlZGkzSkJkRWpzbF81ak9lTXEyVXlraXFQSmtQcjdfc3R3TnY2dmtUTjM0WFdmX3l4WjJMQ0dFeW43OVVMQ2o1SFBrVkxZQXFOZnBvUDJZejVCcnc?oc=5,"Sat, 07 Feb 2026 08:00:00 GMT",kmjournal.net,화장품/소비재,https://news.google.com/rss/articles/CBMiakFVX3lxTE1WbjR4SkxPSlN6ZHFYUldlZGkzSkJkRWpzbF81ak9lTXEyVXlraXFQSmtQcjdfc3R3TnY2dmtUTjM0WFdmX3l4WjJMQ0dFeW43OVVMQ2o1SFBrVkxZQXFOZnBvUDJZejVCcnc?oc=5,,False,본문 수집 제한 개수를 초과했습니다.,False,,2026-09-13 09:22:22
미국,소비재,소비재,소비재 stock market earnings investment,"At an 11-Year Low with a 4.9% Dividend Yield, Is This Value Stock a No-Brainer Buy for Passive Income in 2026? - The Motley Fool",https://news.google.com/rss/articles/CBMimAFBVV95cUxOaFpaOTRxdXFoVTRaQUM1YmdQZmdyM3JWMGVkdGk5QmF6NjhBUkVzM0dObTdkVnRHR19BTEpNR1o0ZkNDOUFBekxOc0dnelBiSUxLcTN0dGh6dHVLckVLVEliQ1Y0UUNGLS0xWEZwOVVmemFzNzVnU0gyelhZNGZnTjJUT0Jkb3dEVkU3SVhOMFpsT0hrVjBFQQ?oc=5,"Sun, 11 Jan 2026 08:00:00 GMT",The Motley Fool,화장품/소비재,https://news.google.com/rss/articles/CBMimAFBVV95cUxOaFpaOTRxdXFoVTRaQUM1YmdQZmdyM3JWMGVkdGk5QmF6NjhBUkVzM0dObTdkVnRHR19BTEpNR1o0ZkNDOUFBekxOc0dnelBiSUxLcTN0dGh6dHVLckVLVEliQ1Y0UUNGLS0xWEZwOVVmemFzNzVnU0gyelhZNGZnTjJUT0Jkb3dEVkU3SVhOMFpsT0hrVjBFQQ?oc=5,,False,본문 수집 제한 개수를 초과했습니다.,False,,2026-09-13 09:22:22
미국,K뷰티,K뷰티,K뷰티 stock market earnings investment,"South Korea’s Stock Market Pushes Past 4,400 as AI Rally Shrugs Off Venezuela Risk - kmjournal.net",https://news.google.com/rss/articles/CBMiakFVX3lxTE4zM1dvZ2MzUE9VaFpxeXRybkpBQ1lUVk1PMTRuMkxIaHVEenR1RlhGQUh5QW5nX1NmUWFzVkFqT3BBZFZuSWZrcUllOFV3MVMtTF9OMmZfRjFsdU51dUVvMDNjZVZxWGdxY1E?oc=5,"Mon, 05 Jan 2026 08:00:00 GMT",kmjournal.net,화장품/소비재,https://news.google.com/rss/articles/CBMiakFVX3lxTE4zM1dvZ2MzUE9VaFpxeXRybkpBQ1lUVk1PMTRuMkxIaHVEenR1RlhGQUh5QW5nX1NmUWFzVkFqT3BBZFZuSWZrcUllOFV3MVMtTF9OMmZfRjFsdU51dUVvMDNjZVZxWGdxY1E?oc=5,,False,본문 수집 제한 개수를 초과했습니다.,False,,2026-09-13 09:22:22
미국,K뷰티,K뷰티,K뷰티 stock market earnings investment,Broadcom’s Stock Plunges Despite Growing XPU Customers - kmjournal.net,https://news.google.com/rss/articles/CBMiakFVX3lxTE44ZDF0TE9mdENtOEJJaGJzSlRTdHdNaFlzejMyUWdpczZlUUc3S3dpaHU5OGlOVmZ0V3RUTGZxYnNJd0psZ0FZa1JtLWxjUFJhNFd4Q3JnYlN6TnVZbVlwY0REM3JHcFBpMmc?oc=5,"Sun, 14 Dec 2025 08:00:00 GMT",kmjournal.net,화장품/소비재,https://news.google.com/rss/articles/CBMiakFVX3lxTE44ZDF0TE9mdENtOEJJaGJzSlRTdHdNaFlzejMyUWdpczZlUUc3S3dpaHU5OGlOVmZ0V3RUTGZxYnNJd0psZ0FZa1JtLWxjUFJhNFd4Q3JnYlN6TnVZbVlwY0REM3JHcFBpMmc?oc=5,,False,본문 수집 제한 개수를 초과했습니다.,False,,2026-09-13 09:22:22
일본,K뷰티,K뷰티,K뷰티 日本 株式市場 企業,SHOPLIST・JHT・Q&Bインターナショナル・Magnum Goの4社、日韓・カザフスタン間のビューティー市場相互進出へMOU締結 - PR TIMES,https://news.google.com/rss/articles/CBMiakFVX3lxTFBnaEJGMzlhTjN4cHRJOVlpMWVmTDhHMVhNX0Z0X2x1M18yWmxreGhvSkR3N0p2ajJ6eGZSN25oemlHUFlWZjZONFNrcTd5ZnIwYUpBTUFSYXFZalQySkM3RmFrcExpWC1LZkE?oc=5,"Fri, 21 Aug 2026 07:00:00 GMT",PR TIMES,화장품/소비재,https://prtimes.jp/main/html/rd/p/000000036.000160607.html,prtimes.jp,True,,True,,2026-09-13 09:22:22
일본,K뷰티,K뷰티,K뷰티 日本 株式市場 企業,NVIDIAと手を組んだ日本・ファナック、ロボット産業の勢力図を塗り替える - kmjournal.net,https://news.google.com/rss/articles/CBMiakFVX3lxTE1nal9mbFBRMEZuMllPdDEycklPUW1wM1Q3U2RsMjVCb2hOWWp2ZEFwZ0tRWkJwMzlwaVdMU3lNeXNLYmw1RWtfZGlkcE1aSTd1SWhWM080VkhMNTVzUHd2aWJtLXBkbGE0a2c?oc=5,"Sat, 27 Dec 2025 08:00:00 GMT",kmjournal.net,화장품/소비재,https://www.kmjournal.net/news/articleView.html?idxno=6734,www.kmjournal.net,True,,True,,2026-09-13 09:22:22
